lot_id,date,hour,day_of_week,is_weekend,is_festival,weather_condition,avg_price,bookings_count,total_slots,occupancy_pct
P101,2025-10-03,10,Friday,False,False,haze,20.32,26,66,39.4
P101,2025-10-04,22,Saturday,True,False,cloudy,22.83,36,66,54.5
P101,2025-10-05,1,Sunday,True,False,clear,23.6,3,66,4.5
P101,2025-10-05,3,Sunday,True,False,clear,23.51,3,66,4.5
P101,2025-10-06,9,Monday,False,False,cloudy,26.2,22,66,33.3
P101,2025-10-06,19,Monday,False,False,clear,24.02,40,66,60.6
P101,2025-10-07,8,Tuesday,False,False,cloudy,24.15,17,66,25.8
P101,2025-10-07,17,Tuesday,False,False,clear,21.79,54,66,81.8
P101,2025-10-08,18,Wednesday,False,False,clear,25.27,57,66,86.4
P101,2025-10-09,15,Thursday,False,False,clear,20.67,44,66,66.7
P101,2025-10-09,18,Thursday,False,False,haze,24.77,43,66,65.2
P101,2025-10-11,14,Saturday,True,False,clear,23.43,44,66,66.7
P101,2025-10-11,22,Saturday,True,False,cloudy,23.61,37,66,56.1
P101,2025-10-14,6,Tuesday,False,False,clear,21.47,15,66,22.7
P101,2025-10-14,23,Tuesday,False,False,clear,21.79,5,66,7.6
P101,2025-10-15,4,Wednesday,False,False,clear,20.86,2,66,3.0
P101,2025-10-19,9,Sunday,True,False,cloudy,27.37,28,66,42.4
P101,2025-10-19,21,Sunday,True,False,clear,24.96,51,66,77.3
P101,2025-10-20,17,Monday,False,True,clear,28.96,65,66,98.5
P101,2025-10-22,18,Wednesday,False,False,clear,25.18,47,66,71.2
P101,2025-10-24,5,Friday,False,False,fog,21.12,11,66,16.7
P101,2025-10-24,6,Friday,False,False,fog,20.98,10,66,15.2
P101,2025-10-24,13,Friday,False,False,rain,23.25,25,66,37.9
P101,2025-10-25,20,Saturday,True,False,fog,27.19,47,66,71.2
P101,2025-10-26,12,Sunday,True,False,clear,24.94,34,66,51.5
P101,2025-10-27,19,Monday,False,False,clear,24.3,49,66,74.2
P101,2025-10-28,18,Tuesday,False,False,rain,27.21,38,66,57.6
P101,2025-10-29,17,Wednesday,False,False,rain,23.85,35,66,53.0
P101,2025-10-30,12,Thursday,False,False,clear,21.84,27,66,40.9
P101,2025-10-31,18,Friday,False,False,rain,26.53,43,66,65.2
P101,2025-11-01,17,Saturday,True,True,clear,31.18,65,66,98.5
P101,2025-11-02,19,Sunday,True,False,clear,26.92,64,66,97.0
P101,2025-11-04,11,Tuesday,False,False,rain,22.06,20,66,30.3
P101,2025-11-04,18,Tuesday,False,False,clear,26.22,54,66,81.8
P101,2025-11-05,3,Wednesday,False,False,haze,20.76,2,66,3.0
P101,2025-11-05,7,Wednesday,False,False,cloudy,19.98,18,66,27.3
P101,2025-11-05,18,Wednesday,False,False,clear,25.9,45,66,68.2
P101,2025-11-06,14,Thursday,False,False,clear,21.83,29,66,43.9
P101,2025-11-07,10,Friday,False,False,clear,21.57,23,66,34.8
P101,2025-11-07,13,Friday,False,False,clear,20.57,31,66,47.0
P101,2025-11-09,8,Sunday,True,False,clear,27.49,22,66,33.3
P101,2025-11-11,8,Tuesday,False,False,clear,25.66,17,66,25.8
P101,2025-11-11,17,Tuesday,False,False,clear,21.68,48,66,72.7
P101,2025-11-14,10,Friday,False,False,rain,23.12,21,66,31.8
P101,2025-11-15,8,Saturday,True,False,clear,29.39,22,66,33.3
P101,2025-11-16,17,Sunday,True,False,rain,24.89,54,66,81.8
P101,2025-11-16,23,Sunday,True,False,clear,23.82,8,66,12.1
P101,2025-11-17,5,Monday,False,False,rain,24.04,10,66,15.2
P101,2025-11-17,8,Monday,False,False,cloudy,25.42,19,66,28.8
P101,2025-11-17,11,Monday,False,False,rain,22.66,20,66,30.3
P101,2025-11-18,16,Tuesday,False,False,clear,21.31,48,66,72.7
P101,2025-11-20,13,Thursday,False,False,haze,20.03,32,66,48.5
P101,2025-11-20,14,Thursday,False,False,clear,21.08,33,66,50.0
P101,2025-11-20,15,Thursday,False,False,cloudy,20.52,32,66,48.5
P101,2025-11-20,17,Thursday,False,False,clear,20.12,51,66,77.3
P101,2025-11-22,22,Saturday,True,False,clear,22.93,29,66,43.9
P101,2025-11-23,11,Sunday,True,False,fog,24.39,34,66,51.5
P101,2025-11-24,8,Monday,False,False,rain,27.81,12,66,18.2
P101,2025-11-24,9,Monday,False,False,rain,27.84,16,66,24.2
P101,2025-11-25,9,Tuesday,False,False,clear,24.83,18,66,27.3
P101,2025-11-26,3,Wednesday,False,False,clear,21.34,2,66,3.0
P101,2025-11-26,17,Wednesday,False,False,clear,21.21,41,66,62.1
P101,2025-11-28,3,Friday,False,False,clear,21.41,2,66,3.0
P101,2025-11-28,7,Friday,False,False,cloudy,19.92,18,66,27.3
P101,2025-11-28,8,Friday,False,False,cloudy,26.04,18,66,27.3
P101,2025-11-28,9,Friday,False,False,haze,25.11,21,66,31.8
P101,2025-11-29,20,Saturday,True,False,clear,28.65,48,66,72.7
P101,2025-11-30,7,Sunday,True,False,fog,22.81,18,66,27.3
P101,2025-11-30,8,Sunday,True,False,clear,29.07,27,66,40.9
P101,2025-12-01,12,Monday,False,False,clear,21.5,34,66,51.5
P101,2025-12-02,18,Tuesday,False,False,rain,27.22,33,66,50.0
P101,2025-12-02,23,Tuesday,False,False,clear,21.55,6,66,9.1
P101,2025-12-03,14,Wednesday,False,False,clear,20.2,43,66,65.2
P101,2025-12-04,7,Thursday,False,False,clear,20.88,20,66,30.3
P101,2025-12-05,0,Friday,False,False,rain,22.65,2,66,3.0
P101,2025-12-06,8,Saturday,True,False,clear,26.93,29,66,43.9
P101,2025-12-06,16,Saturday,True,False,rain,27.06,42,66,63.6
P101,2025-12-06,18,Saturday,True,False,clear,28.09,65,66,98.5
P101,2025-12-06,19,Saturday,True,False,clear,29.13,57,66,86.4
P101,2025-12-07,13,Sunday,True,False,fog,24.44,39,66,59.1
P101,2025-12-07,14,Sunday,True,False,clear,24.28,43,66,65.2
P101,2025-12-07,16,Sunday,True,False,haze,24.59,54,66,81.8
P101,2025-12-07,20,Sunday,True,False,cloudy,28.73,53,66,80.3
P101,2025-12-08,16,Monday,False,False,clear,21.46,49,66,74.2
P101,2025-12-08,21,Monday,False,False,rain,22.75,27,66,40.9
P101,2025-12-09,11,Tuesday,False,False,clear,19.96,27,66,40.9
P101,2025-12-10,11,Wednesday,False,False,rain,21.85,27,66,40.9
P101,2025-12-12,19,Friday,False,False,cloudy,24.38,55,66,83.3
P101,2025-12-14,8,Sunday,True,False,clear,28.35,24,66,36.4
P101,2025-12-14,13,Sunday,True,False,clear,25.1,34,66,51.5
P101,2025-12-14,17,Sunday,True,False,clear,23.14,63,66,95.5
P101,2025-12-15,9,Monday,False,False,cloudy,24.16,22,66,33.3
P101,2025-12-20,4,Saturday,True,False,clear,25.0,3,66,4.5
P101,2025-12-21,15,Sunday,True,False,clear,24.76,61,66,92.4
P101,2025-12-23,7,Tuesday,False,False,clear,20.49,18,66,27.3
P101,2025-12-24,8,Wednesday,False,False,clear,24.6,20,66,30.3
P101,2025-12-24,14,Wednesday,False,False,clear,21.31,37,66,56.1
P101,2025-12-24,15,Wednesday,False,False,clear,20.81,47,66,71.2
P101,2025-12-25,9,Thursday,False,True,rain,35.14,29,66,43.9
P101,2025-12-28,18,Sunday,True,False,clear,28.08,65,66,98.5
P101,2025-12-29,9,Monday,False,False,clear,24.59,21,66,31.8
P101,2025-12-31,19,Wednesday,False,False,clear,25.73,52,66,78.8
P101,2026-01-01,16,Thursday,False,False,cloudy,21.11,40,66,60.6
P101,2026-01-01,19,Thursday,False,False,rain,26.22,29,66,43.9
P101,2026-01-01,20,Thursday,False,False,cloudy,24.82,52,66,78.8
P101,2026-01-05,19,Monday,False,False,clear,24.27,39,66,59.1
P101,2026-01-07,13,Wednesday,False,False,clear,20.14,35,66,53.0
P101,2026-01-08,22,Thursday,False,False,rain,22.43,25,66,37.9
P101,2026-01-09,14,Friday,False,False,rain,22.3,26,66,39.4
P101,2026-01-10,7,Saturday,True,False,cloudy,22.79,25,66,37.9
P101,2026-01-10,20,Saturday,True,False,clear,27.49,60,66,90.9
P101,2026-01-11,17,Sunday,True,False,rain,26.55,53,66,80.3
P101,2026-01-11,19,Sunday,True,False,fog,29.29,53,66,80.3
P101,2026-01-12,10,Monday,False,False,fog,20.26,22,66,33.3
P101,2026-01-14,21,Wednesday,False,True,clear,30.64,54,66,81.8
P101,2026-01-15,21,Thursday,False,False,clear,20.57,36,66,54.5
P101,2026-01-16,8,Friday,False,False,cloudy,25.44,18,66,27.3
P101,2026-01-16,11,Friday,False,False,clear,19.93,20,66,30.3
P101,2026-01-16,19,Friday,False,False,clear,24.11,60,66,90.9
P101,2026-01-19,2,Monday,False,False,clear,20.13,2,66,3.0
P101,2026-01-19,18,Monday,False,False,clear,25.6,57,66,86.4
P101,2026-01-19,20,Monday,False,False,haze,24.18,45,66,68.2
P101,2026-01-21,8,Wednesday,False,False,rain,26.28,14,66,21.2
P101,2026-01-21,9,Wednesday,False,False,clear,24.12,23,66,34.8
P101,2026-01-21,10,Wednesday,False,False,clear,21.26,24,66,36.4
P101,2026-01-21,19,Wednesday,False,False,fog,23.81,42,66,63.6
P101,2026-01-23,8,Friday,False,False,fog,24.04,15,66,22.7
P101,2026-01-24,14,Saturday,True,False,clear,24.93,43,66,65.2
P101,2026-01-24,18,Saturday,True,False,clear,28.75,53,66,80.3
P101,2026-01-25,8,Sunday,True,False,rain,29.58,20,66,30.3
P101,2026-01-25,15,Sunday,True,False,clear,24.24,53,66,80.3
P101,2026-01-25,17,Sunday,True,False,fog,23.76,46,66,69.7
P101,2026-01-27,8,Tuesday,False,False,clear,24.05,19,66,28.8
P101,2026-01-27,10,Tuesday,False,False,clear,21.62,24,66,36.4
P101,2026-01-28,15,Wednesday,False,False,cloudy,21.83,40,66,60.6
P102,2025-10-01,21,Wednesday,False,False,clear,35.8,26,51,51.0
P102,2025-10-01,22,Wednesday,False,False,cloudy,33.91,22,51,43.1
P102,2025-10-02,19,Thursday,False,False,rain,44.04,27,51,52.9
P102,2025-10-03,19,Friday,False,False,rain,44.97,26,51,51.0
P102,2025-10-04,7,Saturday,True,False,rain,44.04,14,51,27.5
P102,2025-10-04,18,Saturday,True,False,cloudy,48.93,50,51,98.0
P102,2025-10-04,19,Saturday,True,False,fog,45.05,39,51,76.5
P102,2025-10-05,9,Sunday,True,False,cloudy,48.72,19,51,37.3
P102,2025-10-05,17,Sunday,True,False,rain,44.18,31,51,60.8
P102,2025-10-08,1,Wednesday,False,False,clear,35.54,1,51,2.0
P102,2025-10-08,8,Wednesday,False,False,clear,41.59,14,51,27.5
P102,2025-10-09,23,Thursday,False,False,cloudy,34.93,4,51,7.8
P102,2025-10-13,16,Monday,False,False,rain,38.23,21,51,41.2
P102,2025-10-13,20,Monday,False,False,fog,40.17,24,51,47.1
P102,2025-10-15,8,Wednesday,False,False,cloudy,39.89,10,51,19.6
P102,2025-10-17,18,Friday,False,False,clear,42.47,28,51,54.9
P102,2025-10-17,19,Friday,False,False,clear,43.41,40,51,78.4
P102,2025-10-18,8,Saturday,True,False,clear,47.82,17,51,33.3
P102,2025-10-18,15,Saturday,True,False,rain,43.5,30,51,58.8
P102,2025-10-19,7,Sunday,True,False,fog,40.93,16,51,31.4
P102,2025-10-20,19,Monday,False,True,clear,54.51,46,51,90.2
P102,2025-10-23,16,Thursday,False,False,haze,34.86,32,51,62.7
P102,2025-10-25,21,Saturday,True,False,clear,39.55,36,51,70.6
P102,2025-10-26,4,Sunday,True,False,fog,41.71,2,51,3.9
P102,2025-10-26,8,Sunday,True,False,clear,45.36,18,51,35.3
P102,2025-10-26,19,Sunday,True,False,clear,45.75,50,51,98.0
P102,2025-10-27,8,Monday,False,False,clear,40.85,16,51,31.4
P102,2025-10-27,10,Monday,False,False,clear,35.58,16,51,31.4
P102,2025-10-29,12,Wednesday,False,False,clear,33.07,20,51,39.2
P102,2025-10-29,17,Wednesday,False,False,clear,32.97,32,51,62.7
P102,2025-10-31,12,Friday,False,False,haze,35.78,14,51,27.5
P102,2025-10-31,18,Friday,False,False,clear,40.89,35,51,68.6
P102,2025-11-02,8,Sunday,True,False,fog,44.84,13,51,25.5
P102,2025-11-02,15,Sunday,True,False,clear,40.5,31,51,60.8
P102,2025-11-04,18,Tuesday,False,False,clear,41.44,38,51,74.5
P102,2025-11-04,20,Tuesday,False,False,clear,42.03,30,51,58.8
P102,2025-11-05,17,Wednesday,False,False,clear,33.17,36,51,70.6
P102,2025-11-06,7,Thursday,False,False,clear,33.72,10,51,19.6
P102,2025-11-07,8,Friday,False,False,clear,40.55,11,51,21.6
P102,2025-11-08,8,Saturday,True,False,clear,45.85,17,51,33.3
P102,2025-11-08,10,Saturday,True,False,fog,39.87,20,51,39.2
P102,2025-11-08,11,Saturday,True,False,cloudy,38.97,26,51,51.0
P102,2025-11-08,18,Saturday,True,False,clear,48.17,50,51,98.0
P102,2025-11-10,17,Monday,False,False,rain,37.26,31,51,60.8
P102,2025-11-11,4,Tuesday,False,False,clear,34.94,2,51,3.9
P102,2025-11-11,21,Tuesday,False,False,clear,34.02,32,51,62.7
P102,2025-11-12,16,Wednesday,False,False,rain,36.7,27,51,52.9
P102,2025-11-12,21,Wednesday,False,False,rain,37.23,21,51,41.2
P102,2025-11-13,5,Thursday,False,False,clear,35.56,7,51,13.7
P102,2025-11-13,19,Thursday,False,False,fog,41.86,25,51,49.0
P102,2025-11-15,14,Saturday,True,False,clear,40.73,27,51,52.9
P102,2025-11-15,16,Saturday,True,False,cloudy,39.78,38,51,74.5
P102,2025-11-15,20,Saturday,True,False,clear,47.31,49,51,96.1
P102,2025-11-15,21,Saturday,True,False,clear,38.0,35,51,68.6
P102,2025-11-15,22,Saturday,True,False,haze,40.89,27,51,52.9
P102,2025-11-16,19,Sunday,True,False,clear,45.19,49,51,96.1
P102,2025-11-17,20,Monday,False,False,clear,41.72,27,51,52.9
P102,2025-11-18,8,Tuesday,False,False,fog,40.74,13,51,25.5
P102,2025-11-18,15,Tuesday,False,False,fog,35.36,18,51,35.3
P102,2025-11-18,19,Tuesday,False,False,fog,43.39,33,51,64.7
P102,2025-11-19,6,Wednesday,False,False,rain,37.02,8,51,15.7
P102,2025-11-23,8,Sunday,True,False,rain,50.89,13,51,25.5
P102,2025-11-23,22,Sunday,True,False,cloudy,41.67,26,51,51.0
P102,2025-11-24,6,Monday,False,False,clear,36.35,11,51,21.6
P102,2025-11-26,10,Wednesday,False,False,cloudy,34.87,17,51,33.3
P102,2025-11-26,11,Wednesday,False,False,clear,35.44,15,51,29.4
P102,2025-11-27,4,Thursday,False,False,fog,33.98,1,51,2.0
P102,2025-11-27,17,Thursday,False,False,rain,38.6,26,51,51.0
P102,2025-11-28,16,Friday,False,False,clear,34.7,33,51,64.7
P102,2025-11-30,7,Sunday,True,False,haze,41.56,17,51,33.3
P102,2025-12-02,16,Tuesday,False,False,clear,33.9,24,51,47.1
P102,2025-12-02,17,Tuesday,False,False,rain,36.82,25,51,49.0
P102,2025-12-02,18,Tuesday,False,False,clear,39.55,31,51,60.8
P102,2025-12-03,11,Wednesday,False,False,clear,34.12,17,51,33.3
P102,2025-12-05,8,Friday,False,False,clear,42.75,11,51,21.6
P102,2025-12-06,17,Saturday,True,False,clear,39.36,32,51,62.7
P102,2025-12-08,14,Monday,False,False,fog,34.81,20,51,39.2
P102,2025-12-09,15,Tuesday,False,False,cloudy,36.3,30,51,58.8
P102,2025-12-10,18,Wednesday,False,False,clear,42.52,34,51,66.7
P102,2025-12-12,17,Friday,False,False,clear,33.41,36,51,70.6
P102,2025-12-13,16,Saturday,True,False,clear,39.01,45,51,88.2
P102,2025-12-14,9,Sunday,True,False,rain,50.81,17,51,33.3
P102,2025-12-14,12,Sunday,True,False,cloudy,40.71,26,51,51.0
P102,2025-12-14,19,Sunday,True,False,cloudy,45.11,50,51,98.0
P102,2025-12-15,17,Monday,False,False,clear,34.26,33,51,64.7
P102,2025-12-16,15,Tuesday,False,False,clear,33.2,31,51,60.8
P102,2025-12-17,4,Wednesday,False,False,clear,33.8,2,51,3.9
P102,2025-12-17,6,Wednesday,False,False,clear,35.17,10,51,19.6
P102,2025-12-17,11,Wednesday,False,False,clear,34.33,20,51,39.2
P102,2025-12-19,22,Friday,False,False,haze,34.37,20,51,39.2
P102,2025-12-21,12,Sunday,True,False,clear,38.65,25,51,49.0
P102,2025-12-24,21,Wednesday,False,False,fog,33.03,24,51,47.1
P102,2025-12-25,9,Thursday,False,True,rain,57.27,16,51,31.4
P102,2025-12-25,14,Thursday,False,True,fog,50.86,22,51,43.1
P102,2025-12-26,4,Friday,False,False,clear,35.49,2,51,3.9
P102,2025-12-26,5,Friday,False,False,fog,34.56,7,51,13.7
P102,2025-12-26,9,Friday,False,False,clear,42.78,13,51,25.5
P102,2025-12-27,21,Saturday,True,False,clear,38.74,33,51,64.7
P102,2025-12-28,8,Sunday,True,False,cloudy,44.53,18,51,35.3
P102,2025-12-29,0,Monday,False,False,clear,34.68,1,51,2.0
P102,2025-12-31,0,Wednesday,False,False,fog,34.21,1,51,2.0
P102,2026-01-01,8,Thursday,False,False,rain,44.96,10,51,19.6
P102,2026-01-03,20,Saturday,True,False,cloudy,47.25,40,51,78.4
P102,2026-01-04,12,Sunday,True,False,haze,40.21,26,51,51.0
P102,2026-01-05,12,Monday,False,False,cloudy,34.92,17,51,33.3
P102,2026-01-06,11,Tuesday,False,False,clear,34.94,19,51,37.3
P102,2026-01-07,12,Wednesday,False,False,clear,33.94,22,51,43.1
P102,2026-01-07,13,Wednesday,False,False,haze,34.7,19,51,37.3
P102,2026-01-07,21,Wednesday,False,False,rain,38.08,16,51,31.4
P102,2026-01-11,1,Sunday,True,False,clear,38.66,2,51,3.9
P102,2026-01-11,8,Sunday,True,False,rain,49.51,12,51,23.5
P102,2026-01-11,9,Sunday,True,False,fog,47.54,17,51,33.3
P102,2026-01-11,16,Sunday,True,False,fog,39.91,35,51,68.6
P102,2026-01-13,6,Tuesday,False,False,clear,34.98,9,51,17.6
P102,2026-01-13,13,Tuesday,False,False,clear,34.0,24,51,47.1
P102,2026-01-13,17,Tuesday,False,False,haze,35.44,29,51,56.9
P102,2026-01-14,13,Wednesday,False,True,rain,51.57,19,51,37.3
P102,2026-01-14,16,Wednesday,False,True,clear,50.18,47,51,92.2
P102,2026-01-14,18,Wednesday,False,True,clear,54.41,50,51,98.0
P102,2026-01-19,7,Monday,False,False,clear,34.16,11,51,21.6
P102,2026-01-19,20,Monday,False,False,cloudy,41.48,29,51,56.9
P102,2026-01-21,18,Wednesday,False,False,cloudy,40.65,33,51,64.7
P102,2026-01-22,7,Thursday,False,False,clear,34.14,11,51,21.6
P102,2026-01-26,16,Monday,False,True,fog,50.57,37,51,72.5
P102,2026-01-27,8,Tuesday,False,False,rain,43.73,9,51,17.6
P102,2026-01-27,14,Tuesday,False,False,clear,34.23,21,51,41.2
P102,2026-01-28,6,Wednesday,False,False,clear,33.37,9,51,17.6
P102,2026-01-28,8,Wednesday,False,False,rain,42.92,9,51,17.6
P102,2026-01-28,20,Wednesday,False,False,rain,47.13,22,51,43.1
P103,2025-10-01,6,Wednesday,False,False,fog,23.23,6,43,14.0
P103,2025-10-02,12,Thursday,False,False,clear,23.09,13,43,30.2
P103,2025-10-03,9,Friday,False,False,rain,32.43,10,43,23.3
P103,2025-10-05,9,Sunday,True,False,cloudy,32.79,14,43,32.6
P103,2025-10-05,18,Sunday,True,False,cloudy,32.02,33,43,76.7
P103,2025-10-06,15,Monday,False,False,clear,23.47,18,43,41.9
P103,2025-10-09,15,Thursday,False,False,clear,24.13,20,43,46.5
P103,2025-10-11,19,Saturday,True,False,rain,33.3,20,43,46.5
P103,2025-10-11,20,Saturday,True,False,clear,32.83,26,43,60.5
P103,2025-10-13,9,Monday,False,False,clear,27.63,10,43,23.3
P103,2025-10-13,13,Monday,False,False,clear,24.09,12,43,27.9
P103,2025-10-13,19,Monday,False,False,clear,28.84,25,43,58.1
P103,2025-10-13,23,Monday,False,False,clear,24.86,2,43,4.7
P103,2025-10-14,9,Tuesday,False,False,fog,29.63,11,43,25.6
P103,2025-10-14,14,Tuesday,False,False,rain,25.25,11,43,25.6
P103,2025-10-15,9,Wednesday,False,False,clear,29.02,10,43,23.3
P103,2025-10-15,14,Wednesday,False,False,cloudy,24.68,17,43,39.5
P103,2025-10-16,15,Thursday,False,False,cloudy,25.0,16,43,37.2
P103,2025-10-17,8,Friday,False,False,cloudy,28.37,12,43,27.9
P103,2025-10-17,16,Friday,False,False,clear,24.26,22,43,51.2
P103,2025-10-17,18,Friday,False,False,haze,27.9,26,43,60.5
P103,2025-10-18,9,Saturday,True,False,clear,30.87,12,43,27.9
P103,2025-10-18,21,Saturday,True,False,cloudy,27.85,28,43,65.1
P103,2025-10-19,7,Sunday,True,False,clear,27.83,10,43,23.3
P103,2025-10-19,14,Sunday,True,False,cloudy,26.81,21,43,48.8
P103,2025-10-20,18,Monday,False,True,rain,40.37,25,43,58.1
P103,2025-10-21,7,Tuesday,False,True,rain,35.92,12,43,27.9
P103,2025-10-22,20,Wednesday,False,False,haze,27.51,18,43,41.9
P103,2025-10-24,18,Friday,False,False,haze,28.84,23,43,53.5
P103,2025-10-25,1,Saturday,True,False,clear,26.64,1,43,2.3
P103,2025-10-25,11,Saturday,True,False,clear,26.9,18,43,41.9
P103,2025-10-25,17,Saturday,True,False,cloudy,26.89,31,43,72.1
P103,2025-10-26,18,Sunday,True,False,fog,31.25,26,43,60.5
P103,2025-10-27,13,Monday,False,False,cloudy,24.01,14,43,32.6
P103,2025-10-28,19,Tuesday,False,False,clear,29.18,20,43,46.5
P103,2025-10-28,20,Tuesday,False,False,haze,27.67,22,43,51.2
P103,2025-10-29,6,Wednesday,False,False,clear,22.82,6,43,14.0
P103,2025-10-29,14,Wednesday,False,False,clear,24.99,20,43,46.5
P103,2025-10-29,19,Wednesday,False,False,clear,30.06,27,43,62.8
P103,2025-10-31,20,Friday,False,False,cloudy,28.62,24,43,55.8
P103,2025-11-01,2,Saturday,True,True,cloudy,38.67,2,43,4.7
P103,2025-11-01,19,Saturday,True,True,clear,41.91,42,43,97.7
P103,2025-11-02,7,Sunday,True,False,haze,26.87,9,43,20.9
P103,2025-11-02,11,Sunday,True,False,clear,28.98,17,43,39.5
P103,2025-11-02,16,Sunday,True,False,clear,27.71,21,43,48.8
P103,2025-11-03,15,Monday,False,False,clear,24.4,23,43,53.5
P103,2025-11-04,13,Tuesday,False,False,rain,26.4,12,43,27.9
P103,2025-11-05,14,Wednesday,False,False,clear,23.25,19,43,44.2
P103,2025-11-07,16,Friday,False,False,clear,24.1,23,43,53.5
P103,2025-11-08,10,Saturday,True,False,clear,28.28,14,43,32.6
P103,2025-11-08,20,Saturday,True,False,cloudy,32.67,21,43,48.8
P103,2025-11-09,16,Sunday,True,False,rain,29.59,26,43,60.5
P103,2025-11-10,12,Monday,False,False,fog,24.69,11,43,25.6
P103,2025-11-11,9,Tuesday,False,False,clear,28.36,11,43,25.6
P103,2025-11-12,17,Wednesday,False,False,clear,23.39,21,43,48.8
P103,2025-11-12,20,Wednesday,False,False,clear,27.53,25,43,58.1
P103,2025-11-13,9,Thursday,False,False,clear,30.11,11,43,25.6
P103,2025-11-15,19,Saturday,True,False,fog,33.29,34,43,79.1
P103,2025-11-16,12,Sunday,True,False,clear,27.92,19,43,44.2
P103,2025-11-16,14,Sunday,True,False,rain,31.29,17,43,39.5
P103,2025-11-16,17,Sunday,True,False,haze,27.15,35,43,81.4
P103,2025-11-16,20,Sunday,True,False,clear,33.64,30,43,69.8
P103,2025-11-18,10,Tuesday,False,False,fog,22.94,10,43,23.3
P103,2025-11-18,15,Tuesday,False,False,clear,24.41,19,43,44.2
P103,2025-11-18,18,Tuesday,False,False,cloudy,29.26,21,43,48.8
P103,2025-11-19,17,Wednesday,False,False,clear,25.08,24,43,55.8
P103,2025-11-20,18,Thursday,False,False,clear,28.06,18,43,41.9
P103,2025-11-22,12,Saturday,True,False,clear,26.55,17,43,39.5
P103,2025-11-23,12,Sunday,True,False,fog,27.49,16,43,37.2
P103,2025-11-24,7,Monday,False,False,clear,24.89,8,43,18.6
P103,2025-11-24,15,Monday,False,False,rain,26.88,18,43,41.9
P103,2025-11-25,20,Tuesday,False,False,clear,29.89,21,43,48.8
P103,2025-11-26,9,Wednesday,False,False,clear,28.23,12,43,27.9
P103,2025-11-26,22,Wednesday,False,False,fog,25.04,14,43,32.6
P103,2025-11-27,15,Thursday,False,False,clear,23.65,18,43,41.9
P103,2025-11-28,1,Friday,False,False,clear,24.96,1,43,2.3
P103,2025-11-29,7,Saturday,True,False,clear,27.04,10,43,23.3
P103,2025-11-30,14,Sunday,True,False,clear,26.85,21,43,48.8
P103,2025-12-01,0,Monday,False,False,clear,24.39,1,43,2.3
P103,2025-12-01,3,Monday,False,False,cloudy,24.71,1,43,2.3
P103,2025-12-01,9,Monday,False,False,haze,30.05,9,43,20.9
P103,2025-12-02,2,Tuesday,False,False,clear,23.46,1,43,2.3
P103,2025-12-02,14,Tuesday,False,False,clear,24.67,17,43,39.5
P103,2025-12-02,20,Tuesday,False,False,clear,29.82,21,43,48.8
P103,2025-12-02,21,Tuesday,False,False,fog,22.99,14,43,32.6
P103,2025-12-03,20,Wednesday,False,False,rain,29.68,16,43,37.2
P103,2025-12-04,7,Thursday,False,False,haze,23.92,7,43,16.3
P103,2025-12-05,7,Friday,False,False,haze,24.12,7,43,16.3
P103,2025-12-05,13,Friday,False,False,clear,24.03,18,43,41.9
P103,2025-12-05,14,Friday,False,False,cloudy,23.52,15,43,34.9
P103,2025-12-07,8,Sunday,True,False,clear,31.29,10,43,23.3
P103,2025-12-08,6,Monday,False,False,rain,26.07,6,43,14.0
P103,2025-12-10,7,Wednesday,False,False,clear,24.86,7,43,16.3
P103,2025-12-10,12,Wednesday,False,False,rain,26.25,14,43,32.6
P103,2025-12-10,20,Wednesday,False,False,clear,28.89,22,43,51.2
P103,2025-12-11,10,Thursday,False,False,rain,25.59,11,43,25.6
P103,2025-12-11,15,Thursday,False,False,cloudy,23.29,18,43,41.9
P103,2025-12-12,8,Friday,False,False,clear,27.97,8,43,18.6
P103,2025-12-12,10,Friday,False,False,clear,25.15,12,43,27.9
P103,2025-12-12,11,Friday,False,False,clear,24.24,15,43,34.9
P103,2025-12-12,20,Friday,False,False,cloudy,27.97,23,43,53.5
P103,2025-12-14,12,Sunday,True,False,cloudy,28.5,19,43,44.2
P103,2025-12-15,11,Monday,False,False,cloudy,24.44,11,43,25.6
P103,2025-12-15,15,Monday,False,False,fog,23.43,18,43,41.9
P103,2025-12-16,8,Tuesday,False,False,rain,31.97,8,43,18.6
P103,2025-12-16,19,Tuesday,False,False,cloudy,28.83,20,43,46.5
P103,2025-12-20,18,Saturday,True,False,clear,33.94,41,43,95.3
P103,2025-12-20,19,Saturday,True,False,clear,33.5,30,43,69.8
P103,2025-12-21,8,Sunday,True,False,cloudy,31.37,10,43,23.3
P103,2025-12-21,19,Sunday,True,False,haze,32.38,23,43,53.5
P103,2025-12-22,0,Monday,False,False,clear,23.2,1,43,2.3
P103,2025-12-22,18,Monday,False,False,clear,30.15,23,43,53.5
P103,2025-12-22,19,Monday,False,False,rain,31.86,17,43,39.5
P103,2025-12-23,13,Tuesday,False,False,rain,25.67,16,43,37.2
P103,2025-12-23,20,Tuesday,False,False,rain,31.49,19,43,44.2
P103,2025-12-24,8,Wednesday,False,False,clear,27.7,9,43,20.9
P103,2025-12-25,9,Thursday,False,True,cloudy,37.18,15,43,34.9
P103,2025-12-26,3,Friday,False,False,cloudy,23.17,1,43,2.3
P103,2025-12-28,4,Sunday,True,False,clear,26.4,1,43,2.3
P103,2025-12-28,17,Sunday,True,False,rain,29.12,33,43,76.7
P103,2025-12-30,15,Tuesday,False,False,rain,25.62,17,43,39.5
P103,2025-12-30,21,Tuesday,False,False,clear,25.02,17,43,39.5
P103,2025-12-31,19,Wednesday,False,False,cloudy,29.72,18,43,41.9
P103,2026-01-03,11,Saturday,True,False,clear,28.41,16,43,37.2
P103,2026-01-04,16,Sunday,True,False,clear,28.25,23,43,53.5
P103,2026-01-04,18,Sunday,True,False,rain,35.72,26,43,60.5
P103,2026-01-05,3,Monday,False,False,cloudy,24.89,1,43,2.3
P103,2026-01-06,10,Tuesday,False,False,clear,24.61,11,43,25.6
P103,2026-01-06,16,Tuesday,False,False,clear,24.76,21,43,48.8
P103,2026-01-07,16,Wednesday,False,False,rain,26.88,16,43,37.2
P103,2026-01-09,5,Friday,False,False,haze,24.53,5,43,11.6
P103,2026-01-10,14,Saturday,True,False,clear,26.92,24,43,55.8
P103,2026-01-11,8,Sunday,True,False,rain,33.75,9,43,20.9
P103,2026-01-11,12,Sunday,True,False,clear,27.38,17,43,39.5
P103,2026-01-13,14,Tuesday,False,False,fog,23.42,17,43,39.5
P103,2026-01-13,21,Tuesday,False,False,clear,25.14,18,43,41.9
P103,2026-01-14,7,Wednesday,False,True,fog,35.08,12,43,27.9
P103,2026-01-14,12,Wednesday,False,True,clear,35.02,20,43,46.5
P103,2026-01-15,9,Thursday,False,False,rain,30.42,10,43,23.3
P103,2026-01-15,10,Thursday,False,False,clear,25.08,12,43,27.9
P103,2026-01-16,8,Friday,False,False,clear,29.96,8,43,18.6
P103,2026-01-18,6,Sunday,True,False,cloudy,28.67,9,43,20.9
P103,2026-01-20,8,Tuesday,False,False,rain,29.94,8,43,18.6
P103,2026-01-20,9,Tuesday,False,False,fog,28.73,10,43,23.3
P103,2026-01-21,23,Wednesday,False,False,cloudy,23.95,2,43,4.7
P103,2026-01-22,7,Thursday,False,False,clear,22.95,7,43,16.3
P103,2026-01-24,13,Saturday,True,False,clear,28.44,22,43,51.2
P103,2026-01-24,19,Saturday,True,False,fog,34.01,22,43,51.2
P103,2026-01-25,13,Sunday,True,False,cloudy,28.51,19,43,44.2
P103,2026-01-25,14,Sunday,True,False,clear,26.38,22,43,51.2
P103,2026-01-28,9,Wednesday,False,False,rain,29.68,9,43,20.9
P103,2026-01-28,10,Wednesday,False,False,clear,24.19,13,43,30.2
P103,2026-01-28,21,Wednesday,False,False,rain,27.52,17,43,39.5
P104,2025-10-01,20,Wednesday,False,False,fog,58.72,15,56,26.8
P104,2025-10-02,12,Thursday,False,False,cloudy,46.4,25,56,44.6
P104,2025-10-02,17,Thursday,False,False,haze,47.36,24,56,42.9
P104,2025-10-02,18,Thursday,False,False,haze,54.87,23,56,41.1
P104,2025-10-03,12,Friday,False,False,clear,45.31,24,56,42.9
P104,2025-10-04,10,Saturday,True,False,clear,51.32,8,56,14.3
P104,2025-10-05,11,Sunday,True,False,clear,55.37,8,56,14.3
P104,2025-10-05,22,Sunday,True,False,clear,52.8,3,56,5.4
P104,2025-10-06,5,Monday,False,False,cloudy,45.11,9,56,16.1
P104,2025-10-06,16,Monday,False,False,clear,46.18,22,56,39.3
P104,2025-10-06,20,Monday,False,False,rain,60.87,18,56,32.1
P104,2025-10-07,8,Tuesday,False,False,clear,54.42,19,56,33.9
P104,2025-10-07,11,Tuesday,False,False,rain,52.01,17,56,30.4
P104,2025-10-08,8,Wednesday,False,False,rain,62.88,17,56,30.4
P104,2025-10-08,9,Wednesday,False,False,fog,56.33,19,56,33.9
P104,2025-10-10,20,Friday,False,False,clear,56.78,15,56,26.8
P104,2025-10-11,20,Saturday,True,False,clear,64.38,6,56,10.7
P104,2025-10-14,14,Tuesday,False,False,rain,51.94,16,56,28.6
P104,2025-10-14,19,Tuesday,False,False,clear,58.11,16,56,28.6
P104,2025-10-15,9,Wednesday,False,False,cloudy,53.98,22,56,39.3
P104,2025-10-15,13,Wednesday,False,False,cloudy,45.41,18,56,32.1
P104,2025-10-15,16,Wednesday,False,False,cloudy,45.2,21,56,37.5
P104,2025-10-15,17,Wednesday,False,False,clear,46.15,22,56,39.3
P104,2025-10-15,19,Wednesday,False,False,clear,57.73,26,56,46.4
P104,2025-10-16,19,Thursday,False,False,clear,54.06,18,56,32.1
P104,2025-10-17,18,Friday,False,False,haze,55.77,20,56,35.7
P104,2025-10-17,19,Friday,False,False,cloudy,54.96,21,56,37.5
P104,2025-10-18,11,Saturday,True,False,clear,52.61,7,56,12.5
P104,2025-10-19,18,Sunday,True,False,haze,64.3,7,56,12.5
P104,2025-10-20,19,Monday,False,True,clear,78.43,35,56,62.5
P104,2025-10-24,0,Friday,False,False,cloudy,46.25,1,56,1.8
P104,2025-10-26,18,Sunday,True,False,clear,64.32,7,56,12.5
P104,2025-10-27,16,Monday,False,False,clear,48.89,23,56,41.1
P104,2025-10-27,19,Monday,False,False,clear,56.76,18,56,32.1
P104,2025-10-31,9,Friday,False,False,cloudy,55.67,24,56,42.9
P104,2025-10-31,21,Friday,False,False,fog,48.35,13,56,23.2
P104,2025-11-01,19,Saturday,True,True,rain,86.96,9,56,16.1
P104,2025-11-04,6,Tuesday,False,False,cloudy,45.4,13,56,23.2
P104,2025-11-05,7,Wednesday,False,False,clear,47.07,18,56,32.1
P104,2025-11-05,13,Wednesday,False,False,clear,44.92,17,56,30.4
P104,2025-11-05,22,Wednesday,False,False,clear,45.32,8,56,14.3
P104,2025-11-09,8,Sunday,True,False,cloudy,60.25,6,56,10.7
P104,2025-11-11,9,Tuesday,False,False,cloudy,56.88,24,56,42.9
P104,2025-11-11,16,Tuesday,False,False,rain,49.63,18,56,32.1
P104,2025-11-11,21,Tuesday,False,False,clear,46.6,13,56,23.2
P104,2025-11-13,8,Thursday,False,False,clear,56.9,13,56,23.2
P104,2025-11-14,13,Friday,False,False,clear,49.01,17,56,30.4
P104,2025-11-14,17,Friday,False,False,rain,49.14,22,56,39.3
P104,2025-11-15,19,Saturday,True,False,clear,66.03,7,56,12.5
P104,2025-11-17,17,Monday,False,False,clear,46.78,18,56,32.1
P104,2025-11-18,15,Tuesday,False,False,rain,51.05,18,56,32.1
P104,2025-11-20,13,Thursday,False,False,clear,48.02,16,56,28.6
P104,2025-11-22,8,Saturday,True,False,clear,61.04,7,56,12.5
P104,2025-11-22,19,Saturday,True,False,fog,61.72,6,56,10.7
P104,2025-11-23,12,Sunday,True,False,clear,52.97,7,56,12.5
P104,2025-11-23,17,Sunday,True,False,clear,54.67,6,56,10.7
P104,2025-11-25,13,Tuesday,False,False,clear,47.9,20,56,35.7
P104,2025-11-25,23,Tuesday,False,False,rain,52.25,1,56,1.8
P104,2025-11-26,8,Wednesday,False,False,fog,58.85,21,56,37.5
P104,2025-11-26,9,Wednesday,False,False,clear,55.97,24,56,42.9
P104,2025-11-27,10,Thursday,False,False,rain,50.97,19,56,33.9
P104,2025-11-28,7,Friday,False,False,haze,45.48,14,56,25.0
P104,2025-11-29,14,Saturday,True,False,haze,51.63,6,56,10.7
P104,2025-11-30,9,Sunday,True,False,clear,65.2,8,56,14.3
P104,2025-12-01,18,Monday,False,False,clear,56.43,22,56,39.3
P104,2025-12-02,8,Tuesday,False,False,clear,54.09,24,56,42.9
P104,2025-12-02,18,Tuesday,False,False,clear,56.1,23,56,41.1
P104,2025-12-03,12,Wednesday,False,False,fog,45.33,20,56,35.7
P104,2025-12-03,16,Wednesday,False,False,clear,44.69,21,56,37.5
P104,2025-12-04,4,Thursday,False,False,rain,52.74,1,56,1.8
P104,2025-12-04,7,Thursday,False,False,clear,47.52,17,56,30.4
P104,2025-12-05,8,Friday,False,False,cloudy,58.57,20,56,35.7
P104,2025-12-05,20,Friday,False,False,rain,62.59,14,56,25.0
P104,2025-12-07,11,Sunday,True,False,clear,54.26,9,56,16.1
P104,2025-12-08,18,Monday,False,False,clear,55.79,18,56,32.1
P104,2025-12-09,9,Tuesday,False,False,cloudy,55.67,24,56,42.9
P104,2025-12-09,21,Tuesday,False,False,clear,47.98,15,56,26.8
P104,2025-12-10,7,Wednesday,False,False,haze,45.15,18,56,32.1
P104,2025-12-10,8,Wednesday,False,False,clear,58.36,18,56,32.1
P104,2025-12-10,16,Wednesday,False,False,clear,45.15,21,56,37.5
P104,2025-12-11,8,Thursday,False,False,clear,57.92,21,56,37.5
P104,2025-12-11,17,Thursday,False,False,clear,44.6,24,56,42.9
P104,2025-12-11,19,Thursday,False,False,clear,56.8,19,56,33.9
P104,2025-12-12,8,Friday,False,False,clear,58.27,20,56,35.7
P104,2025-12-13,14,Saturday,True,False,clear,56.4,5,56,8.9
P104,2025-12-13,18,Saturday,True,False,clear,65.17,7,56,12.5
P104,2025-12-15,15,Monday,False,False,clear,49.01,22,56,39.3
P104,2025-12-17,19,Wednesday,False,False,cloudy,58.18,28,56,50.0
P104,2025-12-18,20,Thursday,False,False,clear,56.26,17,56,30.4
P104,2025-12-19,13,Friday,False,False,cloudy,46.73,18,56,32.1
P104,2025-12-20,9,Saturday,True,False,cloudy,60.83,8,56,14.3
P104,2025-12-21,5,Sunday,True,False,clear,51.99,2,56,3.6
P104,2025-12-22,20,Monday,False,False,clear,58.73,21,56,37.5
P104,2025-12-23,10,Tuesday,False,False,rain,51.25,19,56,33.9
P104,2025-12-23,21,Tuesday,False,False,clear,46.14,13,56,23.2
P104,2025-12-24,20,Wednesday,False,False,clear,53.65,18,56,32.1
P104,2025-12-25,6,Thursday,False,True,cloudy,62.55,18,56,32.1
P104,2025-12-25,15,Thursday,False,True,fog,68.23,28,56,50.0
P104,2025-12-27,19,Saturday,True,False,haze,60.36,7,56,12.5
P104,2025-12-28,7,Sunday,True,False,clear,54.06,5,56,8.9
P104,2025-12-30,9,Tuesday,False,False,haze,55.33,20,56,35.7
P104,2025-12-31,17,Wednesday,False,False,cloudy,45.47,19,56,33.9
P104,2026-01-01,8,Thursday,False,False,clear,59.22,25,56,44.6
P104,2026-01-01,15,Thursday,False,False,fog,48.42,15,56,26.8
P104,2026-01-03,10,Saturday,True,False,rain,60.28,6,56,10.7
P104,2026-01-04,15,Sunday,True,False,cloudy,55.14,6,56,10.7
P104,2026-01-04,20,Sunday,True,False,clear,61.86,5,56,8.9
P104,2026-01-05,20,Monday,False,False,clear,53.87,20,56,35.7
P104,2026-01-08,1,Thursday,False,False,clear,48.82,1,56,1.8
P104,2026-01-08,15,Thursday,False,False,cloudy,47.77,17,56,30.4
P104,2026-01-09,18,Friday,False,False,haze,54.43,25,56,44.6
P104,2026-01-10,9,Saturday,True,False,fog,61.72,5,56,8.9
P104,2026-01-10,16,Saturday,True,False,clear,53.82,8,56,14.3
P104,2026-01-10,17,Saturday,True,False,clear,55.65,6,56,10.7
P104,2026-01-11,10,Sunday,True,False,cloudy,53.04,8,56,14.3
P104,2026-01-11,18,Sunday,True,False,clear,65.37,8,56,14.3
P104,2026-01-12,17,Monday,False,False,clear,44.67,21,56,37.5
P104,2026-01-13,19,Tuesday,False,False,cloudy,55.96,20,56,35.7
P104,2026-01-17,10,Saturday,True,False,clear,56.4,7,56,12.5
P104,2026-01-17,17,Saturday,True,False,clear,51.07,8,56,14.3
P104,2026-01-18,14,Sunday,True,False,clear,52.12,5,56,8.9
P104,2026-01-18,18,Sunday,True,False,clear,60.8,6,56,10.7
P104,2026-01-19,7,Monday,False,False,clear,48.2,19,56,33.9
P104,2026-01-20,20,Tuesday,False,False,fog,53.85,17,56,30.4
P104,2026-01-21,16,Wednesday,False,False,cloudy,46.67,19,56,33.9
P104,2026-01-22,18,Thursday,False,False,cloudy,53.84,21,56,37.5
P104,2026-01-22,21,Thursday,False,False,clear,46.49,14,56,25.0
P104,2026-01-23,19,Friday,False,False,cloudy,57.21,19,56,33.9
P104,2026-01-25,19,Sunday,True,False,cloudy,63.28,5,56,8.9
P104,2026-01-26,0,Monday,False,True,clear,63.85,1,56,1.8
P104,2026-01-26,17,Monday,False,True,clear,66.03,35,56,62.5
P104,2026-01-27,12,Tuesday,False,False,fog,44.49,22,56,39.3
P105,2025-10-01,5,Wednesday,False,False,rain,24.2,8,65,12.3
P105,2025-10-03,13,Friday,False,False,cloudy,21.54,25,65,38.5
P105,2025-10-03,17,Friday,False,False,clear,20.67,36,65,55.4
P105,2025-10-04,9,Saturday,True,False,clear,29.31,25,65,38.5
P105,2025-10-08,3,Wednesday,False,False,rain,22.72,2,65,3.1
P105,2025-10-08,19,Wednesday,False,False,clear,24.45,47,65,72.3
P105,2025-10-10,2,Friday,False,False,fog,22.04,2,65,3.1
P105,2025-10-10,5,Friday,False,False,fog,20.68,9,65,13.8
P105,2025-10-11,13,Saturday,True,False,clear,23.94,44,65,67.7
P105,2025-10-12,19,Sunday,True,False,clear,28.34,64,65,98.5
P105,2025-10-12,21,Sunday,True,False,fog,23.79,40,65,61.5
P105,2025-10-13,6,Monday,False,False,clear,22.29,11,65,16.9
P105,2025-10-13,22,Monday,False,False,clear,21.3,21,65,32.3
P105,2025-10-14,7,Tuesday,False,False,clear,20.57,14,65,21.5
P105,2025-10-14,13,Tuesday,False,False,clear,20.3,25,65,38.5
P105,2025-10-15,18,Wednesday,False,False,clear,24.69,43,65,66.2
P105,2025-10-15,19,Wednesday,False,False,haze,24.96,42,65,64.6
P105,2025-10-19,8,Sunday,True,False,clear,27.77,21,65,32.3
P105,2025-10-22,13,Wednesday,False,False,clear,22.11,33,65,50.8
P105,2025-10-23,10,Thursday,False,False,clear,21.31,25,65,38.5
P105,2025-10-23,19,Thursday,False,False,clear,25.77,43,65,66.2
P105,2025-10-23,21,Thursday,False,False,rain,24.12,30,65,46.2
P105,2025-10-24,7,Friday,False,False,rain,23.63,11,65,16.9
P105,2025-10-25,8,Saturday,True,False,clear,29.71,21,65,32.3
P105,2025-10-26,11,Sunday,True,False,clear,25.43,32,65,49.2
P105,2025-10-27,4,Monday,False,False,clear,20.98,2,65,3.1
P105,2025-10-27,9,Monday,False,False,haze,25.04,20,65,30.8
P105,2025-10-28,10,Tuesday,False,False,clear,21.38,17,65,26.2
P105,2025-10-28,12,Tuesday,False,False,cloudy,22.11,28,65,43.1
P105,2025-10-29,18,Wednesday,False,False,cloudy,24.52,38,65,58.5
P105,2025-10-30,18,Thursday,False,False,clear,24.94,41,65,63.1
P105,2025-10-31,20,Friday,False,False,rain,26.81,33,65,50.8
P105,2025-10-31,23,Friday,False,False,clear,21.31,4,65,6.2
P105,2025-11-01,10,Saturday,True,True,clear,33.71,40,65,61.5
P105,2025-11-03,7,Monday,False,False,clear,21.88,12,65,18.5
P105,2025-11-04,8,Tuesday,False,False,fog,26.22,15,65,23.1
P105,2025-11-04,18,Tuesday,False,False,clear,25.66,51,65,78.5
P105,2025-11-05,5,Wednesday,False,False,clear,21.89,8,65,12.3
P105,2025-11-05,8,Wednesday,False,False,clear,26.23,19,65,29.2
P105,2025-11-05,19,Wednesday,False,False,cloudy,25.5,37,65,56.9
P105,2025-11-09,9,Sunday,True,False,clear,28.63,23,65,35.4
P105,2025-11-09,10,Sunday,True,False,rain,25.44,25,65,38.5
P105,2025-11-10,23,Monday,False,False,clear,21.63,4,65,6.2
P105,2025-11-11,8,Tuesday,False,False,clear,26.74,15,65,23.1
P105,2025-11-12,9,Wednesday,False,False,clear,25.52,20,65,30.8
P105,2025-11-13,0,Thursday,False,False,cloudy,20.32,2,65,3.1
P105,2025-11-13,8,Thursday,False,False,clear,25.18,16,65,24.6
P105,2025-11-13,14,Thursday,False,False,clear,21.24,36,65,55.4
P105,2025-11-13,20,Thursday,False,False,clear,24.89,37,65,56.9
P105,2025-11-14,10,Friday,False,False,fog,20.25,19,65,29.2
P105,2025-11-16,4,Sunday,True,False,clear,25.28,3,65,4.6
P105,2025-11-17,17,Monday,False,False,cloudy,21.79,38,65,58.5
P105,2025-11-20,8,Thursday,False,False,rain,27.69,14,65,21.5
P105,2025-11-21,19,Friday,False,False,clear,25.29,41,65,63.1
P105,2025-11-22,9,Saturday,True,False,clear,29.15,21,65,32.3
P105,2025-11-22,17,Saturday,True,False,rain,26.1,52,65,80.0
P105,2025-11-22,18,Saturday,True,False,clear,28.34,40,65,61.5
P105,2025-11-23,17,Sunday,True,False,cloudy,24.44,53,65,81.5
P105,2025-11-24,20,Monday,False,False,cloudy,24.35,46,65,70.8
P105,2025-11-26,20,Wednesday,False,False,cloudy,25.85,35,65,53.8
P105,2025-11-27,11,Thursday,False,False,haze,20.49,19,65,29.2
P105,2025-11-27,16,Thursday,False,False,clear,21.1,34,65,52.3
P105,2025-11-27,20,Thursday,False,False,rain,26.29,29,65,44.6
P105,2025-11-28,6,Friday,False,False,clear,21.62,12,65,18.5
P105,2025-11-28,8,Friday,False,False,clear,25.72,16,65,24.6
P105,2025-11-28,20,Friday,False,False,clear,25.1,38,65,58.5
P105,2025-11-29,19,Saturday,True,False,clear,29.75,41,65,63.1
P105,2025-11-30,8,Sunday,True,False,clear,28.49,25,65,38.5
P105,2025-11-30,21,Sunday,True,False,clear,24.62,47,65,72.3
P105,2025-12-01,0,Monday,False,False,clear,21.87,2,65,3.1
P105,2025-12-01,10,Monday,False,False,clear,22.09,24,65,36.9
P105,2025-12-01,16,Monday,False,False,clear,20.73,32,65,49.2
P105,2025-12-02,18,Tuesday,False,False,clear,26.03,40,65,61.5
P105,2025-12-03,17,Wednesday,False,False,fog,21.43,34,65,52.3
P105,2025-12-04,13,Thursday,False,False,clear,20.81,26,65,40.0
P105,2025-12-05,7,Friday,False,False,fog,20.82,11,65,16.9
P105,2025-12-07,9,Sunday,True,False,clear,27.71,21,65,32.3
P105,2025-12-07,13,Sunday,True,False,clear,23.82,38,65,58.5
P105,2025-12-07,14,Sunday,True,False,cloudy,25.34,38,65,58.5
P105,2025-12-08,12,Monday,False,False,clear,22.81,26,65,40.0
P105,2025-12-08,18,Monday,False,False,fog,24.39,42,65,64.6
P105,2025-12-09,15,Tuesday,False,False,cloudy,21.01,38,65,58.5
P105,2025-12-10,2,Wednesday,False,False,clear,21.43,2,65,3.1
P105,2025-12-10,8,Wednesday,False,False,clear,26.66,16,65,24.6
P105,2025-12-11,11,Thursday,False,False,fog,21.47,21,65,32.3
P105,2025-12-11,17,Thursday,False,False,clear,21.29,37,65,56.9
P105,2025-12-12,11,Friday,False,False,clear,21.06,24,65,36.9
P105,2025-12-14,1,Sunday,True,False,rain,26.48,2,65,3.1
P105,2025-12-14,13,Sunday,True,False,fog,25.51,30,65,46.2
P105,2025-12-18,10,Thursday,False,False,clear,20.32,22,65,33.8
P105,2025-12-20,20,Saturday,True,False,clear,27.47,54,65,83.1
P105,2025-12-21,12,Sunday,True,False,cloudy,24.42,33,65,50.8
P105,2025-12-21,15,Sunday,True,False,clear,23.35,49,65,75.4
P105,2025-12-22,19,Monday,False,False,clear,24.6,41,65,63.1
P105,2025-12-25,8,Thursday,False,True,clear,32.39,23,65,35.4
P105,2025-12-25,17,Thursday,False,True,clear,29.62,64,65,98.5
P105,2025-12-26,19,Friday,False,False,clear,24.91,42,65,64.6
P105,2025-12-27,17,Saturday,True,False,clear,24.51,62,65,95.4
P105,2025-12-28,6,Sunday,True,False,cloudy,23.29,16,65,24.6
P105,2025-12-28,16,Sunday,True,False,rain,26.17,43,65,66.2
P105,2025-12-30,10,Tuesday,False,False,clear,21.59,18,65,27.7
P105,2025-12-30,19,Tuesday,False,False,clear,26.25,37,65,56.9
P105,2025-12-31,16,Wednesday,False,False,clear,20.36,40,65,61.5
P105,2026-01-01,7,Thursday,False,False,cloudy,20.63,15,65,23.1
P105,2026-01-01,10,Thursday,False,False,clear,21.81,18,65,27.7
P105,2026-01-02,0,Friday,False,False,clear,21.66,2,65,3.1
P105,2026-01-02,10,Friday,False,False,clear,20.67,21,65,32.3
P105,2026-01-02,17,Friday,False,False,clear,20.9,37,65,56.9
P105,2026-01-03,20,Saturday,True,False,clear,29.44,46,65,70.8
P105,2026-01-04,8,Sunday,True,False,clear,28.36,20,65,30.8
P105,2026-01-04,10,Sunday,True,False,haze,23.77,22,65,33.8
P105,2026-01-05,20,Monday,False,False,clear,25.71,38,65,58.5
P105,2026-01-06,21,Tuesday,False,False,clear,20.36,29,65,44.6
P105,2026-01-07,13,Wednesday,False,False,clear,21.68,34,65,52.3
P105,2026-01-09,8,Friday,False,False,rain,26.34,13,65,20.0
P105,2026-01-11,17,Sunday,True,False,rain,26.33,47,65,72.3
P105,2026-01-12,10,Monday,False,False,clear,21.5,22,65,33.8
P105,2026-01-12,18,Monday,False,False,clear,26.09,44,65,67.7
P105,2026-01-13,19,Tuesday,False,False,clear,24.72,41,65,63.1
P105,2026-01-15,3,Thursday,False,False,clear,21.55,2,65,3.1
P105,2026-01-16,14,Friday,False,False,clear,20.71,28,65,43.1
P105,2026-01-17,11,Saturday,True,False,clear,24.08,23,65,35.4
P105,2026-01-17,23,Saturday,True,False,clear,23.86,6,65,9.2
P105,2026-01-18,7,Sunday,True,False,fog,25.13,20,65,30.8
P105,2026-01-19,12,Monday,False,False,clear,22.35,25,65,38.5
P105,2026-01-19,17,Monday,False,False,clear,21.97,33,65,50.8
P105,2026-01-19,19,Monday,False,False,clear,26.19,36,65,55.4
P105,2026-01-20,6,Tuesday,False,False,haze,20.67,9,65,13.8
P105,2026-01-20,16,Tuesday,False,False,rain,22.35,39,65,60.0
P105,2026-01-20,18,Tuesday,False,False,clear,25.83,51,65,78.5
P105,2026-01-21,8,Wednesday,False,False,fog,24.45,15,65,23.1
P105,2026-01-21,22,Wednesday,False,False,cloudy,20.69,28,65,43.1
P105,2026-01-23,21,Friday,False,False,clear,21.33,33,65,50.8
P106,2025-10-01,11,Wednesday,False,False,clear,40.81,16,47,34.0
P106,2025-10-01,15,Wednesday,False,False,haze,41.29,26,47,55.3
P106,2025-10-03,19,Friday,False,False,rain,51.87,16,47,34.0
P106,2025-10-05,15,Sunday,True,False,cloudy,48.49,36,47,76.6
P106,2025-10-05,20,Sunday,True,False,clear,54.71,46,47,97.9
P106,2025-10-05,23,Sunday,True,False,clear,47.91,6,47,12.8
P106,2025-10-06,5,Monday,False,False,clear,39.68,9,47,19.1
P106,2025-10-06,8,Monday,False,False,clear,50.11,15,47,31.9
P106,2025-10-06,18,Monday,False,False,rain,53.43,20,47,42.6
P106,2025-10-07,3,Tuesday,False,False,clear,41.97,1,47,2.1
P106,2025-10-07,13,Tuesday,False,False,clear,39.17,24,47,51.1
P106,2025-10-08,9,Wednesday,False,False,haze,49.38,14,47,29.8
P106,2025-10-08,11,Wednesday,False,False,cloudy,39.32,20,47,42.6
P106,2025-10-08,21,Wednesday,False,False,clear,41.57,33,47,70.2
P106,2025-10-09,9,Thursday,False,False,cloudy,46.78,15,47,31.9
P106,2025-10-10,19,Friday,False,False,clear,47.65,36,47,76.6
P106,2025-10-11,10,Saturday,True,False,clear,48.74,23,47,48.9
P106,2025-10-11,19,Saturday,True,False,clear,54.32,44,47,93.6
P106,2025-10-12,23,Sunday,True,False,fog,47.3,3,47,6.4
P106,2025-10-15,12,Wednesday,False,False,clear,41.24,24,47,51.1
P106,2025-10-15,13,Wednesday,False,False,clear,41.55,23,47,48.9
P106,2025-10-15,18,Wednesday,False,False,fog,48.8,23,47,48.9
P106,2025-10-16,2,Thursday,False,False,clear,41.28,2,47,4.3
P106,2025-10-16,8,Thursday,False,False,clear,46.84,16,47,34.0
P106,2025-10-16,20,Thursday,False,False,fog,49.41,25,47,53.2
P106,2025-10-16,22,Thursday,False,False,rain,46.49,12,47,25.5
P106,2025-10-17,1,Friday,False,False,rain,43.36,1,47,2.1
P106,2025-10-17,8,Friday,False,False,cloudy,49.12,13,47,27.7
P106,2025-10-17,18,Friday,False,False,rain,52.82,22,47,46.8
P106,2025-10-19,10,Sunday,True,False,rain,49.28,15,47,31.9
P106,2025-10-20,14,Monday,False,True,clear,54.37,44,47,93.6
P106,2025-10-20,18,Monday,False,True,cloudy,67.75,46,47,97.9
P106,2025-10-21,18,Tuesday,False,True,rain,70.95,37,47,78.7
P106,2025-10-22,21,Wednesday,False,False,clear,38.61,27,47,57.4
P106,2025-10-23,17,Thursday,False,False,clear,39.56,36,47,76.6
P106,2025-10-24,17,Friday,False,False,clear,41.77,39,47,83.0
P106,2025-10-25,4,Saturday,True,False,haze,46.78,3,47,6.4
P106,2025-10-25,17,Saturday,True,False,rain,48.98,31,47,66.0
P106,2025-10-25,18,Saturday,True,False,fog,54.87,36,47,76.6
P106,2025-10-26,6,Sunday,True,False,clear,47.44,16,47,34.0
P106,2025-10-26,7,Sunday,True,False,rain,50.61,8,47,17.0
P106,2025-10-27,16,Monday,False,False,clear,41.23,40,47,85.1
P106,2025-10-27,17,Monday,False,False,clear,40.67,38,47,80.9
P106,2025-10-29,19,Wednesday,False,False,clear,48.74,41,47,87.2
P106,2025-10-30,13,Thursday,False,False,cloudy,40.5,26,47,55.3
P106,2025-11-01,2,Saturday,True,True,rain,68.81,2,47,4.3
P106,2025-11-01,19,Saturday,True,True,clear,71.05,46,47,97.9
P106,2025-11-04,4,Tuesday,False,False,fog,40.16,1,47,2.1
P106,2025-11-04,5,Tuesday,False,False,rain,45.03,6,47,12.8
P106,2025-11-04,18,Tuesday,False,False,haze,49.22,37,47,78.7
P106,2025-11-06,18,Thursday,False,False,clear,50.4,46,47,97.9
P106,2025-11-06,19,Thursday,False,False,fog,47.4,21,47,44.7
P106,2025-11-08,17,Saturday,True,False,clear,47.77,46,47,97.9
P106,2025-11-08,21,Saturday,True,False,rain,50.98,23,47,48.9
P106,2025-11-09,8,Sunday,True,False,rain,58.54,12,47,25.5
P106,2025-11-10,19,Monday,False,False,cloudy,46.36,32,47,68.1
P106,2025-11-11,8,Tuesday,False,False,clear,50.23,14,47,29.8
P106,2025-11-11,13,Tuesday,False,False,cloudy,42.27,27,47,57.4
P106,2025-11-12,9,Wednesday,False,False,clear,49.52,15,47,31.9
P106,2025-11-12,20,Wednesday,False,False,rain,52.2,22,47,46.8
P106,2025-11-13,16,Thursday,False,False,clear,42.16,32,47,68.1
P106,2025-11-13,18,Thursday,False,False,fog,47.44,23,47,48.9
P106,2025-11-14,5,Friday,False,False,fog,38.58,6,47,12.8
P106,2025-11-14,6,Friday,False,False,cloudy,39.54,9,47,19.1
P106,2025-11-15,15,Saturday,True,False,clear,46.38,34,47,72.3
P106,2025-11-15,21,Saturday,True,False,clear,45.88,45,47,95.7
P106,2025-11-16,14,Sunday,True,False,rain,51.68,21,47,44.7
P106,2025-11-18,8,Tuesday,False,False,rain,50.02,5,47,10.6
P106,2025-11-20,14,Thursday,False,False,clear,39.0,29,47,61.7
P106,2025-11-21,19,Friday,False,False,rain,52.79,23,47,48.9
P106,2025-11-22,20,Saturday,True,False,rain,60.63,28,47,59.6
P106,2025-11-24,7,Monday,False,False,clear,39.42,13,47,27.7
P106,2025-11-26,12,Wednesday,False,False,fog,39.91,14,47,29.8
P106,2025-11-27,21,Thursday,False,False,fog,39.92,20,47,42.6
P106,2025-11-28,8,Friday,False,False,clear,49.52,14,47,29.8
P106,2025-11-29,20,Saturday,True,False,clear,52.04,46,47,97.9
P106,2025-11-30,6,Sunday,True,False,cloudy,45.35,16,47,34.0
P106,2025-11-30,19,Sunday,True,False,rain,58.55,26,47,55.3
P106,2025-12-02,16,Tuesday,False,False,rain,44.5,18,47,38.3
P106,2025-12-03,8,Wednesday,False,False,clear,48.21,15,47,31.9
P106,2025-12-04,19,Thursday,False,False,clear,50.57,29,47,61.7
P106,2025-12-06,17,Saturday,True,False,haze,46.59,46,47,97.9
P106,2025-12-09,6,Tuesday,False,False,clear,40.14,13,47,27.7
P106,2025-12-09,12,Tuesday,False,False,clear,40.98,25,47,53.2
P106,2025-12-10,20,Wednesday,False,False,cloudy,48.55,27,47,57.4
P106,2025-12-10,21,Wednesday,False,False,clear,42.45,32,47,68.1
P106,2025-12-11,16,Thursday,False,False,clear,39.38,40,47,85.1
P106,2025-12-12,2,Friday,False,False,cloudy,42.34,2,47,4.3
P106,2025-12-12,5,Friday,False,False,fog,41.34,7,47,14.9
P106,2025-12-12,7,Friday,False,False,rain,42.68,7,47,14.9
P106,2025-12-14,9,Sunday,True,False,rain,59.1,11,47,23.4
P106,2025-12-15,18,Monday,False,False,clear,48.98,27,47,57.4
P106,2025-12-17,7,Wednesday,False,False,clear,39.71,14,47,29.8
P106,2025-12-17,8,Wednesday,False,False,fog,49.3,10,47,21.3
P106,2025-12-18,8,Thursday,False,False,clear,49.15,14,47,29.8
P106,2025-12-18,18,Thursday,False,False,clear,48.33,45,47,95.7
P106,2025-12-20,11,Saturday,True,False,fog,44.68,18,47,38.3
P106,2025-12-20,15,Saturday,True,False,clear,44.99,41,47,87.2
P106,2025-12-21,6,Sunday,True,False,rain,52.22,9,47,19.1
P106,2025-12-22,12,Monday,False,False,clear,39.9,23,47,48.9
P106,2025-12-23,10,Tuesday,False,False,clear,38.76,21,47,44.7
P106,2025-12-23,16,Tuesday,False,False,clear,40.08,32,47,68.1
P106,2025-12-23,20,Tuesday,False,False,rain,50.84,21,47,44.7
P106,2025-12-24,22,Wednesday,False,False,cloudy,40.48,21,47,44.7
P106,2025-12-26,7,Friday,False,False,rain,42.27,6,47,12.8
P106,2025-12-26,14,Friday,False,False,haze,40.0,24,47,51.1
P106,2025-12-26,22,Friday,False,False,clear,39.65,25,47,53.2
P106,2025-12-27,18,Saturday,True,False,clear,55.24,40,47,85.1
P106,2025-12-28,12,Sunday,True,False,clear,46.57,18,47,38.3
P106,2025-12-28,18,Sunday,True,False,cloudy,54.7,46,47,97.9
P106,2025-12-30,8,Tuesday,False,False,clear,47.39,14,47,29.8
P106,2025-12-31,20,Wednesday,False,False,rain,55.17,22,47,46.8
P106,2025-12-31,23,Wednesday,False,False,clear,39.26,4,47,8.5
P106,2026-01-01,16,Thursday,False,False,cloudy,39.94,39,47,83.0
P106,2026-01-01,20,Thursday,False,False,clear,47.7,36,47,76.6
P106,2026-01-02,12,Friday,False,False,clear,40.01,30,47,63.8
P106,2026-01-03,12,Saturday,True,False,clear,46.68,30,47,63.8
P106,2026-01-04,7,Sunday,True,False,clear,48.24,16,47,34.0
P106,2026-01-04,10,Sunday,True,False,clear,44.7,31,47,66.0
P106,2026-01-05,16,Monday,False,False,clear,39.72,31,47,66.0
P106,2026-01-06,15,Tuesday,False,False,clear,40.64,32,47,68.1
P106,2026-01-06,19,Tuesday,False,False,clear,48.2,30,47,63.8
P106,2026-01-09,12,Friday,False,False,fog,39.6,12,47,25.5
P106,2026-01-10,2,Saturday,True,False,rain,48.79,1,47,2.1
P106,2026-01-10,17,Saturday,True,False,fog,48.46,34,47,72.3
P106,2026-01-10,18,Saturday,True,False,cloudy,53.17,41,47,87.2
P106,2026-01-11,10,Sunday,True,False,rain,48.45,18,47,38.3
P106,2026-01-11,16,Sunday,True,False,rain,48.59,20,47,42.6
P106,2026-01-12,16,Monday,False,False,cloudy,39.44,34,47,72.3
P106,2026-01-15,8,Thursday,False,False,haze,46.45,15,47,31.9
P106,2026-01-16,8,Friday,False,False,clear,48.78,16,47,34.0
P106,2026-01-16,10,Friday,False,False,clear,39.86,23,47,48.9
P106,2026-01-16,11,Friday,False,False,clear,41.47,22,47,46.8
P106,2026-01-17,8,Saturday,True,False,clear,54.93,22,47,46.8
P106,2026-01-17,12,Saturday,True,False,clear,45.8,32,47,68.1
P106,2026-01-21,6,Wednesday,False,False,clear,38.67,10,47,21.3
P106,2026-01-22,8,Thursday,False,False,clear,48.05,13,47,27.7
P106,2026-01-23,15,Friday,False,False,clear,40.14,34,47,72.3
P106,2026-01-24,18,Saturday,True,False,haze,53.71,46,47,97.9
P106,2026-01-25,10,Sunday,True,False,cloudy,46.57,21,47,44.7
P106,2026-01-25,18,Sunday,True,False,rain,57.0,26,47,55.3
P106,2026-01-26,8,Monday,False,True,clear,62.27,19,47,40.4
P106,2026-01-26,18,Monday,False,True,rain,68.07,36,47,76.6
P106,2026-01-27,7,Tuesday,False,False,clear,41.98,13,47,27.7
P106,2026-01-27,8,Tuesday,False,False,clear,48.52,15,47,31.9
P106,2026-01-27,9,Tuesday,False,False,clear,50.18,22,47,46.8
P106,2026-01-28,9,Wednesday,False,False,clear,50.31,18,47,38.3
P106,2026-01-28,18,Wednesday,False,False,cloudy,47.7,32,47,68.1
P107,2025-10-02,10,Thursday,False,False,clear,39.26,22,57,38.6
P107,2025-10-03,18,Friday,False,False,rain,54.79,28,57,49.1
P107,2025-10-03,19,Friday,False,False,clear,47.8,50,57,87.7
P107,2025-10-07,18,Tuesday,False,False,clear,49.61,36,57,63.2
P107,2025-10-08,18,Wednesday,False,False,clear,46.41,50,57,87.7
P107,2025-10-08,19,Wednesday,False,False,haze,49.45,49,57,86.0
P107,2025-10-10,20,Friday,False,False,fog,48.86,26,57,45.6
P107,2025-10-11,17,Saturday,True,False,fog,44.39,36,57,63.2
P107,2025-10-11,18,Saturday,True,False,clear,54.6,56,57,98.2
P107,2025-10-13,18,Monday,False,False,clear,48.61,45,57,78.9
P107,2025-10-15,8,Wednesday,False,False,fog,49.38,9,57,15.8
P107,2025-10-15,15,Wednesday,False,False,clear,42.07,32,57,56.1
P107,2025-10-16,15,Thursday,False,False,clear,41.37,41,57,71.9
P107,2025-10-17,11,Friday,False,False,clear,39.05,28,57,49.1
P107,2025-10-17,15,Friday,False,False,clear,40.32,36,57,63.2
P107,2025-10-19,13,Sunday,True,False,fog,45.84,26,57,45.6
P107,2025-10-20,8,Monday,False,True,rain,69.3,17,57,29.8
P107,2025-10-20,17,Monday,False,True,clear,56.46,56,57,98.2
P107,2025-10-21,8,Tuesday,False,True,rain,66.62,12,57,21.1
P107,2025-10-21,20,Tuesday,False,True,rain,67.67,33,57,57.9
P107,2025-10-21,23,Tuesday,False,True,clear,57.48,6,57,10.5
P107,2025-10-22,7,Wednesday,False,False,clear,41.6,13,57,22.8
P107,2025-10-22,18,Wednesday,False,False,clear,48.22,51,57,89.5
P107,2025-10-24,5,Friday,False,False,clear,38.33,10,57,17.5
P107,2025-10-25,2,Saturday,True,False,fog,47.56,1,57,1.8
P107,2025-10-25,6,Saturday,True,False,clear,47.77,20,57,35.1
P107,2025-10-26,12,Sunday,True,False,rain,50.49,22,57,38.6
P107,2025-10-26,23,Sunday,True,False,clear,46.85,5,57,8.8
P107,2025-10-27,7,Monday,False,False,clear,40.28,12,57,21.1
P107,2025-10-27,13,Monday,False,False,clear,42.28,22,57,38.6
P107,2025-10-28,10,Tuesday,False,False,clear,39.52,24,57,42.1
P107,2025-10-28,18,Tuesday,False,False,cloudy,50.57,43,57,75.4
P107,2025-10-29,16,Wednesday,False,False,clear,40.73,38,57,66.7
P107,2025-10-29,19,Wednesday,False,False,cloudy,47.19,48,57,84.2
P107,2025-10-30,11,Thursday,False,False,clear,41.4,21,57,36.8
P107,2025-11-01,2,Saturday,True,True,cloudy,61.59,3,57,5.3
P107,2025-11-01,17,Saturday,True,True,clear,59.71,56,57,98.2
P107,2025-11-01,20,Saturday,True,True,clear,72.38,56,57,98.2
P107,2025-11-02,13,Sunday,True,False,clear,47.41,34,57,59.6
P107,2025-11-03,13,Monday,False,False,cloudy,39.22,28,57,49.1
P107,2025-11-03,15,Monday,False,False,clear,39.57,38,57,66.7
P107,2025-11-04,0,Tuesday,False,False,clear,40.85,2,57,3.5
P107,2025-11-04,7,Tuesday,False,False,haze,42.52,15,57,26.3
P107,2025-11-05,19,Wednesday,False,False,clear,46.46,52,57,91.2
P107,2025-11-09,12,Sunday,True,False,rain,51.94,18,57,31.6
P107,2025-11-09,17,Sunday,True,False,clear,45.15,56,57,98.2
P107,2025-11-09,18,Sunday,True,False,cloudy,56.33,56,57,98.2
P107,2025-11-10,8,Monday,False,False,clear,48.97,17,57,29.8
P107,2025-11-10,21,Monday,False,False,haze,42.09,24,57,42.1
P107,2025-11-11,10,Tuesday,False,False,haze,39.32,20,57,35.1
P107,2025-11-11,23,Tuesday,False,False,rain,42.92,2,57,3.5
P107,2025-11-12,11,Wednesday,False,False,cloudy,38.76,21,57,36.8
P107,2025-11-12,18,Wednesday,False,False,clear,49.55,38,57,66.7
P107,2025-11-12,20,Wednesday,False,False,fog,46.4,26,57,45.6
P107,2025-11-14,7,Friday,False,False,clear,40.42,14,57,24.6
P107,2025-11-14,14,Friday,False,False,clear,39.53,31,57,54.4
P107,2025-11-16,8,Sunday,True,False,cloudy,53.57,20,57,35.1
P107,2025-11-17,13,Monday,False,False,clear,41.56,35,57,61.4
P107,2025-11-18,0,Tuesday,False,False,haze,42.15,2,57,3.5
P107,2025-11-18,12,Tuesday,False,False,clear,40.98,30,57,52.6
P107,2025-11-18,19,Tuesday,False,False,clear,47.46,45,57,78.9
P107,2025-11-19,8,Wednesday,False,False,cloudy,46.36,16,57,28.1
P107,2025-11-20,6,Thursday,False,False,clear,41.3,12,57,21.1
P107,2025-11-20,22,Thursday,False,False,clear,41.1,27,57,47.4
P107,2025-11-21,20,Friday,False,False,clear,47.1,35,57,61.4
P107,2025-11-22,18,Saturday,True,False,fog,56.12,38,57,66.7
P107,2025-11-23,20,Sunday,True,False,clear,55.34,56,57,98.2
P107,2025-11-25,19,Tuesday,False,False,clear,47.87,43,57,75.4
P107,2025-11-27,12,Thursday,False,False,cloudy,39.65,25,57,43.9
P107,2025-11-27,19,Thursday,False,False,clear,48.34,42,57,73.7
P107,2025-11-29,8,Saturday,True,False,haze,52.43,20,57,35.1
P107,2025-11-29,12,Saturday,True,False,rain,50.55,17,57,29.8
P107,2025-11-29,15,Saturday,True,False,cloudy,44.12,46,57,80.7
P107,2025-11-30,9,Sunday,True,False,rain,56.61,16,57,28.1
P107,2025-11-30,10,Sunday,True,False,haze,47.59,27,57,47.4
P107,2025-11-30,18,Sunday,True,False,cloudy,52.8,56,57,98.2
P107,2025-11-30,19,Sunday,True,False,rain,59.4,31,57,54.4
P107,2025-12-02,8,Tuesday,False,False,rain,54.05,9,57,15.8
P107,2025-12-02,11,Tuesday,False,False,fog,40.25,17,57,29.8
P107,2025-12-02,17,Tuesday,False,False,fog,41.95,24,57,42.1
P107,2025-12-03,20,Wednesday,False,False,clear,49.24,38,57,66.7
P107,2025-12-04,8,Thursday,False,False,clear,50.22,19,57,33.3
P107,2025-12-04,13,Thursday,False,False,clear,40.91,26,57,45.6
P107,2025-12-06,23,Saturday,True,False,cloudy,46.58,6,57,10.5
P107,2025-12-07,14,Sunday,True,False,clear,44.98,46,57,80.7
P107,2025-12-07,17,Sunday,True,False,rain,48.34,26,57,45.6
P107,2025-12-07,18,Sunday,True,False,cloudy,56.42,56,57,98.2
P107,2025-12-08,7,Monday,False,False,clear,38.4,15,57,26.3
P107,2025-12-09,14,Tuesday,False,False,clear,38.71,30,57,52.6
P107,2025-12-10,8,Wednesday,False,False,cloudy,47.16,14,57,24.6
P107,2025-12-11,16,Thursday,False,False,rain,43.47,21,57,36.8
P107,2025-12-11,19,Thursday,False,False,clear,49.43,48,57,84.2
P107,2025-12-12,3,Friday,False,False,haze,39.12,2,57,3.5
P107,2025-12-12,17,Friday,False,False,clear,38.45,43,57,75.4
P107,2025-12-12,18,Friday,False,False,clear,49.97,41,57,71.9
P107,2025-12-14,8,Sunday,True,False,clear,55.1,25,57,43.9
P107,2025-12-14,11,Sunday,True,False,clear,47.0,29,57,50.9
P107,2025-12-14,19,Sunday,True,False,cloudy,56.49,45,57,78.9
P107,2025-12-14,21,Sunday,True,False,clear,43.97,43,57,75.4
P107,2025-12-15,19,Monday,False,False,cloudy,46.28,42,57,73.7
P107,2025-12-16,9,Tuesday,False,False,clear,46.0,18,57,31.6
P107,2025-12-16,17,Tuesday,False,False,clear,38.57,43,57,75.4
P107,2025-12-17,13,Wednesday,False,False,clear,39.68,26,57,45.6
P107,2025-12-18,15,Thursday,False,False,cloudy,40.13,38,57,66.7
P107,2025-12-18,19,Thursday,False,False,clear,47.42,40,57,70.2
P107,2025-12-19,7,Friday,False,False,clear,40.8,14,57,24.6
P107,2025-12-19,17,Friday,False,False,cloudy,40.06,44,57,77.2
P107,2025-12-20,19,Saturday,True,False,clear,52.08,56,57,98.2
P107,2025-12-21,19,Sunday,True,False,fog,54.84,35,57,61.4
P107,2025-12-22,17,Monday,False,False,clear,39.11,38,57,66.7
P107,2025-12-22,20,Monday,False,False,clear,46.84,44,57,77.2
P107,2025-12-23,9,Tuesday,False,False,clear,50.27,20,57,35.1
P107,2025-12-24,3,Wednesday,False,False,cloudy,40.92,2,57,3.5
P107,2025-12-24,19,Wednesday,False,False,rain,51.61,28,57,49.1
P107,2025-12-25,15,Thursday,False,True,clear,58.7,47,57,82.5
P107,2025-12-29,9,Monday,False,False,clear,49.44,21,57,36.8
P107,2025-12-30,21,Tuesday,False,False,haze,38.88,27,57,47.4
P107,2025-12-31,9,Wednesday,False,False,clear,46.15,14,57,24.6
P107,2025-12-31,12,Wednesday,False,False,clear,40.38,31,57,54.4
P107,2025-12-31,21,Wednesday,False,False,clear,38.53,42,57,73.7
P107,2026-01-01,10,Thursday,False,False,rain,43.11,11,57,19.3
P107,2026-01-02,6,Friday,False,False,clear,38.24,14,57,24.6
P107,2026-01-02,9,Friday,False,False,cloudy,47.68,15,57,26.3
P107,2026-01-03,18,Saturday,True,False,cloudy,54.02,54,57,94.7
P107,2026-01-04,19,Sunday,True,False,cloudy,54.28,51,57,89.5
P107,2026-01-05,18,Monday,False,False,clear,50.49,41,57,71.9
P107,2026-01-06,15,Tuesday,False,False,clear,40.76,33,57,57.9
P107,2026-01-07,12,Wednesday,False,False,clear,38.39,34,57,59.6
P107,2026-01-08,15,Thursday,False,False,haze,41.8,35,57,61.4
P107,2026-01-09,4,Friday,False,False,fog,40.91,2,57,3.5
P107,2026-01-09,19,Friday,False,False,cloudy,48.89,37,57,64.9
P107,2026-01-10,20,Saturday,True,False,cloudy,52.09,44,57,77.2
P107,2026-01-11,21,Sunday,True,False,clear,46.07,36,57,63.2
P107,2026-01-12,7,Monday,False,False,clear,38.71,16,57,28.1
P107,2026-01-12,9,Monday,False,False,clear,46.04,18,57,31.6
P107,2026-01-12,14,Monday,False,False,cloudy,41.45,34,57,59.6
P107,2026-01-14,8,Wednesday,False,True,rain,67.85,14,57,24.6
P107,2026-01-16,17,Friday,False,False,clear,38.57,51,57,89.5
P107,2026-01-16,19,Friday,False,False,haze,49.53,40,57,70.2
P107,2026-01-16,20,Friday,False,False,clear,47.3,36,57,63.2
P107,2026-01-19,3,Monday,False,False,cloudy,40.16,2,57,3.5
P107,2026-01-19,17,Monday,False,False,clear,40.76,45,57,78.9
P107,2026-01-21,18,Wednesday,False,False,clear,48.12,48,57,84.2
P107,2026-01-21,20,Wednesday,False,False,clear,49.01,34,57,59.6
P107,2026-01-21,21,Wednesday,False,False,rain,44.24,15,57,26.3
P107,2026-01-22,0,Thursday,False,False,clear,41.47,2,57,3.5
P107,2026-01-22,7,Thursday,False,False,clear,40.38,18,57,31.6
P107,2026-01-22,18,Thursday,False,False,clear,52.5,42,57,73.7
P107,2026-01-22,19,Thursday,False,False,clear,47.75,49,57,86.0
P107,2026-01-24,16,Saturday,True,False,clear,45.56,51,57,89.5
P107,2026-01-25,8,Sunday,True,False,clear,56.88,22,57,38.6
P107,2026-01-25,10,Sunday,True,False,cloudy,44.47,23,57,40.4
P107,2026-01-26,18,Monday,False,True,clear,66.81,56,57,98.2
P107,2026-01-27,8,Tuesday,False,False,clear,49.4,17,57,29.8
P107,2026-01-27,19,Tuesday,False,False,clear,45.98,47,57,82.5
P107,2026-01-28,18,Wednesday,False,False,clear,48.08,49,57,86.0
P107,2026-01-28,20,Wednesday,False,False,haze,48.11,43,57,75.4
P108,2025-10-01,9,Wednesday,False,False,clear,28.61,11,51,21.6
P108,2025-10-01,18,Wednesday,False,False,clear,30.79,24,51,47.1
P108,2025-10-02,7,Thursday,False,False,clear,25.84,7,51,13.7
P108,2025-10-03,9,Friday,False,False,clear,29.19,12,51,23.5
P108,2025-10-03,20,Friday,False,False,fog,29.15,20,51,39.2
P108,2025-10-05,4,Sunday,True,False,cloudy,27.12,1,51,2.0
P108,2025-10-06,13,Monday,False,False,clear,25.06,16,51,31.4
P108,2025-10-10,8,Friday,False,False,clear,30.2,9,51,17.6
P108,2025-10-10,9,Friday,False,False,fog,30.21,10,51,19.6
P108,2025-10-10,18,Friday,False,False,clear,30.42,25,51,49.0
P108,2025-10-11,7,Saturday,True,False,clear,29.71,12,51,23.5
P108,2025-10-12,18,Sunday,True,False,rain,37.16,25,51,49.0
P108,2025-10-13,7,Monday,False,False,cloudy,24.78,7,51,13.7
P108,2025-10-13,15,Monday,False,False,cloudy,25.75,13,51,25.5
P108,2025-10-13,20,Monday,False,False,cloudy,28.36,25,51,49.0
P108,2025-10-17,1,Friday,False,False,haze,25.55,1,51,2.0
P108,2025-10-18,12,Saturday,True,False,fog,29.3,16,51,31.4
P108,2025-10-18,14,Saturday,True,False,clear,28.7,25,51,49.0
P108,2025-10-18,21,Saturday,True,False,clear,27.01,26,51,51.0
P108,2025-10-20,8,Monday,False,True,clear,39.08,15,51,29.4
P108,2025-10-22,8,Wednesday,False,False,clear,30.28,9,51,17.6
P108,2025-10-22,13,Wednesday,False,False,clear,23.83,16,51,31.4
P108,2025-10-23,15,Thursday,False,False,clear,24.77,19,51,37.3
P108,2025-10-23,16,Thursday,False,False,rain,27.46,16,51,31.4
P108,2025-10-23,17,Thursday,False,False,clear,24.63,25,51,49.0
P108,2025-10-25,19,Saturday,True,False,rain,34.87,31,51,60.8
P108,2025-10-27,7,Monday,False,False,clear,24.0,7,51,13.7
P108,2025-10-27,21,Monday,False,False,fog,25.61,17,51,33.3
P108,2025-10-28,11,Tuesday,False,False,cloudy,25.28,13,51,25.5
P108,2025-10-28,17,Tuesday,False,False,clear,25.44,26,51,51.0
P108,2025-10-29,1,Wednesday,False,False,cloudy,23.88,1,51,2.0
P108,2025-10-29,17,Wednesday,False,False,clear,23.75,21,51,41.2
P108,2025-10-30,16,Thursday,False,False,fog,25.55,22,51,43.1
P108,2025-10-31,8,Friday,False,False,fog,28.63,8,51,15.7
P108,2025-11-01,10,Saturday,True,True,haze,36.92,21,51,41.2
P108,2025-11-01,18,Saturday,True,True,clear,42.02,50,51,98.0
P108,2025-11-02,2,Sunday,True,False,clear,27.75,1,51,2.0
P108,2025-11-02,17,Sunday,True,False,clear,27.75,32,51,62.7
P108,2025-11-03,10,Monday,False,False,cloudy,24.42,10,51,19.6
P108,2025-11-03,20,Monday,False,False,rain,33.53,21,51,41.2
P108,2025-11-04,17,Tuesday,False,False,cloudy,23.98,23,51,45.1
P108,2025-11-04,18,Tuesday,False,False,fog,30.32,19,51,37.3
P108,2025-11-05,12,Wednesday,False,False,clear,25.08,14,51,27.5
P108,2025-11-06,9,Thursday,False,False,rain,32.95,10,51,19.6
P108,2025-11-06,17,Thursday,False,False,rain,26.5,19,51,37.3
P108,2025-11-06,19,Thursday,False,False,rain,30.83,17,51,33.3
P108,2025-11-06,20,Thursday,False,False,rain,31.02,21,51,41.2
P108,2025-11-07,9,Friday,False,False,clear,28.23,8,51,15.7
P108,2025-11-07,22,Friday,False,False,clear,24.57,18,51,35.3
P108,2025-11-08,8,Saturday,True,False,rain,36.76,8,51,15.7
P108,2025-11-09,17,Sunday,True,False,rain,32.23,20,51,39.2
P108,2025-11-09,18,Sunday,True,False,clear,32.11,33,51,64.7
P108,2025-11-11,6,Tuesday,False,False,rain,27.83,5,51,9.8
P108,2025-11-11,10,Tuesday,False,False,clear,25.39,10,51,19.6
P108,2025-11-12,17,Wednesday,False,False,clear,24.25,24,51,47.1
P108,2025-11-13,5,Thursday,False,False,clear,25.78,5,51,9.8
P108,2025-11-13,21,Thursday,False,False,haze,24.22,19,51,37.3
P108,2025-11-14,20,Friday,False,False,rain,31.92,17,51,33.3
P108,2025-11-15,13,Saturday,True,False,clear,28.98,19,51,37.3
P108,2025-11-16,2,Sunday,True,False,clear,28.18,2,51,3.9
P108,2025-11-16,9,Sunday,True,False,fog,33.39,12,51,23.5
P108,2025-11-16,13,Sunday,True,False,clear,29.13,20,51,39.2
P108,2025-11-17,18,Monday,False,False,cloudy,29.8,23,51,45.1
P108,2025-11-17,19,Monday,False,False,rain,32.01,21,51,41.2
P108,2025-11-19,7,Wednesday,False,False,cloudy,25.89,8,51,15.7
P108,2025-11-19,9,Wednesday,False,False,cloudy,28.77,11,51,21.6
P108,2025-11-19,12,Wednesday,False,False,clear,23.64,17,51,33.3
P108,2025-11-20,20,Thursday,False,False,clear,30.21,20,51,39.2
P108,2025-11-23,9,Sunday,True,False,clear,34.94,15,51,29.4
P108,2025-11-23,14,Sunday,True,False,haze,28.14,28,51,54.9
P108,2025-11-25,9,Tuesday,False,False,cloudy,28.41,10,51,19.6
P108,2025-11-26,18,Wednesday,False,False,rain,32.36,23,51,45.1
P108,2025-11-26,21,Wednesday,False,False,cloudy,23.86,20,51,39.2
P108,2025-11-28,13,Friday,False,False,clear,25.86,20,51,39.2
P108,2025-11-30,7,Sunday,True,False,rain,29.93,7,51,13.7
P108,2025-11-30,19,Sunday,True,False,clear,32.42,37,51,72.5
P108,2025-12-01,9,Monday,False,False,clear,29.73,13,51,25.5
P108,2025-12-02,18,Tuesday,False,False,clear,30.25,26,51,51.0
P108,2025-12-03,16,Wednesday,False,False,fog,23.65,19,51,37.3
P108,2025-12-04,4,Thursday,False,False,rain,25.83,1,51,2.0
P108,2025-12-05,9,Friday,False,False,cloudy,29.48,12,51,23.5
P108,2025-12-06,11,Saturday,True,False,rain,31.19,17,51,33.3
P108,2025-12-06,16,Saturday,True,False,fog,29.49,25,51,49.0
P108,2025-12-06,18,Saturday,True,False,clear,33.99,26,51,51.0
P108,2025-12-07,21,Sunday,True,False,clear,28.6,26,51,51.0
P108,2025-12-08,4,Monday,False,False,cloudy,24.57,1,51,2.0
P108,2025-12-08,7,Monday,False,False,clear,24.55,7,51,13.7
P108,2025-12-08,10,Monday,False,False,haze,25.76,12,51,23.5
P108,2025-12-10,3,Wednesday,False,False,fog,25.73,1,51,2.0
P108,2025-12-10,17,Wednesday,False,False,cloudy,25.01,26,51,51.0
P108,2025-12-12,7,Friday,False,False,rain,26.04,7,51,13.7
P108,2025-12-12,8,Friday,False,False,clear,29.62,12,51,23.5
P108,2025-12-13,11,Saturday,True,False,clear,28.0,17,51,33.3
P108,2025-12-13,14,Saturday,True,False,clear,27.29,19,51,37.3
P108,2025-12-13,16,Saturday,True,False,fog,27.3,31,51,60.8
P108,2025-12-15,16,Monday,False,False,rain,25.85,17,51,33.3
P108,2025-12-16,7,Tuesday,False,False,clear,25.04,8,51,15.7
P108,2025-12-16,17,Tuesday,False,False,fog,24.28,23,51,45.1
P108,2025-12-18,6,Thursday,False,False,haze,23.49,6,51,11.8
P108,2025-12-19,8,Friday,False,False,fog,29.97,8,51,15.7
P108,2025-12-19,17,Friday,False,False,clear,25.43,25,51,49.0
P108,2025-12-19,18,Friday,False,False,clear,29.89,28,51,54.9
P108,2025-12-21,12,Sunday,True,False,clear,29.3,25,51,49.0
P108,2025-12-21,20,Sunday,True,False,haze,32.82,28,51,54.9
P108,2025-12-22,17,Monday,False,False,clear,25.66,21,51,41.2
P108,2025-12-24,7,Wednesday,False,False,fog,24.89,7,51,13.7
P108,2025-12-24,14,Wednesday,False,False,clear,25.57,20,51,39.2
P108,2025-12-26,6,Friday,False,False,fog,23.58,6,51,11.8
P108,2025-12-28,7,Sunday,True,False,clear,28.17,11,51,21.6
P108,2025-12-29,8,Monday,False,False,clear,30.3,8,51,15.7
P108,2025-12-29,17,Monday,False,False,cloudy,24.73,23,51,45.1
P108,2025-12-29,20,Monday,False,False,clear,30.52,23,51,45.1
P108,2025-12-30,5,Tuesday,False,False,clear,25.0,6,51,11.8
P108,2025-12-31,8,Wednesday,False,False,rain,32.09,6,51,11.8
P108,2026-01-07,6,Wednesday,False,False,rain,28.41,6,51,11.8
P108,2026-01-07,16,Wednesday,False,False,haze,23.43,20,51,39.2
P108,2026-01-08,6,Thursday,False,False,clear,25.17,7,51,13.7
P108,2026-01-10,13,Saturday,True,False,clear,28.5,20,51,39.2
P108,2026-01-10,19,Saturday,True,False,fog,33.92,30,51,58.8
P108,2026-01-11,13,Sunday,True,False,clear,29.49,24,51,47.1
P108,2026-01-12,7,Monday,False,False,clear,24.01,10,51,19.6
P108,2026-01-12,20,Monday,False,False,clear,29.14,26,51,51.0
P108,2026-01-13,10,Tuesday,False,False,rain,25.37,8,51,15.7
P108,2026-01-14,9,Wednesday,False,True,clear,39.22,17,51,33.3
P108,2026-01-15,15,Thursday,False,False,clear,24.7,22,51,43.1
P108,2026-01-16,23,Friday,False,False,clear,23.83,3,51,5.9
P108,2026-01-18,18,Sunday,True,False,clear,32.28,34,51,66.7
P108,2026-01-18,20,Sunday,True,False,cloudy,33.39,30,51,58.8
P108,2026-01-20,14,Tuesday,False,False,cloudy,25.05,18,51,35.3
P108,2026-01-20,16,Tuesday,False,False,fog,23.62,19,51,37.3
P108,2026-01-20,17,Tuesday,False,False,fog,24.23,19,51,37.3
P108,2026-01-21,1,Wednesday,False,False,cloudy,25.73,1,51,2.0
P108,2026-01-21,20,Wednesday,False,False,fog,29.63,18,51,35.3
P108,2026-01-22,5,Thursday,False,False,clear,25.33,7,51,13.7
P108,2026-01-22,11,Thursday,False,False,clear,24.02,11,51,21.6
P108,2026-01-23,8,Friday,False,False,cloudy,28.22,9,51,17.6
P108,2026-01-26,6,Monday,False,True,cloudy,34.28,9,51,17.6
P108,2026-01-27,14,Tuesday,False,False,clear,23.55,22,51,43.1
P108,2026-01-27,20,Tuesday,False,False,rain,33.45,18,51,35.3
P108,2026-01-28,11,Wednesday,False,False,clear,23.94,15,51,29.4
P109,2025-10-02,19,Thursday,False,False,rain,21.93,14,37,37.8
P109,2025-10-04,11,Saturday,True,False,fog,19.68,12,37,32.4
P109,2025-10-04,19,Saturday,True,False,cloudy,24.32,24,37,64.9
P109,2025-10-07,13,Tuesday,False,False,clear,17.58,12,37,32.4
P109,2025-10-08,14,Wednesday,False,False,clear,17.31,12,37,32.4
P109,2025-10-09,9,Thursday,False,False,haze,21.87,6,37,16.2
P109,2025-10-09,14,Thursday,False,False,clear,17.09,14,37,37.8
P109,2025-10-10,16,Friday,False,False,rain,19.0,14,37,37.8
P109,2025-10-11,16,Saturday,True,False,rain,22.22,18,37,48.6
P109,2025-10-15,6,Wednesday,False,False,haze,17.32,3,37,8.1
P109,2025-10-15,9,Wednesday,False,False,clear,20.69,8,37,21.6
P109,2025-10-15,14,Wednesday,False,False,rain,18.93,13,37,35.1
P109,2025-10-16,11,Thursday,False,False,fog,17.55,9,37,24.3
P109,2025-10-16,19,Thursday,False,False,rain,21.87,12,37,32.4
P109,2025-10-18,7,Saturday,True,False,rain,22.24,5,37,13.5
P109,2025-10-20,6,Monday,False,True,fog,25.67,8,37,21.6
P109,2025-10-20,9,Monday,False,True,clear,28.97,12,37,32.4
P109,2025-10-20,19,Monday,False,True,clear,26.97,31,37,83.8
P109,2025-10-20,23,Monday,False,True,clear,24.76,3,37,8.1
P109,2025-10-22,5,Wednesday,False,False,cloudy,17.83,5,37,13.5
P109,2025-10-23,7,Thursday,False,False,clear,18.44,7,37,18.9
P109,2025-10-23,19,Thursday,False,False,cloudy,20.5,20,37,54.1
P109,2025-10-24,3,Friday,False,False,clear,17.6,1,37,2.7
P109,2025-10-24,8,Friday,False,False,rain,22.16,6,37,16.2
P109,2025-10-24,10,Friday,False,False,clear,17.55,8,37,21.6
P109,2025-10-25,20,Saturday,True,False,clear,23.36,25,37,67.6
P109,2025-10-27,16,Monday,False,False,fog,17.19,14,37,37.8
P109,2025-10-31,18,Friday,False,False,rain,22.63,11,37,29.7
P109,2025-11-01,17,Saturday,True,True,fog,28.39,25,37,67.6
P109,2025-11-02,7,Sunday,True,False,clear,20.52,10,37,27.0
P109,2025-11-02,20,Sunday,True,False,clear,23.0,21,37,56.8
P109,2025-11-03,14,Monday,False,False,clear,18.15,14,37,37.8
P109,2025-11-04,10,Tuesday,False,False,clear,16.75,10,37,27.0
P109,2025-11-05,12,Wednesday,False,False,clear,17.98,12,37,32.4
P109,2025-11-05,18,Wednesday,False,False,clear,21.09,16,37,43.2
P109,2025-11-05,20,Wednesday,False,False,clear,20.83,16,37,43.2
P109,2025-11-08,9,Saturday,True,False,rain,25.67,7,37,18.9
P109,2025-11-09,2,Sunday,True,False,rain,21.87,1,37,2.7
P109,2025-11-09,12,Sunday,True,False,rain,22.56,12,37,32.4
P109,2025-11-10,14,Monday,False,False,clear,17.14,14,37,37.8
P109,2025-11-10,20,Monday,False,False,fog,21.73,16,37,43.2
P109,2025-11-11,13,Tuesday,False,False,fog,18.42,13,37,35.1
P109,2025-11-12,18,Wednesday,False,False,fog,21.99,18,37,48.6
P109,2025-11-14,6,Friday,False,False,rain,19.09,3,37,8.1
P109,2025-11-14,18,Friday,False,False,clear,20.66,21,37,56.8
P109,2025-11-14,19,Friday,False,False,haze,21.65,12,37,32.4
P109,2025-11-15,17,Saturday,True,False,clear,20.53,26,37,70.3
P109,2025-11-16,13,Sunday,True,False,clear,19.95,21,37,56.8
P109,2025-11-18,20,Tuesday,False,False,clear,20.89,15,37,40.5
P109,2025-11-19,7,Wednesday,False,False,clear,18.31,5,37,13.5
P109,2025-11-19,13,Wednesday,False,False,clear,17.9,11,37,29.7
P109,2025-11-20,1,Thursday,False,False,clear,17.79,1,37,2.7
P109,2025-11-20,8,Thursday,False,False,clear,21.19,9,37,24.3
P109,2025-11-21,7,Friday,False,False,fog,18.21,6,37,16.2
P109,2025-11-21,9,Friday,False,False,clear,20.49,9,37,24.3
P109,2025-11-21,14,Friday,False,False,clear,16.98,13,37,35.1
P109,2025-11-22,12,Saturday,True,False,fog,19.94,15,37,40.5
P109,2025-11-22,17,Saturday,True,False,rain,22.58,21,37,56.8
P109,2025-11-25,9,Tuesday,False,False,clear,20.69,9,37,24.3
P109,2025-11-26,6,Wednesday,False,False,rain,20.23,4,37,10.8
P109,2025-11-27,10,Thursday,False,False,cloudy,17.24,8,37,21.6
P109,2025-11-28,7,Friday,False,False,fog,17.22,5,37,13.5
P109,2025-11-29,16,Saturday,True,False,clear,20.97,21,37,56.8
P109,2025-11-30,17,Sunday,True,False,clear,19.77,22,37,59.5
P109,2025-12-01,7,Monday,False,False,clear,17.67,5,37,13.5
P109,2025-12-01,19,Monday,False,False,cloudy,20.09,14,37,37.8
P109,2025-12-02,12,Tuesday,False,False,clear,16.87,11,37,29.7
P109,2025-12-02,19,Tuesday,False,False,clear,21.98,18,37,48.6
P109,2025-12-03,10,Wednesday,False,False,clear,18.1,10,37,27.0
P109,2025-12-03,12,Wednesday,False,False,clear,18.21,12,37,32.4
P109,2025-12-03,18,Wednesday,False,False,clear,21.13,21,37,56.8
P109,2025-12-04,7,Thursday,False,False,cloudy,18.39,5,37,13.5
P109,2025-12-06,9,Saturday,True,False,haze,24.63,11,37,29.7
P109,2025-12-06,15,Saturday,True,False,clear,19.34,16,37,43.2
P109,2025-12-07,7,Sunday,True,False,clear,19.57,8,37,21.6
P109,2025-12-07,16,Sunday,True,False,clear,19.3,21,37,56.8
P109,2025-12-08,8,Monday,False,False,clear,20.4,7,37,18.9
P109,2025-12-08,16,Monday,False,False,clear,17.45,17,37,45.9
P109,2025-12-09,7,Tuesday,False,False,clear,16.74,6,37,16.2
P109,2025-12-09,12,Tuesday,False,False,clear,17.4,11,37,29.7
P109,2025-12-12,8,Friday,False,False,clear,20.36,8,37,21.6
P109,2025-12-13,8,Saturday,True,False,cloudy,23.43,10,37,27.0
P109,2025-12-13,20,Saturday,True,False,clear,24.65,23,37,62.2
P109,2025-12-13,21,Saturday,True,False,rain,22.46,16,37,43.2
P109,2025-12-14,17,Sunday,True,False,cloudy,20.4,23,37,62.2
P109,2025-12-14,18,Sunday,True,False,rain,26.28,23,37,62.2
P109,2025-12-14,21,Sunday,True,False,clear,20.86,21,37,56.8
P109,2025-12-15,12,Monday,False,False,haze,18.18,9,37,24.3
P109,2025-12-16,17,Tuesday,False,False,clear,17.27,20,37,54.1
P109,2025-12-17,18,Wednesday,False,False,clear,21.08,13,37,35.1
P109,2025-12-18,13,Thursday,False,False,clear,17.77,15,37,40.5
P109,2025-12-18,15,Thursday,False,False,clear,17.12,14,37,37.8
P109,2025-12-18,20,Thursday,False,False,rain,23.43,11,37,29.7
P109,2025-12-19,7,Friday,False,False,clear,18.09,7,37,18.9
P109,2025-12-19,11,Friday,False,False,clear,18.45,11,37,29.7
P109,2025-12-19,12,Friday,False,False,clear,18.22,12,37,32.4
P109,2025-12-19,20,Friday,False,False,clear,20.76,15,37,40.5
P109,2025-12-21,8,Sunday,True,False,rain,25.55,7,37,18.9
P109,2025-12-21,9,Sunday,True,False,clear,23.68,10,37,27.0
P109,2025-12-21,11,Sunday,True,False,fog,20.53,14,37,37.8
P109,2025-12-21,17,Sunday,True,False,clear,19.28,29,37,78.4
P109,2025-12-22,22,Monday,False,False,clear,18.35,10,37,27.0
P109,2025-12-23,11,Tuesday,False,False,clear,18.28,11,37,29.7
P109,2025-12-23,13,Tuesday,False,False,cloudy,18.42,12,37,32.4
P109,2025-12-25,11,Thursday,False,True,fog,25.49,14,37,37.8
P109,2025-12-26,9,Friday,False,False,clear,20.12,8,37,21.6
P109,2025-12-26,15,Friday,False,False,clear,17.92,12,37,32.4
P109,2025-12-27,8,Saturday,True,False,clear,22.71,11,37,29.7
P109,2025-12-27,19,Saturday,True,False,clear,23.31,25,37,67.6
P109,2025-12-28,19,Sunday,True,False,haze,23.16,19,37,51.4
P109,2025-12-29,8,Monday,False,False,clear,21.53,8,37,21.6
P109,2025-12-30,7,Tuesday,False,False,clear,17.92,5,37,13.5
P109,2025-12-31,12,Wednesday,False,False,rain,19.73,9,37,24.3
P109,2025-12-31,14,Wednesday,False,False,clear,18.24,10,37,27.0
P109,2026-01-01,8,Thursday,False,False,clear,22.14,7,37,18.9
P109,2026-01-01,19,Thursday,False,False,clear,20.68,22,37,59.5
P109,2026-01-01,20,Thursday,False,False,rain,22.91,10,37,27.0
P109,2026-01-01,22,Thursday,False,False,rain,18.7,10,37,27.0
P109,2026-01-03,13,Saturday,True,False,clear,20.65,14,37,37.8
P109,2026-01-05,16,Monday,False,False,cloudy,17.96,17,37,45.9
P109,2026-01-05,20,Monday,False,False,clear,21.73,19,37,51.4
P109,2026-01-06,18,Tuesday,False,False,clear,21.69,20,37,54.1
P109,2026-01-06,22,Tuesday,False,False,clear,17.86,10,37,27.0
P109,2026-01-07,8,Wednesday,False,False,rain,23.39,5,37,13.5
P109,2026-01-07,10,Wednesday,False,False,fog,16.98,8,37,21.6
P109,2026-01-07,15,Wednesday,False,False,clear,17.48,12,37,32.4
P109,2026-01-09,15,Friday,False,False,fog,17.3,13,37,35.1
P109,2026-01-10,17,Saturday,True,False,fog,19.34,19,37,51.4
P109,2026-01-11,11,Sunday,True,False,cloudy,20.66,9,37,24.3
P109,2026-01-11,13,Sunday,True,False,rain,21.89,13,37,35.1
P109,2026-01-11,20,Sunday,True,False,clear,22.84,21,37,56.8
P109,2026-01-12,9,Monday,False,False,rain,23.46,5,37,13.5
P109,2026-01-12,15,Monday,False,False,cloudy,17.19,10,37,27.0
P109,2026-01-13,13,Tuesday,False,False,clear,17.5,12,37,32.4
P109,2026-01-15,8,Thursday,False,False,clear,20.67,8,37,21.6
P109,2026-01-15,13,Thursday,False,False,clear,17.0,11,37,29.7
P109,2026-01-16,14,Friday,False,False,rain,18.66,9,37,24.3
P109,2026-01-18,11,Sunday,True,False,rain,21.65,10,37,27.0
P109,2026-01-19,0,Monday,False,False,fog,17.94,1,37,2.7
P109,2026-01-19,16,Monday,False,False,clear,16.84,15,37,40.5
P109,2026-01-21,8,Wednesday,False,False,clear,20.73,7,37,18.9
P109,2026-01-21,12,Wednesday,False,False,clear,17.01,12,37,32.4
P109,2026-01-21,13,Wednesday,False,False,rain,18.73,8,37,21.6
P109,2026-01-22,10,Thursday,False,False,clear,17.1,10,37,27.0
P109,2026-01-23,7,Friday,False,False,clear,17.8,6,37,16.2
P109,2026-01-23,9,Friday,False,False,clear,20.18,7,37,18.9
P109,2026-01-26,7,Monday,False,True,clear,24.85,8,37,21.6
P109,2026-01-26,18,Monday,False,True,clear,27.4,28,37,75.7
P109,2026-01-27,12,Tuesday,False,False,cloudy,18.2,11,37,29.7
P109,2026-01-27,19,Tuesday,False,False,fog,20.95,16,37,43.2
P109,2026-01-28,8,Wednesday,False,False,rain,22.83,5,37,13.5
P109,2026-01-28,10,Wednesday,False,False,cloudy,16.76,9,37,24.3
P109,2026-01-28,18,Wednesday,False,False,clear,21.15,17,37,45.9
P110,2025-10-01,19,Wednesday,False,False,fog,47.7,15,17,88.2
P110,2025-10-02,20,Thursday,False,False,clear,45.94,16,17,94.1
P110,2025-10-04,7,Saturday,True,False,clear,48.34,7,17,41.2
P110,2025-10-04,19,Saturday,True,False,rain,57.62,17,17,100.0
P110,2025-10-05,0,Sunday,True,False,clear,47.0,1,17,5.9
P110,2025-10-07,8,Tuesday,False,False,clear,45.97,7,17,41.2
P110,2025-10-07,22,Tuesday,False,False,cloudy,38.73,10,17,58.8
P110,2025-10-08,18,Wednesday,False,False,fog,48.9,15,17,88.2
P110,2025-10-11,6,Saturday,True,False,clear,48.16,6,17,35.3
P110,2025-10-11,9,Saturday,True,False,haze,51.62,7,17,41.2
P110,2025-10-11,19,Saturday,True,False,rain,60.88,17,17,100.0
P110,2025-10-13,1,Monday,False,False,clear,39.18,1,17,5.9
P110,2025-10-13,12,Monday,False,False,clear,38.87,9,17,52.9
P110,2025-10-15,11,Wednesday,False,False,clear,41.65,9,17,52.9
P110,2025-10-15,18,Wednesday,False,False,clear,48.96,16,17,94.1
P110,2025-10-17,6,Friday,False,False,clear,40.73,4,17,23.5
P110,2025-10-17,17,Friday,False,False,cloudy,38.38,13,17,76.5
P110,2025-10-18,9,Saturday,True,False,cloudy,56.07,12,17,70.6
P110,2025-10-18,18,Saturday,True,False,cloudy,53.24,17,17,100.0
P110,2025-10-19,7,Sunday,True,False,fog,43.78,6,17,35.3
P110,2025-10-20,16,Monday,False,True,clear,58.87,17,17,100.0
P110,2025-10-20,17,Monday,False,True,rain,59.54,17,17,100.0
P110,2025-10-20,19,Monday,False,True,cloudy,62.05,17,17,100.0
P110,2025-10-21,6,Tuesday,False,True,clear,56.82,6,17,35.3
P110,2025-10-21,17,Tuesday,False,True,cloudy,55.76,17,17,100.0
P110,2025-10-21,20,Tuesday,False,True,cloudy,66.54,17,17,100.0
P110,2025-10-22,6,Wednesday,False,False,rain,43.57,4,17,23.5
P110,2025-10-24,0,Friday,False,False,cloudy,39.19,1,17,5.9
P110,2025-10-24,5,Friday,False,False,clear,40.22,4,17,23.5
P110,2025-10-24,8,Friday,False,False,clear,48.32,5,17,29.4
P110,2025-10-28,5,Tuesday,False,False,clear,40.06,4,17,23.5
P110,2025-10-29,15,Wednesday,False,False,clear,39.99,11,17,64.7
P110,2025-11-02,3,Sunday,True,False,clear,45.5,1,17,5.9
P110,2025-11-02,11,Sunday,True,False,clear,44.99,14,17,82.4
P110,2025-11-04,4,Tuesday,False,False,clear,40.55,1,17,5.9
P110,2025-11-04,6,Tuesday,False,False,clear,41.71,4,17,23.5
P110,2025-11-04,18,Tuesday,False,False,clear,48.24,17,17,100.0
P110,2025-11-05,6,Wednesday,False,False,clear,40.37,4,17,23.5
P110,2025-11-05,19,Wednesday,False,False,rain,54.19,17,17,100.0
P110,2025-11-06,9,Thursday,False,False,clear,48.54,8,17,47.1
P110,2025-11-06,20,Thursday,False,False,clear,48.49,14,17,82.4
P110,2025-11-07,18,Friday,False,False,rain,50.55,15,17,88.2
P110,2025-11-09,7,Sunday,True,False,clear,43.83,7,17,41.2
P110,2025-11-09,8,Sunday,True,False,clear,52.07,7,17,41.2
P110,2025-11-09,23,Sunday,True,False,clear,46.34,2,17,11.8
P110,2025-11-10,7,Monday,False,False,clear,38.46,5,17,29.4
P110,2025-11-10,13,Monday,False,False,cloudy,39.98,11,17,64.7
P110,2025-11-10,19,Monday,False,False,rain,52.25,14,17,82.4
P110,2025-11-11,16,Tuesday,False,False,fog,41.32,15,17,88.2
P110,2025-11-11,17,Tuesday,False,False,clear,38.99,17,17,100.0
P110,2025-11-12,19,Wednesday,False,False,clear,50.26,15,17,88.2
P110,2025-11-12,20,Wednesday,False,False,cloudy,45.97,13,17,76.5
P110,2025-11-13,7,Thursday,False,False,clear,40.13,5,17,29.4
P110,2025-11-13,8,Thursday,False,False,clear,48.6,6,17,35.3
P110,2025-11-15,7,Saturday,True,False,clear,46.26,7,17,41.2
P110,2025-11-15,9,Saturday,True,False,fog,56.53,9,17,52.9
P110,2025-11-15,13,Saturday,True,False,clear,46.0,14,17,82.4
P110,2025-11-15,18,Saturday,True,False,rain,57.94,17,17,100.0
P110,2025-11-16,8,Sunday,True,False,clear,52.72,7,17,41.2
P110,2025-11-17,15,Monday,False,False,fog,41.23,12,17,70.6
P110,2025-11-18,8,Tuesday,False,False,clear,46.55,6,17,35.3
P110,2025-11-18,18,Tuesday,False,False,rain,54.02,15,17,88.2
P110,2025-11-18,20,Tuesday,False,False,cloudy,47.54,15,17,88.2
P110,2025-11-19,9,Wednesday,False,False,cloudy,47.16,6,17,35.3
P110,2025-11-19,14,Wednesday,False,False,clear,39.34,13,17,76.5
P110,2025-11-20,13,Thursday,False,False,clear,38.4,12,17,70.6
P110,2025-11-20,22,Thursday,False,False,clear,39.38,8,17,47.1
P110,2025-11-22,18,Saturday,True,False,haze,56.35,17,17,100.0
P110,2025-11-23,11,Sunday,True,False,rain,52.33,11,17,64.7
P110,2025-11-24,7,Monday,False,False,clear,40.13,6,17,35.3
P110,2025-11-24,16,Monday,False,False,cloudy,41.34,13,17,76.5
P110,2025-11-25,19,Tuesday,False,False,cloudy,49.93,12,17,70.6
P110,2025-11-25,21,Tuesday,False,False,fog,38.29,10,17,58.8
P110,2025-11-27,6,Thursday,False,False,clear,39.47,6,17,35.3
P110,2025-11-29,13,Saturday,True,False,clear,46.3,13,17,76.5
P110,2025-11-29,19,Saturday,True,False,clear,55.45,17,17,100.0
P110,2025-11-29,20,Saturday,True,False,rain,58.59,16,17,94.1
P110,2025-11-30,8,Sunday,True,False,haze,52.25,8,17,47.1
P110,2025-12-01,9,Monday,False,False,fog,47.02,7,17,41.2
P110,2025-12-01,18,Monday,False,False,clear,48.69,17,17,100.0
P110,2025-12-01,22,Monday,False,False,rain,44.0,8,17,47.1
P110,2025-12-02,8,Tuesday,False,False,rain,52.26,6,17,35.3
P110,2025-12-03,6,Wednesday,False,False,rain,45.91,3,17,17.6
P110,2025-12-03,7,Wednesday,False,False,fog,40.39,5,17,29.4
P110,2025-12-05,4,Friday,False,False,clear,41.8,1,17,5.9
P110,2025-12-05,7,Friday,False,False,rain,44.97,4,17,23.5
P110,2025-12-05,17,Friday,False,False,clear,40.4,13,17,76.5
P110,2025-12-06,7,Saturday,True,False,clear,47.98,7,17,41.2
P110,2025-12-06,11,Saturday,True,False,fog,45.87,9,17,52.9
P110,2025-12-07,7,Sunday,True,False,rain,49.14,5,17,29.4
P110,2025-12-09,20,Tuesday,False,False,clear,47.74,12,17,70.6
P110,2025-12-10,18,Wednesday,False,False,clear,49.29,16,17,94.1
P110,2025-12-11,11,Thursday,False,False,fog,41.92,9,17,52.9
P110,2025-12-12,8,Friday,False,False,rain,53.5,6,17,35.3
P110,2025-12-12,16,Friday,False,False,cloudy,40.38,13,17,76.5
P110,2025-12-15,17,Monday,False,False,clear,41.43,17,17,100.0
P110,2025-12-16,14,Tuesday,False,False,rain,46.03,11,17,64.7
P110,2025-12-16,15,Tuesday,False,False,clear,41.58,14,17,82.4
P110,2025-12-16,21,Tuesday,False,False,fog,40.86,13,17,76.5
P110,2025-12-17,12,Wednesday,False,False,cloudy,38.46,8,17,47.1
P110,2025-12-18,14,Thursday,False,False,rain,42.47,12,17,70.6
P110,2025-12-18,16,Thursday,False,False,clear,39.41,16,17,94.1
P110,2025-12-19,21,Friday,False,False,haze,40.93,10,17,58.8
P110,2025-12-20,14,Saturday,True,False,clear,45.77,13,17,76.5
P110,2025-12-20,19,Saturday,True,False,clear,54.42,17,17,100.0
P110,2025-12-20,20,Saturday,True,False,clear,53.06,17,17,100.0
P110,2025-12-20,22,Saturday,True,False,clear,46.25,15,17,88.2
P110,2025-12-23,2,Tuesday,False,False,fog,39.3,1,17,5.9
P110,2025-12-24,5,Wednesday,False,False,rain,44.19,4,17,23.5
P110,2025-12-24,8,Wednesday,False,False,clear,49.27,6,17,35.3
P110,2025-12-27,1,Saturday,True,False,cloudy,44.65,1,17,5.9
P110,2025-12-27,8,Saturday,True,False,rain,59.82,9,17,52.9
P110,2025-12-30,22,Tuesday,False,False,clear,39.0,9,17,52.9
P110,2025-12-31,10,Wednesday,False,False,clear,40.84,8,17,47.1
P110,2025-12-31,15,Wednesday,False,False,clear,38.25,15,17,88.2
P110,2025-12-31,19,Wednesday,False,False,clear,50.38,17,17,100.0
P110,2025-12-31,23,Wednesday,False,False,clear,40.81,2,17,11.8
P110,2026-01-01,13,Thursday,False,False,haze,39.5,12,17,70.6
P110,2026-01-02,14,Friday,False,False,haze,39.37,10,17,58.8
P110,2026-01-02,15,Friday,False,False,fog,41.38,13,17,76.5
P110,2026-01-04,16,Sunday,True,False,haze,46.57,17,17,100.0
P110,2026-01-05,20,Monday,False,False,clear,47.47,16,17,94.1
P110,2026-01-06,18,Tuesday,False,False,clear,50.41,17,17,100.0
P110,2026-01-07,8,Wednesday,False,False,clear,46.15,5,17,29.4
P110,2026-01-07,17,Wednesday,False,False,rain,43.53,12,17,70.6
P110,2026-01-07,19,Wednesday,False,False,clear,49.5,16,17,94.1
P110,2026-01-08,10,Thursday,False,False,rain,43.11,7,17,41.2
P110,2026-01-09,10,Friday,False,False,clear,40.29,10,17,58.8
P110,2026-01-09,14,Friday,False,False,clear,41.24,11,17,64.7
P110,2026-01-10,14,Saturday,True,False,fog,46.66,14,17,82.4
P110,2026-01-11,7,Sunday,True,False,clear,46.76,8,17,47.1
P110,2026-01-11,9,Sunday,True,False,clear,53.81,9,17,52.9
P110,2026-01-11,12,Sunday,True,False,clear,47.16,14,17,82.4
P110,2026-01-11,16,Sunday,True,False,cloudy,44.46,17,17,100.0
P110,2026-01-11,18,Sunday,True,False,haze,52.02,17,17,100.0
P110,2026-01-12,12,Monday,False,False,rain,42.65,8,17,47.1
P110,2026-01-12,18,Monday,False,False,haze,47.98,17,17,100.0
P110,2026-01-14,6,Wednesday,False,True,clear,54.04,5,17,29.4
P110,2026-01-14,18,Wednesday,False,True,clear,64.59,17,17,100.0
P110,2026-01-16,9,Friday,False,False,clear,48.31,8,17,47.1
P110,2026-01-17,15,Saturday,True,False,clear,46.75,15,17,88.2
P110,2026-01-17,17,Saturday,True,False,haze,45.33,17,17,100.0
P110,2026-01-18,7,Sunday,True,False,clear,46.78,7,17,41.2
P110,2026-01-18,20,Sunday,True,False,cloudy,53.94,17,17,100.0
P110,2026-01-20,10,Tuesday,False,False,rain,44.07,7,17,41.2
P110,2026-01-20,16,Tuesday,False,False,haze,40.57,13,17,76.5
P110,2026-01-20,19,Tuesday,False,False,clear,49.29,12,17,70.6
P110,2026-01-21,8,Wednesday,False,False,clear,49.71,6,17,35.3
P110,2026-01-21,9,Wednesday,False,False,clear,49.53,7,17,41.2
P110,2026-01-21,12,Wednesday,False,False,rain,43.51,8,17,47.1
P110,2026-01-22,8,Thursday,False,False,rain,50.65,5,17,29.4
P110,2026-01-23,8,Friday,False,False,clear,49.59,6,17,35.3
P110,2026-01-23,9,Friday,False,False,clear,49.62,7,17,41.2
P110,2026-01-24,8,Saturday,True,False,clear,51.57,8,17,47.1
P110,2026-01-25,5,Sunday,True,False,cloudy,44.8,5,17,29.4
P110,2026-01-26,10,Monday,False,True,clear,53.73,12,17,70.6
P110,2026-01-26,17,Monday,False,True,clear,56.05,17,17,100.0
P110,2026-01-26,19,Monday,False,True,rain,65.73,16,17,94.1
P110,2026-01-27,7,Tuesday,False,False,clear,41.11,6,17,35.3
P110,2026-01-27,19,Tuesday,False,False,rain,53.6,13,17,76.5
P110,2026-01-28,7,Wednesday,False,False,clear,38.47,6,17,35.3
P111,2025-10-01,12,Wednesday,False,False,clear,53.05,15,43,34.9
P111,2025-10-03,19,Friday,False,False,cloudy,62.44,27,43,62.8
P111,2025-10-03,20,Friday,False,False,clear,64.04,27,43,62.8
P111,2025-10-05,13,Sunday,True,False,clear,60.09,23,43,53.5
P111,2025-10-05,22,Sunday,True,False,cloudy,59.81,23,43,53.5
P111,2025-10-07,14,Tuesday,False,False,haze,53.14,20,43,46.5
P111,2025-10-08,18,Wednesday,False,False,clear,62.58,27,43,62.8
P111,2025-10-09,4,Thursday,False,False,cloudy,52.81,2,43,4.7
P111,2025-10-09,19,Thursday,False,False,rain,68.72,22,43,51.2
P111,2025-10-10,9,Friday,False,False,clear,59.97,14,43,32.6
P111,2025-10-12,21,Sunday,True,False,cloudy,58.34,30,43,69.8
P111,2025-10-13,18,Monday,False,False,clear,60.83,33,43,76.7
P111,2025-10-14,16,Tuesday,False,False,haze,49.8,32,43,74.4
P111,2025-10-15,11,Wednesday,False,False,clear,51.0,15,43,34.9
P111,2025-10-17,8,Friday,False,False,clear,59.31,10,43,23.3
P111,2025-10-19,6,Sunday,True,False,clear,57.86,12,43,27.9
P111,2025-10-19,17,Sunday,True,False,haze,59.46,42,43,97.7
P111,2025-10-24,7,Friday,False,False,clear,50.78,9,43,20.9
P111,2025-10-24,19,Friday,False,False,clear,59.36,35,43,81.4
P111,2025-10-25,6,Saturday,True,False,rain,66.83,9,43,20.9
P111,2025-10-25,20,Saturday,True,False,clear,69.76,37,43,86.0
P111,2025-10-26,16,Sunday,True,False,clear,61.78,31,43,72.1
P111,2025-10-27,6,Monday,False,False,clear,53.49,8,43,18.6
P111,2025-10-27,10,Monday,False,False,rain,57.84,12,43,27.9
P111,2025-10-27,12,Monday,False,False,clear,51.47,19,43,44.2
P111,2025-10-28,9,Tuesday,False,False,cloudy,63.34,13,43,30.2
P111,2025-10-28,12,Tuesday,False,False,clear,52.86,19,43,44.2
P111,2025-10-29,13,Wednesday,False,False,clear,53.11,20,43,46.5
P111,2025-10-29,17,Wednesday,False,False,clear,53.36,26,43,60.5
P111,2025-10-29,18,Wednesday,False,False,clear,61.85,31,43,72.1
P111,2025-10-30,0,Thursday,False,False,fog,51.78,1,43,2.3
P111,2025-10-30,20,Thursday,False,False,clear,60.95,25,43,58.1
P111,2025-10-31,12,Friday,False,False,clear,51.56,18,43,41.9
P111,2025-10-31,13,Friday,False,False,fog,51.32,14,43,32.6
P111,2025-11-01,9,Saturday,True,True,clear,92.51,26,43,60.5
P111,2025-11-01,17,Saturday,True,True,clear,82.9,42,43,97.7
P111,2025-11-02,6,Sunday,True,False,fog,60.82,11,43,25.6
P111,2025-11-02,13,Sunday,True,False,rain,64.64,21,43,48.8
P111,2025-11-03,19,Monday,False,False,cloudy,64.0,28,43,65.1
P111,2025-11-04,1,Tuesday,False,False,clear,51.27,1,43,2.3
P111,2025-11-04,18,Tuesday,False,False,clear,61.76,26,43,60.5
P111,2025-11-05,17,Wednesday,False,False,fog,52.93,22,43,51.2
P111,2025-11-05,19,Wednesday,False,False,rain,67.79,27,43,62.8
P111,2025-11-06,16,Thursday,False,False,clear,51.28,29,43,67.4
P111,2025-11-07,10,Friday,False,False,clear,49.14,16,43,37.2
P111,2025-11-07,11,Friday,False,False,fog,52.07,14,43,32.6
P111,2025-11-08,9,Saturday,True,False,fog,71.01,16,43,37.2
P111,2025-11-09,2,Sunday,True,False,clear,60.9,2,43,4.7
P111,2025-11-09,8,Sunday,True,False,clear,69.31,16,43,37.2
P111,2025-11-09,12,Sunday,True,False,rain,66.48,17,43,39.5
P111,2025-11-09,20,Sunday,True,False,clear,71.94,40,43,93.0
P111,2025-11-11,1,Tuesday,False,False,clear,52.75,1,43,2.3
P111,2025-11-12,3,Wednesday,False,False,rain,58.39,1,43,2.3
P111,2025-11-13,9,Thursday,False,False,fog,60.21,9,43,20.9
P111,2025-11-14,8,Friday,False,False,clear,63.23,12,43,27.9
P111,2025-11-15,19,Saturday,True,False,clear,69.28,42,43,97.7
P111,2025-11-17,18,Monday,False,False,cloudy,64.14,30,43,69.8
P111,2025-11-18,3,Tuesday,False,False,clear,50.29,1,43,2.3
P111,2025-11-18,9,Tuesday,False,False,rain,65.38,9,43,20.9
P111,2025-11-19,12,Wednesday,False,False,fog,49.74,18,43,41.9
P111,2025-11-21,19,Friday,False,False,clear,59.11,36,43,83.7
P111,2025-11-23,15,Sunday,True,False,clear,62.19,25,43,58.1
P111,2025-11-24,8,Monday,False,False,rain,66.6,8,43,18.6
P111,2025-11-24,20,Monday,False,False,rain,68.14,21,43,48.8
P111,2025-11-25,8,Tuesday,False,False,clear,61.99,9,43,20.9
P111,2025-11-25,12,Tuesday,False,False,clear,52.9,16,43,37.2
P111,2025-11-26,17,Wednesday,False,False,clear,53.56,31,43,72.1
P111,2025-11-27,21,Thursday,False,False,rain,58.28,17,43,39.5
P111,2025-11-28,5,Friday,False,False,clear,53.87,7,43,16.3
P111,2025-11-29,12,Saturday,True,False,clear,62.05,25,43,58.1
P111,2025-12-01,20,Monday,False,False,clear,63.71,25,43,58.1
P111,2025-12-02,7,Tuesday,False,False,clear,53.22,9,43,20.9
P111,2025-12-03,17,Wednesday,False,False,clear,53.84,30,43,69.8
P111,2025-12-03,19,Wednesday,False,False,clear,60.99,31,43,72.1
P111,2025-12-04,5,Thursday,False,False,clear,51.49,7,43,16.3
P111,2025-12-05,18,Friday,False,False,clear,59.71,33,43,76.7
P111,2025-12-05,19,Friday,False,False,rain,66.04,22,43,51.2
P111,2025-12-09,7,Tuesday,False,False,clear,52.62,10,43,23.3
P111,2025-12-09,18,Tuesday,False,False,clear,61.89,25,43,58.1
P111,2025-12-11,6,Thursday,False,False,cloudy,53.06,8,43,18.6
P111,2025-12-11,9,Thursday,False,False,cloudy,58.88,14,43,32.6
P111,2025-12-11,17,Thursday,False,False,rain,56.42,18,43,41.9
P111,2025-12-12,8,Friday,False,False,rain,70.12,9,43,20.9
P111,2025-12-12,10,Friday,False,False,clear,50.69,15,43,34.9
P111,2025-12-12,23,Friday,False,False,fog,51.71,2,43,4.7
P111,2025-12-13,12,Saturday,True,False,clear,61.95,26,43,60.5
P111,2025-12-13,18,Saturday,True,False,cloudy,73.04,40,43,93.0
P111,2025-12-15,9,Monday,False,False,cloudy,62.67,14,43,32.6
P111,2025-12-15,17,Monday,False,False,cloudy,50.37,27,43,62.8
P111,2025-12-16,8,Tuesday,False,False,clear,63.03,11,43,25.6
P111,2025-12-16,12,Tuesday,False,False,fog,52.02,15,43,34.9
P111,2025-12-16,23,Tuesday,False,False,cloudy,51.77,3,43,7.0
P111,2025-12-17,9,Wednesday,False,False,clear,59.37,12,43,27.9
P111,2025-12-17,18,Wednesday,False,False,clear,61.06,27,43,62.8
P111,2025-12-18,7,Thursday,False,False,clear,52.81,9,43,20.9
P111,2025-12-18,8,Thursday,False,False,rain,65.72,8,43,18.6
P111,2025-12-18,17,Thursday,False,False,rain,58.22,20,43,46.5
P111,2025-12-19,18,Friday,False,False,clear,60.73,33,43,76.7
P111,2025-12-19,20,Friday,False,False,fog,61.31,20,43,46.5
P111,2025-12-20,8,Saturday,True,False,clear,71.23,15,43,34.9
P111,2025-12-21,8,Sunday,True,False,clear,69.09,14,43,32.6
P111,2025-12-22,13,Monday,False,False,cloudy,50.09,18,43,41.9
P111,2025-12-22,16,Monday,False,False,clear,50.53,23,43,53.5
P111,2025-12-28,5,Sunday,True,False,clear,61.16,11,43,25.6
P111,2025-12-28,12,Sunday,True,False,clear,61.46,29,43,67.4
P111,2026-01-01,10,Thursday,False,False,cloudy,51.39,16,43,37.2
P111,2026-01-01,11,Thursday,False,False,clear,50.49,14,43,32.6
P111,2026-01-02,6,Friday,False,False,cloudy,50.14,9,43,20.9
P111,2026-01-02,20,Friday,False,False,clear,63.99,24,43,55.8
P111,2026-01-03,9,Saturday,True,False,clear,73.1,15,43,34.9
P111,2026-01-03,18,Saturday,True,False,fog,67.57,33,43,76.7
P111,2026-01-04,4,Sunday,True,False,rain,64.98,1,43,2.3
P111,2026-01-04,14,Sunday,True,False,haze,56.45,29,43,67.4
P111,2026-01-09,9,Friday,False,False,clear,61.2,14,43,32.6
P111,2026-01-09,21,Friday,False,False,clear,51.98,26,43,60.5
P111,2026-01-10,18,Saturday,True,False,clear,66.81,42,43,97.7
P111,2026-01-11,22,Sunday,True,False,cloudy,57.72,21,43,48.8
P111,2026-01-12,21,Monday,False,False,rain,53.82,16,43,37.2
P111,2026-01-15,1,Thursday,False,False,clear,49.85,1,43,2.3
P111,2026-01-15,20,Thursday,False,False,clear,58.96,24,43,55.8
P111,2026-01-16,8,Friday,False,False,cloudy,58.92,11,43,25.6
P111,2026-01-18,2,Sunday,True,False,fog,61.47,2,43,4.7
P111,2026-01-19,17,Monday,False,False,rain,56.5,23,43,53.5
P111,2026-01-21,7,Wednesday,False,False,clear,52.89,12,43,27.9
P111,2026-01-21,12,Wednesday,False,False,fog,51.46,13,43,30.2
P111,2026-01-22,10,Thursday,False,False,rain,54.57,13,43,30.2
P111,2026-01-22,11,Thursday,False,False,cloudy,53.56,15,43,34.9
P111,2026-01-22,16,Thursday,False,False,clear,49.4,22,43,51.2
P111,2026-01-23,16,Friday,False,False,clear,53.42,24,43,55.8
P111,2026-01-24,7,Saturday,True,False,cloudy,61.11,13,43,30.2
P111,2026-01-24,17,Saturday,True,False,clear,61.12,34,43,79.1
P111,2026-01-25,9,Sunday,True,False,rain,72.85,12,43,27.9
P111,2026-01-25,15,Sunday,True,False,haze,57.32,33,43,76.7
P111,2026-01-25,17,Sunday,True,False,cloudy,58.93,39,43,90.7
P111,2026-01-28,10,Wednesday,False,False,cloudy,53.07,11,43,25.6
P112,2025-10-01,19,Wednesday,False,False,clear,57.78,15,41,36.6
P112,2025-10-02,14,Thursday,False,False,clear,48.28,16,41,39.0
P112,2025-10-02,17,Thursday,False,False,clear,47.56,18,41,43.9
P112,2025-10-04,16,Saturday,True,False,clear,54.69,19,41,46.3
P112,2025-10-04,22,Saturday,True,False,clear,52.98,16,41,39.0
P112,2025-10-06,7,Monday,False,False,fog,47.77,6,41,14.6
P112,2025-10-06,17,Monday,False,False,cloudy,49.37,18,41,43.9
P112,2025-10-07,16,Tuesday,False,False,rain,51.61,16,41,39.0
P112,2025-10-07,18,Tuesday,False,False,fog,54.8,19,41,46.3
P112,2025-10-08,15,Wednesday,False,False,rain,53.98,16,41,39.0
P112,2025-10-08,17,Wednesday,False,False,clear,48.98,13,41,31.7
P112,2025-10-09,8,Thursday,False,False,clear,59.54,8,41,19.5
P112,2025-10-11,10,Saturday,True,False,clear,57.56,12,41,29.3
P112,2025-10-12,10,Sunday,True,False,clear,53.14,14,41,34.1
P112,2025-10-13,12,Monday,False,False,clear,47.64,13,41,31.7
P112,2025-10-14,0,Tuesday,False,False,clear,47.11,1,41,2.4
P112,2025-10-14,10,Tuesday,False,False,clear,48.54,9,41,22.0
P112,2025-10-14,20,Tuesday,False,False,clear,54.64,17,41,41.5
P112,2025-10-16,21,Thursday,False,False,fog,47.15,13,41,31.7
P112,2025-10-17,16,Friday,False,False,clear,45.83,15,41,36.6
P112,2025-10-18,16,Saturday,True,False,clear,52.84,22,41,53.7
P112,2025-10-21,16,Tuesday,False,True,clear,66.89,29,41,70.7
P112,2025-10-21,17,Tuesday,False,True,clear,69.1,26,41,63.4
P112,2025-10-21,19,Tuesday,False,True,clear,75.07,29,41,70.7
P112,2025-10-22,12,Wednesday,False,False,fog,49.38,11,41,26.8
P112,2025-10-22,19,Wednesday,False,False,clear,55.87,16,41,39.0
P112,2025-10-23,7,Thursday,False,False,clear,45.82,7,41,17.1
P112,2025-10-23,13,Thursday,False,False,clear,48.9,14,41,34.1
P112,2025-10-23,18,Thursday,False,False,rain,61.99,11,41,26.8
P112,2025-10-27,7,Monday,False,False,rain,53.73,6,41,14.6
P112,2025-10-27,19,Monday,False,False,fog,58.95,19,41,46.3
P112,2025-10-29,13,Wednesday,False,False,clear,47.24,12,41,29.3
P112,2025-10-31,17,Friday,False,False,clear,45.94,16,41,39.0
P112,2025-10-31,18,Friday,False,False,clear,54.56,19,41,46.3
P112,2025-11-04,18,Tuesday,False,False,clear,55.9,22,41,53.7
P112,2025-11-06,5,Thursday,False,False,clear,45.95,5,41,12.2
P112,2025-11-06,17,Thursday,False,False,clear,49.03,19,41,46.3
P112,2025-11-07,20,Friday,False,False,fog,54.45,13,41,31.7
P112,2025-11-08,8,Saturday,True,False,clear,66.7,10,41,24.4
P112,2025-11-08,12,Saturday,True,False,clear,52.9,15,41,36.6
P112,2025-11-09,8,Sunday,True,False,clear,64.03,10,41,24.4
P112,2025-11-09,11,Sunday,True,False,rain,60.75,14,41,34.1
P112,2025-11-11,9,Tuesday,False,False,clear,56.61,8,41,19.5
P112,2025-11-11,16,Tuesday,False,False,clear,49.87,16,41,39.0
P112,2025-11-11,20,Tuesday,False,False,clear,59.42,19,41,46.3
P112,2025-11-12,9,Wednesday,False,False,rain,61.01,9,41,22.0
P112,2025-11-12,19,Wednesday,False,False,clear,58.57,23,41,56.1
P112,2025-11-12,21,Wednesday,False,False,cloudy,46.92,13,41,31.7
P112,2025-11-13,7,Thursday,False,False,cloudy,48.2,6,41,14.6
P112,2025-11-14,1,Friday,False,False,clear,49.55,1,41,2.4
P112,2025-11-14,15,Friday,False,False,rain,50.67,14,41,34.1
P112,2025-11-14,16,Friday,False,False,clear,47.96,18,41,43.9
P112,2025-11-17,7,Monday,False,False,rain,54.78,6,41,14.6
P112,2025-11-18,1,Tuesday,False,False,clear,45.48,1,41,2.4
P112,2025-11-18,3,Tuesday,False,False,rain,54.87,1,41,2.4
P112,2025-11-18,15,Tuesday,False,False,rain,51.12,13,41,31.7
P112,2025-11-18,19,Tuesday,False,False,clear,56.96,21,41,51.2
P112,2025-11-19,16,Wednesday,False,False,cloudy,45.95,15,41,36.6
P112,2025-11-19,17,Wednesday,False,False,clear,49.0,19,41,46.3
P112,2025-11-23,8,Sunday,True,False,clear,66.21,9,41,22.0
P112,2025-11-23,16,Sunday,True,False,clear,53.82,20,41,48.8
P112,2025-11-23,22,Sunday,True,False,clear,51.94,11,41,26.8
P112,2025-11-24,18,Monday,False,False,fog,58.76,18,41,43.9
P112,2025-11-25,20,Tuesday,False,False,fog,55.81,16,41,39.0
P112,2025-11-27,6,Thursday,False,False,haze,45.91,5,41,12.2
P112,2025-11-27,14,Thursday,False,False,rain,52.89,12,41,29.3
P112,2025-11-27,17,Thursday,False,False,cloudy,49.25,18,41,43.9
P112,2025-11-28,4,Friday,False,False,clear,47.34,1,41,2.4
P112,2025-11-28,7,Friday,False,False,clear,45.35,6,41,14.6
P112,2025-11-28,19,Friday,False,False,clear,55.36,16,41,39.0
P112,2025-11-29,16,Saturday,True,False,clear,53.22,28,41,68.3
P112,2025-11-29,17,Saturday,True,False,haze,52.66,25,41,61.0
P112,2025-11-30,8,Sunday,True,False,clear,61.03,11,41,26.8
P112,2025-11-30,14,Sunday,True,False,haze,52.99,19,41,46.3
P112,2025-11-30,18,Sunday,True,False,rain,71.48,23,41,56.1
P112,2025-11-30,19,Sunday,True,False,clear,64.33,24,41,58.5
P112,2025-11-30,20,Sunday,True,False,rain,72.16,25,41,61.0
P112,2025-12-01,12,Monday,False,False,rain,51.11,9,41,22.0
P112,2025-12-01,14,Monday,False,False,rain,53.81,12,41,29.3
P112,2025-12-02,7,Tuesday,False,False,clear,47.95,6,41,14.6
P112,2025-12-03,15,Wednesday,False,False,clear,47.98,12,41,29.3
P112,2025-12-08,16,Monday,False,False,clear,46.15,17,41,41.5
P112,2025-12-09,13,Tuesday,False,False,rain,52.62,11,41,26.8
P112,2025-12-09,18,Tuesday,False,False,clear,55.35,19,41,46.3
P112,2025-12-12,16,Friday,False,False,fog,46.58,16,41,39.0
P112,2025-12-13,13,Saturday,True,False,fog,52.4,16,41,39.0
P112,2025-12-13,14,Saturday,True,False,clear,54.43,22,41,53.7
P112,2025-12-13,18,Saturday,True,False,clear,66.37,27,41,65.9
P112,2025-12-14,21,Sunday,True,False,clear,56.83,18,41,43.9
P112,2025-12-15,14,Monday,False,False,clear,47.32,11,41,26.8
P112,2025-12-15,18,Monday,False,False,clear,58.86,19,41,46.3
P112,2025-12-16,2,Tuesday,False,False,clear,46.33,1,41,2.4
P112,2025-12-16,6,Tuesday,False,False,cloudy,48.19,4,41,9.8
P112,2025-12-16,9,Tuesday,False,False,cloudy,58.59,10,41,24.4
P112,2025-12-16,12,Tuesday,False,False,clear,45.79,10,41,24.4
P112,2025-12-16,18,Tuesday,False,False,cloudy,54.82,18,41,43.9
P112,2025-12-18,10,Thursday,False,False,clear,47.29,10,41,24.4
P112,2025-12-21,18,Sunday,True,False,rain,72.2,23,41,56.1
P112,2025-12-22,7,Monday,False,False,clear,48.18,6,41,14.6
P112,2025-12-23,8,Tuesday,False,False,clear,55.02,7,41,17.1
P112,2025-12-24,8,Wednesday,False,False,clear,57.46,7,41,17.1
P112,2025-12-25,4,Thursday,False,True,clear,69.79,2,41,4.9
P112,2025-12-25,19,Thursday,False,True,clear,75.76,29,41,70.7
P112,2025-12-27,2,Saturday,True,False,cloudy,56.56,1,41,2.4
P112,2025-12-27,10,Saturday,True,False,clear,54.64,12,41,29.3
P112,2025-12-29,20,Monday,False,False,clear,58.7,20,41,48.8
P112,2025-12-30,13,Tuesday,False,False,clear,49.27,13,41,31.7
P112,2026-01-01,14,Thursday,False,False,clear,48.05,14,41,34.1
P112,2026-01-01,15,Thursday,False,False,clear,48.73,18,41,43.9
P112,2026-01-04,8,Sunday,True,False,clear,67.08,9,41,22.0
P112,2026-01-04,12,Sunday,True,False,clear,54.27,17,41,41.5
P112,2026-01-04,18,Sunday,True,False,clear,64.29,25,41,61.0
P112,2026-01-05,6,Monday,False,False,clear,46.8,6,41,14.6
P112,2026-01-05,9,Monday,False,False,clear,54.18,8,41,19.5
P112,2026-01-05,13,Monday,False,False,clear,49.13,14,41,34.1
P112,2026-01-05,20,Monday,False,False,clear,59.76,17,41,41.5
P112,2026-01-06,8,Tuesday,False,False,cloudy,54.17,8,41,19.5
P112,2026-01-07,10,Wednesday,False,False,clear,47.17,10,41,24.4
P112,2026-01-07,18,Wednesday,False,False,clear,59.54,19,41,46.3
P112,2026-01-08,16,Thursday,False,False,clear,47.66,16,41,39.0
P112,2026-01-09,5,Friday,False,False,clear,47.92,5,41,12.2
P112,2026-01-09,13,Friday,False,False,clear,48.25,12,41,29.3
P112,2026-01-09,22,Friday,False,False,clear,46.69,9,41,22.0
P112,2026-01-11,6,Sunday,True,False,clear,53.78,7,41,17.1
P112,2026-01-11,7,Sunday,True,False,rain,57.09,7,41,17.1
P112,2026-01-11,14,Sunday,True,False,cloudy,54.25,20,41,48.8
P112,2026-01-12,3,Monday,False,False,rain,50.29,1,41,2.4
P112,2026-01-13,9,Tuesday,False,False,clear,59.63,9,41,22.0
P112,2026-01-13,10,Tuesday,False,False,clear,46.33,12,41,29.3
P112,2026-01-16,11,Friday,False,False,fog,48.41,11,41,26.8
P112,2026-01-17,21,Saturday,True,False,cloudy,56.14,24,41,58.5
P112,2026-01-18,18,Sunday,True,False,cloudy,64.37,20,41,48.8
P112,2026-01-19,8,Monday,False,False,clear,55.05,7,41,17.1
P112,2026-01-19,17,Monday,False,False,rain,54.75,17,41,41.5
P112,2026-01-20,9,Tuesday,False,False,rain,61.4,8,41,19.5
P112,2026-01-22,13,Thursday,False,False,clear,45.56,10,41,24.4
P112,2026-01-22,15,Thursday,False,False,rain,52.98,16,41,39.0
P112,2026-01-23,16,Friday,False,False,clear,46.18,14,41,34.1
P112,2026-01-25,23,Sunday,True,False,rain,61.58,2,41,4.9
P112,2026-01-26,3,Monday,False,True,cloudy,65.62,2,41,4.9
P112,2026-01-26,11,Monday,False,True,clear,65.94,18,41,43.9
P112,2026-01-26,21,Monday,False,True,clear,65.95,20,41,48.8
P112,2026-01-27,7,Tuesday,False,False,cloudy,46.3,7,41,17.1
P112,2026-01-27,12,Tuesday,False,False,clear,46.22,13,41,31.7
P112,2026-01-27,18,Tuesday,False,False,clear,58.8,16,41,39.0
P113,2025-10-01,11,Wednesday,False,False,rain,23.28,5,21,23.8
P113,2025-10-01,19,Wednesday,False,False,cloudy,26.78,13,21,61.9
P113,2025-10-01,20,Wednesday,False,False,clear,27.07,13,21,61.9
P113,2025-10-02,20,Thursday,False,False,clear,24.92,14,21,66.7
P113,2025-10-04,16,Saturday,True,False,clear,25.68,16,21,76.2
P113,2025-10-07,21,Tuesday,False,False,clear,21.02,10,21,47.6
P113,2025-10-10,9,Friday,False,False,rain,27.43,5,21,23.8
P113,2025-10-10,11,Friday,False,False,clear,21.78,10,21,47.6
P113,2025-10-10,12,Friday,False,False,clear,22.75,8,21,38.1
P113,2025-10-10,19,Friday,False,False,rain,28.35,12,21,57.1
P113,2025-10-13,10,Monday,False,False,cloudy,22.41,8,21,38.1
P113,2025-10-13,17,Monday,False,False,fog,21.82,13,21,61.9
P113,2025-10-14,12,Tuesday,False,False,clear,22.86,9,21,42.9
P113,2025-10-15,17,Wednesday,False,False,clear,20.88,16,21,76.2
P113,2025-10-15,19,Wednesday,False,False,clear,26.39,17,21,81.0
P113,2025-10-17,8,Friday,False,False,clear,25.78,5,21,23.8
P113,2025-10-18,12,Saturday,True,False,clear,26.29,11,21,52.4
P113,2025-10-18,14,Saturday,True,False,clear,26.11,15,21,71.4
P113,2025-10-19,8,Sunday,True,False,clear,29.49,7,21,33.3
P113,2025-10-19,19,Sunday,True,False,clear,30.01,18,21,85.7
P113,2025-10-19,20,Sunday,True,False,clear,28.67,19,21,90.5
P113,2025-10-20,9,Monday,False,True,fog,34.39,9,21,42.9
P113,2025-10-21,12,Tuesday,False,True,clear,29.13,14,21,66.7
P113,2025-10-21,20,Tuesday,False,True,clear,36.36,21,21,100.0
P113,2025-10-22,21,Wednesday,False,False,clear,22.73,12,21,57.1
P113,2025-10-23,6,Thursday,False,False,clear,20.92,4,21,19.0
P113,2025-10-25,14,Saturday,True,False,rain,26.48,9,21,42.9
P113,2025-10-26,17,Sunday,True,False,clear,25.43,16,21,76.2
P113,2025-10-27,16,Monday,False,False,rain,23.97,10,21,47.6
P113,2025-10-28,10,Tuesday,False,False,rain,24.58,6,21,28.6
P113,2025-10-29,2,Wednesday,False,False,clear,20.87,1,21,4.8
P113,2025-10-29,18,Wednesday,False,False,clear,26.4,13,21,61.9
P113,2025-10-29,21,Wednesday,False,False,rain,24.53,8,21,38.1
P113,2025-10-30,17,Thursday,False,False,clear,21.56,13,21,61.9
P113,2025-10-31,6,Friday,False,False,clear,21.67,5,21,23.8
P113,2025-10-31,20,Friday,False,False,haze,25.0,13,21,61.9
P113,2025-11-01,16,Saturday,True,True,clear,33.67,21,21,100.0
P113,2025-11-02,4,Sunday,True,False,clear,25.67,1,21,4.8
P113,2025-11-02,8,Sunday,True,False,fog,28.96,4,21,19.0
P113,2025-11-02,9,Sunday,True,False,clear,29.73,8,21,38.1
P113,2025-11-03,19,Monday,False,False,haze,27.47,16,21,76.2
P113,2025-11-03,21,Monday,False,False,clear,20.95,10,21,47.6
P113,2025-11-04,13,Tuesday,False,False,clear,21.02,10,21,47.6
P113,2025-11-05,7,Wednesday,False,False,clear,22.73,5,21,23.8
P113,2025-11-05,12,Wednesday,False,False,clear,21.1,8,21,38.1
P113,2025-11-06,17,Thursday,False,False,clear,22.39,13,21,61.9
P113,2025-11-07,8,Friday,False,False,clear,26.85,5,21,23.8
P113,2025-11-09,8,Sunday,True,False,clear,29.82,7,21,33.3
P113,2025-11-09,19,Sunday,True,False,clear,30.26,18,21,85.7
P113,2025-11-11,11,Tuesday,False,False,clear,21.9,8,21,38.1
P113,2025-11-11,19,Tuesday,False,False,clear,25.03,18,21,85.7
P113,2025-11-12,8,Wednesday,False,False,cloudy,26.92,5,21,23.8
P113,2025-11-12,9,Wednesday,False,False,clear,25.68,5,21,23.8
P113,2025-11-12,18,Wednesday,False,False,cloudy,25.48,16,21,76.2
P113,2025-11-13,11,Thursday,False,False,clear,21.04,7,21,33.3
P113,2025-11-13,17,Thursday,False,False,cloudy,21.94,16,21,76.2
P113,2025-11-13,18,Thursday,False,False,clear,25.62,15,21,71.4
P113,2025-11-15,17,Saturday,True,False,rain,26.99,11,21,52.4
P113,2025-11-15,19,Saturday,True,False,clear,28.6,20,21,95.2
P113,2025-11-17,7,Monday,False,False,clear,21.92,4,21,19.0
P113,2025-11-17,14,Monday,False,False,rain,24.66,6,21,28.6
P113,2025-11-17,17,Monday,False,False,cloudy,22.64,15,21,71.4
P113,2025-11-17,21,Monday,False,False,fog,22.57,10,21,47.6
P113,2025-11-18,12,Tuesday,False,False,clear,22.36,8,21,38.1
P113,2025-11-18,15,Tuesday,False,False,fog,21.08,11,21,52.4
P113,2025-11-20,7,Thursday,False,False,clear,21.8,5,21,23.8
P113,2025-11-20,9,Thursday,False,False,fog,25.56,5,21,23.8
P113,2025-11-20,16,Thursday,False,False,fog,21.42,13,21,61.9
P113,2025-11-22,17,Saturday,True,False,fog,24.02,14,21,66.7
P113,2025-11-22,18,Saturday,True,False,clear,28.68,17,21,81.0
P113,2025-11-23,20,Sunday,True,False,clear,28.61,21,21,100.0
P113,2025-11-24,10,Monday,False,False,clear,20.76,7,21,33.3
P113,2025-11-26,8,Wednesday,False,False,cloudy,26.46,5,21,23.8
P113,2025-11-27,18,Thursday,False,False,clear,25.69,14,21,66.7
P113,2025-11-28,7,Friday,False,False,rain,24.91,3,21,14.3
P113,2025-11-28,19,Friday,False,False,clear,26.32,17,21,81.0
P113,2025-11-29,14,Saturday,True,False,cloudy,23.97,11,21,52.4
P113,2025-11-29,20,Saturday,True,False,clear,28.65,20,21,95.2
P113,2025-11-30,16,Sunday,True,False,rain,26.85,15,21,71.4
P113,2025-11-30,19,Sunday,True,False,clear,29.09,18,21,85.7
P113,2025-12-01,19,Monday,False,False,rain,27.65,10,21,47.6
P113,2025-12-04,5,Thursday,False,False,clear,20.91,3,21,14.3
P113,2025-12-05,13,Friday,False,False,clear,21.81,9,21,42.9
P113,2025-12-06,3,Saturday,True,False,fog,25.42,1,21,4.8
P113,2025-12-06,14,Saturday,True,False,fog,25.73,12,21,57.1
P113,2025-12-06,23,Saturday,True,False,clear,24.32,2,21,9.5
P113,2025-12-07,7,Sunday,True,False,clear,26.27,7,21,33.3
P113,2025-12-09,7,Tuesday,False,False,clear,21.56,5,21,23.8
P113,2025-12-09,19,Tuesday,False,False,cloudy,25.5,13,21,61.9
P113,2025-12-10,7,Wednesday,False,False,clear,22.32,5,21,23.8
P113,2025-12-10,8,Wednesday,False,False,clear,27.2,6,21,28.6
P113,2025-12-10,9,Wednesday,False,False,cloudy,25.01,4,21,19.0
P113,2025-12-11,21,Thursday,False,False,clear,22.06,9,21,42.9
P113,2025-12-12,17,Friday,False,False,clear,22.56,13,21,61.9
P113,2025-12-13,18,Saturday,True,False,clear,29.68,17,21,81.0
P113,2025-12-14,8,Sunday,True,False,clear,29.71,8,21,38.1
P113,2025-12-14,9,Sunday,True,False,clear,28.18,10,21,47.6
P113,2025-12-15,7,Monday,False,False,clear,22.01,5,21,23.8
P113,2025-12-17,3,Wednesday,False,False,cloudy,21.14,1,21,4.8
P113,2025-12-17,10,Wednesday,False,False,clear,21.52,8,21,38.1
P113,2025-12-20,17,Saturday,True,False,clear,23.87,17,21,81.0
P113,2025-12-21,8,Sunday,True,False,clear,29.46,7,21,33.3
P113,2025-12-22,6,Monday,False,False,cloudy,22.52,4,21,19.0
P113,2025-12-22,8,Monday,False,False,clear,26.14,5,21,23.8
P113,2025-12-24,18,Wednesday,False,False,fog,27.17,13,21,61.9
P113,2025-12-24,19,Wednesday,False,False,rain,28.74,9,21,42.9
P113,2025-12-25,5,Thursday,False,True,clear,31.93,5,21,23.8
P113,2025-12-25,7,Thursday,False,True,fog,29.33,7,21,33.3
P113,2025-12-25,8,Thursday,False,True,clear,36.48,10,21,47.6
P113,2025-12-25,15,Thursday,False,True,cloudy,31.61,17,21,81.0
P113,2025-12-26,17,Friday,False,False,clear,22.09,16,21,76.2
P113,2025-12-27,23,Saturday,True,False,cloudy,24.72,2,21,9.5
P113,2025-12-28,23,Sunday,True,False,clear,24.43,2,21,9.5
P113,2025-12-30,19,Tuesday,False,False,clear,24.97,14,21,66.7
P113,2025-12-31,5,Wednesday,False,False,clear,22.77,4,21,19.0
P113,2025-12-31,18,Wednesday,False,False,cloudy,27.06,14,21,66.7
P113,2026-01-01,12,Thursday,False,False,rain,23.34,6,21,28.6
P113,2026-01-02,7,Friday,False,False,clear,21.43,5,21,23.8
P113,2026-01-02,20,Friday,False,False,clear,27.15,14,21,66.7
P113,2026-01-04,16,Sunday,True,False,cloudy,24.68,16,21,76.2
P113,2026-01-05,17,Monday,False,False,clear,21.1,14,21,66.7
P113,2026-01-05,18,Monday,False,False,fog,27.41,11,21,52.4
P113,2026-01-05,20,Monday,False,False,clear,27.24,13,21,61.9
P113,2026-01-06,16,Tuesday,False,False,cloudy,20.8,14,21,66.7
P113,2026-01-13,6,Tuesday,False,False,clear,22.59,4,21,19.0
P113,2026-01-13,13,Tuesday,False,False,clear,22.52,7,21,33.3
P113,2026-01-13,18,Tuesday,False,False,clear,26.58,9,21,42.9
P113,2026-01-14,11,Wednesday,False,True,cloudy,29.18,12,21,57.1
P113,2026-01-15,7,Thursday,False,False,clear,21.15,5,21,23.8
P113,2026-01-17,7,Saturday,True,False,cloudy,24.47,8,21,38.1
P113,2026-01-18,6,Sunday,True,False,clear,24.0,4,21,19.0
P113,2026-01-19,5,Monday,False,False,clear,22.87,3,21,14.3
P113,2026-01-19,9,Monday,False,False,rain,27.64,5,21,23.8
P113,2026-01-19,12,Monday,False,False,clear,21.77,9,21,42.9
P113,2026-01-19,13,Monday,False,False,fog,22.1,9,21,42.9
P113,2026-01-19,17,Monday,False,False,cloudy,21.58,14,21,66.7
P113,2026-01-20,6,Tuesday,False,False,rain,23.21,3,21,14.3
P113,2026-01-20,18,Tuesday,False,False,clear,27.15,13,21,61.9
P113,2026-01-21,9,Wednesday,False,False,clear,27.5,7,21,33.3
P113,2026-01-21,12,Wednesday,False,False,haze,22.18,8,21,38.1
P113,2026-01-22,19,Thursday,False,False,fog,25.54,13,21,61.9
P113,2026-01-24,5,Saturday,True,False,clear,24.07,5,21,23.8
P113,2026-01-25,8,Sunday,True,False,rain,31.86,6,21,28.6
P113,2026-01-25,14,Sunday,True,False,fog,24.9,13,21,61.9
P113,2026-01-26,22,Monday,False,True,rain,32.43,10,21,47.6
P113,2026-01-28,7,Wednesday,False,False,clear,22.04,5,21,23.8
P113,2026-01-28,10,Wednesday,False,False,clear,22.25,8,21,38.1
P114,2025-10-03,11,Friday,False,False,rain,30.44,16,73,21.9
P114,2025-10-07,15,Tuesday,False,False,rain,32.31,24,73,32.9
P114,2025-10-08,22,Wednesday,False,False,clear,29.1,30,73,41.1
P114,2025-10-10,4,Friday,False,False,clear,28.27,3,73,4.1
P114,2025-10-10,15,Friday,False,False,haze,27.45,33,73,45.2
P114,2025-10-10,17,Friday,False,False,clear,29.26,52,73,71.2
P114,2025-10-12,8,Sunday,True,False,clear,39.14,24,73,32.9
P114,2025-10-13,17,Monday,False,False,clear,28.11,42,73,57.5
P114,2025-10-14,16,Tuesday,False,False,clear,27.82,42,73,57.5
P114,2025-10-15,18,Wednesday,False,False,clear,34.04,54,73,74.0
P114,2025-10-16,6,Thursday,False,False,rain,32.19,11,73,15.1
P114,2025-10-16,7,Thursday,False,False,clear,28.4,16,73,21.9
P114,2025-10-16,8,Thursday,False,False,clear,33.82,20,73,27.4
P114,2025-10-17,9,Friday,False,False,clear,35.33,28,73,38.4
P114,2025-10-19,7,Sunday,True,False,clear,34.03,20,73,27.4
P114,2025-10-24,17,Friday,False,False,clear,29.17,49,73,67.1
P114,2025-10-26,11,Sunday,True,False,clear,31.44,41,73,56.2
P114,2025-10-27,1,Monday,False,False,clear,28.79,2,73,2.7
P114,2025-10-27,11,Monday,False,False,clear,29.47,23,73,31.5
P114,2025-10-27,20,Monday,False,False,clear,34.74,43,73,58.9
P114,2025-10-28,5,Tuesday,False,False,haze,29.5,9,73,12.3
P114,2025-10-28,6,Tuesday,False,False,clear,29.72,15,73,20.5
P114,2025-10-29,17,Wednesday,False,False,clear,29.49,48,73,65.8
P114,2025-10-31,7,Friday,False,False,clear,29.61,12,73,16.4
P114,2025-10-31,23,Friday,False,False,cloudy,29.61,5,73,6.8
P114,2025-11-01,20,Saturday,True,True,cloudy,52.46,71,73,97.3
P114,2025-11-04,12,Tuesday,False,False,clear,29.62,33,73,45.2
P114,2025-11-05,3,Wednesday,False,False,clear,29.42,2,73,2.7
P114,2025-11-06,10,Thursday,False,False,clear,27.78,24,73,32.9
P114,2025-11-07,8,Friday,False,False,clear,32.6,18,73,24.7
P114,2025-11-08,20,Saturday,True,False,rain,40.26,40,73,54.8
P114,2025-11-09,6,Sunday,True,False,clear,32.03,19,73,26.0
P114,2025-11-09,7,Sunday,True,False,clear,34.13,21,73,28.8
P114,2025-11-10,9,Monday,False,False,clear,35.85,18,73,24.7
P114,2025-11-10,17,Monday,False,False,clear,28.61,38,73,52.1
P114,2025-11-12,11,Wednesday,False,False,fog,29.98,23,73,31.5
P114,2025-11-12,17,Wednesday,False,False,clear,28.04,52,73,71.2
P114,2025-11-13,20,Thursday,False,False,cloudy,35.04,41,73,56.2
P114,2025-11-14,15,Friday,False,False,clear,27.29,40,73,54.8
P114,2025-11-14,17,Friday,False,False,clear,29.51,45,73,61.6
P114,2025-11-15,8,Saturday,True,False,cloudy,36.75,23,73,31.5
P114,2025-11-16,8,Sunday,True,False,rain,40.59,22,73,30.1
P114,2025-11-16,11,Sunday,True,False,rain,34.37,26,73,35.6
P114,2025-11-17,19,Monday,False,False,clear,33.55,56,73,76.7
P114,2025-11-17,20,Monday,False,False,clear,35.11,42,73,57.5
P114,2025-11-18,17,Tuesday,False,False,rain,32.13,46,73,63.0
P114,2025-11-19,18,Wednesday,False,False,cloudy,34.22,47,73,64.4
P114,2025-11-20,7,Thursday,False,False,cloudy,27.5,17,73,23.3
P114,2025-11-20,17,Thursday,False,False,fog,29.07,42,73,57.5
P114,2025-11-22,16,Saturday,True,False,cloudy,34.43,56,73,76.7
P114,2025-11-23,17,Sunday,True,False,rain,34.32,46,73,63.0
P114,2025-11-23,20,Sunday,True,False,clear,37.01,60,73,82.2
P114,2025-11-24,11,Monday,False,False,rain,31.16,23,73,31.5
P114,2025-11-25,7,Tuesday,False,False,clear,27.91,18,73,24.7
P114,2025-11-25,20,Tuesday,False,False,cloudy,35.47,44,73,60.3
P114,2025-11-26,5,Wednesday,False,False,clear,27.41,13,73,17.8
P114,2025-11-27,12,Thursday,False,False,rain,30.57,24,73,32.9
P114,2025-11-28,19,Friday,False,False,cloudy,34.82,49,73,67.1
P114,2025-12-01,1,Monday,False,False,fog,28.81,1,73,1.4
P114,2025-12-03,7,Wednesday,False,False,clear,29.59,16,73,21.9
P114,2025-12-04,6,Thursday,False,False,cloudy,28.88,15,73,20.5
P114,2025-12-04,10,Thursday,False,False,rain,30.22,13,73,17.8
P114,2025-12-04,19,Thursday,False,False,clear,34.61,49,73,67.1
P114,2025-12-04,21,Thursday,False,False,clear,28.16,36,73,49.3
P114,2025-12-05,13,Friday,False,False,rain,32.11,27,73,37.0
P114,2025-12-05,16,Friday,False,False,haze,28.32,36,73,49.3
P114,2025-12-05,18,Friday,False,False,clear,35.13,44,73,60.3
P114,2025-12-06,14,Saturday,True,False,clear,31.68,52,73,71.2
P114,2025-12-07,7,Sunday,True,False,clear,31.69,24,73,32.9
P114,2025-12-07,23,Sunday,True,False,rain,36.49,5,73,6.8
P114,2025-12-08,11,Monday,False,False,clear,27.56,23,73,31.5
P114,2025-12-08,18,Monday,False,False,haze,35.39,46,73,63.0
P114,2025-12-12,0,Friday,False,False,clear,29.61,2,73,2.7
P114,2025-12-12,8,Friday,False,False,clear,34.32,20,73,27.4
P114,2025-12-13,9,Saturday,True,False,clear,39.37,32,73,43.8
P114,2025-12-16,0,Tuesday,False,False,clear,29.01,2,73,2.7
P114,2025-12-16,6,Tuesday,False,False,fog,28.13,12,73,16.4
P114,2025-12-21,18,Sunday,True,False,clear,38.02,69,73,94.5
P114,2025-12-22,9,Monday,False,False,clear,32.83,25,73,34.2
P114,2025-12-22,20,Monday,False,False,cloudy,35.91,48,73,65.8
P114,2025-12-23,17,Tuesday,False,False,cloudy,29.86,40,73,54.8
P114,2025-12-24,14,Wednesday,False,False,rain,29.9,29,73,39.7
P114,2025-12-25,7,Thursday,False,True,cloudy,41.1,21,73,28.8
P114,2025-12-26,17,Friday,False,False,clear,29.15,44,73,60.3
P114,2025-12-27,6,Saturday,True,False,rain,37.07,13,73,17.8
P114,2025-12-27,7,Saturday,True,False,clear,33.04,20,73,27.4
P114,2025-12-28,12,Sunday,True,False,clear,33.19,44,73,60.3
P114,2025-12-28,13,Sunday,True,False,clear,32.0,42,73,57.5
P114,2025-12-28,18,Sunday,True,False,clear,39.25,63,73,86.3
P114,2025-12-30,5,Tuesday,False,False,clear,27.3,12,73,16.4
P114,2025-12-30,12,Tuesday,False,False,rain,32.32,27,73,37.0
P114,2025-12-31,0,Wednesday,False,False,clear,29.62,2,73,2.7
P114,2025-12-31,9,Wednesday,False,False,rain,36.69,16,73,21.9
P114,2026-01-01,10,Thursday,False,False,fog,29.06,25,73,34.2
P114,2026-01-02,8,Friday,False,False,clear,34.69,19,73,26.0
P114,2026-01-02,14,Friday,False,False,clear,29.49,34,73,46.6
P114,2026-01-04,6,Sunday,True,False,cloudy,33.36,18,73,24.7
P114,2026-01-05,17,Monday,False,False,clear,29.26,49,73,67.1
P114,2026-01-05,19,Monday,False,False,rain,36.17,41,73,56.2
P114,2026-01-06,17,Tuesday,False,False,clear,28.62,43,73,58.9
P114,2026-01-06,19,Tuesday,False,False,clear,33.06,50,73,68.5
P114,2026-01-07,19,Wednesday,False,False,clear,35.0,58,73,79.5
P114,2026-01-08,10,Thursday,False,False,haze,28.71,21,73,28.8
P114,2026-01-10,14,Saturday,True,False,clear,31.34,48,73,65.8
P114,2026-01-10,16,Saturday,True,False,clear,32.03,67,73,91.8
P114,2026-01-13,8,Tuesday,False,False,clear,33.93,18,73,24.7
P114,2026-01-13,9,Tuesday,False,False,clear,34.05,25,73,34.2
P114,2026-01-14,10,Wednesday,False,True,clear,38.44,40,73,54.8
P114,2026-01-14,13,Wednesday,False,True,rain,41.37,34,73,46.6
P114,2026-01-15,6,Thursday,False,False,fog,27.7,11,73,15.1
P114,2026-01-15,8,Thursday,False,False,clear,33.18,21,73,28.8
P114,2026-01-15,19,Thursday,False,False,clear,33.07,42,73,57.5
P114,2026-01-16,7,Friday,False,False,clear,27.81,14,73,19.2
P114,2026-01-16,20,Friday,False,False,clear,34.38,46,73,63.0
P114,2026-01-17,14,Saturday,True,False,fog,34.1,39,73,53.4
P114,2026-01-18,9,Sunday,True,False,fog,39.81,25,73,34.2
P114,2026-01-19,17,Monday,False,False,rain,31.72,33,73,45.2
P114,2026-01-22,20,Thursday,False,False,haze,33.98,42,73,57.5
P114,2026-01-25,16,Sunday,True,False,cloudy,33.1,62,73,84.9
P114,2026-01-27,10,Tuesday,False,False,cloudy,28.33,29,73,39.7
P114,2026-01-27,21,Tuesday,False,False,haze,29.47,38,73,52.1
P114,2026-01-28,17,Wednesday,False,False,rain,29.28,33,73,45.2
P114,2026-01-28,19,Wednesday,False,False,haze,33.77,45,73,61.6
P115,2025-10-01,12,Wednesday,False,False,clear,19.4,11,25,44.0
P115,2025-10-01,15,Wednesday,False,False,rain,22.98,10,25,40.0
P115,2025-10-02,7,Thursday,False,False,cloudy,20.62,5,25,20.0
P115,2025-10-02,19,Thursday,False,False,cloudy,23.32,14,25,56.0
P115,2025-10-03,11,Friday,False,False,rain,23.09,8,25,32.0
P115,2025-10-04,19,Saturday,True,False,clear,27.57,23,25,92.0
P115,2025-10-05,7,Sunday,True,False,rain,26.34,5,25,20.0
P115,2025-10-05,14,Sunday,True,False,clear,23.78,16,25,64.0
P115,2025-10-05,21,Sunday,True,False,rain,26.19,13,25,52.0
P115,2025-10-06,8,Monday,False,False,clear,23.5,7,25,28.0
P115,2025-10-06,15,Monday,False,False,clear,19.92,12,25,48.0
P115,2025-10-07,21,Tuesday,False,False,clear,20.43,13,25,52.0
P115,2025-10-08,8,Wednesday,False,False,fog,25.38,6,25,24.0
P115,2025-10-10,8,Friday,False,False,fog,24.26,6,25,24.0
P115,2025-10-11,13,Saturday,True,False,clear,23.65,12,25,48.0
P115,2025-10-11,20,Saturday,True,False,haze,28.68,24,25,96.0
P115,2025-10-13,8,Monday,False,False,clear,25.15,7,25,28.0
P115,2025-10-13,12,Monday,False,False,cloudy,19.88,11,25,44.0
P115,2025-10-15,15,Wednesday,False,False,cloudy,20.48,15,25,60.0
P115,2025-10-16,9,Thursday,False,False,rain,26.95,5,25,20.0
P115,2025-10-16,10,Thursday,False,False,cloudy,20.61,8,25,32.0
P115,2025-10-16,14,Thursday,False,False,clear,21.18,11,25,44.0
P115,2025-10-16,18,Thursday,False,False,cloudy,25.34,15,25,60.0
P115,2025-10-16,22,Thursday,False,False,clear,21.17,9,25,36.0
P115,2025-10-17,3,Friday,False,False,clear,21.31,1,25,4.0
P115,2025-10-19,5,Sunday,True,False,clear,22.43,6,25,24.0
P115,2025-10-21,9,Tuesday,False,True,cloudy,31.88,10,25,40.0
P115,2025-10-21,18,Tuesday,False,True,cloudy,32.78,24,25,96.0
P115,2025-10-24,8,Friday,False,False,clear,24.01,6,25,24.0
P115,2025-10-24,18,Friday,False,False,cloudy,25.29,17,25,68.0
P115,2025-10-25,0,Saturday,True,False,rain,24.12,1,25,4.0
P115,2025-10-25,7,Saturday,True,False,rain,24.61,5,25,20.0
P115,2025-10-25,21,Saturday,True,False,cloudy,23.11,15,25,60.0
P115,2025-10-27,15,Monday,False,False,rain,21.58,8,25,32.0
P115,2025-10-28,19,Tuesday,False,False,fog,23.5,15,25,60.0
P115,2025-10-28,22,Tuesday,False,False,clear,19.32,11,25,44.0
P115,2025-10-29,9,Wednesday,False,False,cloudy,25.12,7,25,28.0
P115,2025-10-29,11,Wednesday,False,False,clear,19.52,10,25,40.0
P115,2025-10-30,3,Thursday,False,False,clear,19.54,1,25,4.0
P115,2025-11-01,18,Saturday,True,True,clear,35.32,24,25,96.0
P115,2025-11-06,10,Thursday,False,False,fog,19.42,5,25,20.0
P115,2025-11-10,6,Monday,False,False,clear,20.92,4,25,16.0
P115,2025-11-10,7,Monday,False,False,fog,20.56,5,25,20.0
P115,2025-11-10,10,Monday,False,False,cloudy,20.11,8,25,32.0
P115,2025-11-10,15,Monday,False,False,clear,20.12,13,25,52.0
P115,2025-11-11,7,Tuesday,False,False,fog,21.11,4,25,16.0
P115,2025-11-11,8,Tuesday,False,False,clear,24.43,7,25,28.0
P115,2025-11-12,16,Wednesday,False,False,haze,20.64,15,25,60.0
P115,2025-11-12,18,Wednesday,False,False,clear,25.28,16,25,64.0
P115,2025-11-13,6,Thursday,False,False,clear,19.89,6,25,24.0
P115,2025-11-13,7,Thursday,False,False,rain,21.5,4,25,16.0
P115,2025-11-13,11,Thursday,False,False,clear,20.86,10,25,40.0
P115,2025-11-14,8,Friday,False,False,clear,23.23,7,25,28.0
P115,2025-11-15,17,Saturday,True,False,rain,26.28,14,25,56.0
P115,2025-11-16,7,Sunday,True,False,clear,23.6,7,25,28.0
P115,2025-11-16,9,Sunday,True,False,clear,27.46,9,25,36.0
P115,2025-11-16,13,Sunday,True,False,clear,24.32,16,25,64.0
P115,2025-11-17,19,Monday,False,False,clear,24.98,16,25,64.0
P115,2025-11-20,5,Thursday,False,False,clear,20.7,4,25,16.0
P115,2025-11-21,7,Friday,False,False,cloudy,19.53,5,25,20.0
P115,2025-11-21,13,Friday,False,False,clear,21.18,12,25,48.0
P115,2025-11-23,6,Sunday,True,False,clear,22.27,7,25,28.0
P115,2025-11-25,19,Tuesday,False,False,fog,25.58,15,25,60.0
P115,2025-11-25,23,Tuesday,False,False,clear,20.43,2,25,8.0
P115,2025-11-28,17,Friday,False,False,cloudy,20.07,18,25,72.0
P115,2025-12-01,2,Monday,False,False,rain,22.46,1,25,4.0
P115,2025-12-01,4,Monday,False,False,fog,21.32,1,25,4.0
P115,2025-12-01,11,Monday,False,False,clear,20.12,10,25,40.0
P115,2025-12-02,13,Tuesday,False,False,fog,20.86,11,25,44.0
P115,2025-12-04,8,Thursday,False,False,rain,26.02,5,25,20.0
P115,2025-12-04,18,Thursday,False,False,clear,25.04,17,25,68.0
P115,2025-12-05,1,Friday,False,False,cloudy,19.82,1,25,4.0
P115,2025-12-07,18,Sunday,True,False,cloudy,28.54,20,25,80.0
P115,2025-12-08,21,Monday,False,False,cloudy,19.79,14,25,56.0
P115,2025-12-09,14,Tuesday,False,False,fog,20.76,10,25,40.0
P115,2025-12-09,19,Tuesday,False,False,clear,24.78,15,25,60.0
P115,2025-12-10,11,Wednesday,False,False,clear,20.71,9,25,36.0
P115,2025-12-10,17,Wednesday,False,False,clear,20.62,21,25,84.0
P115,2025-12-11,12,Thursday,False,False,cloudy,20.47,8,25,32.0
P115,2025-12-12,18,Friday,False,False,haze,24.44,14,25,56.0
P115,2025-12-12,20,Friday,False,False,rain,25.38,14,25,56.0
P115,2025-12-13,2,Saturday,True,False,clear,23.89,1,25,4.0
P115,2025-12-13,23,Saturday,True,False,clear,24.31,3,25,12.0
P115,2025-12-16,14,Tuesday,False,False,rain,23.26,9,25,36.0
P115,2025-12-16,18,Tuesday,False,False,clear,24.52,16,25,64.0
P115,2025-12-17,11,Wednesday,False,False,clear,19.32,8,25,32.0
P115,2025-12-17,20,Wednesday,False,False,clear,25.49,14,25,56.0
P115,2025-12-18,18,Thursday,False,False,fog,23.97,16,25,64.0
P115,2025-12-23,9,Tuesday,False,False,clear,24.5,9,25,36.0
P115,2025-12-23,17,Tuesday,False,False,cloudy,19.33,15,25,60.0
P115,2025-12-24,6,Wednesday,False,False,clear,20.58,4,25,16.0
P115,2025-12-27,18,Saturday,True,False,cloudy,28.14,23,25,92.0
P115,2025-12-28,6,Sunday,True,False,cloudy,22.9,6,25,24.0
P115,2025-12-29,20,Monday,False,False,clear,24.72,16,25,64.0
P115,2025-12-31,8,Wednesday,False,False,rain,25.34,4,25,16.0
P115,2025-12-31,17,Wednesday,False,False,cloudy,20.54,17,25,68.0
P115,2025-12-31,19,Wednesday,False,False,cloudy,23.66,17,25,68.0
P115,2026-01-01,12,Thursday,False,False,fog,20.39,8,25,32.0
P115,2026-01-02,16,Friday,False,False,clear,21.18,14,25,56.0
P115,2026-01-02,21,Friday,False,False,clear,20.75,14,25,56.0
P115,2026-01-04,17,Sunday,True,False,fog,23.04,17,25,68.0
P115,2026-01-04,19,Sunday,True,False,clear,28.03,20,25,80.0
P115,2026-01-05,11,Monday,False,False,clear,20.45,9,25,36.0
P115,2026-01-05,21,Monday,False,False,clear,20.12,11,25,44.0
P115,2026-01-06,7,Tuesday,False,False,clear,20.47,5,25,20.0
P115,2026-01-07,11,Wednesday,False,False,clear,20.54,10,25,40.0
P115,2026-01-08,13,Thursday,False,False,clear,20.13,9,25,36.0
P115,2026-01-09,11,Friday,False,False,clear,19.56,11,25,44.0
P115,2026-01-10,14,Saturday,True,False,clear,24.14,16,25,64.0
P115,2026-01-11,6,Sunday,True,False,rain,26.03,5,25,20.0
P115,2026-01-12,10,Monday,False,False,clear,20.99,8,25,32.0
P115,2026-01-13,10,Tuesday,False,False,clear,20.1,9,25,36.0
P115,2026-01-14,11,Wednesday,False,True,rain,29.3,10,25,40.0
P115,2026-01-17,7,Saturday,True,False,rain,26.27,6,25,24.0
P115,2026-01-17,14,Saturday,True,False,clear,22.97,16,25,64.0
P115,2026-01-17,17,Saturday,True,False,clear,23.42,23,25,92.0
P115,2026-01-17,18,Saturday,True,False,clear,26.11,22,25,88.0
P115,2026-01-19,2,Monday,False,False,clear,20.3,1,25,4.0
P115,2026-01-20,18,Tuesday,False,False,fog,24.5,16,25,64.0
P115,2026-01-20,21,Tuesday,False,False,rain,21.66,9,25,36.0
P115,2026-01-21,12,Wednesday,False,False,cloudy,21.25,10,25,40.0
P115,2026-01-21,20,Wednesday,False,False,cloudy,24.82,11,25,44.0
P115,2026-01-23,1,Friday,False,False,rain,22.36,1,25,4.0
P115,2026-01-24,4,Saturday,True,False,clear,22.95,1,25,4.0
P115,2026-01-24,9,Saturday,True,False,haze,26.74,9,25,36.0
P115,2026-01-25,12,Sunday,True,False,haze,23.33,12,25,48.0
P115,2026-01-27,9,Tuesday,False,False,haze,25.41,7,25,28.0
P115,2026-01-27,11,Tuesday,False,False,clear,19.52,10,25,40.0
P115,2026-01-27,22,Tuesday,False,False,cloudy,19.48,9,25,36.0
P115,2026-01-28,19,Wednesday,False,False,clear,24.58,16,25,64.0
P116,2025-10-01,11,Wednesday,False,False,fog,25.79,11,77,14.3
P116,2025-10-02,7,Thursday,False,False,cloudy,27.44,10,77,13.0
P116,2025-10-03,10,Friday,False,False,cloudy,25.99,15,77,19.5
P116,2025-10-04,15,Saturday,True,False,clear,31.76,32,77,41.6
P116,2025-10-06,17,Monday,False,False,clear,25.95,31,77,40.3
P116,2025-10-06,19,Monday,False,False,clear,33.12,31,77,40.3
P116,2025-10-07,7,Tuesday,False,False,clear,26.95,12,77,15.6
P116,2025-10-08,6,Wednesday,False,False,clear,27.32,8,77,10.4
P116,2025-10-08,10,Wednesday,False,False,clear,26.01,18,77,23.4
P116,2025-10-10,7,Friday,False,False,clear,28.0,10,77,13.0
P116,2025-10-12,8,Sunday,True,False,clear,36.4,20,77,26.0
P116,2025-10-13,20,Monday,False,False,clear,32.21,28,77,36.4
P116,2025-10-16,8,Thursday,False,False,cloudy,32.32,13,77,16.9
P116,2025-10-18,8,Saturday,True,False,rain,38.69,9,77,11.7
P116,2025-10-18,15,Saturday,True,False,clear,30.18,43,77,55.8
P116,2025-10-19,19,Sunday,True,False,clear,35.29,49,77,63.6
P116,2025-10-20,7,Monday,False,True,haze,37.41,17,77,22.1
P116,2025-10-20,14,Monday,False,True,clear,39.5,38,77,49.4
P116,2025-10-21,15,Tuesday,False,True,rain,41.96,17,77,22.1
P116,2025-10-21,16,Tuesday,False,True,clear,37.05,36,77,46.8
P116,2025-10-22,4,Wednesday,False,False,clear,26.95,2,77,2.6
P116,2025-10-22,9,Wednesday,False,False,rain,35.4,8,77,10.4
P116,2025-10-22,19,Wednesday,False,False,fog,30.96,23,77,29.9
P116,2025-10-23,20,Thursday,False,False,clear,31.51,29,77,37.7
P116,2025-10-24,19,Friday,False,False,clear,33.68,29,77,37.7
P116,2025-10-25,5,Saturday,True,False,clear,29.92,11,77,14.3
P116,2025-10-25,12,Saturday,True,False,clear,31.42,29,77,37.7
P116,2025-10-26,14,Sunday,True,False,fog,31.38,20,77,26.0
P116,2025-10-28,6,Tuesday,False,False,rain,31.13,4,77,5.2
P116,2025-10-28,17,Tuesday,False,False,clear,27.71,30,77,39.0
P116,2025-11-01,22,Saturday,True,True,rain,46.03,21,77,27.3
P116,2025-11-02,9,Sunday,True,False,clear,35.53,16,77,20.8
P116,2025-11-03,9,Monday,False,False,clear,31.87,14,77,18.2
P116,2025-11-05,6,Wednesday,False,False,cloudy,26.02,11,77,14.3
P116,2025-11-07,17,Friday,False,False,fog,26.04,17,77,22.1
P116,2025-11-08,9,Saturday,True,False,clear,37.94,19,77,24.7
P116,2025-11-10,18,Monday,False,False,clear,31.87,29,77,37.7
P116,2025-11-15,7,Saturday,True,False,cloudy,30.5,11,77,14.3
P116,2025-11-15,17,Saturday,True,False,fog,30.94,26,77,33.8
P116,2025-11-15,21,Saturday,True,False,haze,32.45,27,77,35.1
P116,2025-11-17,22,Monday,False,False,cloudy,25.89,15,77,19.5
P116,2025-11-20,10,Thursday,False,False,clear,28.1,18,77,23.4
P116,2025-11-21,18,Friday,False,False,clear,31.18,39,77,50.6
P116,2025-11-22,8,Saturday,True,False,clear,35.89,15,77,19.5
P116,2025-11-22,11,Saturday,True,False,fog,31.49,17,77,22.1
P116,2025-11-22,13,Saturday,True,False,rain,34.47,18,77,23.4
P116,2025-11-23,17,Sunday,True,False,rain,32.83,24,77,31.2
P116,2025-11-24,17,Monday,False,False,clear,25.69,27,77,35.1
P116,2025-11-25,8,Tuesday,False,False,clear,31.02,13,77,16.9
P116,2025-11-25,19,Tuesday,False,False,clear,33.81,28,77,36.4
P116,2025-11-28,20,Friday,False,False,haze,33.18,32,77,41.6
P116,2025-11-30,3,Sunday,True,False,clear,30.36,2,77,2.6
P116,2025-11-30,12,Sunday,True,False,clear,29.63,27,77,35.1
P116,2025-12-03,0,Wednesday,False,False,fog,26.43,2,77,2.6
P116,2025-12-03,8,Wednesday,False,False,clear,31.71,14,77,18.2
P116,2025-12-03,21,Wednesday,False,False,clear,26.04,24,77,31.2
P116,2025-12-04,20,Thursday,False,False,rain,35.57,15,77,19.5
P116,2025-12-06,8,Saturday,True,False,clear,37.34,19,77,24.7
P116,2025-12-06,13,Saturday,True,False,cloudy,32.25,26,77,33.8
P116,2025-12-09,13,Tuesday,False,False,cloudy,28.21,23,77,29.9
P116,2025-12-09,21,Tuesday,False,False,clear,26.61,25,77,32.5
P116,2025-12-10,10,Wednesday,False,False,rain,30.49,10,77,13.0
P116,2025-12-10,17,Wednesday,False,False,cloudy,27.38,33,77,42.9
P116,2025-12-12,8,Friday,False,False,clear,33.09,10,77,13.0
P116,2025-12-13,8,Saturday,True,False,fog,35.77,10,77,13.0
P116,2025-12-15,9,Monday,False,False,fog,33.13,9,77,11.7
P116,2025-12-15,14,Monday,False,False,fog,26.63,15,77,19.5
P116,2025-12-15,16,Monday,False,False,rain,30.67,13,77,16.9
P116,2025-12-15,18,Monday,False,False,clear,33.38,31,77,40.3
P116,2025-12-16,0,Tuesday,False,False,cloudy,27.84,2,77,2.6
P116,2025-12-16,20,Tuesday,False,False,rain,36.69,17,77,22.1
P116,2025-12-19,8,Friday,False,False,clear,32.73,12,77,15.6
P116,2025-12-19,19,Friday,False,False,clear,32.21,33,77,42.9
P116,2025-12-20,8,Saturday,True,False,clear,35.29,15,77,19.5
P116,2025-12-21,10,Sunday,True,False,fog,31.52,14,77,18.2
P116,2025-12-22,3,Monday,False,False,rain,29.07,2,77,2.6
P116,2025-12-22,20,Monday,False,False,clear,32.11,29,77,37.7
P116,2025-12-23,18,Tuesday,False,False,clear,32.07,40,77,51.9
P116,2025-12-23,19,Tuesday,False,False,clear,32.54,34,77,44.2
P116,2025-12-24,8,Wednesday,False,False,cloudy,33.25,12,77,15.6
P116,2025-12-24,19,Wednesday,False,False,rain,35.73,19,77,24.7
P116,2025-12-26,8,Friday,False,False,clear,32.96,15,77,19.5
P116,2025-12-26,16,Friday,False,False,clear,27.35,31,77,40.3
P116,2025-12-26,17,Friday,False,False,rain,31.06,16,77,20.8
P116,2025-12-29,11,Monday,False,False,clear,26.12,15,77,19.5
P116,2025-12-30,15,Tuesday,False,False,clear,28.18,27,77,35.1
P116,2026-01-01,9,Thursday,False,False,haze,32.58,12,77,15.6
P116,2026-01-01,15,Thursday,False,False,cloudy,27.02,28,77,36.4
P116,2026-01-04,4,Sunday,True,False,clear,30.12,3,77,3.9
P116,2026-01-05,9,Monday,False,False,rain,34.71,8,77,10.4
P116,2026-01-05,10,Monday,False,False,clear,26.12,13,77,16.9
P116,2026-01-05,19,Monday,False,False,clear,31.85,29,77,37.7
P116,2026-01-06,11,Tuesday,False,False,clear,26.43,16,77,20.8
P116,2026-01-07,7,Wednesday,False,False,clear,27.31,11,77,14.3
P116,2026-01-08,18,Thursday,False,False,cloudy,32.19,26,77,33.8
P116,2026-01-09,16,Friday,False,False,fog,28.28,20,77,26.0
P116,2026-01-09,18,Friday,False,False,cloudy,31.58,29,77,37.7
P116,2026-01-10,12,Saturday,True,False,clear,30.14,24,77,31.2
P116,2026-01-11,8,Sunday,True,False,clear,35.87,16,77,20.8
P116,2026-01-11,11,Sunday,True,False,rain,34.9,14,77,18.2
P116,2026-01-11,16,Sunday,True,False,clear,30.61,37,77,48.1
P116,2026-01-15,19,Thursday,False,False,clear,31.92,29,77,37.7
P116,2026-01-15,20,Thursday,False,False,cloudy,30.89,27,77,35.1
P116,2026-01-16,9,Friday,False,False,clear,33.96,17,77,22.1
P116,2026-01-16,13,Friday,False,False,cloudy,27.99,18,77,23.4
P116,2026-01-17,18,Saturday,True,False,rain,40.8,25,77,32.5
P116,2026-01-18,5,Sunday,True,False,rain,32.54,6,77,7.8
P116,2026-01-19,9,Monday,False,False,clear,32.73,14,77,18.2
P116,2026-01-20,16,Tuesday,False,False,cloudy,27.68,27,77,35.1
P116,2026-01-21,11,Wednesday,False,False,rain,28.83,10,77,13.0
P116,2026-01-24,6,Saturday,True,False,clear,31.08,11,77,14.3
P116,2026-01-24,15,Saturday,True,False,rain,33.44,17,77,22.1
P116,2026-01-24,19,Saturday,True,False,cloudy,36.87,43,77,55.8
P116,2026-01-25,14,Sunday,True,False,clear,32.36,28,77,36.4
P116,2026-01-25,16,Sunday,True,False,cloudy,31.77,33,77,42.9
P116,2026-01-26,13,Monday,False,True,fog,35.88,19,77,24.7
P116,2026-01-27,11,Tuesday,False,False,haze,25.9,12,77,15.6
P116,2026-01-28,9,Wednesday,False,False,clear,33.19,15,77,19.5
P117,2025-10-02,19,Thursday,False,False,fog,43.2,33,47,70.2
P117,2025-10-05,8,Sunday,True,False,clear,48.18,20,47,42.6
P117,2025-10-05,9,Sunday,True,False,fog,49.36,23,47,48.9
P117,2025-10-06,9,Monday,False,False,cloudy,41.17,15,47,31.9
P117,2025-10-06,18,Monday,False,False,haze,43.2,35,47,74.5
P117,2025-10-07,8,Tuesday,False,False,clear,41.6,14,47,29.8
P117,2025-10-07,17,Tuesday,False,False,cloudy,34.8,29,47,61.7
P117,2025-10-08,12,Wednesday,False,False,clear,34.6,22,47,46.8
P117,2025-10-09,18,Thursday,False,False,fog,43.98,30,47,63.8
P117,2025-10-10,18,Friday,False,False,clear,40.78,37,47,78.7
P117,2025-10-11,17,Saturday,True,False,rain,42.75,31,47,66.0
P117,2025-10-12,15,Sunday,True,False,clear,40.91,37,47,78.7
P117,2025-10-13,15,Monday,False,False,clear,34.0,28,47,59.6
P117,2025-10-17,14,Friday,False,False,clear,34.48,26,47,55.3
P117,2025-10-18,8,Saturday,True,False,cloudy,48.39,18,47,38.3
P117,2025-10-18,9,Saturday,True,False,clear,49.8,24,47,51.1
P117,2025-10-19,18,Sunday,True,False,fog,46.16,46,47,97.9
P117,2025-10-20,16,Monday,False,True,clear,48.29,44,47,93.6
P117,2025-10-20,19,Monday,False,True,clear,56.65,46,47,97.9
P117,2025-10-21,9,Tuesday,False,True,fog,57.14,23,47,48.9
P117,2025-10-21,17,Tuesday,False,True,rain,50.54,35,47,74.5
P117,2025-10-22,12,Wednesday,False,False,cloudy,36.45,19,47,40.4
P117,2025-10-23,6,Thursday,False,False,fog,35.74,9,47,19.1
P117,2025-10-24,20,Friday,False,False,haze,42.36,38,47,80.9
P117,2025-10-25,7,Saturday,True,False,cloudy,39.14,13,47,27.7
P117,2025-10-26,11,Sunday,True,False,rain,43.11,17,47,36.2
P117,2025-10-26,14,Sunday,True,False,fog,39.54,32,47,68.1
P117,2025-10-26,18,Sunday,True,False,clear,49.9,39,47,83.0
P117,2025-10-28,6,Tuesday,False,False,rain,36.95,9,47,19.1
P117,2025-10-28,8,Tuesday,False,False,clear,41.79,14,47,29.8
P117,2025-10-29,18,Wednesday,False,False,rain,47.74,31,47,66.0
P117,2025-10-30,7,Thursday,False,False,cloudy,35.97,15,47,31.9
P117,2025-10-30,23,Thursday,False,False,clear,33.65,4,47,8.5
P117,2025-10-31,16,Friday,False,False,clear,34.11,28,47,59.6
P117,2025-10-31,20,Friday,False,False,rain,47.25,26,47,55.3
P117,2025-11-01,19,Saturday,True,True,clear,61.53,46,47,97.9
P117,2025-11-01,20,Saturday,True,True,clear,59.75,46,47,97.9
P117,2025-11-02,7,Sunday,True,False,rain,44.6,12,47,25.5
P117,2025-11-03,12,Monday,False,False,clear,35.39,21,47,44.7
P117,2025-11-05,19,Wednesday,False,False,clear,40.41,37,47,78.7
P117,2025-11-06,9,Thursday,False,False,clear,42.5,14,47,29.8
P117,2025-11-06,19,Thursday,False,False,clear,41.21,40,47,85.1
P117,2025-11-07,7,Friday,False,False,clear,35.89,12,47,25.5
P117,2025-11-08,8,Saturday,True,False,rain,53.46,14,47,29.8
P117,2025-11-08,13,Saturday,True,False,fog,40.69,29,47,61.7
P117,2025-11-08,17,Saturday,True,False,cloudy,41.06,37,47,78.7
P117,2025-11-09,22,Sunday,True,False,clear,40.88,28,47,59.6
P117,2025-11-11,0,Tuesday,False,False,rain,37.55,1,47,2.1
P117,2025-11-11,17,Tuesday,False,False,fog,36.84,34,47,72.3
P117,2025-11-12,9,Wednesday,False,False,clear,44.14,17,47,36.2
P117,2025-11-12,17,Wednesday,False,False,rain,36.87,32,47,68.1
P117,2025-11-12,19,Wednesday,False,False,clear,43.82,36,47,76.6
P117,2025-11-14,21,Friday,False,False,clear,36.4,24,47,51.1
P117,2025-11-15,8,Saturday,True,False,clear,49.72,19,47,40.4
P117,2025-11-16,9,Sunday,True,False,clear,45.58,22,47,46.8
P117,2025-11-16,17,Sunday,True,False,cloudy,39.92,42,47,89.4
P117,2025-11-17,13,Monday,False,False,clear,33.77,22,47,46.8
P117,2025-11-19,9,Wednesday,False,False,cloudy,43.9,15,47,31.9
P117,2025-11-20,5,Thursday,False,False,haze,34.81,9,47,19.1
P117,2025-11-20,10,Thursday,False,False,clear,36.74,21,47,44.7
P117,2025-11-20,15,Thursday,False,False,clear,33.51,34,47,72.3
P117,2025-11-20,19,Thursday,False,False,rain,46.56,24,47,51.1
P117,2025-11-22,13,Saturday,True,False,cloudy,40.04,31,47,66.0
P117,2025-11-22,23,Saturday,True,False,clear,40.96,5,47,10.6
P117,2025-11-23,16,Sunday,True,False,clear,39.47,38,47,80.9
P117,2025-11-24,7,Monday,False,False,clear,34.5,13,47,27.7
P117,2025-11-25,11,Tuesday,False,False,cloudy,35.68,22,47,46.8
P117,2025-11-25,12,Tuesday,False,False,clear,36.94,21,47,44.7
P117,2025-11-26,1,Wednesday,False,False,clear,33.85,1,47,2.1
P117,2025-11-26,7,Wednesday,False,False,rain,36.81,10,47,21.3
P117,2025-11-28,15,Friday,False,False,clear,34.35,31,47,66.0
P117,2025-11-30,19,Sunday,True,False,clear,46.0,46,47,97.9
P117,2025-11-30,23,Sunday,True,False,clear,39.68,6,47,12.8
P117,2025-12-02,8,Tuesday,False,False,haze,43.82,15,47,31.9
P117,2025-12-04,10,Thursday,False,False,clear,33.52,14,47,29.8
P117,2025-12-05,11,Friday,False,False,rain,39.17,15,47,31.9
P117,2025-12-06,7,Saturday,True,False,clear,39.78,17,47,36.2
P117,2025-12-06,9,Saturday,True,False,clear,48.0,21,47,44.7
P117,2025-12-07,17,Sunday,True,False,cloudy,38.53,46,47,97.9
P117,2025-12-07,20,Sunday,True,False,clear,48.15,42,47,89.4
P117,2025-12-09,7,Tuesday,False,False,haze,33.83,10,47,21.3
P117,2025-12-12,8,Friday,False,False,rain,46.95,13,47,27.7
P117,2025-12-12,18,Friday,False,False,haze,42.3,29,47,61.7
P117,2025-12-13,16,Saturday,True,False,clear,38.92,37,47,78.7
P117,2025-12-16,19,Tuesday,False,False,clear,42.77,40,47,85.1
P117,2025-12-17,19,Wednesday,False,False,rain,44.12,32,47,68.1
P117,2025-12-18,8,Thursday,False,False,clear,44.16,14,47,29.8
P117,2025-12-19,8,Friday,False,False,clear,40.75,15,47,31.9
P117,2025-12-19,15,Friday,False,False,clear,33.56,31,47,66.0
P117,2025-12-21,9,Sunday,True,False,cloudy,49.91,18,47,38.3
P117,2025-12-21,17,Sunday,True,False,clear,38.71,46,47,97.9
P117,2025-12-21,18,Sunday,True,False,clear,46.47,46,47,97.9
P117,2025-12-21,20,Sunday,True,False,rain,53.27,33,47,70.2
P117,2025-12-22,1,Monday,False,False,cloudy,34.39,1,47,2.1
P117,2025-12-23,0,Tuesday,False,False,clear,36.74,1,47,2.1
P117,2025-12-23,9,Tuesday,False,False,clear,40.85,19,47,40.4
P117,2025-12-24,8,Wednesday,False,False,clear,41.71,16,47,34.0
P117,2025-12-24,18,Wednesday,False,False,rain,43.36,34,47,72.3
P117,2025-12-27,6,Saturday,True,False,fog,38.85,13,47,27.7
P117,2025-12-28,20,Sunday,True,False,clear,49.4,46,47,97.9
P117,2025-12-29,12,Monday,False,False,clear,34.47,23,47,48.9
P117,2025-12-30,5,Tuesday,False,False,clear,35.67,7,47,14.9
P117,2025-12-30,6,Tuesday,False,False,clear,36.91,10,47,21.3
P117,2025-12-30,17,Tuesday,False,False,cloudy,34.5,37,47,78.7
P117,2025-12-30,18,Tuesday,False,False,clear,43.61,39,47,83.0
P117,2026-01-02,11,Friday,False,False,clear,33.8,22,47,46.8
P117,2026-01-02,18,Friday,False,False,clear,42.22,43,47,91.5
P117,2026-01-04,19,Sunday,True,False,clear,48.37,46,47,97.9
P117,2026-01-04,23,Sunday,True,False,cloudy,38.55,4,47,8.5
P117,2026-01-06,9,Tuesday,False,False,rain,47.83,10,47,21.3
P117,2026-01-06,19,Tuesday,False,False,cloudy,43.5,30,47,63.8
P117,2026-01-07,6,Wednesday,False,False,clear,34.24,11,47,23.4
P117,2026-01-08,7,Thursday,False,False,clear,36.46,14,47,29.8
P117,2026-01-08,18,Thursday,False,False,rain,46.83,27,47,57.4
P117,2026-01-11,8,Sunday,True,False,fog,47.8,16,47,34.0
P117,2026-01-11,10,Sunday,True,False,clear,40.68,26,47,55.3
P117,2026-01-12,13,Monday,False,False,clear,34.6,28,47,59.6
P117,2026-01-13,11,Tuesday,False,False,cloudy,36.07,21,47,44.7
P117,2026-01-13,15,Tuesday,False,False,cloudy,35.59,28,47,59.6
P117,2026-01-13,16,Tuesday,False,False,clear,35.66,27,47,57.4
P117,2026-01-16,16,Friday,False,False,clear,36.23,32,47,68.1
P117,2026-01-17,7,Saturday,True,False,cloudy,40.3,15,47,31.9
P117,2026-01-18,16,Sunday,True,False,fog,38.97,33,47,70.2
P117,2026-01-22,4,Thursday,False,False,haze,34.25,2,47,4.3
P117,2026-01-23,17,Friday,False,False,cloudy,35.95,29,47,61.7
P117,2026-01-23,18,Friday,False,False,clear,43.67,38,47,80.9
P117,2026-01-24,13,Saturday,True,False,cloudy,38.49,25,47,53.2
P117,2026-01-24,16,Saturday,True,False,fog,39.72,37,47,78.7
P117,2026-01-24,18,Saturday,True,False,rain,48.63,42,47,89.4
P117,2026-01-26,1,Monday,False,True,clear,47.98,2,47,4.3
P117,2026-01-26,6,Monday,False,True,clear,47.36,17,47,36.2
P117,2026-01-26,8,Monday,False,True,clear,55.36,26,47,55.3
P117,2026-01-26,14,Monday,False,True,clear,48.05,33,47,70.2
P117,2026-01-27,16,Tuesday,False,False,clear,34.51,39,47,83.0
P118,2025-10-01,13,Wednesday,False,False,clear,23.36,12,31,38.7
P118,2025-10-03,7,Friday,False,False,cloudy,21.92,4,31,12.9
P118,2025-10-04,6,Saturday,True,False,clear,27.35,6,31,19.4
P118,2025-10-04,9,Saturday,True,False,haze,31.69,8,31,25.8
P118,2025-10-06,14,Monday,False,False,clear,23.42,10,31,32.3
P118,2025-10-06,20,Monday,False,False,clear,27.32,13,31,41.9
P118,2025-10-08,11,Wednesday,False,False,cloudy,22.3,9,31,29.0
P118,2025-10-08,12,Wednesday,False,False,haze,23.91,9,31,29.0
P118,2025-10-08,20,Wednesday,False,False,clear,27.53,17,31,54.8
P118,2025-10-08,22,Wednesday,False,False,clear,22.65,8,31,25.8
P118,2025-10-09,11,Thursday,False,False,clear,22.23,6,31,19.4
P118,2025-10-10,11,Friday,False,False,clear,22.79,9,31,29.0
P118,2025-10-10,17,Friday,False,False,haze,22.24,14,31,45.2
P118,2025-10-13,17,Monday,False,False,rain,26.43,11,31,35.5
P118,2025-10-13,23,Monday,False,False,clear,23.59,2,31,6.5
P118,2025-10-14,22,Tuesday,False,False,clear,22.98,9,31,29.0
P118,2025-10-15,10,Wednesday,False,False,cloudy,22.53,7,31,22.6
P118,2025-10-16,6,Thursday,False,False,cloudy,22.11,3,31,9.7
P118,2025-10-16,7,Thursday,False,False,clear,24.06,5,31,16.1
P118,2025-10-16,19,Thursday,False,False,clear,27.62,14,31,45.2
P118,2025-10-17,6,Friday,False,False,rain,25.81,3,31,9.7
P118,2025-10-17,10,Friday,False,False,clear,23.26,9,31,29.0
P118,2025-10-18,15,Saturday,True,False,clear,26.92,17,31,54.8
P118,2025-10-19,13,Sunday,True,False,rain,28.09,10,31,32.3
P118,2025-10-19,16,Sunday,True,False,rain,28.89,13,31,41.9
P118,2025-10-20,7,Monday,False,True,clear,32.88,8,31,25.8
P118,2025-10-20,8,Monday,False,True,haze,36.0,10,31,32.3
P118,2025-10-21,8,Tuesday,False,True,clear,37.43,9,31,29.0
P118,2025-10-21,13,Tuesday,False,True,cloudy,33.08,15,31,48.4
P118,2025-10-22,14,Wednesday,False,False,fog,22.04,9,31,29.0
P118,2025-10-23,8,Thursday,False,False,fog,27.33,5,31,16.1
P118,2025-10-23,12,Thursday,False,False,clear,22.37,10,31,32.3
P118,2025-10-23,17,Thursday,False,False,clear,22.87,13,31,41.9
P118,2025-10-24,11,Friday,False,False,clear,22.36,9,31,29.0
P118,2025-10-25,16,Saturday,True,False,cloudy,26.89,18,31,58.1
P118,2025-10-26,3,Sunday,True,False,clear,27.5,1,31,3.2
P118,2025-10-26,15,Sunday,True,False,clear,25.67,18,31,58.1
P118,2025-10-27,9,Monday,False,False,clear,27.18,6,31,19.4
P118,2025-10-29,7,Wednesday,False,False,clear,22.2,7,31,22.6
P118,2025-10-29,8,Wednesday,False,False,cloudy,26.71,6,31,19.4
P118,2025-11-01,8,Saturday,True,True,clear,42.0,10,31,32.3
P118,2025-11-01,13,Saturday,True,True,rain,38.23,19,31,61.3
P118,2025-11-02,8,Sunday,True,False,clear,31.04,9,31,29.0
P118,2025-11-02,13,Sunday,True,False,clear,26.07,13,31,41.9
P118,2025-11-02,17,Sunday,True,False,rain,27.61,14,31,45.2
P118,2025-11-04,18,Tuesday,False,False,clear,26.56,16,31,51.6
P118,2025-11-05,17,Wednesday,False,False,clear,22.8,14,31,45.2
P118,2025-11-06,15,Thursday,False,False,rain,24.67,8,31,25.8
P118,2025-11-06,19,Thursday,False,False,clear,26.39,20,31,64.5
P118,2025-11-07,5,Friday,False,False,cloudy,22.01,4,31,12.9
P118,2025-11-07,14,Friday,False,False,clear,21.82,14,31,45.2
P118,2025-11-07,17,Friday,False,False,clear,22.43,16,31,51.6
P118,2025-11-07,20,Friday,False,False,clear,27.68,13,31,41.9
P118,2025-11-08,13,Saturday,True,False,clear,25.26,16,31,51.6
P118,2025-11-09,17,Sunday,True,False,clear,25.62,18,31,58.1
P118,2025-11-12,8,Wednesday,False,False,cloudy,27.5,6,31,19.4
P118,2025-11-13,9,Thursday,False,False,clear,28.44,7,31,22.6
P118,2025-11-13,12,Thursday,False,False,clear,23.2,9,31,29.0
P118,2025-11-15,19,Saturday,True,False,clear,31.61,19,31,61.3
P118,2025-11-16,7,Sunday,True,False,cloudy,27.71,7,31,22.6
P118,2025-11-16,18,Sunday,True,False,cloudy,29.52,19,31,61.3
P118,2025-11-16,19,Sunday,True,False,cloudy,32.37,19,31,61.3
P118,2025-11-18,7,Tuesday,False,False,clear,23.75,5,31,16.1
P118,2025-11-18,12,Tuesday,False,False,rain,24.3,8,31,25.8
P118,2025-11-19,11,Wednesday,False,False,haze,23.08,6,31,19.4
P118,2025-11-23,21,Sunday,True,False,fog,27.39,11,31,35.5
P118,2025-11-29,13,Saturday,True,False,clear,26.56,15,31,48.4
P118,2025-11-30,17,Sunday,True,False,haze,27.5,21,31,67.7
P118,2025-12-01,13,Monday,False,False,fog,23.76,10,31,32.3
P118,2025-12-02,11,Tuesday,False,False,haze,22.95,8,31,25.8
P118,2025-12-02,17,Tuesday,False,False,cloudy,22.91,16,31,51.6
P118,2025-12-03,6,Wednesday,False,False,fog,23.63,4,31,12.9
P118,2025-12-05,18,Friday,False,False,fog,27.41,13,31,41.9
P118,2025-12-06,6,Saturday,True,False,clear,27.36,7,31,22.6
P118,2025-12-08,15,Monday,False,False,clear,22.68,12,31,38.7
P118,2025-12-09,12,Tuesday,False,False,fog,22.58,8,31,25.8
P118,2025-12-10,19,Wednesday,False,False,fog,26.78,14,31,45.2
P118,2025-12-11,11,Thursday,False,False,fog,22.97,6,31,19.4
P118,2025-12-14,9,Sunday,True,False,clear,31.16,9,31,29.0
P118,2025-12-14,16,Sunday,True,False,fog,27.47,16,31,51.6
P118,2025-12-14,19,Sunday,True,False,clear,30.87,25,31,80.6
P118,2025-12-16,10,Tuesday,False,False,clear,22.83,7,31,22.6
P118,2025-12-17,18,Wednesday,False,False,clear,28.58,15,31,48.4
P118,2025-12-18,8,Thursday,False,False,clear,26.9,6,31,19.4
P118,2025-12-18,15,Thursday,False,False,rain,24.74,8,31,25.8
P118,2025-12-20,16,Saturday,True,False,clear,26.06,20,31,64.5
P118,2025-12-21,7,Sunday,True,False,clear,27.55,8,31,25.8
P118,2025-12-22,4,Monday,False,False,fog,23.88,1,31,3.2
P118,2025-12-22,19,Monday,False,False,haze,27.54,15,31,48.4
P118,2025-12-23,8,Tuesday,False,False,clear,27.13,7,31,22.6
P118,2025-12-23,14,Tuesday,False,False,clear,21.83,11,31,35.5
P118,2025-12-23,20,Tuesday,False,False,clear,28.86,13,31,41.9
P118,2025-12-24,4,Wednesday,False,False,clear,21.91,1,31,3.2
P118,2025-12-24,8,Wednesday,False,False,clear,27.83,6,31,19.4
P118,2025-12-24,10,Wednesday,False,False,cloudy,23.77,9,31,29.0
P118,2025-12-26,12,Friday,False,False,clear,23.79,10,31,32.3
P118,2025-12-28,15,Sunday,True,False,rain,29.78,13,31,41.9
P118,2025-12-29,15,Monday,False,False,haze,23.52,14,31,45.2
P118,2025-12-30,15,Tuesday,False,False,clear,22.71,13,31,41.9
P118,2025-12-31,14,Wednesday,False,False,clear,23.73,11,31,35.5
P118,2026-01-01,10,Thursday,False,False,clear,21.9,8,31,25.8
P118,2026-01-02,7,Friday,False,False,haze,22.5,4,31,12.9
P118,2026-01-02,13,Friday,False,False,clear,22.3,11,31,35.5
P118,2026-01-03,8,Saturday,True,False,clear,31.68,7,31,22.6
P118,2026-01-04,14,Sunday,True,False,rain,30.03,11,31,35.5
P118,2026-01-05,15,Monday,False,False,clear,23.07,15,31,48.4
P118,2026-01-05,17,Monday,False,False,haze,23.67,16,31,51.6
P118,2026-01-06,23,Tuesday,False,False,clear,24.0,2,31,6.5
P118,2026-01-07,14,Wednesday,False,False,clear,23.97,11,31,35.5
P118,2026-01-08,7,Thursday,False,False,clear,22.09,6,31,19.4
P118,2026-01-08,8,Thursday,False,False,clear,28.05,7,31,22.6
P118,2026-01-09,8,Friday,False,False,rain,30.62,3,31,9.7
P118,2026-01-09,19,Friday,False,False,clear,27.45,14,31,45.2
P118,2026-01-10,19,Saturday,True,False,fog,29.68,15,31,48.4
P118,2026-01-11,16,Sunday,True,False,clear,26.97,15,31,48.4
P118,2026-01-11,21,Sunday,True,False,clear,27.38,18,31,58.1
P118,2026-01-13,2,Tuesday,False,False,clear,23.88,1,31,3.2
P118,2026-01-13,12,Tuesday,False,False,fog,22.27,9,31,29.0
P118,2026-01-15,12,Thursday,False,False,clear,22.69,9,31,29.0
P118,2026-01-16,7,Friday,False,False,clear,22.8,6,31,19.4
P118,2026-01-18,6,Sunday,True,False,cloudy,26.83,7,31,22.6
P118,2026-01-19,18,Monday,False,False,clear,26.9,16,31,51.6
P118,2026-01-20,14,Tuesday,False,False,rain,26.04,8,31,25.8
P118,2026-01-21,7,Wednesday,False,False,clear,22.04,5,31,16.1
P118,2026-01-23,9,Friday,False,False,clear,27.04,7,31,22.6
P118,2026-01-25,8,Sunday,True,False,fog,30.32,6,31,19.4
P118,2026-01-26,5,Monday,False,True,clear,33.45,5,31,16.1
P118,2026-01-26,8,Monday,False,True,clear,37.46,8,31,25.8
P118,2026-01-26,20,Monday,False,True,haze,38.44,18,31,58.1
P118,2026-01-27,10,Tuesday,False,False,clear,22.88,9,31,29.0
P118,2026-01-27,14,Tuesday,False,False,cloudy,23.67,11,31,35.5
P118,2026-01-27,21,Tuesday,False,False,clear,22.78,12,31,38.7
P118,2026-01-28,5,Wednesday,False,False,clear,23.72,3,31,9.7
P118,2026-01-28,20,Wednesday,False,False,clear,26.23,17,31,54.8
P119,2025-10-01,12,Wednesday,False,False,cloudy,35.02,13,44,29.5
P119,2025-10-03,7,Friday,False,False,cloudy,34.37,6,44,13.6
P119,2025-10-03,11,Friday,False,False,fog,32.81,11,44,25.0
P119,2025-10-03,13,Friday,False,False,rain,37.53,13,44,29.5
P119,2025-10-03,15,Friday,False,False,rain,37.02,12,44,27.3
P119,2025-10-04,5,Saturday,True,False,clear,39.03,7,44,15.9
P119,2025-10-06,3,Monday,False,False,cloudy,35.44,1,44,2.3
P119,2025-10-06,9,Monday,False,False,clear,41.02,9,44,20.5
P119,2025-10-06,23,Monday,False,False,cloudy,32.73,2,44,4.5
P119,2025-10-07,15,Tuesday,False,False,rain,38.83,12,44,27.3
P119,2025-10-07,23,Tuesday,False,False,cloudy,35.47,2,44,4.5
P119,2025-10-08,9,Wednesday,False,False,cloudy,41.97,9,44,20.5
P119,2025-10-09,3,Thursday,False,False,cloudy,35.85,1,44,2.3
P119,2025-10-09,8,Thursday,False,False,fog,43.18,5,44,11.4
P119,2025-10-09,9,Thursday,False,False,clear,40.01,10,44,22.7
P119,2025-10-09,11,Thursday,False,False,fog,33.34,12,44,27.3
P119,2025-10-10,6,Friday,False,False,clear,33.38,7,44,15.9
P119,2025-10-10,7,Friday,False,False,clear,33.49,7,44,15.9
P119,2025-10-11,7,Saturday,True,False,clear,41.41,9,44,20.5
P119,2025-10-11,13,Saturday,True,False,clear,38.36,16,44,36.4
P119,2025-10-12,10,Sunday,True,False,fog,37.87,12,44,27.3
P119,2025-10-13,23,Monday,False,False,clear,32.81,2,44,4.5
P119,2025-10-14,17,Tuesday,False,False,rain,38.78,13,44,29.5
P119,2025-10-14,23,Tuesday,False,False,haze,34.75,2,44,4.5
P119,2025-10-15,7,Wednesday,False,False,clear,35.47,6,44,13.6
P119,2025-10-15,19,Wednesday,False,False,clear,41.03,23,44,52.3
P119,2025-10-16,7,Thursday,False,False,rain,39.16,7,44,15.9
P119,2025-10-16,9,Thursday,False,False,rain,43.82,6,44,13.6
P119,2025-10-17,18,Friday,False,False,rain,43.76,20,44,45.5
P119,2025-10-17,19,Friday,False,False,cloudy,40.98,20,44,45.5
P119,2025-10-18,21,Saturday,True,False,haze,40.04,18,44,40.9
P119,2025-10-19,7,Sunday,True,False,clear,38.91,11,44,25.0
P119,2025-10-20,8,Monday,False,True,clear,54.21,8,44,18.2
P119,2025-10-20,14,Monday,False,True,rain,52.73,23,44,52.3
P119,2025-10-20,17,Monday,False,True,rain,49.11,21,44,47.7
P119,2025-10-22,8,Wednesday,False,False,cloudy,40.88,8,44,18.2
P119,2025-10-22,14,Wednesday,False,False,clear,35.3,11,44,25.0
P119,2025-10-22,21,Wednesday,False,False,fog,33.75,13,44,29.5
P119,2025-10-23,4,Thursday,False,False,clear,34.61,1,44,2.3
P119,2025-10-23,17,Thursday,False,False,fog,34.07,17,44,38.6
P119,2025-10-24,0,Friday,False,False,clear,34.89,1,44,2.3
P119,2025-10-24,18,Friday,False,False,fog,43.23,25,44,56.8
P119,2025-10-25,3,Saturday,True,False,clear,41.31,1,44,2.3
P119,2025-10-25,8,Saturday,True,False,cloudy,48.63,12,44,27.3
P119,2025-10-25,9,Saturday,True,False,clear,47.43,12,44,27.3
P119,2025-10-26,14,Sunday,True,False,clear,39.04,22,44,50.0
P119,2025-10-26,21,Sunday,True,False,rain,44.58,15,44,34.1
P119,2025-10-27,19,Monday,False,False,clear,42.95,18,44,40.9
P119,2025-10-29,20,Wednesday,False,False,clear,42.95,21,44,47.7
P119,2025-10-30,8,Thursday,False,False,clear,41.63,9,44,20.5
P119,2025-10-31,17,Friday,False,False,clear,35.49,17,44,38.6
P119,2025-11-02,8,Sunday,True,False,clear,46.73,14,44,31.8
P119,2025-11-02,19,Sunday,True,False,rain,49.13,22,44,50.0
P119,2025-11-03,11,Monday,False,False,haze,35.41,11,44,25.0
P119,2025-11-04,7,Tuesday,False,False,clear,33.65,6,44,13.6
P119,2025-11-05,7,Wednesday,False,False,clear,33.59,7,44,15.9
P119,2025-11-07,8,Friday,False,False,clear,39.45,8,44,18.2
P119,2025-11-10,6,Monday,False,False,clear,33.03,8,44,18.2
P119,2025-11-10,17,Monday,False,False,clear,35.63,22,44,50.0
P119,2025-11-10,19,Monday,False,False,cloudy,39.94,19,44,43.2
P119,2025-11-11,8,Tuesday,False,False,clear,39.75,8,44,18.2
P119,2025-11-13,10,Thursday,False,False,clear,34.2,12,44,27.3
P119,2025-11-15,20,Saturday,True,False,cloudy,47.57,19,44,43.2
P119,2025-11-16,8,Sunday,True,False,clear,46.24,13,44,29.5
P119,2025-11-16,16,Sunday,True,False,rain,42.91,17,44,38.6
P119,2025-11-18,10,Tuesday,False,False,clear,34.34,12,44,27.3
P119,2025-11-19,6,Wednesday,False,False,clear,35.82,5,44,11.4
P119,2025-11-19,15,Wednesday,False,False,clear,35.06,15,44,34.1
P119,2025-11-20,16,Thursday,False,False,clear,34.88,20,44,45.5
P119,2025-11-21,12,Friday,False,False,clear,32.73,12,44,27.3
P119,2025-11-21,17,Friday,False,False,clear,34.7,15,44,34.1
P119,2025-11-22,0,Saturday,True,False,fog,39.8,1,44,2.3
P119,2025-11-23,9,Sunday,True,False,clear,45.67,13,44,29.5
P119,2025-11-25,6,Tuesday,False,False,clear,34.22,7,44,15.9
P119,2025-11-25,12,Tuesday,False,False,clear,32.89,11,44,25.0
P119,2025-11-26,6,Wednesday,False,False,clear,36.03,6,44,13.6
P119,2025-11-26,12,Wednesday,False,False,haze,32.84,11,44,25.0
P119,2025-11-27,12,Thursday,False,False,cloudy,35.5,14,44,31.8
P119,2025-11-28,17,Friday,False,False,rain,37.86,16,44,36.4
P119,2025-11-29,4,Saturday,True,False,clear,38.2,1,44,2.3
P119,2025-11-29,7,Saturday,True,False,clear,38.36,9,44,20.5
P119,2025-11-30,8,Sunday,True,False,clear,45.79,10,44,22.7
P119,2025-11-30,11,Sunday,True,False,cloudy,41.24,12,44,27.3
P119,2025-11-30,13,Sunday,True,False,rain,42.9,13,44,29.5
P119,2025-12-01,19,Monday,False,False,clear,39.78,24,44,54.5
P119,2025-12-03,10,Wednesday,False,False,cloudy,34.2,11,44,25.0
P119,2025-12-03,17,Wednesday,False,False,clear,34.29,18,44,40.9
P119,2025-12-03,20,Wednesday,False,False,cloudy,41.58,19,44,43.2
P119,2025-12-03,23,Wednesday,False,False,rain,37.01,2,44,4.5
P119,2025-12-04,16,Thursday,False,False,clear,35.03,20,44,45.5
P119,2025-12-05,9,Friday,False,False,clear,42.77,10,44,22.7
P119,2025-12-06,16,Saturday,True,False,cloudy,38.48,27,44,61.4
P119,2025-12-07,11,Sunday,True,False,rain,41.65,10,44,22.7
P119,2025-12-08,0,Monday,False,False,clear,34.14,1,44,2.3
P119,2025-12-08,12,Monday,False,False,clear,34.83,13,44,29.5
P119,2025-12-08,16,Monday,False,False,fog,33.02,18,44,40.9
P119,2025-12-08,17,Monday,False,False,fog,35.4,14,44,31.8
P119,2025-12-08,20,Monday,False,False,clear,42.27,17,44,38.6
P119,2025-12-09,15,Tuesday,False,False,clear,34.72,16,44,36.4
P119,2025-12-09,19,Tuesday,False,False,clear,41.79,21,44,47.7
P119,2025-12-11,11,Thursday,False,False,rain,39.57,10,44,22.7
P119,2025-12-11,21,Thursday,False,False,rain,38.96,11,44,25.0
P119,2025-12-12,8,Friday,False,False,cloudy,42.77,8,44,18.2
P119,2025-12-12,10,Friday,False,False,clear,33.17,11,44,25.0
P119,2025-12-13,17,Saturday,True,False,clear,40.71,26,44,59.1
P119,2025-12-14,21,Sunday,True,False,clear,39.41,22,44,50.0
P119,2025-12-15,14,Monday,False,False,clear,33.79,14,44,31.8
P119,2025-12-17,8,Wednesday,False,False,rain,43.04,6,44,13.6
P119,2025-12-18,9,Thursday,False,False,clear,39.49,10,44,22.7
P119,2025-12-18,21,Thursday,False,False,clear,33.03,15,44,34.1
P119,2025-12-19,9,Friday,False,False,clear,41.87,9,44,20.5
P119,2025-12-21,13,Sunday,True,False,clear,41.44,19,44,43.2
P119,2025-12-21,17,Sunday,True,False,cloudy,40.15,23,44,52.3
P119,2025-12-22,8,Monday,False,False,clear,42.93,9,44,20.5
P119,2025-12-24,21,Wednesday,False,False,clear,35.42,10,44,22.7
P119,2025-12-25,10,Thursday,False,True,fog,47.36,15,44,34.1
P119,2025-12-27,8,Saturday,True,False,cloudy,44.59,12,44,27.3
P119,2025-12-28,12,Sunday,True,False,clear,41.21,16,44,36.4
P119,2025-12-28,15,Sunday,True,False,fog,40.78,18,44,40.9
P119,2025-12-28,18,Sunday,True,False,fog,48.3,26,44,59.1
P119,2025-12-29,19,Monday,False,False,cloudy,40.09,19,44,43.2
P119,2025-12-30,17,Tuesday,False,False,clear,36.01,19,44,43.2
P119,2026-01-01,18,Thursday,False,False,haze,41.02,17,44,38.6
P119,2026-01-02,7,Friday,False,False,cloudy,33.63,7,44,15.9
P119,2026-01-02,22,Friday,False,False,fog,33.32,9,44,20.5
P119,2026-01-04,10,Sunday,True,False,clear,40.37,14,44,31.8
P119,2026-01-05,19,Monday,False,False,clear,43.22,21,44,47.7
P119,2026-01-07,1,Wednesday,False,False,clear,34.13,1,44,2.3
P119,2026-01-07,17,Wednesday,False,False,rain,36.35,14,44,31.8
P119,2026-01-07,20,Wednesday,False,False,rain,45.33,13,44,29.5
P119,2026-01-08,7,Thursday,False,False,clear,33.03,8,44,18.2
P119,2026-01-09,5,Friday,False,False,clear,35.71,5,44,11.4
P119,2026-01-10,6,Saturday,True,False,cloudy,40.59,7,44,15.9
P119,2026-01-10,18,Saturday,True,False,clear,47.51,32,44,72.7
P119,2026-01-11,15,Sunday,True,False,rain,43.01,16,44,36.4
P119,2026-01-11,21,Sunday,True,False,clear,38.68,21,44,47.7
P119,2026-01-13,9,Tuesday,False,False,clear,40.75,10,44,22.7
P119,2026-01-13,16,Tuesday,False,False,haze,34.57,14,44,31.8
P119,2026-01-13,19,Tuesday,False,False,clear,39.86,22,44,50.0
P119,2026-01-15,10,Thursday,False,False,clear,35.29,10,44,22.7
P119,2026-01-18,15,Sunday,True,False,haze,37.96,25,44,56.8
P119,2026-01-19,2,Monday,False,False,cloudy,35.06,1,44,2.3
P119,2026-01-19,8,Monday,False,False,fog,40.22,6,44,13.6
P119,2026-01-20,12,Tuesday,False,False,clear,33.86,13,44,29.5
P119,2026-01-22,21,Thursday,False,False,cloudy,35.53,13,44,29.5
P119,2026-01-23,12,Friday,False,False,rain,38.74,8,44,18.2
P119,2026-01-24,13,Saturday,True,False,clear,40.93,21,44,47.7
P119,2026-01-26,16,Monday,False,True,clear,49.8,33,44,75.0
P119,2026-01-27,2,Tuesday,False,False,clear,33.33,1,44,2.3
P119,2026-01-27,8,Tuesday,False,False,fog,41.1,8,44,18.2
P119,2026-01-27,9,Tuesday,False,False,clear,41.73,8,44,18.2
P119,2026-01-28,13,Wednesday,False,False,clear,35.33,16,44,36.4
P119,2026-01-28,19,Wednesday,False,False,clear,41.83,23,44,52.3
P120,2025-10-01,10,Wednesday,False,False,cloudy,18.88,23,67,34.3
P120,2025-10-01,13,Wednesday,False,False,rain,20.17,16,67,23.9
P120,2025-10-01,18,Wednesday,False,False,clear,23.27,59,67,88.1
P120,2025-10-02,18,Thursday,False,False,clear,23.41,62,67,92.5
P120,2025-10-03,14,Friday,False,False,clear,17.97,37,67,55.2
P120,2025-10-03,16,Friday,False,False,clear,18.84,51,67,76.1
P120,2025-10-05,14,Sunday,True,False,haze,20.65,49,67,73.1
P120,2025-10-05,22,Sunday,True,False,rain,23.44,20,67,29.9
P120,2025-10-06,12,Monday,False,False,clear,18.01,33,67,49.3
P120,2025-10-07,11,Tuesday,False,False,clear,18.8,26,67,38.8
P120,2025-10-07,15,Tuesday,False,False,clear,17.96,42,67,62.7
P120,2025-10-09,19,Thursday,False,False,clear,22.1,59,67,88.1
P120,2025-10-10,5,Friday,False,False,rain,20.18,8,67,11.9
P120,2025-10-12,11,Sunday,True,False,clear,21.7,36,67,53.7
P120,2025-10-12,17,Sunday,True,False,rain,22.41,35,67,52.2
P120,2025-10-15,9,Wednesday,False,False,clear,22.17,23,67,34.3
P120,2025-10-15,18,Wednesday,False,False,cloudy,22.7,53,67,79.1
P120,2025-10-16,13,Thursday,False,False,fog,18.57,22,67,32.8
P120,2025-10-17,19,Friday,False,False,rain,25.15,26,67,38.8
P120,2025-10-19,6,Sunday,True,False,clear,22.65,22,67,32.8
P120,2025-10-19,9,Sunday,True,False,clear,25.1,28,67,41.8
P120,2025-10-19,13,Sunday,True,False,rain,22.56,21,67,31.3
P120,2025-10-20,17,Monday,False,True,clear,26.82,66,67,98.5
P120,2025-10-20,21,Monday,False,True,fog,26.38,39,67,58.2
P120,2025-10-21,6,Tuesday,False,True,fog,27.52,15,67,22.4
P120,2025-10-22,18,Wednesday,False,False,clear,23.52,56,67,83.6
P120,2025-10-23,16,Thursday,False,False,clear,19.49,46,67,68.7
P120,2025-10-25,10,Saturday,True,False,clear,20.92,38,67,56.7
P120,2025-10-25,16,Saturday,True,False,clear,22.33,59,67,88.1
P120,2025-10-25,22,Saturday,True,False,clear,20.86,37,67,55.2
P120,2025-10-26,18,Sunday,True,False,clear,24.73,66,67,98.5
P120,2025-10-28,17,Tuesday,False,False,clear,18.68,56,67,83.6
P120,2025-10-28,19,Tuesday,False,False,clear,23.64,44,67,65.7
P120,2025-10-28,22,Tuesday,False,False,cloudy,19.0,29,67,43.3
P120,2025-10-28,23,Tuesday,False,False,clear,18.86,6,67,9.0
P120,2025-10-29,10,Wednesday,False,False,rain,21.58,15,67,22.4
P120,2025-10-30,12,Thursday,False,False,rain,21.04,19,67,28.4
P120,2025-11-01,12,Saturday,True,True,clear,30.1,66,67,98.5
P120,2025-11-01,15,Saturday,True,True,clear,29.5,66,67,98.5
P120,2025-11-01,18,Saturday,True,True,clear,31.61,66,67,98.5
P120,2025-11-02,15,Sunday,True,False,clear,22.05,61,67,91.0
P120,2025-11-02,17,Sunday,True,False,rain,24.6,40,67,59.7
P120,2025-11-03,6,Monday,False,False,haze,18.14,15,67,22.4
P120,2025-11-04,11,Tuesday,False,False,clear,19.07,26,67,38.8
P120,2025-11-05,3,Wednesday,False,False,clear,18.97,2,67,3.0
P120,2025-11-07,8,Friday,False,False,rain,24.11,10,67,14.9
P120,2025-11-07,20,Friday,False,False,clear,22.31,36,67,53.7
P120,2025-11-08,8,Saturday,True,False,rain,26.1,14,67,20.9
P120,2025-11-09,11,Sunday,True,False,rain,23.0,22,67,32.8
P120,2025-11-09,17,Sunday,True,False,clear,22.62,66,67,98.5
P120,2025-11-10,8,Monday,False,False,clear,23.27,17,67,25.4
P120,2025-11-11,9,Tuesday,False,False,clear,22.73,21,67,31.3
P120,2025-11-12,15,Wednesday,False,False,cloudy,19.04,41,67,61.2
P120,2025-11-14,8,Friday,False,False,clear,23.62,21,67,31.3
P120,2025-11-15,8,Saturday,True,False,rain,26.82,16,67,23.9
P120,2025-11-15,17,Saturday,True,False,fog,21.74,48,67,71.6
P120,2025-11-16,12,Sunday,True,False,clear,21.71,32,67,47.8
P120,2025-11-17,7,Monday,False,False,clear,19.54,15,67,22.4
P120,2025-11-17,8,Monday,False,False,clear,22.56,20,67,29.9
P120,2025-11-17,11,Monday,False,False,rain,21.28,18,67,26.9
P120,2025-11-20,4,Thursday,False,False,fog,19.29,2,67,3.0
P120,2025-11-20,15,Thursday,False,False,rain,20.29,23,67,34.3
P120,2025-11-21,16,Friday,False,False,clear,17.92,43,67,64.2
P120,2025-11-22,1,Saturday,True,False,clear,20.67,3,67,4.5
P120,2025-11-22,18,Saturday,True,False,fog,25.1,46,67,68.7
P120,2025-11-23,18,Sunday,True,False,cloudy,25.12,64,67,95.5
P120,2025-11-24,11,Monday,False,False,clear,18.95,26,67,38.8
P120,2025-11-26,2,Wednesday,False,False,clear,18.28,2,67,3.0
P120,2025-11-26,17,Wednesday,False,False,fog,18.25,29,67,43.3
P120,2025-11-26,21,Wednesday,False,False,cloudy,18.24,42,67,62.7
P120,2025-11-27,9,Thursday,False,False,rain,23.35,15,67,22.4
P120,2025-11-27,21,Thursday,False,False,rain,21.27,22,67,32.8
P120,2025-11-28,11,Friday,False,False,clear,18.96,26,67,38.8
P120,2025-11-28,17,Friday,False,False,clear,18.59,50,67,74.6
P120,2025-11-28,18,Friday,False,False,clear,21.83,40,67,59.7
P120,2025-11-29,18,Saturday,True,False,rain,28.39,35,67,52.2
P120,2025-11-30,15,Sunday,True,False,cloudy,21.92,53,67,79.1
P120,2025-12-01,20,Monday,False,False,cloudy,23.13,39,67,58.2
P120,2025-12-02,12,Tuesday,False,False,cloudy,17.98,26,67,38.8
P120,2025-12-02,14,Tuesday,False,False,clear,19.68,35,67,52.2
P120,2025-12-02,19,Tuesday,False,False,clear,22.36,48,67,71.6
P120,2025-12-04,2,Thursday,False,False,clear,18.55,2,67,3.0
P120,2025-12-07,6,Sunday,True,False,cloudy,21.85,16,67,23.9
P120,2025-12-08,10,Monday,False,False,fog,18.33,15,67,22.4
P120,2025-12-08,18,Monday,False,False,cloudy,22.47,50,67,74.6
P120,2025-12-09,9,Tuesday,False,False,rain,23.76,14,67,20.9
P120,2025-12-10,18,Wednesday,False,False,haze,22.72,52,67,77.6
P120,2025-12-10,20,Wednesday,False,False,clear,23.0,41,67,61.2
P120,2025-12-14,8,Sunday,True,False,clear,24.68,24,67,35.8
P120,2025-12-15,19,Monday,False,False,clear,22.45,63,67,94.0
P120,2025-12-16,6,Tuesday,False,False,clear,19.0,14,67,20.9
P120,2025-12-16,7,Tuesday,False,False,rain,21.18,10,67,14.9
P120,2025-12-17,7,Wednesday,False,False,rain,20.01,9,67,13.4
P120,2025-12-18,10,Thursday,False,False,clear,18.43,28,67,41.8
P120,2025-12-18,13,Thursday,False,False,clear,19.06,35,67,52.2
P120,2025-12-19,16,Friday,False,False,clear,18.76,37,67,55.2
P120,2025-12-19,17,Friday,False,False,fog,17.97,28,67,41.8
P120,2025-12-20,4,Saturday,True,False,haze,21.21,3,67,4.5
P120,2025-12-20,21,Saturday,True,False,haze,21.04,39,67,58.2
P120,2025-12-20,23,Saturday,True,False,rain,24.67,3,67,4.5
P120,2025-12-22,8,Monday,False,False,rain,24.0,11,67,16.4
P120,2025-12-22,18,Monday,False,False,clear,21.45,45,67,67.2
P120,2025-12-23,5,Tuesday,False,False,clear,19.16,13,67,19.4
P120,2025-12-24,8,Wednesday,False,False,cloudy,23.02,19,67,28.4
P120,2025-12-26,15,Friday,False,False,clear,18.89,30,67,44.8
P120,2025-12-26,21,Friday,False,False,rain,19.91,23,67,34.3
P120,2025-12-27,20,Saturday,True,False,cloudy,24.69,59,67,88.1
P120,2025-12-28,8,Sunday,True,False,clear,26.31,29,67,43.3
P120,2025-12-28,13,Sunday,True,False,clear,21.51,38,67,56.7
P120,2025-12-29,15,Monday,False,False,fog,19.33,22,67,32.8
P120,2025-12-29,17,Monday,False,False,clear,19.69,49,67,73.1
P120,2025-12-29,18,Monday,False,False,clear,21.6,47,67,70.1
P120,2025-12-30,13,Tuesday,False,False,cloudy,18.86,32,67,47.8
P120,2025-12-30,16,Tuesday,False,False,rain,19.81,32,67,47.8
P120,2025-12-30,19,Tuesday,False,False,rain,25.19,30,67,44.8
P120,2026-01-01,6,Thursday,False,False,clear,18.3,13,67,19.4
P120,2026-01-01,11,Thursday,False,False,cloudy,18.39,21,67,31.3
P120,2026-01-01,17,Thursday,False,False,fog,18.37,38,67,56.7
P120,2026-01-03,21,Saturday,True,False,rain,23.33,22,67,32.8
P120,2026-01-04,15,Sunday,True,False,cloudy,21.32,52,67,77.6
P120,2026-01-04,17,Sunday,True,False,cloudy,21.84,66,67,98.5
P120,2026-01-04,18,Sunday,True,False,clear,24.64,66,67,98.5
P120,2026-01-05,8,Monday,False,False,clear,22.11,22,67,32.8
P120,2026-01-06,2,Tuesday,False,False,fog,18.3,1,67,1.5
P120,2026-01-06,12,Tuesday,False,False,rain,19.84,18,67,26.9
P120,2026-01-06,21,Tuesday,False,False,rain,19.47,24,67,35.8
P120,2026-01-07,17,Wednesday,False,False,clear,19.25,49,67,73.1
P120,2026-01-08,10,Thursday,False,False,clear,19.05,21,67,31.3
P120,2026-01-08,21,Thursday,False,False,clear,18.85,42,67,62.7
P120,2026-01-09,18,Friday,False,False,clear,22.53,51,67,76.1
P120,2026-01-10,10,Saturday,True,False,rain,22.64,21,67,31.3
P120,2026-01-10,16,Saturday,True,False,fog,21.65,36,67,53.7
P120,2026-01-10,18,Saturday,True,False,rain,26.77,43,67,64.2
P120,2026-01-11,7,Sunday,True,False,clear,21.55,17,67,25.4
P120,2026-01-11,9,Sunday,True,False,clear,24.55,24,67,35.8
P120,2026-01-12,19,Monday,False,False,clear,22.44,59,67,88.1
P120,2026-01-13,4,Tuesday,False,False,cloudy,18.95,2,67,3.0
P120,2026-01-13,7,Tuesday,False,False,clear,19.13,14,67,20.9
P120,2026-01-14,20,Wednesday,False,True,clear,30.42,66,67,98.5
P120,2026-01-15,5,Thursday,False,False,clear,17.98,13,67,19.4
P120,2026-01-15,10,Thursday,False,False,cloudy,18.17,27,67,40.3
P120,2026-01-17,17,Saturday,True,False,rain,23.5,36,67,53.7
P120,2026-01-18,6,Sunday,True,False,rain,24.65,11,67,16.4
P120,2026-01-18,16,Sunday,True,False,clear,20.65,47,67,70.1
P120,2026-01-19,20,Monday,False,False,rain,25.14,28,67,41.8
P120,2026-01-21,8,Wednesday,False,False,clear,23.15,17,67,25.4
P120,2026-01-21,19,Wednesday,False,False,rain,25.13,25,67,37.3
P120,2026-01-22,18,Thursday,False,False,clear,23.07,50,67,74.6
P120,2026-01-23,18,Friday,False,False,clear,22.74,48,67,71.6
P120,2026-01-24,14,Saturday,True,False,cloudy,22.45,45,67,67.2
P120,2026-01-25,9,Sunday,True,False,rain,26.17,17,67,25.4
P120,2026-01-25,15,Sunday,True,False,clear,22.29,53,67,79.1
P120,2026-01-26,2,Monday,False,True,rain,29.3,2,67,3.0
P120,2026-01-27,19,Tuesday,False,False,cloudy,22.29,42,67,62.7
P121,2025-10-01,6,Wednesday,False,False,clear,31.25,5,47,10.6
P121,2025-10-01,8,Wednesday,False,False,rain,38.29,5,47,10.6
P121,2025-10-02,3,Thursday,False,False,fog,29.2,1,47,2.1
P121,2025-10-02,18,Thursday,False,False,clear,36.66,17,47,36.2
P121,2025-10-03,4,Friday,False,False,rain,33.33,1,47,2.1
P121,2025-10-05,20,Sunday,True,False,rain,43.59,15,47,31.9
P121,2025-10-08,17,Wednesday,False,False,clear,30.6,19,47,40.4
P121,2025-10-08,21,Wednesday,False,False,clear,29.39,10,47,21.3
P121,2025-10-09,0,Thursday,False,False,rain,34.38,1,47,2.1
P121,2025-10-09,18,Thursday,False,False,haze,35.58,17,47,36.2
P121,2025-10-09,20,Thursday,False,False,clear,35.8,17,47,36.2
P121,2025-10-09,21,Thursday,False,False,fog,28.88,15,47,31.9
P121,2025-10-10,7,Friday,False,False,rain,33.29,5,47,10.6
P121,2025-10-11,4,Saturday,True,False,clear,32.69,1,47,2.1
P121,2025-10-12,12,Sunday,True,False,clear,35.38,13,47,27.7
P121,2025-10-12,20,Sunday,True,False,haze,40.63,20,47,42.6
P121,2025-10-13,9,Monday,False,False,clear,35.34,8,47,17.0
P121,2025-10-13,10,Monday,False,False,clear,29.21,7,47,14.9
P121,2025-10-13,12,Monday,False,False,clear,29.84,11,47,23.4
P121,2025-10-14,8,Tuesday,False,False,clear,35.88,7,47,14.9
P121,2025-10-15,18,Wednesday,False,False,clear,37.16,17,47,36.2
P121,2025-10-15,22,Wednesday,False,False,rain,33.66,8,47,17.0
P121,2025-10-16,13,Thursday,False,False,clear,30.96,11,47,23.4
P121,2025-10-17,7,Friday,False,False,cloudy,30.49,6,47,12.8
P121,2025-10-17,12,Friday,False,False,clear,28.36,13,47,27.7
P121,2025-10-17,16,Friday,False,False,fog,28.81,15,47,31.9
P121,2025-10-18,5,Saturday,True,False,clear,33.43,6,47,12.8
P121,2025-10-19,14,Sunday,True,False,cloudy,33.7,20,47,42.6
P121,2025-10-19,19,Sunday,True,False,cloudy,39.69,24,47,51.1
P121,2025-10-20,3,Monday,False,True,fog,41.29,1,47,2.1
P121,2025-10-20,6,Monday,False,True,rain,42.61,5,47,10.6
P121,2025-10-21,11,Tuesday,False,True,cloudy,41.82,16,47,34.0
P121,2025-10-21,19,Tuesday,False,True,clear,46.5,30,47,63.8
P121,2025-10-24,12,Friday,False,False,fog,29.94,9,47,19.1
P121,2025-10-24,19,Friday,False,False,haze,37.54,19,47,40.4
P121,2025-10-25,10,Saturday,True,False,fog,33.8,11,47,23.4
P121,2025-10-26,12,Sunday,True,False,cloudy,33.44,15,47,31.9
P121,2025-10-27,18,Monday,False,False,clear,35.6,18,47,38.3
P121,2025-10-28,14,Tuesday,False,False,clear,29.01,14,47,29.8
P121,2025-10-29,9,Wednesday,False,False,clear,37.16,6,47,12.8
P121,2025-10-30,18,Thursday,False,False,clear,37.58,20,47,42.6
P121,2025-10-30,19,Thursday,False,False,cloudy,34.76,17,47,36.2
P121,2025-10-31,16,Friday,False,False,clear,30.39,17,47,36.2
P121,2025-11-01,2,Saturday,True,True,clear,47.99,2,47,4.3
P121,2025-11-01,10,Saturday,True,True,clear,47.43,19,47,40.4
P121,2025-11-01,11,Saturday,True,True,cloudy,44.73,17,47,36.2
P121,2025-11-01,17,Saturday,True,True,rain,48.38,27,47,57.4
P121,2025-11-02,16,Sunday,True,False,clear,33.72,25,47,53.2
P121,2025-11-03,15,Monday,False,False,clear,30.04,15,47,31.9
P121,2025-11-04,14,Tuesday,False,False,cloudy,29.06,11,47,23.4
P121,2025-11-05,18,Wednesday,False,False,cloudy,36.2,16,47,34.0
P121,2025-11-06,0,Thursday,False,False,clear,30.59,1,47,2.1
P121,2025-11-06,20,Thursday,False,False,clear,36.58,16,47,34.0
P121,2025-11-07,7,Friday,False,False,clear,29.56,5,47,10.6
P121,2025-11-07,13,Friday,False,False,rain,31.47,10,47,21.3
P121,2025-11-07,20,Friday,False,False,haze,36.34,14,47,29.8
P121,2025-11-08,16,Saturday,True,False,clear,34.85,16,47,34.0
P121,2025-11-08,18,Saturday,True,False,clear,40.76,29,47,61.7
P121,2025-11-10,19,Monday,False,False,clear,34.75,15,47,31.9
P121,2025-11-11,17,Tuesday,False,False,haze,28.55,16,47,34.0
P121,2025-11-12,16,Wednesday,False,False,clear,28.88,16,47,34.0
P121,2025-11-13,13,Thursday,False,False,rain,32.89,9,47,19.1
P121,2025-11-14,8,Friday,False,False,clear,36.75,8,47,17.0
P121,2025-11-17,12,Monday,False,False,clear,31.01,12,47,25.5
P121,2025-11-19,11,Wednesday,False,False,cloudy,31.33,11,47,23.4
P121,2025-11-23,17,Sunday,True,False,clear,32.69,22,47,46.8
P121,2025-11-23,19,Sunday,True,False,clear,40.94,26,47,55.3
P121,2025-11-24,6,Monday,False,False,clear,30.55,5,47,10.6
P121,2025-11-24,15,Monday,False,False,fog,30.38,10,47,21.3
P121,2025-11-25,16,Tuesday,False,False,rain,33.62,10,47,21.3
P121,2025-11-26,9,Wednesday,False,False,clear,34.09,8,47,17.0
P121,2025-11-27,8,Thursday,False,False,cloudy,35.62,8,47,17.0
P121,2025-11-27,18,Thursday,False,False,clear,37.22,19,47,40.4
P121,2025-11-27,19,Thursday,False,False,clear,36.52,18,47,38.3
P121,2025-11-28,8,Friday,False,False,clear,37.38,7,47,14.9
P121,2025-11-28,13,Friday,False,False,clear,29.42,11,47,23.4
P121,2025-11-30,8,Sunday,True,False,rain,41.2,6,47,12.8
P121,2025-11-30,20,Sunday,True,False,cloudy,41.98,23,47,48.9
P121,2025-12-01,13,Monday,False,False,clear,31.22,11,47,23.4
P121,2025-12-02,15,Tuesday,False,False,clear,29.51,16,47,34.0
P121,2025-12-02,16,Tuesday,False,False,clear,30.55,13,47,27.7
P121,2025-12-02,20,Tuesday,False,False,rain,39.55,13,47,27.7
P121,2025-12-04,8,Thursday,False,False,fog,37.01,6,47,12.8
P121,2025-12-04,14,Thursday,False,False,rain,33.36,11,47,23.4
P121,2025-12-04,20,Thursday,False,False,clear,35.5,16,47,34.0
P121,2025-12-05,10,Friday,False,False,clear,30.99,9,47,19.1
P121,2025-12-06,9,Saturday,True,False,clear,41.56,12,47,25.5
P121,2025-12-06,20,Saturday,True,False,rain,43.05,13,47,27.7
P121,2025-12-06,21,Saturday,True,False,fog,34.33,16,47,34.0
P121,2025-12-07,12,Sunday,True,False,clear,36.0,15,47,31.9
P121,2025-12-07,14,Sunday,True,False,rain,38.14,15,47,31.9
P121,2025-12-07,17,Sunday,True,False,fog,34.52,17,47,36.2
P121,2025-12-07,18,Sunday,True,False,clear,41.7,23,47,48.9
P121,2025-12-08,8,Monday,False,False,cloudy,35.67,8,47,17.0
P121,2025-12-10,13,Wednesday,False,False,clear,28.71,13,47,27.7
P121,2025-12-12,10,Friday,False,False,haze,30.05,8,47,17.0
P121,2025-12-12,20,Friday,False,False,rain,36.97,15,47,31.9
P121,2025-12-12,21,Friday,False,False,clear,30.36,15,47,31.9
P121,2025-12-13,20,Saturday,True,False,clear,41.06,28,47,59.6
P121,2025-12-15,1,Monday,False,False,clear,29.45,1,47,2.1
P121,2025-12-15,9,Monday,False,False,rain,39.11,5,47,10.6
P121,2025-12-15,13,Monday,False,False,fog,28.58,13,47,27.7
P121,2025-12-16,13,Tuesday,False,False,clear,30.36,11,47,23.4
P121,2025-12-16,17,Tuesday,False,False,clear,30.41,19,47,40.4
P121,2025-12-17,16,Wednesday,False,False,clear,28.63,14,47,29.8
P121,2025-12-18,8,Thursday,False,False,cloudy,35.44,5,47,10.6
P121,2025-12-18,16,Thursday,False,False,clear,29.15,19,47,40.4
P121,2025-12-18,20,Thursday,False,False,fog,35.1,13,47,27.7
P121,2025-12-19,6,Friday,False,False,clear,30.88,5,47,10.6
P121,2025-12-19,8,Friday,False,False,rain,38.22,6,47,12.8
P121,2025-12-20,7,Saturday,True,False,fog,33.45,5,47,10.6
P121,2025-12-20,10,Saturday,True,False,clear,35.61,16,47,34.0
P121,2025-12-20,12,Saturday,True,False,clear,34.31,16,47,34.0
P121,2025-12-21,14,Sunday,True,False,clear,32.91,19,47,40.4
P121,2025-12-21,18,Sunday,True,False,clear,41.31,28,47,59.6
P121,2025-12-22,6,Monday,False,False,clear,28.73,5,47,10.6
P121,2025-12-23,7,Tuesday,False,False,clear,29.26,5,47,10.6
P121,2025-12-26,6,Friday,False,False,cloudy,30.18,5,47,10.6
P121,2025-12-26,16,Friday,False,False,clear,30.33,15,47,31.9
P121,2025-12-27,21,Saturday,True,False,rain,37.91,15,47,31.9
P121,2025-12-28,18,Sunday,True,False,fog,41.14,20,47,42.6
P121,2025-12-30,8,Tuesday,False,False,clear,34.84,7,47,14.9
P121,2025-12-30,11,Tuesday,False,False,fog,28.5,9,47,19.1
P121,2025-12-31,9,Wednesday,False,False,clear,35.76,7,47,14.9
P121,2025-12-31,19,Wednesday,False,False,clear,37.17,19,47,40.4
P121,2026-01-01,8,Thursday,False,False,clear,36.53,8,47,17.0
P121,2026-01-02,9,Friday,False,False,clear,35.44,8,47,17.0
P121,2026-01-03,7,Saturday,True,False,clear,34.67,8,47,17.0
P121,2026-01-04,0,Sunday,True,False,rain,36.43,1,47,2.1
P121,2026-01-04,5,Sunday,True,False,cloudy,33.67,5,47,10.6
P121,2026-01-04,7,Sunday,True,False,clear,35.84,8,47,17.0
P121,2026-01-06,21,Tuesday,False,False,clear,29.9,11,47,23.4
P121,2026-01-08,8,Thursday,False,False,fog,36.39,7,47,14.9
P121,2026-01-08,16,Thursday,False,False,clear,29.81,17,47,36.2
P121,2026-01-10,9,Saturday,True,False,clear,40.95,10,47,21.3
P121,2026-01-12,18,Monday,False,False,rain,37.44,13,47,27.7
P121,2026-01-13,10,Tuesday,False,False,cloudy,28.79,10,47,21.3
P121,2026-01-14,9,Wednesday,False,True,clear,49.56,13,47,27.7
P121,2026-01-16,18,Friday,False,False,clear,37.33,22,47,46.8
P121,2026-01-17,18,Saturday,True,False,clear,42.01,25,47,53.2
P121,2026-01-19,9,Monday,False,False,fog,34.93,7,47,14.9
P121,2026-01-19,19,Monday,False,False,clear,37.2,18,47,38.3
P121,2026-01-19,21,Monday,False,False,rain,33.33,13,47,27.7
P121,2026-01-21,5,Wednesday,False,False,clear,30.19,3,47,6.4
P121,2026-01-21,14,Wednesday,False,False,clear,30.29,15,47,31.9
P121,2026-01-21,17,Wednesday,False,False,clear,30.36,18,47,38.3
P121,2026-01-22,3,Thursday,False,False,clear,28.6,1,47,2.1
P121,2026-01-22,7,Thursday,False,False,rain,33.8,4,47,8.5
P121,2026-01-24,20,Saturday,True,False,clear,39.65,22,47,46.8
P121,2026-01-25,19,Sunday,True,False,haze,41.27,24,47,51.1
P121,2026-01-26,11,Monday,False,True,clear,42.32,17,47,36.2
P121,2026-01-26,19,Monday,False,True,rain,53.23,21,47,44.7
P121,2026-01-27,17,Tuesday,False,False,clear,28.95,14,47,29.8
P121,2026-01-27,18,Tuesday,False,False,clear,37.06,20,47,42.6
P121,2026-01-27,19,Tuesday,False,False,clear,35.05,16,47,34.0
P121,2026-01-28,7,Wednesday,False,False,clear,29.72,5,47,10.6
P121,2026-01-28,19,Wednesday,False,False,cloudy,35.08,16,47,34.0
P122,2025-10-01,19,Wednesday,False,False,rain,52.81,9,21,42.9
P122,2025-10-01,20,Wednesday,False,False,clear,50.7,17,21,81.0
P122,2025-10-02,11,Thursday,False,False,clear,40.13,9,21,42.9
P122,2025-10-04,14,Saturday,True,False,clear,47.96,18,21,85.7
P122,2025-10-05,8,Sunday,True,False,fog,53.96,6,21,28.6
P122,2025-10-06,19,Monday,False,False,cloudy,50.3,13,21,61.9
P122,2025-10-07,16,Tuesday,False,False,clear,43.06,16,21,76.2
P122,2025-10-08,22,Wednesday,False,False,clear,40.2,9,21,42.9
P122,2025-10-08,23,Wednesday,False,False,rain,45.4,1,21,4.8
P122,2025-10-09,19,Thursday,False,False,clear,51.45,14,21,66.7
P122,2025-10-09,21,Thursday,False,False,cloudy,42.43,15,21,71.4
P122,2025-10-10,13,Friday,False,False,clear,40.64,11,21,52.4
P122,2025-10-12,12,Sunday,True,False,clear,49.81,14,21,66.7
P122,2025-10-12,15,Sunday,True,False,fog,50.16,12,21,57.1
P122,2025-10-13,7,Monday,False,False,clear,42.96,7,21,33.3
P122,2025-10-15,11,Wednesday,False,False,clear,39.51,12,21,57.1
P122,2025-10-15,20,Wednesday,False,False,clear,51.17,17,21,81.0
P122,2025-10-17,7,Friday,False,False,clear,40.08,6,21,28.6
P122,2025-10-18,9,Saturday,True,False,clear,54.76,13,21,61.9
P122,2025-10-19,15,Sunday,True,False,clear,48.17,21,21,100.0
P122,2025-10-20,9,Monday,False,True,clear,67.01,13,21,61.9
P122,2025-10-20,20,Monday,False,True,clear,65.2,21,21,100.0
P122,2025-10-21,20,Tuesday,False,True,clear,66.26,21,21,100.0
P122,2025-10-22,8,Wednesday,False,False,clear,51.63,5,21,23.8
P122,2025-10-23,22,Thursday,False,False,rain,45.27,6,21,28.6
P122,2025-10-24,16,Friday,False,False,rain,46.49,8,21,38.1
P122,2025-10-24,18,Friday,False,False,rain,53.21,11,21,52.4
P122,2025-10-25,11,Saturday,True,False,cloudy,49.71,14,21,66.7
P122,2025-10-27,7,Monday,False,False,fog,40.52,4,21,19.0
P122,2025-10-29,22,Wednesday,False,False,cloudy,43.04,11,21,52.4
P122,2025-10-30,8,Thursday,False,False,clear,49.74,7,21,33.3
P122,2025-10-31,10,Friday,False,False,clear,40.55,10,21,47.6
P122,2025-10-31,11,Friday,False,False,clear,42.03,10,21,47.6
P122,2025-11-01,13,Saturday,True,True,cloudy,63.46,21,21,100.0
P122,2025-11-02,17,Sunday,True,False,clear,45.93,21,21,100.0
P122,2025-11-03,8,Monday,False,False,clear,47.87,7,21,33.3
P122,2025-11-04,5,Tuesday,False,False,fog,42.33,3,21,14.3
P122,2025-11-04,7,Tuesday,False,False,cloudy,43.29,5,21,23.8
P122,2025-11-04,20,Tuesday,False,False,haze,48.78,19,21,90.5
P122,2025-11-05,7,Wednesday,False,False,clear,42.56,7,21,33.3
P122,2025-11-05,18,Wednesday,False,False,rain,51.94,10,21,47.6
P122,2025-11-07,6,Friday,False,False,clear,42.54,5,21,23.8
P122,2025-11-07,12,Friday,False,False,clear,42.91,13,21,61.9
P122,2025-11-09,9,Sunday,True,False,fog,53.62,7,21,33.3
P122,2025-11-09,19,Sunday,True,False,cloudy,58.33,21,21,100.0
P122,2025-11-10,12,Monday,False,False,cloudy,39.67,10,21,47.6
P122,2025-11-10,14,Monday,False,False,clear,42.84,13,21,61.9
P122,2025-11-10,18,Monday,False,False,clear,50.75,20,21,95.2
P122,2025-11-10,19,Monday,False,False,cloudy,50.04,17,21,81.0
P122,2025-11-10,20,Monday,False,False,clear,49.7,17,21,81.0
P122,2025-11-11,7,Tuesday,False,False,haze,42.81,6,21,28.6
P122,2025-11-11,15,Tuesday,False,False,fog,39.51,9,21,42.9
P122,2025-11-12,8,Wednesday,False,False,clear,50.66,7,21,33.3
P122,2025-11-15,21,Saturday,True,False,fog,46.33,13,21,61.9
P122,2025-11-17,18,Monday,False,False,clear,51.44,20,21,95.2
P122,2025-11-18,16,Tuesday,False,False,rain,47.33,10,21,47.6
P122,2025-11-18,20,Tuesday,False,False,clear,47.52,17,21,81.0
P122,2025-11-20,19,Thursday,False,False,haze,49.25,16,21,76.2
P122,2025-11-22,7,Saturday,True,False,fog,45.99,5,21,23.8
P122,2025-11-23,8,Sunday,True,False,fog,55.12,6,21,28.6
P122,2025-11-23,12,Sunday,True,False,rain,53.17,8,21,38.1
P122,2025-11-24,22,Monday,False,False,clear,42.81,11,21,52.4
P122,2025-11-26,2,Wednesday,False,False,clear,43.67,1,21,4.8
P122,2025-11-26,18,Wednesday,False,False,cloudy,49.13,18,21,85.7
P122,2025-11-26,20,Wednesday,False,False,cloudy,51.41,15,21,71.4
P122,2025-11-27,17,Thursday,False,False,clear,42.62,18,21,85.7
P122,2025-11-28,12,Friday,False,False,rain,47.56,6,21,28.6
P122,2025-11-28,19,Friday,False,False,clear,51.65,17,21,81.0
P122,2025-11-28,20,Friday,False,False,clear,51.27,19,21,90.5
P122,2025-11-29,5,Saturday,True,False,clear,46.1,6,21,28.6
P122,2025-11-29,15,Saturday,True,False,clear,45.93,14,21,66.7
P122,2025-11-30,4,Sunday,True,False,cloudy,48.5,1,21,4.8
P122,2025-11-30,17,Sunday,True,False,clear,49.45,21,21,100.0
P122,2025-12-01,8,Monday,False,False,clear,50.33,6,21,28.6
P122,2025-12-02,19,Tuesday,False,False,cloudy,48.21,20,21,95.2
P122,2025-12-02,20,Tuesday,False,False,rain,54.96,11,21,52.4
P122,2025-12-02,23,Tuesday,False,False,clear,41.53,2,21,9.5
P122,2025-12-03,8,Wednesday,False,False,rain,52.47,4,21,19.0
P122,2025-12-03,20,Wednesday,False,False,rain,55.52,9,21,42.9
P122,2025-12-05,13,Friday,False,False,clear,43.3,9,21,42.9
P122,2025-12-05,15,Friday,False,False,clear,39.85,14,21,66.7
P122,2025-12-06,7,Saturday,True,False,clear,46.26,7,21,33.3
P122,2025-12-08,18,Monday,False,False,rain,53.52,12,21,57.1
P122,2025-12-09,7,Tuesday,False,False,clear,43.32,5,21,23.8
P122,2025-12-11,14,Thursday,False,False,rain,44.61,7,21,33.3
P122,2025-12-12,9,Friday,False,False,clear,50.81,6,21,28.6
P122,2025-12-13,14,Saturday,True,False,clear,48.45,21,21,100.0
P122,2025-12-14,0,Sunday,True,False,rain,51.0,0,21,0.0
P122,2025-12-14,16,Sunday,True,False,fog,49.0,14,21,66.7
P122,2025-12-15,8,Monday,False,False,clear,50.22,7,21,33.3
P122,2025-12-15,16,Monday,False,False,cloudy,43.16,15,21,71.4
P122,2025-12-17,12,Wednesday,False,False,cloudy,40.78,11,21,52.4
P122,2025-12-17,14,Wednesday,False,False,clear,40.68,14,21,66.7
P122,2025-12-20,18,Saturday,True,False,cloudy,58.46,21,21,100.0
P122,2025-12-21,18,Sunday,True,False,rain,57.32,13,21,61.9
P122,2025-12-21,19,Sunday,True,False,fog,55.55,14,21,66.7
P122,2025-12-22,10,Monday,False,False,clear,40.44,8,21,38.1
P122,2025-12-22,15,Monday,False,False,haze,43.27,14,21,66.7
P122,2025-12-24,11,Wednesday,False,False,clear,42.68,9,21,42.9
P122,2025-12-24,19,Wednesday,False,False,rain,56.19,11,21,52.4
P122,2025-12-26,17,Friday,False,False,cloudy,41.05,16,21,76.2
P122,2025-12-27,7,Saturday,True,False,clear,47.08,8,21,38.1
P122,2025-12-27,8,Saturday,True,False,fog,54.48,6,21,28.6
P122,2025-12-29,17,Monday,False,False,haze,40.25,17,21,81.0
P122,2025-12-30,7,Tuesday,False,False,haze,41.29,5,21,23.8
P122,2025-12-30,19,Tuesday,False,False,clear,50.84,16,21,76.2
P122,2025-12-31,14,Wednesday,False,False,clear,42.42,14,21,66.7
P122,2026-01-02,20,Friday,False,False,cloudy,49.79,18,21,85.7
P122,2026-01-02,21,Friday,False,False,fog,41.56,9,21,42.9
P122,2026-01-03,9,Saturday,True,False,clear,53.87,9,21,42.9
P122,2026-01-03,17,Saturday,True,False,haze,46.52,21,21,100.0
P122,2026-01-04,23,Sunday,True,False,rain,52.07,1,21,4.8
P122,2026-01-08,17,Thursday,False,False,clear,41.39,18,21,85.7
P122,2026-01-08,18,Thursday,False,False,clear,49.15,16,21,76.2
P122,2026-01-09,8,Friday,False,False,rain,51.68,4,21,19.0
P122,2026-01-10,8,Saturday,True,False,fog,55.05,5,21,23.8
P122,2026-01-10,20,Saturday,True,False,clear,55.82,21,21,100.0
P122,2026-01-11,15,Sunday,True,False,rain,53.81,12,21,57.1
P122,2026-01-12,5,Monday,False,False,clear,43.62,4,21,19.0
P122,2026-01-12,16,Monday,False,False,cloudy,39.69,14,21,66.7
P122,2026-01-12,18,Monday,False,False,clear,48.34,16,21,76.2
P122,2026-01-13,7,Tuesday,False,False,fog,41.28,4,21,19.0
P122,2026-01-13,21,Tuesday,False,False,rain,47.9,7,21,33.3
P122,2026-01-16,7,Friday,False,False,clear,42.9,5,21,23.8
P122,2026-01-17,9,Saturday,True,False,rain,62.45,6,21,28.6
P122,2026-01-19,8,Monday,False,False,rain,54.75,4,21,19.0
P122,2026-01-19,21,Monday,False,False,clear,42.67,14,21,66.7
P122,2026-01-21,8,Wednesday,False,False,clear,48.14,5,21,23.8
P122,2026-01-24,5,Saturday,True,False,clear,47.46,6,21,28.6
P122,2026-01-24,10,Saturday,True,False,clear,46.41,12,21,57.1
P122,2026-01-24,15,Saturday,True,False,rain,49.82,11,21,52.4
P122,2026-01-25,15,Sunday,True,False,clear,46.58,21,21,100.0
P122,2026-01-25,17,Sunday,True,False,cloudy,49.4,21,21,100.0
P122,2026-01-26,4,Monday,False,True,fog,58.5,1,21,4.8
P122,2026-01-27,5,Tuesday,False,False,clear,43.26,4,21,19.0
P122,2026-01-27,9,Tuesday,False,False,cloudy,47.44,8,21,38.1
P122,2026-01-27,19,Tuesday,False,False,clear,50.05,17,21,81.0
P122,2026-01-28,6,Wednesday,False,False,clear,41.51,5,21,23.8
P122,2026-01-28,8,Wednesday,False,False,haze,48.68,8,21,38.1
P123,2025-10-02,17,Thursday,False,False,cloudy,50.0,15,26,57.7
P123,2025-10-03,0,Friday,False,False,clear,47.87,1,26,3.8
P123,2025-10-04,18,Saturday,True,False,clear,64.82,21,26,80.8
P123,2025-10-05,7,Sunday,True,False,clear,56.12,7,26,26.9
P123,2025-10-06,19,Monday,False,False,rain,63.67,10,26,38.5
P123,2025-10-07,7,Tuesday,False,False,cloudy,49.47,4,26,15.4
P123,2025-10-08,17,Wednesday,False,False,clear,47.83,16,26,61.5
P123,2025-10-08,18,Wednesday,False,False,clear,58.1,15,26,57.7
P123,2025-10-08,20,Wednesday,False,False,cloudy,59.8,14,26,53.8
P123,2025-10-10,19,Friday,False,False,clear,60.13,12,26,46.2
P123,2025-10-12,9,Sunday,True,False,cloudy,67.49,9,26,34.6
P123,2025-10-13,8,Monday,False,False,rain,63.07,4,26,15.4
P123,2025-10-13,17,Monday,False,False,clear,52.13,15,26,57.7
P123,2025-10-15,18,Wednesday,False,False,clear,58.55,17,26,65.4
P123,2025-10-17,11,Friday,False,False,clear,48.58,9,26,34.6
P123,2025-10-18,6,Saturday,True,False,rain,65.68,4,26,15.4
P123,2025-10-19,3,Sunday,True,False,clear,59.2,1,26,3.8
P123,2025-10-19,13,Sunday,True,False,cloudy,59.64,14,26,53.8
P123,2025-10-20,1,Monday,False,True,fog,69.13,1,26,3.8
P123,2025-10-21,20,Tuesday,False,True,clear,76.37,19,26,73.1
P123,2025-10-22,12,Wednesday,False,False,cloudy,52.23,10,26,38.5
P123,2025-10-23,19,Thursday,False,False,clear,62.48,16,26,61.5
P123,2025-10-26,13,Sunday,True,False,clear,59.52,13,26,50.0
P123,2025-10-26,17,Sunday,True,False,haze,57.62,22,26,84.6
P123,2025-10-27,2,Monday,False,False,clear,48.85,1,26,3.8
P123,2025-10-28,17,Tuesday,False,False,cloudy,48.44,14,26,53.8
P123,2025-10-29,3,Wednesday,False,False,clear,49.03,1,26,3.8
P123,2025-10-29,20,Wednesday,False,False,clear,62.35,13,26,50.0
P123,2025-10-30,19,Thursday,False,False,clear,60.83,16,26,61.5
P123,2025-10-31,1,Friday,False,False,fog,49.37,1,26,3.8
P123,2025-11-02,8,Sunday,True,False,clear,67.42,7,26,26.9
P123,2025-11-02,18,Sunday,True,False,clear,65.7,18,26,69.2
P123,2025-11-04,20,Tuesday,False,False,clear,58.25,17,26,65.4
P123,2025-11-06,4,Thursday,False,False,cloudy,49.33,1,26,3.8
P123,2025-11-06,8,Thursday,False,False,rain,63.02,4,26,15.4
P123,2025-11-06,13,Thursday,False,False,clear,51.99,9,26,34.6
P123,2025-11-07,8,Friday,False,False,clear,61.37,5,26,19.2
P123,2025-11-07,12,Friday,False,False,fog,51.82,8,26,30.8
P123,2025-11-08,18,Saturday,True,False,rain,71.88,16,26,61.5
P123,2025-11-09,8,Sunday,True,False,clear,68.02,7,26,26.9
P123,2025-11-09,20,Sunday,True,False,rain,69.43,15,26,57.7
P123,2025-11-10,8,Monday,False,False,cloudy,58.8,6,26,23.1
P123,2025-11-10,21,Monday,False,False,clear,49.48,12,26,46.2
P123,2025-11-11,8,Tuesday,False,False,clear,60.71,5,26,19.2
P123,2025-11-11,18,Tuesday,False,False,fog,57.46,17,26,65.4
P123,2025-11-12,4,Wednesday,False,False,clear,48.5,1,26,3.8
P123,2025-11-12,17,Wednesday,False,False,clear,50.76,17,26,65.4
P123,2025-11-12,20,Wednesday,False,False,clear,60.04,14,26,53.8
P123,2025-11-13,8,Thursday,False,False,clear,62.99,5,26,19.2
P123,2025-11-13,13,Thursday,False,False,clear,51.82,9,26,34.6
P123,2025-11-13,17,Thursday,False,False,clear,49.4,15,26,57.7
P123,2025-11-15,1,Saturday,True,False,clear,55.16,1,26,3.8
P123,2025-11-15,19,Saturday,True,False,clear,67.6,18,26,69.2
P123,2025-11-17,7,Monday,False,False,clear,51.31,6,26,23.1
P123,2025-11-17,9,Monday,False,False,haze,59.1,6,26,23.1
P123,2025-11-17,12,Monday,False,False,cloudy,48.34,8,26,30.8
P123,2025-11-17,17,Monday,False,False,cloudy,49.03,16,26,61.5
P123,2025-11-20,4,Thursday,False,False,clear,49.11,1,26,3.8
P123,2025-11-20,17,Thursday,False,False,fog,50.73,14,26,53.8
P123,2025-11-21,11,Friday,False,False,cloudy,52.16,9,26,34.6
P123,2025-11-22,10,Saturday,True,False,clear,59.27,10,26,38.5
P123,2025-11-23,14,Sunday,True,False,clear,60.25,13,26,50.0
P123,2025-11-23,17,Sunday,True,False,cloudy,55.4,17,26,65.4
P123,2025-11-24,9,Monday,False,False,clear,57.77,7,26,26.9
P123,2025-11-25,10,Tuesday,False,False,rain,52.72,5,26,19.2
P123,2025-11-26,12,Wednesday,False,False,cloudy,50.89,7,26,26.9
P123,2025-11-26,19,Wednesday,False,False,clear,57.57,15,26,57.7
P123,2025-11-27,7,Thursday,False,False,clear,51.65,6,26,23.1
P123,2025-11-27,15,Thursday,False,False,clear,50.56,11,26,42.3
P123,2025-11-29,13,Saturday,True,False,cloudy,59.61,15,26,57.7
P123,2025-11-30,12,Sunday,True,False,clear,60.0,11,26,42.3
P123,2025-12-01,7,Monday,False,False,clear,48.65,5,26,19.2
P123,2025-12-01,8,Monday,False,False,clear,57.82,5,26,19.2
P123,2025-12-02,18,Tuesday,False,False,cloudy,62.16,14,26,53.8
P123,2025-12-03,12,Wednesday,False,False,cloudy,51.52,9,26,34.6
P123,2025-12-04,18,Thursday,False,False,fog,58.5,10,26,38.5
P123,2025-12-05,0,Friday,False,False,cloudy,48.26,1,26,3.8
P123,2025-12-05,11,Friday,False,False,cloudy,48.02,9,26,34.6
P123,2025-12-05,12,Friday,False,False,clear,52.2,10,26,38.5
P123,2025-12-06,16,Saturday,True,False,clear,58.9,17,26,65.4
P123,2025-12-08,9,Monday,False,False,clear,58.31,6,26,23.1
P123,2025-12-11,7,Thursday,False,False,clear,51.25,4,26,15.4
P123,2025-12-11,22,Thursday,False,False,clear,49.68,8,26,30.8
P123,2025-12-12,21,Friday,False,False,clear,49.46,10,26,38.5
P123,2025-12-13,18,Saturday,True,False,rain,74.85,17,26,65.4
P123,2025-12-14,6,Sunday,True,False,fog,59.32,5,26,19.2
P123,2025-12-14,10,Sunday,True,False,rain,62.01,8,26,30.8
P123,2025-12-15,21,Monday,False,False,haze,51.75,11,26,42.3
P123,2025-12-16,6,Tuesday,False,False,clear,51.89,5,26,19.2
P123,2025-12-17,8,Wednesday,False,False,rain,65.36,5,26,19.2
P123,2025-12-17,9,Wednesday,False,False,clear,58.73,5,26,19.2
P123,2025-12-17,14,Wednesday,False,False,fog,49.28,9,26,34.6
P123,2025-12-17,20,Wednesday,False,False,rain,63.22,10,26,38.5
P123,2025-12-18,8,Thursday,False,False,clear,60.28,5,26,19.2
P123,2025-12-19,7,Friday,False,False,rain,57.76,4,26,15.4
P123,2025-12-20,10,Saturday,True,False,rain,63.04,7,26,26.9
P123,2025-12-22,1,Monday,False,False,rain,57.53,1,26,3.8
P123,2025-12-27,6,Saturday,True,False,clear,58.13,5,26,19.2
P123,2025-12-27,13,Saturday,True,False,fog,58.08,12,26,46.2
P123,2025-12-27,16,Saturday,True,False,clear,59.69,16,26,61.5
P123,2025-12-28,8,Sunday,True,False,rain,74.85,6,26,23.1
P123,2025-12-28,13,Sunday,True,False,rain,64.94,11,26,42.3
P123,2025-12-29,8,Monday,False,False,clear,58.95,5,26,19.2
P123,2025-12-29,17,Monday,False,False,clear,49.52,15,26,57.7
P123,2025-12-30,17,Tuesday,False,False,clear,51.83,14,26,53.8
P123,2025-12-31,7,Wednesday,False,False,cloudy,50.17,4,26,15.4
P123,2025-12-31,13,Wednesday,False,False,clear,51.88,10,26,38.5
P123,2026-01-01,15,Thursday,False,False,clear,52.36,13,26,50.0
P123,2026-01-02,21,Friday,False,False,clear,49.84,14,26,53.8
P123,2026-01-04,8,Sunday,True,False,clear,68.87,9,26,34.6
P123,2026-01-04,14,Sunday,True,False,haze,58.19,16,26,61.5
P123,2026-01-05,18,Monday,False,False,clear,59.28,17,26,65.4
P123,2026-01-06,23,Tuesday,False,False,clear,51.27,2,26,7.7
P123,2026-01-07,9,Wednesday,False,False,clear,59.98,7,26,26.9
P123,2026-01-08,15,Thursday,False,False,haze,49.53,12,26,46.2
P123,2026-01-09,20,Friday,False,False,clear,57.55,13,26,50.0
P123,2026-01-10,1,Saturday,True,False,rain,65.86,1,26,3.8
P123,2026-01-10,7,Saturday,True,False,fog,58.48,6,26,23.1
P123,2026-01-12,7,Monday,False,False,clear,49.27,5,26,19.2
P123,2026-01-14,18,Wednesday,False,True,cloudy,77.95,19,26,73.1
P123,2026-01-16,12,Friday,False,False,rain,58.0,6,26,23.1
P123,2026-01-16,18,Friday,False,False,clear,60.27,16,26,61.5
P123,2026-01-16,19,Friday,False,False,cloudy,60.44,15,26,57.7
P123,2026-01-19,4,Monday,False,False,clear,47.94,1,26,3.8
P123,2026-01-19,21,Monday,False,False,clear,50.26,11,26,42.3
P123,2026-01-21,18,Wednesday,False,False,clear,60.99,15,26,57.7
P123,2026-01-22,11,Thursday,False,False,clear,48.17,9,26,34.6
P123,2026-01-22,19,Thursday,False,False,fog,58.76,13,26,50.0
P123,2026-01-23,15,Friday,False,False,clear,48.58,13,26,50.0
P123,2026-01-23,18,Friday,False,False,clear,60.8,17,26,65.4
P123,2026-01-24,18,Saturday,True,False,rain,69.94,16,26,61.5
P123,2026-01-25,10,Sunday,True,False,clear,55.1,10,26,38.5
P123,2026-01-25,13,Sunday,True,False,clear,57.45,12,26,46.2
P123,2026-01-28,6,Wednesday,False,False,rain,56.63,3,26,11.5
P123,2026-01-28,16,Wednesday,False,False,fog,47.98,11,26,42.3
P124,2025-10-01,18,Wednesday,False,False,clear,36.26,19,26,73.1
P124,2025-10-03,17,Friday,False,False,clear,30.85,19,26,73.1
P124,2025-10-03,20,Friday,False,False,rain,39.97,12,26,46.2
P124,2025-10-05,7,Sunday,True,False,clear,35.61,9,26,34.6
P124,2025-10-05,17,Sunday,True,False,clear,34.6,24,26,92.3
P124,2025-10-06,22,Monday,False,False,rain,32.18,10,26,38.5
P124,2025-10-07,13,Tuesday,False,False,cloudy,29.67,14,26,53.8
P124,2025-10-07,18,Tuesday,False,False,clear,37.36,22,26,84.6
P124,2025-10-09,7,Thursday,False,False,rain,34.5,4,26,15.4
P124,2025-10-09,18,Thursday,False,False,clear,37.11,19,26,73.1
P124,2025-10-10,19,Friday,False,False,fog,36.31,18,26,69.2
P124,2025-10-15,7,Wednesday,False,False,fog,30.24,7,26,26.9
P124,2025-10-16,17,Thursday,False,False,cloudy,30.14,21,26,80.8
P124,2025-10-17,12,Friday,False,False,cloudy,31.07,13,26,50.0
P124,2025-10-20,7,Monday,False,True,clear,43.96,11,26,42.3
P124,2025-10-20,12,Monday,False,True,cloudy,43.11,18,26,69.2
P124,2025-10-20,13,Monday,False,True,fog,39.99,15,26,57.7
P124,2025-10-20,21,Monday,False,True,fog,39.82,21,26,80.8
P124,2025-10-21,12,Tuesday,False,True,clear,43.63,22,26,84.6
P124,2025-10-21,14,Tuesday,False,True,rain,46.49,17,26,65.4
P124,2025-10-23,7,Thursday,False,False,clear,29.56,6,26,23.1
P124,2025-10-23,19,Thursday,False,False,clear,34.48,19,26,73.1
P124,2025-10-26,14,Sunday,True,False,rain,35.86,13,26,50.0
P124,2025-10-26,18,Sunday,True,False,rain,42.26,20,26,76.9
P124,2025-10-27,10,Monday,False,False,clear,28.76,12,26,46.2
P124,2025-10-28,12,Tuesday,False,False,cloudy,29.58,15,26,57.7
P124,2025-10-28,19,Tuesday,False,False,clear,36.96,19,26,73.1
P124,2025-10-29,8,Wednesday,False,False,cloudy,37.38,8,26,30.8
P124,2025-10-30,19,Thursday,False,False,rain,39.01,15,26,57.7
P124,2025-10-31,8,Friday,False,False,clear,34.6,9,26,34.6
P124,2025-11-01,17,Saturday,True,True,clear,46.29,25,26,96.2
P124,2025-11-01,19,Saturday,True,True,cloudy,50.04,25,26,96.2
P124,2025-11-02,14,Sunday,True,False,cloudy,34.74,19,26,73.1
P124,2025-11-02,18,Sunday,True,False,rain,42.27,18,26,69.2
P124,2025-11-02,22,Sunday,True,False,clear,34.46,11,26,42.3
P124,2025-11-03,7,Monday,False,False,clear,28.46,7,26,26.9
P124,2025-11-03,17,Monday,False,False,fog,29.77,16,26,61.5
P124,2025-11-04,17,Tuesday,False,False,clear,30.36,20,26,76.9
P124,2025-11-05,0,Wednesday,False,False,rain,32.06,1,26,3.8
P124,2025-11-05,8,Wednesday,False,False,clear,36.88,7,26,26.9
P124,2025-11-05,21,Wednesday,False,False,cloudy,29.04,14,26,53.8
P124,2025-11-07,6,Friday,False,False,fog,30.71,5,26,19.2
P124,2025-11-07,8,Friday,False,False,cloudy,35.77,9,26,34.6
P124,2025-11-07,11,Friday,False,False,clear,29.16,14,26,53.8
P124,2025-11-07,17,Friday,False,False,clear,30.04,17,26,65.4
P124,2025-11-08,9,Saturday,True,False,clear,39.28,15,26,57.7
P124,2025-11-08,17,Saturday,True,False,clear,33.37,18,26,69.2
P124,2025-11-09,15,Sunday,True,False,clear,36.1,25,26,96.2
P124,2025-11-09,16,Sunday,True,False,fog,35.2,20,26,76.9
P124,2025-11-10,20,Monday,False,False,clear,35.98,17,26,65.4
P124,2025-11-11,16,Tuesday,False,False,clear,28.97,18,26,69.2
P124,2025-11-11,17,Tuesday,False,False,clear,30.77,17,26,65.4
P124,2025-11-14,12,Friday,False,False,cloudy,29.12,15,26,57.7
P124,2025-11-14,18,Friday,False,False,clear,35.44,20,26,76.9
P124,2025-11-15,19,Saturday,True,False,rain,41.49,17,26,65.4
P124,2025-11-16,20,Sunday,True,False,clear,38.86,25,26,96.2
P124,2025-11-17,7,Monday,False,False,rain,31.75,5,26,19.2
P124,2025-11-18,7,Tuesday,False,False,clear,28.93,8,26,30.8
P124,2025-11-18,8,Tuesday,False,False,clear,36.57,8,26,30.8
P124,2025-11-18,21,Tuesday,False,False,clear,28.63,12,26,46.2
P124,2025-11-19,13,Wednesday,False,False,clear,30.22,15,26,57.7
P124,2025-11-20,13,Thursday,False,False,fog,30.68,11,26,42.3
P124,2025-11-21,8,Friday,False,False,cloudy,34.2,7,26,26.9
P124,2025-11-21,19,Friday,False,False,clear,36.79,21,26,80.8
P124,2025-11-22,7,Saturday,True,False,rain,39.14,7,26,26.9
P124,2025-11-22,14,Saturday,True,False,rain,38.07,14,26,53.8
P124,2025-11-23,9,Sunday,True,False,clear,40.06,12,26,46.2
P124,2025-11-24,20,Monday,False,False,rain,37.65,14,26,53.8
P124,2025-11-25,12,Tuesday,False,False,clear,29.79,12,26,46.2
P124,2025-11-25,15,Tuesday,False,False,clear,30.61,15,26,57.7
P124,2025-11-26,5,Wednesday,False,False,clear,29.19,5,26,19.2
P124,2025-11-26,14,Wednesday,False,False,clear,30.15,15,26,57.7
P124,2025-11-27,8,Thursday,False,False,clear,36.48,9,26,34.6
P124,2025-11-27,13,Thursday,False,False,clear,30.27,13,26,50.0
P124,2025-11-27,17,Thursday,False,False,clear,28.6,20,26,76.9
P124,2025-11-27,19,Thursday,False,False,fog,34.31,18,26,69.2
P124,2025-11-28,0,Friday,False,False,clear,30.29,1,26,3.8
P124,2025-11-30,7,Sunday,True,False,fog,33.23,8,26,30.8
P124,2025-11-30,8,Sunday,True,False,clear,39.0,9,26,34.6
P124,2025-12-01,8,Monday,False,False,clear,36.59,8,26,30.8
P124,2025-12-02,9,Tuesday,False,False,fog,36.62,7,26,26.9
P124,2025-12-03,7,Wednesday,False,False,cloudy,28.83,6,26,23.1
P124,2025-12-04,8,Thursday,False,False,clear,35.08,8,26,30.8
P124,2025-12-08,9,Monday,False,False,clear,34.74,8,26,30.8
P124,2025-12-08,19,Monday,False,False,rain,39.48,15,26,57.7
P124,2025-12-08,20,Monday,False,False,cloudy,35.68,19,26,73.1
P124,2025-12-09,16,Tuesday,False,False,clear,28.64,18,26,69.2
P124,2025-12-10,12,Wednesday,False,False,haze,30.62,9,26,34.6
P124,2025-12-10,13,Wednesday,False,False,fog,29.24,12,26,46.2
P124,2025-12-10,21,Wednesday,False,False,clear,30.31,15,26,57.7
P124,2025-12-11,13,Thursday,False,False,clear,29.11,12,26,46.2
P124,2025-12-11,18,Thursday,False,False,cloudy,34.52,17,26,65.4
P124,2025-12-11,19,Thursday,False,False,clear,35.48,20,26,76.9
P124,2025-12-13,8,Saturday,True,False,clear,41.98,10,26,38.5
P124,2025-12-13,9,Saturday,True,False,clear,40.16,12,26,46.2
P124,2025-12-13,19,Saturday,True,False,fog,41.16,19,26,73.1
P124,2025-12-13,20,Saturday,True,False,cloudy,42.08,25,26,96.2
P124,2025-12-14,1,Sunday,True,False,clear,34.41,1,26,3.8
P124,2025-12-14,7,Sunday,True,False,rain,37.81,7,26,26.9
P124,2025-12-14,10,Sunday,True,False,haze,32.72,12,26,46.2
P124,2025-12-14,17,Sunday,True,False,clear,35.22,25,26,96.2
P124,2025-12-15,9,Monday,False,False,clear,35.1,10,26,38.5
P124,2025-12-16,19,Tuesday,False,False,cloudy,36.87,18,26,69.2
P124,2025-12-19,9,Friday,False,False,clear,34.53,11,26,42.3
P124,2025-12-21,18,Sunday,True,False,clear,42.41,25,26,96.2
P124,2025-12-21,19,Sunday,True,False,cloudy,40.12,23,26,88.5
P124,2025-12-22,18,Monday,False,False,fog,35.05,13,26,50.0
P124,2025-12-24,2,Wednesday,False,False,clear,31.26,1,26,3.8
P124,2025-12-26,5,Friday,False,False,clear,29.71,6,26,23.1
P124,2025-12-26,14,Friday,False,False,clear,29.39,14,26,53.8
P124,2025-12-26,20,Friday,False,False,clear,35.54,20,26,76.9
P124,2025-12-27,12,Saturday,True,False,haze,36.02,14,26,53.8
P124,2025-12-28,6,Sunday,True,False,clear,34.86,8,26,30.8
P124,2025-12-29,6,Monday,False,False,clear,29.64,5,26,19.2
P124,2025-12-29,19,Monday,False,False,clear,37.32,22,26,84.6
P124,2025-12-29,20,Monday,False,False,fog,35.72,16,26,61.5
P124,2025-12-30,3,Tuesday,False,False,clear,29.92,1,26,3.8
P124,2025-12-30,14,Tuesday,False,False,rain,32.12,12,26,46.2
P124,2025-12-30,19,Tuesday,False,False,rain,40.24,18,26,69.2
P124,2025-12-31,0,Wednesday,False,False,clear,30.71,1,26,3.8
P124,2025-12-31,18,Wednesday,False,False,rain,37.62,16,26,61.5
P124,2026-01-01,12,Thursday,False,False,haze,28.62,10,26,38.5
P124,2026-01-01,22,Thursday,False,False,clear,31.28,12,26,46.2
P124,2026-01-02,7,Friday,False,False,rain,32.46,6,26,23.1
P124,2026-01-03,17,Saturday,True,False,clear,32.94,25,26,96.2
P124,2026-01-06,17,Tuesday,False,False,clear,30.03,14,26,53.8
P124,2026-01-06,21,Tuesday,False,False,clear,29.54,14,26,53.8
P124,2026-01-07,11,Wednesday,False,False,clear,31.33,8,26,30.8
P124,2026-01-07,18,Wednesday,False,False,fog,34.12,17,26,65.4
P124,2026-01-07,19,Wednesday,False,False,clear,35.86,21,26,80.8
P124,2026-01-08,3,Thursday,False,False,cloudy,30.54,1,26,3.8
P124,2026-01-08,19,Thursday,False,False,clear,34.92,22,26,84.6
P124,2026-01-11,8,Sunday,True,False,clear,38.95,12,26,46.2
P124,2026-01-11,9,Sunday,True,False,clear,41.9,13,26,50.0
P124,2026-01-12,20,Monday,False,False,clear,34.64,13,26,50.0
P124,2026-01-13,6,Tuesday,False,False,cloudy,30.82,5,26,19.2
P124,2026-01-13,18,Tuesday,False,False,clear,35.78,22,26,84.6
P124,2026-01-14,6,Wednesday,False,True,clear,43.23,9,26,34.6
P124,2026-01-14,12,Wednesday,False,True,clear,43.4,19,26,73.1
P124,2026-01-14,22,Wednesday,False,True,clear,40.47,15,26,57.7
P124,2026-01-15,12,Thursday,False,False,rain,33.86,8,26,30.8
P124,2026-01-15,17,Thursday,False,False,clear,31.4,22,26,84.6
P124,2026-01-17,21,Saturday,True,False,haze,34.64,19,26,73.1
P124,2026-01-19,5,Monday,False,False,clear,29.11,5,26,19.2
P124,2026-01-21,15,Wednesday,False,False,clear,31.08,14,26,53.8
P124,2026-01-21,22,Wednesday,False,False,clear,30.87,13,26,50.0
P124,2026-01-22,7,Thursday,False,False,clear,30.34,5,26,19.2
P124,2026-01-22,11,Thursday,False,False,clear,29.99,12,26,46.2
P124,2026-01-24,13,Saturday,True,False,clear,34.95,14,26,53.8
P124,2026-01-26,2,Monday,False,True,clear,41.92,1,26,3.8
P124,2026-01-26,8,Monday,False,True,clear,45.5,12,26,46.2
P124,2026-01-28,12,Wednesday,False,False,rain,31.9,9,26,34.6
P125,2025-10-01,6,Wednesday,False,False,rain,21.02,6,44,13.6
P125,2025-10-01,10,Wednesday,False,False,cloudy,20.76,15,44,34.1
P125,2025-10-01,20,Wednesday,False,False,rain,25.03,21,44,47.7
P125,2025-10-02,7,Thursday,False,False,cloudy,19.02,9,44,20.5
P125,2025-10-03,8,Friday,False,False,clear,23.19,9,44,20.5
P125,2025-10-03,12,Friday,False,False,clear,20.58,15,44,34.1
P125,2025-10-03,20,Friday,False,False,clear,24.12,17,44,38.6
P125,2025-10-04,7,Saturday,True,False,clear,21.9,14,44,31.8
P125,2025-10-04,21,Saturday,True,False,cloudy,23.27,25,44,56.8
P125,2025-10-05,18,Sunday,True,False,clear,27.73,33,44,75.0
P125,2025-10-06,12,Monday,False,False,clear,20.41,15,44,34.1
P125,2025-10-07,17,Tuesday,False,False,clear,19.73,27,44,61.4
P125,2025-10-08,7,Wednesday,False,False,clear,19.26,10,44,22.7
P125,2025-10-09,7,Thursday,False,False,fog,20.78,5,44,11.4
P125,2025-10-10,9,Friday,False,False,clear,23.21,10,44,22.7
P125,2025-10-13,5,Monday,False,False,cloudy,19.64,6,44,13.6
P125,2025-10-13,17,Monday,False,False,clear,20.39,27,44,61.4
P125,2025-10-13,22,Monday,False,False,cloudy,20.33,17,44,38.6
P125,2025-10-14,17,Tuesday,False,False,haze,19.73,23,44,52.3
P125,2025-10-14,18,Tuesday,False,False,cloudy,23.49,28,44,63.6
P125,2025-10-15,14,Wednesday,False,False,clear,20.16,17,44,38.6
P125,2025-10-15,19,Wednesday,False,False,cloudy,23.49,28,44,63.6
P125,2025-10-15,21,Wednesday,False,False,clear,20.88,17,44,38.6
P125,2025-10-17,9,Friday,False,False,rain,25.04,9,44,20.5
P125,2025-10-21,19,Tuesday,False,True,clear,30.87,33,44,75.0
P125,2025-10-22,7,Wednesday,False,False,fog,20.52,7,44,15.9
P125,2025-10-22,16,Wednesday,False,False,clear,19.19,21,44,47.7
P125,2025-10-22,18,Wednesday,False,False,clear,24.09,30,44,68.2
P125,2025-10-23,7,Thursday,False,False,clear,19.86,9,44,20.5
P125,2025-10-24,0,Friday,False,False,clear,20.65,1,44,2.3
P125,2025-10-24,9,Friday,False,False,clear,22.91,12,44,27.3
P125,2025-10-24,13,Friday,False,False,haze,20.69,14,44,31.8
P125,2025-10-26,14,Sunday,True,False,cloudy,23.29,23,44,52.3
P125,2025-10-27,6,Monday,False,False,clear,20.07,8,44,18.2
P125,2025-10-28,12,Tuesday,False,False,clear,19.87,16,44,36.4
P125,2025-10-28,18,Tuesday,False,False,rain,26.92,21,44,47.7
P125,2025-10-29,2,Wednesday,False,False,clear,20.74,1,44,2.3
P125,2025-10-29,6,Wednesday,False,False,clear,19.82,9,44,20.5
P125,2025-10-29,15,Wednesday,False,False,rain,21.7,16,44,36.4
P125,2025-10-30,10,Thursday,False,False,haze,20.14,10,44,22.7
P125,2025-11-01,15,Saturday,True,True,clear,32.09,41,44,93.2
P125,2025-11-02,21,Sunday,True,False,clear,23.93,28,44,63.6
P125,2025-11-03,20,Monday,False,False,clear,25.02,22,44,50.0
P125,2025-11-03,21,Monday,False,False,clear,20.68,18,44,40.9
P125,2025-11-05,11,Wednesday,False,False,rain,22.03,10,44,22.7
P125,2025-11-06,5,Thursday,False,False,clear,19.64,6,44,13.6
P125,2025-11-07,12,Friday,False,False,haze,19.39,15,44,34.1
P125,2025-11-08,12,Saturday,True,False,cloudy,23.22,17,44,38.6
P125,2025-11-10,17,Monday,False,False,clear,20.2,27,44,61.4
P125,2025-11-11,5,Tuesday,False,False,clear,19.37,5,44,11.4
P125,2025-11-11,16,Tuesday,False,False,clear,19.96,23,44,52.3
P125,2025-11-11,18,Tuesday,False,False,clear,23.39,25,44,56.8
P125,2025-11-12,12,Wednesday,False,False,cloudy,19.23,18,44,40.9
P125,2025-11-12,23,Wednesday,False,False,fog,20.45,3,44,6.8
P125,2025-11-14,7,Friday,False,False,clear,19.0,9,44,20.5
P125,2025-11-14,17,Friday,False,False,fog,19.71,25,44,56.8
P125,2025-11-16,14,Sunday,True,False,fog,23.71,27,44,61.4
P125,2025-11-17,6,Monday,False,False,clear,20.38,8,44,18.2
P125,2025-11-17,17,Monday,False,False,clear,20.5,26,44,59.1
P125,2025-11-17,18,Monday,False,False,rain,26.0,18,44,40.9
P125,2025-11-17,19,Monday,False,False,haze,25.05,27,44,61.4
P125,2025-11-19,17,Wednesday,False,False,clear,20.03,27,44,61.4
P125,2025-11-19,21,Wednesday,False,False,cloudy,19.66,15,44,34.1
P125,2025-11-20,9,Thursday,False,False,fog,23.58,9,44,20.5
P125,2025-11-20,10,Thursday,False,False,clear,19.43,15,44,34.1
P125,2025-11-20,18,Thursday,False,False,cloudy,23.1,23,44,52.3
P125,2025-11-21,7,Friday,False,False,haze,20.62,9,44,20.5
P125,2025-11-22,7,Saturday,True,False,cloudy,22.49,10,44,22.7
P125,2025-11-22,15,Saturday,True,False,clear,22.76,30,44,68.2
P125,2025-11-22,20,Saturday,True,False,clear,26.36,31,44,70.5
P125,2025-11-22,21,Saturday,True,False,fog,22.31,23,44,52.3
P125,2025-11-24,17,Monday,False,False,cloudy,20.45,30,44,68.2
P125,2025-11-25,4,Tuesday,False,False,rain,21.85,1,44,2.3
P125,2025-11-26,7,Wednesday,False,False,clear,19.21,10,44,22.7
P125,2025-11-26,8,Wednesday,False,False,clear,23.14,11,44,25.0
P125,2025-11-26,10,Wednesday,False,False,fog,20.01,9,44,20.5
P125,2025-11-27,17,Thursday,False,False,clear,20.51,26,44,59.1
P125,2025-11-28,19,Friday,False,False,clear,24.88,26,44,59.1
P125,2025-11-29,18,Saturday,True,False,clear,28.13,33,44,75.0
P125,2025-11-30,8,Sunday,True,False,clear,25.68,16,44,36.4
P125,2025-11-30,16,Sunday,True,False,clear,23.95,36,44,81.8
P125,2025-12-01,6,Monday,False,False,clear,19.53,8,44,18.2
P125,2025-12-01,11,Monday,False,False,clear,20.25,12,44,27.3
P125,2025-12-01,19,Monday,False,False,clear,23.93,24,44,54.5
P125,2025-12-02,11,Tuesday,False,False,clear,19.76,13,44,29.5
P125,2025-12-02,21,Tuesday,False,False,haze,19.8,20,44,45.5
P125,2025-12-04,9,Thursday,False,False,clear,24.26,9,44,20.5
P125,2025-12-05,7,Friday,False,False,rain,21.96,7,44,15.9
P125,2025-12-05,19,Friday,False,False,fog,22.82,22,44,50.0
P125,2025-12-06,7,Saturday,True,False,clear,22.1,9,44,20.5
P125,2025-12-08,5,Monday,False,False,clear,20.66,6,44,13.6
P125,2025-12-08,12,Monday,False,False,clear,19.81,16,44,36.4
P125,2025-12-09,6,Tuesday,False,False,rain,20.93,5,44,11.4
P125,2025-12-09,16,Tuesday,False,False,rain,20.93,19,44,43.2
P125,2025-12-10,11,Wednesday,False,False,clear,20.26,16,44,36.4
P125,2025-12-10,12,Wednesday,False,False,haze,19.93,16,44,36.4
P125,2025-12-11,11,Thursday,False,False,clear,19.88,14,44,31.8
P125,2025-12-11,21,Thursday,False,False,fog,19.72,13,44,29.5
P125,2025-12-12,18,Friday,False,False,clear,22.9,24,44,54.5
P125,2025-12-13,21,Saturday,True,False,clear,21.91,25,44,56.8
P125,2025-12-14,7,Sunday,True,False,fog,22.65,11,44,25.0
P125,2025-12-14,20,Sunday,True,False,clear,26.94,37,44,84.1
P125,2025-12-16,3,Tuesday,False,False,clear,20.45,1,44,2.3
P125,2025-12-17,10,Wednesday,False,False,rain,22.67,10,44,22.7
P125,2025-12-17,18,Wednesday,False,False,rain,25.32,17,44,38.6
P125,2025-12-18,8,Thursday,False,False,cloudy,24.16,11,44,25.0
P125,2025-12-18,18,Thursday,False,False,clear,24.97,29,44,65.9
P125,2025-12-20,19,Saturday,True,False,clear,26.07,35,44,79.5
P125,2025-12-21,9,Sunday,True,False,fog,26.28,13,44,29.5
P125,2025-12-21,11,Sunday,True,False,rain,25.33,16,44,36.4
P125,2025-12-21,20,Sunday,True,False,clear,28.06,29,44,65.9
P125,2025-12-21,21,Sunday,True,False,rain,25.83,18,44,40.9
P125,2025-12-22,19,Monday,False,False,haze,25.05,25,44,56.8
P125,2025-12-25,4,Thursday,False,True,clear,27.24,2,44,4.5
P125,2025-12-25,17,Thursday,False,True,cloudy,29.23,35,44,79.5
P125,2025-12-25,19,Thursday,False,True,clear,31.27,36,44,81.8
P125,2025-12-26,7,Friday,False,False,clear,20.28,9,44,20.5
P125,2025-12-28,5,Sunday,True,False,clear,23.76,8,44,18.2
P125,2025-12-28,10,Sunday,True,False,haze,23.74,15,44,34.1
P125,2025-12-28,20,Sunday,True,False,cloudy,25.56,33,44,75.0
P125,2025-12-30,8,Tuesday,False,False,cloudy,25.04,11,44,25.0
P125,2025-12-30,21,Tuesday,False,False,clear,19.38,24,44,54.5
P125,2026-01-01,11,Thursday,False,False,clear,20.45,12,44,27.3
P125,2026-01-01,19,Thursday,False,False,fog,23.17,23,44,52.3
P125,2026-01-02,18,Friday,False,False,clear,23.8,20,44,45.5
P125,2026-01-02,19,Friday,False,False,rain,25.72,16,44,36.4
P125,2026-01-04,7,Sunday,True,False,fog,23.21,7,44,15.9
P125,2026-01-04,13,Sunday,True,False,rain,24.82,17,44,38.6
P125,2026-01-04,16,Sunday,True,False,rain,23.98,24,44,54.5
P125,2026-01-05,9,Monday,False,False,rain,25.24,9,44,20.5
P125,2026-01-06,12,Tuesday,False,False,cloudy,20.67,16,44,36.4
P125,2026-01-06,17,Tuesday,False,False,clear,19.03,23,44,52.3
P125,2026-01-06,20,Tuesday,False,False,cloudy,24.69,21,44,47.7
P125,2026-01-08,14,Thursday,False,False,haze,20.54,15,44,34.1
P125,2026-01-09,11,Friday,False,False,fog,20.06,12,44,27.3
P125,2026-01-09,12,Friday,False,False,clear,20.74,17,44,38.6
P125,2026-01-09,20,Friday,False,False,clear,22.93,24,44,54.5
P125,2026-01-10,23,Saturday,True,False,clear,22.37,4,44,9.1
P125,2026-01-12,9,Monday,False,False,clear,23.5,13,44,29.5
P125,2026-01-12,14,Monday,False,False,haze,20.39,19,44,43.2
P125,2026-01-14,13,Wednesday,False,True,clear,27.19,29,44,65.9
P125,2026-01-14,20,Wednesday,False,True,clear,30.34,30,44,68.2
P125,2026-01-15,9,Thursday,False,False,clear,24.13,12,44,27.3
P125,2026-01-16,22,Friday,False,False,clear,19.66,17,44,38.6
P125,2026-01-17,7,Saturday,True,False,clear,23.12,13,44,29.5
P125,2026-01-18,8,Sunday,True,False,clear,25.59,15,44,34.1
P125,2026-01-19,14,Monday,False,False,clear,20.39,21,44,47.7
P125,2026-01-20,13,Tuesday,False,False,haze,18.94,15,44,34.1
P125,2026-01-20,16,Tuesday,False,False,cloudy,19.27,22,44,50.0
P125,2026-01-20,19,Tuesday,False,False,cloudy,24.89,26,44,59.1
P125,2026-01-22,10,Thursday,False,False,clear,20.17,11,44,25.0
P125,2026-01-23,16,Friday,False,False,cloudy,20.45,24,44,54.5
P125,2026-01-24,7,Saturday,True,False,clear,23.42,12,44,27.3
P125,2026-01-24,9,Saturday,True,False,clear,26.91,15,44,34.1
P125,2026-01-24,11,Saturday,True,False,clear,22.89,17,44,38.6
P125,2026-01-24,19,Saturday,True,False,clear,28.19,33,44,75.0
P125,2026-01-25,17,Sunday,True,False,cloudy,22.64,32,44,72.7
P125,2026-01-25,19,Sunday,True,False,clear,26.81,38,44,86.4
P125,2026-01-27,8,Tuesday,False,False,clear,23.24,10,44,22.7
P125,2026-01-27,18,Tuesday,False,False,cloudy,23.72,27,44,61.4
P125,2026-01-27,19,Tuesday,False,False,cloudy,24.41,34,44,77.3
P125,2026-01-28,11,Wednesday,False,False,cloudy,19.82,12,44,27.3
P125,2026-01-28,12,Wednesday,False,False,fog,20.48,12,44,27.3
P126,2025-10-01,17,Wednesday,False,False,rain,18.31,25,42,59.5
P126,2025-10-02,6,Thursday,False,False,clear,16.62,9,42,21.4
P126,2025-10-03,7,Friday,False,False,clear,16.02,9,42,21.4
P126,2025-10-03,14,Friday,False,False,fog,16.95,24,42,57.1
P126,2025-10-03,18,Friday,False,False,clear,20.92,33,42,78.6
P126,2025-10-03,21,Friday,False,False,clear,15.88,23,42,54.8
P126,2025-10-04,8,Saturday,True,False,fog,23.23,15,42,35.7
P126,2025-10-04,9,Saturday,True,False,clear,21.76,20,42,47.6
P126,2025-10-04,19,Saturday,True,False,cloudy,22.38,41,42,97.6
P126,2025-10-04,20,Saturday,True,False,clear,21.58,41,42,97.6
P126,2025-10-06,7,Monday,False,False,cloudy,16.26,14,42,33.3
P126,2025-10-06,17,Monday,False,False,cloudy,16.11,29,42,69.0
P126,2025-10-06,18,Monday,False,False,rain,21.8,28,42,66.7
P126,2025-10-07,6,Tuesday,False,False,fog,16.58,7,42,16.7
P126,2025-10-09,7,Thursday,False,False,rain,18.93,8,42,19.0
P126,2025-10-11,6,Saturday,True,False,clear,18.61,11,42,26.2
P126,2025-10-11,21,Saturday,True,False,fog,19.17,30,42,71.4
P126,2025-10-14,14,Tuesday,False,False,rain,17.95,18,42,42.9
P126,2025-10-15,8,Wednesday,False,False,cloudy,19.59,12,42,28.6
P126,2025-10-16,8,Thursday,False,False,fog,20.52,10,42,23.8
P126,2025-10-16,9,Thursday,False,False,haze,19.83,15,42,35.7
P126,2025-10-16,12,Thursday,False,False,clear,16.1,20,42,47.6
P126,2025-10-16,19,Thursday,False,False,rain,20.85,24,42,57.1
P126,2025-10-17,7,Friday,False,False,cloudy,17.1,9,42,21.4
P126,2025-10-17,20,Friday,False,False,rain,22.1,22,42,52.4
P126,2025-10-19,15,Sunday,True,False,clear,19.54,33,42,78.6
P126,2025-10-20,17,Monday,False,True,clear,23.85,41,42,97.6
P126,2025-10-21,9,Tuesday,False,True,cloudy,27.59,22,42,52.4
P126,2025-10-21,17,Tuesday,False,True,clear,23.93,41,42,97.6
P126,2025-10-22,18,Wednesday,False,False,clear,20.2,34,42,81.0
P126,2025-10-24,16,Friday,False,False,clear,16.28,28,42,66.7
P126,2025-10-25,6,Saturday,True,False,fog,18.63,11,42,26.2
P126,2025-10-27,7,Monday,False,False,clear,16.22,12,42,28.6
P126,2025-10-28,18,Tuesday,False,False,cloudy,20.72,28,42,66.7
P126,2025-10-28,19,Tuesday,False,False,clear,20.09,36,42,85.7
P126,2025-10-29,14,Wednesday,False,False,rain,18.65,18,42,42.9
P126,2025-10-29,18,Wednesday,False,False,clear,19.8,35,42,83.3
P126,2025-10-31,8,Friday,False,False,clear,20.36,10,42,23.8
P126,2025-10-31,14,Friday,False,False,clear,17.47,18,42,42.9
P126,2025-11-01,18,Saturday,True,True,clear,29.72,41,42,97.6
P126,2025-11-03,17,Monday,False,False,clear,16.61,33,42,78.6
P126,2025-11-04,7,Tuesday,False,False,fog,16.01,9,42,21.4
P126,2025-11-04,8,Tuesday,False,False,fog,20.07,11,42,26.2
P126,2025-11-04,17,Tuesday,False,False,haze,16.33,26,42,61.9
P126,2025-11-05,18,Wednesday,False,False,clear,20.67,33,42,78.6
P126,2025-11-08,7,Saturday,True,False,clear,19.68,13,42,31.0
P126,2025-11-08,19,Saturday,True,False,cloudy,23.14,34,42,81.0
P126,2025-11-09,12,Sunday,True,False,cloudy,18.39,24,42,57.1
P126,2025-11-10,17,Monday,False,False,rain,17.74,28,42,66.7
P126,2025-11-11,9,Tuesday,False,False,clear,19.35,18,42,42.9
P126,2025-11-11,17,Tuesday,False,False,clear,16.75,23,42,54.8
P126,2025-11-11,19,Tuesday,False,False,rain,22.05,25,42,59.5
P126,2025-11-12,2,Wednesday,False,False,clear,16.92,1,42,2.4
P126,2025-11-12,17,Wednesday,False,False,cloudy,15.94,22,42,52.4
P126,2025-11-12,18,Wednesday,False,False,cloudy,19.22,38,42,90.5
P126,2025-11-13,16,Thursday,False,False,cloudy,16.96,28,42,66.7
P126,2025-11-14,13,Friday,False,False,clear,15.89,23,42,54.8
P126,2025-11-15,16,Saturday,True,False,clear,19.4,41,42,97.6
P126,2025-11-15,19,Saturday,True,False,cloudy,22.46,41,42,97.6
P126,2025-11-15,21,Saturday,True,False,clear,18.54,30,42,71.4
P126,2025-11-17,9,Monday,False,False,clear,19.24,15,42,35.7
P126,2025-11-17,10,Monday,False,False,clear,17.09,17,42,40.5
P126,2025-11-19,10,Wednesday,False,False,rain,18.31,14,42,33.3
P126,2025-11-20,23,Thursday,False,False,cloudy,17.23,4,42,9.5
P126,2025-11-21,0,Friday,False,False,clear,16.38,1,42,2.4
P126,2025-11-21,7,Friday,False,False,clear,16.67,12,42,28.6
P126,2025-11-22,7,Saturday,True,False,cloudy,19.02,15,42,35.7
P126,2025-11-23,17,Sunday,True,False,fog,18.62,41,42,97.6
P126,2025-11-25,7,Tuesday,False,False,rain,18.92,10,42,23.8
P126,2025-11-26,6,Wednesday,False,False,fog,16.61,8,42,19.0
P126,2025-11-26,11,Wednesday,False,False,cloudy,17.04,16,42,38.1
P126,2025-11-27,14,Thursday,False,False,cloudy,16.67,23,42,54.8
P126,2025-11-30,6,Sunday,True,False,clear,20.03,11,42,26.2
P126,2025-12-02,4,Tuesday,False,False,rain,18.97,1,42,2.4
P126,2025-12-04,20,Thursday,False,False,clear,19.67,30,42,71.4
P126,2025-12-05,16,Friday,False,False,cloudy,15.86,28,42,66.7
P126,2025-12-05,18,Friday,False,False,fog,19.56,26,42,61.9
P126,2025-12-06,7,Saturday,True,False,clear,19.15,17,42,40.5
P126,2025-12-06,8,Saturday,True,False,clear,22.77,18,42,42.9
P126,2025-12-06,17,Saturday,True,False,clear,19.07,33,42,78.6
P126,2025-12-08,15,Monday,False,False,fog,16.15,26,42,61.9
P126,2025-12-08,22,Monday,False,False,rain,18.43,15,42,35.7
P126,2025-12-09,15,Tuesday,False,False,clear,16.7,24,42,57.1
P126,2025-12-09,20,Tuesday,False,False,clear,20.65,30,42,71.4
P126,2025-12-11,19,Thursday,False,False,fog,20.49,26,42,61.9
P126,2025-12-12,17,Friday,False,False,clear,16.4,27,42,64.3
P126,2025-12-12,19,Friday,False,False,fog,20.09,30,42,71.4
P126,2025-12-13,22,Saturday,True,False,clear,19.31,21,42,50.0
P126,2025-12-14,23,Sunday,True,False,clear,19.85,5,42,11.9
P126,2025-12-15,13,Monday,False,False,clear,17.51,17,42,40.5
P126,2025-12-15,18,Monday,False,False,haze,20.34,26,42,61.9
P126,2025-12-15,21,Monday,False,False,clear,17.12,26,42,61.9
P126,2025-12-16,8,Tuesday,False,False,haze,19.89,14,42,33.3
P126,2025-12-16,15,Tuesday,False,False,clear,16.19,27,42,64.3
P126,2025-12-19,11,Friday,False,False,clear,16.55,20,42,47.6
P126,2025-12-19,17,Friday,False,False,clear,16.57,34,42,81.0
P126,2025-12-19,18,Friday,False,False,cloudy,20.61,27,42,64.3
P126,2025-12-20,8,Saturday,True,False,clear,22.53,17,42,40.5
P126,2025-12-20,9,Saturday,True,False,clear,22.09,24,42,57.1
P126,2025-12-22,9,Monday,False,False,rain,20.88,12,42,28.6
P126,2025-12-23,15,Tuesday,False,False,fog,16.71,23,42,54.8
P126,2025-12-23,17,Tuesday,False,False,clear,16.83,36,42,85.7
P126,2025-12-26,20,Friday,False,False,rain,21.22,23,42,54.8
P126,2025-12-27,9,Saturday,True,False,clear,22.77,21,42,50.0
P126,2025-12-27,23,Saturday,True,False,clear,19.02,5,42,11.9
P126,2025-12-28,18,Sunday,True,False,clear,23.13,41,42,97.6
P126,2025-12-28,19,Sunday,True,False,clear,22.07,38,42,90.5
P126,2025-12-30,7,Tuesday,False,False,cloudy,17.1,10,42,23.8
P126,2025-12-31,9,Wednesday,False,False,rain,21.17,12,42,28.6
P126,2026-01-01,3,Thursday,False,False,clear,17.05,2,42,4.8
P126,2026-01-02,10,Friday,False,False,haze,16.06,13,42,31.0
P126,2026-01-02,16,Friday,False,False,clear,16.86,28,42,66.7
P126,2026-01-02,18,Friday,False,False,rain,21.01,22,42,52.4
P126,2026-01-03,13,Saturday,True,False,clear,18.65,29,42,69.0
P126,2026-01-04,0,Sunday,True,False,rain,20.9,1,42,2.4
P126,2026-01-05,6,Monday,False,False,rain,17.48,8,42,19.0
P126,2026-01-05,9,Monday,False,False,clear,19.27,17,42,40.5
P126,2026-01-07,18,Wednesday,False,False,rain,21.36,27,42,64.3
P126,2026-01-07,20,Wednesday,False,False,rain,20.98,25,42,59.5
P126,2026-01-07,22,Wednesday,False,False,cloudy,16.78,20,42,47.6
P126,2026-01-08,7,Thursday,False,False,cloudy,16.01,10,42,23.8
P126,2026-01-09,20,Friday,False,False,clear,19.61,23,42,54.8
P126,2026-01-10,21,Saturday,True,False,haze,20.09,31,42,73.8
P126,2026-01-11,12,Sunday,True,False,clear,20.0,25,42,59.5
P126,2026-01-12,7,Monday,False,False,fog,16.19,9,42,21.4
P126,2026-01-12,15,Monday,False,False,clear,16.78,28,42,66.7
P126,2026-01-14,20,Wednesday,False,True,clear,26.73,41,42,97.6
P126,2026-01-15,7,Thursday,False,False,clear,16.39,10,42,23.8
P126,2026-01-15,16,Thursday,False,False,fog,16.79,31,42,73.8
P126,2026-01-16,10,Friday,False,False,clear,16.97,17,42,40.5
P126,2026-01-17,16,Saturday,True,False,fog,18.72,36,42,85.7
P126,2026-01-17,17,Saturday,True,False,haze,19.88,41,42,97.6
P126,2026-01-18,7,Sunday,True,False,clear,19.26,15,42,35.7
P126,2026-01-18,8,Sunday,True,False,clear,22.97,13,42,31.0
P126,2026-01-19,9,Monday,False,False,rain,21.9,12,42,28.6
P126,2026-01-19,10,Monday,False,False,clear,17.5,13,42,31.0
P126,2026-01-20,7,Tuesday,False,False,cloudy,16.02,11,42,26.2
P126,2026-01-21,7,Wednesday,False,False,fog,17.4,8,42,19.0
P126,2026-01-21,15,Wednesday,False,False,clear,16.53,25,42,59.5
P126,2026-01-21,18,Wednesday,False,False,fog,19.44,28,42,66.7
P126,2026-01-22,11,Thursday,False,False,clear,17.21,18,42,42.9
P126,2026-01-23,14,Friday,False,False,clear,17.3,21,42,50.0
P126,2026-01-24,9,Saturday,True,False,fog,22.45,16,42,38.1
P126,2026-01-26,19,Monday,False,True,clear,26.38,41,42,97.6
P126,2026-01-27,14,Tuesday,False,False,clear,16.6,26,42,61.9
P126,2026-01-28,6,Wednesday,False,False,cloudy,17.06,8,42,19.0
P126,2026-01-28,9,Wednesday,False,False,clear,19.3,16,42,38.1
P126,2026-01-28,10,Wednesday,False,False,rain,19.11,9,42,21.4
P127,2025-10-01,17,Wednesday,False,False,clear,52.9,22,58,37.9
P127,2025-10-04,13,Saturday,True,False,fog,59.34,17,58,29.3
P127,2025-10-05,17,Sunday,True,False,haze,61.11,22,58,37.9
P127,2025-10-06,17,Monday,False,False,clear,49.83,19,58,32.8
P127,2025-10-08,7,Wednesday,False,False,fog,51.3,6,58,10.3
P127,2025-10-09,9,Thursday,False,False,haze,58.71,8,58,13.8
P127,2025-10-09,12,Thursday,False,False,rain,53.63,9,58,15.5
P127,2025-10-11,10,Saturday,True,False,clear,57.42,15,58,25.9
P127,2025-10-12,13,Sunday,True,False,fog,61.17,18,58,31.0
P127,2025-10-12,20,Sunday,True,False,cloudy,65.98,25,58,43.1
P127,2025-10-13,13,Monday,False,False,cloudy,53.56,14,58,24.1
P127,2025-10-14,6,Tuesday,False,False,clear,52.12,6,58,10.3
P127,2025-10-15,15,Wednesday,False,False,clear,49.64,18,58,31.0
P127,2025-10-16,7,Thursday,False,False,clear,50.85,7,58,12.1
P127,2025-10-16,11,Thursday,False,False,rain,53.71,10,58,17.2
P127,2025-10-16,19,Thursday,False,False,rain,63.72,16,58,27.6
P127,2025-10-17,15,Friday,False,False,clear,51.23,17,58,29.3
P127,2025-10-18,6,Saturday,True,False,rain,66.36,7,58,12.1
P127,2025-10-19,13,Sunday,True,False,clear,56.54,22,58,37.9
P127,2025-10-20,5,Monday,False,True,cloudy,73.75,9,58,15.5
P127,2025-10-20,9,Monday,False,True,haze,80.99,10,58,17.2
P127,2025-10-20,13,Monday,False,True,cloudy,69.79,18,58,31.0
P127,2025-10-20,16,Monday,False,True,clear,70.25,31,58,53.4
P127,2025-10-22,0,Wednesday,False,False,clear,49.83,1,58,1.7
P127,2025-10-22,4,Wednesday,False,False,clear,53.78,1,58,1.7
P127,2025-10-22,21,Wednesday,False,False,clear,49.06,17,58,29.3
P127,2025-10-23,7,Thursday,False,False,cloudy,53.05,7,58,12.1
P127,2025-10-24,20,Friday,False,False,cloudy,62.85,16,58,27.6
P127,2025-10-25,6,Saturday,True,False,clear,59.71,8,58,13.8
P127,2025-10-26,16,Sunday,True,False,clear,59.99,20,58,34.5
P127,2025-10-27,18,Monday,False,False,clear,63.44,22,58,37.9
P127,2025-10-27,20,Monday,False,False,clear,63.24,17,58,29.3
P127,2025-10-28,16,Tuesday,False,False,clear,52.99,22,58,37.9
P127,2025-10-31,18,Friday,False,False,rain,64.41,20,58,34.5
P127,2025-11-01,13,Saturday,True,True,cloudy,80.21,25,58,43.1
P127,2025-11-01,19,Saturday,True,True,clear,93.73,47,58,81.0
P127,2025-11-02,7,Sunday,True,False,fog,61.17,8,58,13.8
P127,2025-11-02,9,Sunday,True,False,clear,70.43,14,58,24.1
P127,2025-11-02,10,Sunday,True,False,clear,57.44,15,58,25.9
P127,2025-11-02,14,Sunday,True,False,clear,56.46,21,58,36.2
P127,2025-11-03,8,Monday,False,False,rain,64.88,6,58,10.3
P127,2025-11-04,8,Tuesday,False,False,clear,59.97,9,58,15.5
P127,2025-11-05,16,Wednesday,False,False,clear,50.74,22,58,37.9
P127,2025-11-05,21,Wednesday,False,False,cloudy,51.93,16,58,27.6
P127,2025-11-09,7,Sunday,True,False,clear,58.49,7,58,12.1
P127,2025-11-09,14,Sunday,True,False,clear,58.02,18,58,31.0
P127,2025-11-09,20,Sunday,True,False,rain,73.18,18,58,31.0
P127,2025-11-10,8,Monday,False,False,cloudy,62.81,7,58,12.1
P127,2025-11-11,18,Tuesday,False,False,clear,64.45,25,58,43.1
P127,2025-11-13,10,Thursday,False,False,haze,53.11,12,58,20.7
P127,2025-11-13,14,Thursday,False,False,fog,50.95,13,58,22.4
P127,2025-11-14,8,Friday,False,False,clear,64.72,7,58,12.1
P127,2025-11-15,14,Saturday,True,False,clear,56.2,18,58,31.0
P127,2025-11-15,20,Saturday,True,False,rain,74.97,20,58,34.5
P127,2025-11-16,3,Sunday,True,False,cloudy,60.25,1,58,1.7
P127,2025-11-18,6,Tuesday,False,False,clear,52.31,7,58,12.1
P127,2025-11-18,9,Tuesday,False,False,rain,63.79,6,58,10.3
P127,2025-11-18,14,Tuesday,False,False,clear,51.78,18,58,31.0
P127,2025-11-18,18,Tuesday,False,False,fog,62.33,19,58,32.8
P127,2025-11-20,20,Thursday,False,False,clear,63.8,20,58,34.5
P127,2025-11-21,14,Friday,False,False,fog,53.73,14,58,24.1
P127,2025-11-22,0,Saturday,True,False,clear,57.58,1,58,1.7
P127,2025-11-22,23,Saturday,True,False,clear,56.54,3,58,5.2
P127,2025-11-26,12,Wednesday,False,False,clear,53.3,16,58,27.6
P127,2025-11-27,21,Thursday,False,False,clear,51.1,17,58,29.3
P127,2025-11-29,13,Saturday,True,False,rain,63.28,13,58,22.4
P127,2025-11-29,20,Saturday,True,False,clear,70.33,25,58,43.1
P127,2025-11-30,12,Sunday,True,False,clear,58.26,18,58,31.0
P127,2025-12-02,15,Tuesday,False,False,rain,58.77,12,58,20.7
P127,2025-12-03,3,Wednesday,False,False,cloudy,52.72,1,58,1.7
P127,2025-12-03,4,Wednesday,False,False,haze,53.13,1,58,1.7
P127,2025-12-05,2,Friday,False,False,clear,50.29,1,58,1.7
P127,2025-12-05,10,Friday,False,False,clear,52.22,11,58,19.0
P127,2025-12-06,18,Saturday,True,False,cloudy,71.61,34,58,58.6
P127,2025-12-06,19,Saturday,True,False,rain,73.16,20,58,34.5
P127,2025-12-08,12,Monday,False,False,clear,51.32,14,58,24.1
P127,2025-12-09,1,Tuesday,False,False,rain,57.82,1,58,1.7
P127,2025-12-09,19,Tuesday,False,False,rain,66.58,16,58,27.6
P127,2025-12-12,5,Friday,False,False,clear,53.25,5,58,8.6
P127,2025-12-12,8,Friday,False,False,cloudy,63.07,8,58,13.8
P127,2025-12-12,18,Friday,False,False,clear,60.86,21,58,36.2
P127,2025-12-13,13,Saturday,True,False,rain,64.55,15,58,25.9
P127,2025-12-13,19,Saturday,True,False,fog,72.07,25,58,43.1
P127,2025-12-14,7,Sunday,True,False,clear,59.82,7,58,12.1
P127,2025-12-14,14,Sunday,True,False,clear,58.62,21,58,36.2
P127,2025-12-14,20,Sunday,True,False,clear,69.93,25,58,43.1
P127,2025-12-15,7,Monday,False,False,fog,51.1,6,58,10.3
P127,2025-12-15,19,Monday,False,False,clear,60.01,25,58,43.1
P127,2025-12-17,12,Wednesday,False,False,clear,50.06,15,58,25.9
P127,2025-12-18,19,Thursday,False,False,fog,59.14,18,58,31.0
P127,2025-12-19,12,Friday,False,False,clear,52.9,15,58,25.9
P127,2025-12-20,16,Saturday,True,False,clear,59.76,27,58,46.6
P127,2025-12-21,11,Sunday,True,False,fog,56.71,14,58,24.1
P127,2025-12-24,16,Wednesday,False,False,clear,49.5,21,58,36.2
P127,2025-12-25,0,Thursday,False,True,clear,75.17,1,58,1.7
P127,2025-12-26,11,Friday,False,False,clear,53.53,12,58,20.7
P127,2025-12-27,9,Saturday,True,False,clear,70.8,11,58,19.0
P127,2025-12-27,18,Saturday,True,False,clear,68.61,30,58,51.7
P127,2025-12-27,21,Saturday,True,False,clear,61.83,25,58,43.1
P127,2025-12-28,14,Sunday,True,False,haze,61.62,21,58,36.2
P127,2025-12-29,1,Monday,False,False,cloudy,49.47,1,58,1.7
P127,2025-12-29,13,Monday,False,False,cloudy,53.74,17,58,29.3
P127,2025-12-29,18,Monday,False,False,clear,58.8,23,58,39.7
P127,2025-12-30,7,Tuesday,False,False,clear,49.08,6,58,10.3
P127,2025-12-30,16,Tuesday,False,False,clear,52.33,19,58,32.8
P127,2025-12-30,21,Tuesday,False,False,rain,56.56,14,58,24.1
P127,2025-12-31,14,Wednesday,False,False,clear,50.96,16,58,27.6
P127,2025-12-31,20,Wednesday,False,False,clear,64.03,16,58,27.6
P127,2026-01-06,8,Tuesday,False,False,clear,62.55,9,58,15.5
P127,2026-01-07,11,Wednesday,False,False,clear,49.61,12,58,20.7
P127,2026-01-07,14,Wednesday,False,False,fog,53.82,15,58,25.9
P127,2026-01-08,7,Thursday,False,False,cloudy,52.17,7,58,12.1
P127,2026-01-08,16,Thursday,False,False,haze,51.0,17,58,29.3
P127,2026-01-08,17,Thursday,False,False,cloudy,53.0,21,58,36.2
P127,2026-01-09,11,Friday,False,False,clear,51.53,13,58,22.4
P127,2026-01-09,18,Friday,False,False,cloudy,61.36,19,58,32.8
P127,2026-01-10,5,Saturday,True,False,clear,56.6,7,58,12.1
P127,2026-01-10,8,Saturday,True,False,clear,69.72,12,58,20.7
P127,2026-01-10,15,Saturday,True,False,rain,61.33,18,58,31.0
P127,2026-01-12,18,Monday,False,False,clear,62.03,23,58,39.7
P127,2026-01-13,9,Tuesday,False,False,cloudy,60.58,9,58,15.5
P127,2026-01-17,8,Saturday,True,False,clear,70.99,11,58,19.0
P127,2026-01-17,9,Saturday,True,False,fog,67.17,12,58,20.7
P127,2026-01-18,12,Sunday,True,False,rain,64.71,11,58,19.0
P127,2026-01-18,17,Sunday,True,False,clear,58.37,22,58,37.9
P127,2026-01-18,19,Sunday,True,False,clear,68.99,32,58,55.2
P127,2026-01-19,7,Monday,False,False,fog,51.05,6,58,10.3
P127,2026-01-20,6,Tuesday,False,False,clear,53.52,6,58,10.3
P127,2026-01-21,20,Wednesday,False,False,fog,61.14,18,58,31.0
P127,2026-01-22,1,Thursday,False,False,clear,50.93,1,58,1.7
P127,2026-01-22,12,Thursday,False,False,clear,49.32,13,58,22.4
P127,2026-01-22,15,Thursday,False,False,clear,53.33,17,58,29.3
P127,2026-01-23,16,Friday,False,False,clear,53.0,19,58,32.8
P127,2026-01-24,10,Saturday,True,False,rain,66.55,9,58,15.5
P127,2026-01-26,17,Monday,False,True,clear,71.27,21,58,36.2
P127,2026-01-27,8,Tuesday,False,False,rain,63.54,7,58,12.1
P127,2026-01-27,9,Tuesday,False,False,clear,61.47,9,58,15.5
P127,2026-01-27,12,Tuesday,False,False,haze,49.44,10,58,17.2
P127,2026-01-27,18,Tuesday,False,False,cloudy,61.52,22,58,37.9
P127,2026-01-28,13,Wednesday,False,False,clear,52.76,13,58,22.4
P128,2025-10-03,15,Friday,False,False,clear,40.07,21,67,31.3
P128,2025-10-04,6,Saturday,True,False,cloudy,44.03,14,67,20.9
P128,2025-10-04,9,Saturday,True,False,rain,58.01,12,67,17.9
P128,2025-10-04,12,Saturday,True,False,rain,47.92,28,67,41.8
P128,2025-10-04,16,Saturday,True,False,cloudy,45.45,46,67,68.7
P128,2025-10-05,7,Sunday,True,False,fog,43.93,12,67,17.9
P128,2025-10-05,14,Sunday,True,False,clear,45.3,30,67,44.8
P128,2025-10-05,16,Sunday,True,False,rain,48.07,38,67,56.7
P128,2025-10-07,10,Tuesday,False,False,fog,39.93,13,67,19.4
P128,2025-10-09,3,Thursday,False,False,clear,36.59,1,67,1.5
P128,2025-10-09,11,Thursday,False,False,cloudy,36.77,21,67,31.3
P128,2025-10-09,13,Thursday,False,False,cloudy,37.37,20,67,29.9
P128,2025-10-09,19,Thursday,False,False,rain,49.57,27,67,40.3
P128,2025-10-10,16,Friday,False,False,rain,43.61,27,67,40.3
P128,2025-10-10,19,Friday,False,False,clear,44.99,32,67,47.8
P128,2025-10-10,22,Friday,False,False,clear,37.5,20,67,29.9
P128,2025-10-11,6,Saturday,True,False,clear,45.83,11,67,16.4
P128,2025-10-11,18,Saturday,True,False,clear,49.43,48,67,71.6
P128,2025-10-14,8,Tuesday,False,False,clear,44.59,11,67,16.4
P128,2025-10-14,13,Tuesday,False,False,clear,38.72,24,67,35.8
P128,2025-10-14,18,Tuesday,False,False,rain,47.38,29,67,43.3
P128,2025-10-14,21,Tuesday,False,False,clear,38.89,26,67,38.8
P128,2025-10-15,22,Wednesday,False,False,clear,36.89,21,67,31.3
P128,2025-10-16,9,Thursday,False,False,cloudy,43.77,14,67,20.9
P128,2025-10-16,19,Thursday,False,False,clear,47.33,32,67,47.8
P128,2025-10-19,8,Sunday,True,False,clear,50.79,17,67,25.4
P128,2025-10-20,8,Monday,False,True,clear,58.53,19,67,28.4
P128,2025-10-21,12,Tuesday,False,True,fog,50.8,28,67,41.8
P128,2025-10-24,8,Friday,False,False,cloudy,47.01,12,67,17.9
P128,2025-10-24,11,Friday,False,False,fog,39.34,22,67,32.8
P128,2025-10-25,18,Saturday,True,False,rain,54.75,44,67,65.7
P128,2025-10-26,17,Sunday,True,False,clear,43.17,34,67,50.7
P128,2025-10-26,21,Sunday,True,False,clear,43.62,35,67,52.2
P128,2025-10-27,15,Monday,False,False,clear,38.73,28,67,41.8
P128,2025-10-28,17,Tuesday,False,False,clear,39.18,29,67,43.3
P128,2025-10-29,9,Wednesday,False,False,clear,44.99,13,67,19.4
P128,2025-10-29,12,Wednesday,False,False,clear,39.42,21,67,31.3
P128,2025-10-30,8,Thursday,False,False,fog,45.4,11,67,16.4
P128,2025-10-30,9,Thursday,False,False,clear,45.02,16,67,23.9
P128,2025-10-30,11,Thursday,False,False,clear,38.49,15,67,22.4
P128,2025-10-31,6,Friday,False,False,clear,39.83,9,67,13.4
P128,2025-10-31,19,Friday,False,False,clear,45.89,26,67,38.8
P128,2025-11-01,17,Saturday,True,True,fog,61.61,66,67,98.5
P128,2025-11-03,11,Monday,False,False,clear,36.53,17,67,25.4
P128,2025-11-04,4,Tuesday,False,False,clear,38.59,1,67,1.5
P128,2025-11-04,19,Tuesday,False,False,fog,44.29,30,67,44.8
P128,2025-11-05,6,Wednesday,False,False,cloudy,37.55,8,67,11.9
P128,2025-11-06,7,Thursday,False,False,clear,36.86,9,67,13.4
P128,2025-11-06,11,Thursday,False,False,rain,42.44,18,67,26.9
P128,2025-11-07,2,Friday,False,False,cloudy,36.56,1,67,1.5
P128,2025-11-07,10,Friday,False,False,clear,37.02,17,67,25.4
P128,2025-11-07,19,Friday,False,False,clear,47.22,32,67,47.8
P128,2025-11-08,7,Saturday,True,False,clear,42.49,15,67,22.4
P128,2025-11-08,14,Saturday,True,False,clear,43.33,33,67,49.3
P128,2025-11-08,22,Saturday,True,False,clear,45.13,22,67,32.8
P128,2025-11-10,13,Monday,False,False,clear,38.55,26,67,38.8
P128,2025-11-11,14,Tuesday,False,False,clear,39.63,25,67,37.3
P128,2025-11-12,7,Wednesday,False,False,cloudy,36.87,12,67,17.9
P128,2025-11-12,13,Wednesday,False,False,rain,40.15,22,67,32.8
P128,2025-11-12,17,Wednesday,False,False,haze,38.07,29,67,43.3
P128,2025-11-13,22,Thursday,False,False,cloudy,37.51,20,67,29.9
P128,2025-11-15,13,Saturday,True,False,clear,41.78,30,67,44.8
P128,2025-11-15,17,Saturday,True,False,fog,45.33,40,67,59.7
P128,2025-11-15,21,Saturday,True,False,cloudy,43.16,34,67,50.7
P128,2025-11-16,6,Sunday,True,False,clear,42.46,12,67,17.9
P128,2025-11-16,19,Sunday,True,False,fog,51.1,39,67,58.2
P128,2025-11-16,22,Sunday,True,False,clear,44.53,24,67,35.8
P128,2025-11-18,19,Tuesday,False,False,clear,47.71,38,67,56.7
P128,2025-11-19,10,Wednesday,False,False,rain,43.7,15,67,22.4
P128,2025-11-19,19,Wednesday,False,False,clear,45.48,37,67,55.2
P128,2025-11-20,9,Thursday,False,False,fog,46.28,15,67,22.4
P128,2025-11-21,14,Friday,False,False,cloudy,38.35,20,67,29.9
P128,2025-11-22,15,Saturday,True,False,clear,42.66,27,67,40.3
P128,2025-11-24,8,Monday,False,False,fog,45.26,11,67,16.4
P128,2025-11-24,9,Monday,False,False,rain,51.68,12,67,17.9
P128,2025-11-24,18,Monday,False,False,clear,47.37,36,67,53.7
P128,2025-11-26,13,Wednesday,False,False,clear,38.59,21,67,31.3
P128,2025-11-29,17,Saturday,True,False,clear,42.93,44,67,65.7
P128,2025-11-30,13,Sunday,True,False,haze,41.78,28,67,41.8
P128,2025-12-01,23,Monday,False,False,cloudy,36.65,3,67,4.5
P128,2025-12-02,8,Tuesday,False,False,fog,47.43,9,67,13.4
P128,2025-12-02,13,Tuesday,False,False,clear,36.98,23,67,34.3
P128,2025-12-03,8,Wednesday,False,False,cloudy,45.04,13,67,19.4
P128,2025-12-03,19,Wednesday,False,False,clear,45.27,30,67,44.8
P128,2025-12-04,9,Thursday,False,False,clear,45.13,17,67,25.4
P128,2025-12-06,5,Saturday,True,False,clear,42.91,10,67,14.9
P128,2025-12-09,12,Tuesday,False,False,fog,36.87,20,67,29.9
P128,2025-12-09,19,Tuesday,False,False,rain,48.65,36,67,53.7
P128,2025-12-11,8,Thursday,False,False,clear,47.98,13,67,19.4
P128,2025-12-12,19,Friday,False,False,rain,48.33,24,67,35.8
P128,2025-12-13,8,Saturday,True,False,clear,51.95,18,67,26.9
P128,2025-12-16,12,Tuesday,False,False,fog,36.41,20,67,29.9
P128,2025-12-16,19,Tuesday,False,False,haze,47.9,28,67,41.8
P128,2025-12-17,18,Wednesday,False,False,cloudy,45.34,39,67,58.2
P128,2025-12-18,20,Thursday,False,False,rain,51.13,27,67,40.3
P128,2025-12-20,2,Saturday,True,False,rain,48.21,1,67,1.5
P128,2025-12-20,7,Saturday,True,False,fog,42.87,15,67,22.4
P128,2025-12-20,12,Saturday,True,False,haze,42.5,23,67,34.3
P128,2025-12-21,8,Sunday,True,False,clear,51.37,15,67,22.4
P128,2025-12-21,9,Sunday,True,False,cloudy,54.05,22,67,32.8
P128,2025-12-21,13,Sunday,True,False,haze,44.79,27,67,40.3
P128,2025-12-22,9,Monday,False,False,clear,43.64,15,67,22.4
P128,2025-12-24,12,Wednesday,False,False,clear,39.27,20,67,29.9
P128,2025-12-24,17,Wednesday,False,False,fog,38.85,25,67,37.3
P128,2025-12-24,21,Wednesday,False,False,clear,38.54,21,67,31.3
P128,2025-12-25,18,Thursday,False,True,clear,63.31,50,67,74.6
P128,2025-12-26,0,Friday,False,False,clear,38.7,1,67,1.5
P128,2025-12-26,18,Friday,False,False,rain,50.72,25,67,37.3
P128,2025-12-26,19,Friday,False,False,cloudy,47.2,29,67,43.3
P128,2025-12-27,15,Saturday,True,False,clear,45.28,22,67,32.8
P128,2025-12-28,11,Sunday,True,False,haze,43.47,25,67,37.3
P128,2025-12-28,12,Sunday,True,False,fog,44.23,26,67,38.8
P128,2025-12-29,9,Monday,False,False,clear,44.93,16,67,23.9
P128,2025-12-29,18,Monday,False,False,clear,46.48,31,67,46.3
P128,2026-01-01,13,Thursday,False,False,clear,38.12,21,67,31.3
P128,2026-01-02,16,Friday,False,False,rain,42.21,30,67,44.8
P128,2026-01-02,18,Friday,False,False,clear,47.5,28,67,41.8
P128,2026-01-02,21,Friday,False,False,clear,38.42,24,67,35.8
P128,2026-01-03,17,Saturday,True,False,clear,42.7,40,67,59.7
P128,2026-01-04,13,Sunday,True,False,clear,42.02,35,67,52.2
P128,2026-01-04,15,Sunday,True,False,clear,44.05,29,67,43.3
P128,2026-01-05,11,Monday,False,False,clear,36.95,18,67,26.9
P128,2026-01-05,16,Monday,False,False,clear,38.64,33,67,49.3
P128,2026-01-06,17,Tuesday,False,False,rain,42.79,23,67,34.3
P128,2026-01-07,12,Wednesday,False,False,clear,38.62,21,67,31.3
P128,2026-01-07,18,Wednesday,False,False,clear,45.8,32,67,47.8
P128,2026-01-07,21,Wednesday,False,False,fog,38.4,24,67,35.8
P128,2026-01-08,19,Thursday,False,False,clear,43.57,39,67,58.2
P128,2026-01-09,12,Friday,False,False,cloudy,40.03,19,67,28.4
P128,2026-01-09,16,Friday,False,False,cloudy,39.38,29,67,43.3
P128,2026-01-09,18,Friday,False,False,clear,43.68,33,67,49.3
P128,2026-01-09,19,Friday,False,False,clear,46.71,31,67,46.3
P128,2026-01-11,12,Sunday,True,False,haze,43.54,27,67,40.3
P128,2026-01-11,13,Sunday,True,False,cloudy,43.18,29,67,43.3
P128,2026-01-11,16,Sunday,True,False,clear,43.68,39,67,58.2
P128,2026-01-12,3,Monday,False,False,clear,38.88,2,67,3.0
P128,2026-01-12,16,Monday,False,False,clear,39.07,31,67,46.3
P128,2026-01-13,19,Tuesday,False,False,clear,45.74,32,67,47.8
P128,2026-01-15,13,Thursday,False,False,haze,37.29,17,67,25.4
P128,2026-01-16,14,Friday,False,False,rain,43.67,20,67,29.9
P128,2026-01-18,5,Sunday,True,False,haze,45.43,13,67,19.4
P128,2026-01-18,8,Sunday,True,False,fog,50.83,14,67,20.9
P128,2026-01-18,18,Sunday,True,False,clear,51.8,41,67,61.2
P128,2026-01-19,19,Monday,False,False,clear,46.3,31,67,46.3
P128,2026-01-20,17,Tuesday,False,False,clear,39.46,33,67,49.3
P128,2026-01-21,9,Wednesday,False,False,clear,47.44,15,67,22.4
P128,2026-01-21,12,Wednesday,False,False,cloudy,38.85,19,67,28.4
P128,2026-01-23,18,Friday,False,False,rain,50.01,26,67,38.8
P128,2026-01-24,21,Saturday,True,False,clear,42.95,32,67,47.8
P128,2026-01-25,13,Sunday,True,False,clear,45.16,28,67,41.8
P128,2026-01-25,16,Sunday,True,False,fog,42.05,30,67,44.8
P128,2026-01-26,9,Monday,False,True,fog,63.76,18,67,26.9
P128,2026-01-27,3,Tuesday,False,False,clear,39.58,1,67,1.5
P128,2026-01-27,17,Tuesday,False,False,clear,36.51,26,67,38.8
P128,2026-01-27,19,Tuesday,False,False,clear,47.45,31,67,46.3
P128,2026-01-28,0,Wednesday,False,False,clear,37.56,2,67,3.0
P129,2025-10-02,21,Thursday,False,False,cloudy,17.8,22,33,66.7
P129,2025-10-04,17,Saturday,True,False,clear,20.12,32,33,97.0
P129,2025-10-04,19,Saturday,True,False,clear,23.07,32,33,97.0
P129,2025-10-05,7,Sunday,True,False,cloudy,18.6,12,33,36.4
P129,2025-10-05,9,Sunday,True,False,clear,23.8,14,33,42.4
P129,2025-10-05,18,Sunday,True,False,rain,23.48,23,33,69.7
P129,2025-10-06,17,Monday,False,False,rain,17.82,15,33,45.5
P129,2025-10-07,20,Tuesday,False,False,cloudy,19.88,23,33,69.7
P129,2025-10-10,13,Friday,False,False,fog,16.26,16,33,48.5
P129,2025-10-11,16,Saturday,True,False,cloudy,19.16,30,33,90.9
P129,2025-10-11,20,Saturday,True,False,clear,22.62,32,33,97.0
P129,2025-10-12,8,Sunday,True,False,clear,23.42,15,33,45.5
P129,2025-10-12,20,Sunday,True,False,rain,24.57,23,33,69.7
P129,2025-10-13,17,Monday,False,False,clear,17.76,28,33,84.8
P129,2025-10-14,21,Tuesday,False,False,fog,16.35,19,33,57.6
P129,2025-10-15,12,Wednesday,False,False,clear,17.61,16,33,48.5
P129,2025-10-18,20,Saturday,True,False,rain,23.73,24,33,72.7
P129,2025-10-20,11,Monday,False,True,clear,22.95,24,33,72.7
P129,2025-10-20,14,Monday,False,True,cloudy,23.66,30,33,90.9
P129,2025-10-21,12,Tuesday,False,True,rain,26.45,19,33,57.6
P129,2025-10-21,13,Tuesday,False,True,clear,24.36,27,33,81.8
P129,2025-10-21,17,Tuesday,False,True,clear,24.58,32,33,97.0
P129,2025-10-22,18,Wednesday,False,False,rain,22.91,23,33,69.7
P129,2025-10-23,22,Thursday,False,False,clear,16.5,20,33,60.6
P129,2025-10-24,21,Friday,False,False,clear,17.33,20,33,60.6
P129,2025-10-26,9,Sunday,True,False,clear,22.85,15,33,45.5
P129,2025-10-27,13,Monday,False,False,cloudy,17.11,16,33,48.5
P129,2025-10-27,23,Monday,False,False,clear,16.95,3,33,9.1
P129,2025-10-28,11,Tuesday,False,False,fog,16.72,11,33,33.3
P129,2025-10-29,17,Wednesday,False,False,cloudy,17.85,24,33,72.7
P129,2025-10-30,17,Thursday,False,False,fog,16.83,17,33,51.5
P129,2025-10-31,15,Friday,False,False,cloudy,17.45,23,33,69.7
P129,2025-11-01,22,Saturday,True,True,haze,27.52,27,33,81.8
P129,2025-11-03,0,Monday,False,False,cloudy,17.25,1,33,3.0
P129,2025-11-03,19,Monday,False,False,clear,20.1,29,33,87.9
P129,2025-11-03,21,Monday,False,False,cloudy,16.61,20,33,60.6
P129,2025-11-04,13,Tuesday,False,False,cloudy,17.51,18,33,54.5
P129,2025-11-05,16,Wednesday,False,False,rain,17.88,15,33,45.5
P129,2025-11-06,7,Thursday,False,False,clear,16.73,11,33,33.3
P129,2025-11-06,18,Thursday,False,False,haze,21.25,27,33,81.8
P129,2025-11-08,9,Saturday,True,False,clear,23.28,17,33,51.5
P129,2025-11-09,8,Sunday,True,False,cloudy,23.45,10,33,30.3
P129,2025-11-09,16,Sunday,True,False,clear,19.75,32,33,97.0
P129,2025-11-09,22,Sunday,True,False,haze,18.94,22,33,66.7
P129,2025-11-11,7,Tuesday,False,False,clear,17.18,8,33,24.2
P129,2025-11-11,13,Tuesday,False,False,rain,18.78,15,33,45.5
P129,2025-11-12,16,Wednesday,False,False,clear,17.42,24,33,72.7
P129,2025-11-13,8,Thursday,False,False,clear,20.93,11,33,33.3
P129,2025-11-13,17,Thursday,False,False,clear,16.35,26,33,78.8
P129,2025-11-13,23,Thursday,False,False,fog,16.71,3,33,9.1
P129,2025-11-14,8,Friday,False,False,clear,21.14,11,33,33.3
P129,2025-11-15,20,Saturday,True,False,rain,25.76,26,33,78.8
P129,2025-11-16,2,Sunday,True,False,clear,18.9,1,33,3.0
P129,2025-11-16,8,Sunday,True,False,fog,23.25,12,33,36.4
P129,2025-11-16,13,Sunday,True,False,rain,20.99,15,33,45.5
P129,2025-11-16,17,Sunday,True,False,clear,19.17,32,33,97.0
P129,2025-11-17,8,Monday,False,False,cloudy,19.99,12,33,36.4
P129,2025-11-17,12,Monday,False,False,rain,17.85,13,33,39.4
P129,2025-11-18,14,Tuesday,False,False,clear,16.55,19,33,57.6
P129,2025-11-18,19,Tuesday,False,False,rain,22.02,22,33,66.7
P129,2025-11-18,21,Tuesday,False,False,cloudy,17.8,17,33,51.5
P129,2025-11-20,8,Thursday,False,False,clear,21.4,11,33,33.3
P129,2025-11-21,21,Friday,False,False,clear,17.56,21,33,63.6
P129,2025-11-22,10,Saturday,True,False,clear,19.08,17,33,51.5
P129,2025-11-23,7,Sunday,True,False,clear,18.97,15,33,45.5
P129,2025-11-23,13,Sunday,True,False,rain,20.4,22,33,66.7
P129,2025-11-23,14,Sunday,True,False,cloudy,18.97,31,33,93.9
P129,2025-11-23,20,Sunday,True,False,rain,25.41,26,33,78.8
P129,2025-11-24,12,Monday,False,False,clear,17.06,19,33,57.6
P129,2025-11-25,6,Tuesday,False,False,clear,16.69,7,33,21.2
P129,2025-11-25,10,Tuesday,False,False,clear,17.73,12,33,36.4
P129,2025-11-25,17,Tuesday,False,False,rain,17.97,18,33,54.5
P129,2025-11-26,8,Wednesday,False,False,clear,20.82,13,33,39.4
P129,2025-11-26,18,Wednesday,False,False,haze,19.6,26,33,78.8
P129,2025-11-27,11,Thursday,False,False,clear,17.09,14,33,42.4
P129,2025-11-28,2,Friday,False,False,clear,17.1,1,33,3.0
P129,2025-11-28,12,Friday,False,False,clear,17.43,21,33,63.6
P129,2025-11-28,17,Friday,False,False,clear,17.38,24,33,72.7
P129,2025-11-28,19,Friday,False,False,clear,20.07,26,33,78.8
P129,2025-11-29,6,Saturday,True,False,clear,20.48,11,33,33.3
P129,2025-11-30,19,Sunday,True,False,clear,22.6,32,33,97.0
P129,2025-12-02,15,Tuesday,False,False,clear,16.73,22,33,66.7
P129,2025-12-03,12,Wednesday,False,False,clear,16.28,18,33,54.5
P129,2025-12-03,17,Wednesday,False,False,clear,16.87,25,33,75.8
P129,2025-12-04,5,Thursday,False,False,clear,16.56,6,33,18.2
P129,2025-12-06,13,Saturday,True,False,cloudy,19.01,20,33,60.6
P129,2025-12-06,18,Saturday,True,False,rain,23.89,32,33,97.0
P129,2025-12-08,8,Monday,False,False,clear,20.6,10,33,30.3
P129,2025-12-09,17,Tuesday,False,False,rain,18.62,16,33,48.5
P129,2025-12-10,9,Wednesday,False,False,clear,19.58,12,33,36.4
P129,2025-12-10,16,Wednesday,False,False,clear,16.25,21,33,63.6
P129,2025-12-10,20,Wednesday,False,False,clear,21.09,27,33,81.8
P129,2025-12-12,11,Friday,False,False,rain,18.18,10,33,30.3
P129,2025-12-13,7,Saturday,True,False,rain,19.58,9,33,27.3
P129,2025-12-16,22,Tuesday,False,False,clear,16.71,16,33,48.5
P129,2025-12-17,17,Wednesday,False,False,cloudy,17.29,23,33,69.7
P129,2025-12-19,9,Friday,False,False,fog,19.71,11,33,33.3
P129,2025-12-19,10,Friday,False,False,clear,16.99,14,33,42.4
P129,2025-12-19,18,Friday,False,False,rain,22.23,24,33,72.7
P129,2025-12-20,19,Saturday,True,False,rain,25.54,31,33,93.9
P129,2025-12-21,7,Sunday,True,False,clear,19.73,12,33,36.4
P129,2025-12-24,6,Wednesday,False,False,clear,16.41,7,33,21.2
P129,2025-12-25,17,Thursday,False,True,clear,23.63,32,33,97.0
P129,2025-12-26,17,Friday,False,False,haze,16.25,30,33,90.9
P129,2025-12-27,8,Saturday,True,False,clear,21.9,17,33,51.5
P129,2025-12-27,21,Saturday,True,False,clear,19.11,25,33,75.8
P129,2025-12-28,4,Sunday,True,False,clear,19.99,2,33,6.1
P129,2025-12-28,10,Sunday,True,False,clear,18.99,15,33,45.5
P129,2025-12-28,11,Sunday,True,False,clear,20.0,20,33,60.6
P129,2025-12-29,20,Monday,False,False,rain,22.04,18,33,54.5
P129,2026-01-01,10,Thursday,False,False,clear,16.63,14,33,42.4
P129,2026-01-02,17,Friday,False,False,haze,16.29,23,33,69.7
P129,2026-01-03,10,Saturday,True,False,clear,19.61,17,33,51.5
P129,2026-01-05,11,Monday,False,False,haze,17.19,14,33,42.4
P129,2026-01-06,7,Tuesday,False,False,clear,16.72,10,33,30.3
P129,2026-01-07,8,Wednesday,False,False,clear,20.71,10,33,30.3
P129,2026-01-09,20,Friday,False,False,clear,19.71,29,33,87.9
P129,2026-01-11,8,Sunday,True,False,cloudy,24.03,13,33,39.4
P129,2026-01-12,6,Monday,False,False,clear,17.74,6,33,18.2
P129,2026-01-14,5,Wednesday,False,True,fog,23.57,9,33,27.3
P129,2026-01-16,13,Friday,False,False,rain,18.47,13,33,39.4
P129,2026-01-17,1,Saturday,True,False,clear,18.82,1,33,3.0
P129,2026-01-18,21,Sunday,True,False,clear,19.05,27,33,81.8
P129,2026-01-19,18,Monday,False,False,clear,20.51,25,33,75.8
P129,2026-01-20,7,Tuesday,False,False,haze,16.53,10,33,30.3
P129,2026-01-22,7,Thursday,False,False,clear,17.02,9,33,27.3
P129,2026-01-23,7,Friday,False,False,rain,18.2,8,33,24.2
P129,2026-01-23,23,Friday,False,False,clear,17.06,4,33,12.1
P129,2026-01-24,20,Saturday,True,False,rain,23.95,24,33,72.7
P129,2026-01-25,0,Sunday,True,False,clear,20.19,1,33,3.0
P129,2026-01-25,8,Sunday,True,False,clear,23.88,14,33,42.4
P129,2026-01-25,9,Sunday,True,False,fog,22.97,14,33,42.4
P129,2026-01-25,14,Sunday,True,False,clear,19.61,28,33,84.8
P129,2026-01-25,17,Sunday,True,False,clear,19.55,32,33,97.0
P129,2026-01-25,22,Sunday,True,False,cloudy,19.42,17,33,51.5
P129,2026-01-26,17,Monday,False,True,clear,23.17,32,33,97.0
P129,2026-01-27,16,Tuesday,False,False,fog,18.4,19,33,57.6
P129,2026-01-27,18,Tuesday,False,False,rain,22.1,19,33,57.6
P130,2025-10-01,8,Wednesday,False,False,clear,58.23,6,34,17.6
P130,2025-10-02,19,Thursday,False,False,clear,61.29,14,34,41.2
P130,2025-10-03,8,Friday,False,False,fog,56.25,4,34,11.8
P130,2025-10-03,18,Friday,False,False,cloudy,60.93,15,34,44.1
P130,2025-10-07,8,Tuesday,False,False,cloudy,58.32,4,34,11.8
P130,2025-10-07,9,Tuesday,False,False,clear,58.55,5,34,14.7
P130,2025-10-10,15,Friday,False,False,clear,47.92,8,34,23.5
P130,2025-10-11,6,Saturday,True,False,clear,55.33,5,34,14.7
P130,2025-10-13,17,Monday,False,False,rain,56.03,8,34,23.5
P130,2025-10-13,20,Monday,False,False,clear,58.32,12,34,35.3
P130,2025-10-14,6,Tuesday,False,False,rain,51.92,3,34,8.8
P130,2025-10-14,10,Tuesday,False,False,cloudy,48.84,9,34,26.5
P130,2025-10-14,21,Tuesday,False,False,clear,49.63,8,34,23.5
P130,2025-10-16,12,Thursday,False,False,cloudy,48.87,9,34,26.5
P130,2025-10-16,20,Thursday,False,False,clear,60.95,13,34,38.2
P130,2025-10-17,7,Friday,False,False,rain,55.96,3,34,8.8
P130,2025-10-17,16,Friday,False,False,clear,47.87,12,34,35.3
P130,2025-10-17,20,Friday,False,False,fog,58.08,11,34,32.4
P130,2025-10-20,7,Monday,False,True,clear,67.74,8,34,23.5
P130,2025-10-20,16,Monday,False,True,rain,74.17,13,34,38.2
P130,2025-10-21,14,Tuesday,False,True,clear,69.67,15,34,44.1
P130,2025-10-21,22,Tuesday,False,True,clear,65.03,11,34,32.4
P130,2025-10-22,5,Wednesday,False,False,clear,49.4,3,34,8.8
P130,2025-10-22,17,Wednesday,False,False,cloudy,46.56,15,34,44.1
P130,2025-10-23,5,Thursday,False,False,cloudy,50.55,4,34,11.8
P130,2025-10-23,6,Thursday,False,False,rain,54.17,3,34,8.8
P130,2025-10-23,8,Thursday,False,False,clear,56.89,5,34,14.7
P130,2025-10-23,19,Thursday,False,False,clear,56.99,15,34,44.1
P130,2025-10-24,6,Friday,False,False,cloudy,47.77,4,34,11.8
P130,2025-10-25,7,Saturday,True,False,rain,61.48,3,34,8.8
P130,2025-10-25,8,Saturday,True,False,rain,69.16,6,34,17.6
P130,2025-10-26,7,Sunday,True,False,cloudy,55.93,5,34,14.7
P130,2025-10-28,19,Tuesday,False,False,fog,60.49,12,34,35.3
P130,2025-10-29,14,Wednesday,False,False,haze,50.61,12,34,35.3
P130,2025-10-29,22,Wednesday,False,False,rain,55.16,5,34,14.7
P130,2025-10-30,18,Thursday,False,False,cloudy,57.06,13,34,38.2
P130,2025-11-02,18,Sunday,True,False,clear,68.49,17,34,50.0
P130,2025-11-02,19,Sunday,True,False,cloudy,63.83,19,34,55.9
P130,2025-11-02,21,Sunday,True,False,rain,63.74,10,34,29.4
P130,2025-11-03,19,Monday,False,False,clear,59.47,13,34,38.2
P130,2025-11-04,2,Tuesday,False,False,rain,56.1,1,34,2.9
P130,2025-11-04,12,Tuesday,False,False,clear,47.4,9,34,26.5
P130,2025-11-04,15,Tuesday,False,False,rain,54.56,7,34,20.6
P130,2025-11-05,18,Wednesday,False,False,cloudy,60.95,14,34,41.2
P130,2025-11-06,6,Thursday,False,False,cloudy,46.62,3,34,8.8
P130,2025-11-07,7,Friday,False,False,clear,50.23,5,34,14.7
P130,2025-11-07,11,Friday,False,False,fog,48.03,6,34,17.6
P130,2025-11-07,18,Friday,False,False,fog,57.98,11,34,32.4
P130,2025-11-07,20,Friday,False,False,rain,61.13,10,34,29.4
P130,2025-11-08,16,Saturday,True,False,clear,54.86,15,34,44.1
P130,2025-11-09,7,Sunday,True,False,rain,63.17,5,34,14.7
P130,2025-11-11,12,Tuesday,False,False,clear,49.69,9,34,26.5
P130,2025-11-12,11,Wednesday,False,False,clear,47.25,7,34,20.6
P130,2025-11-12,21,Wednesday,False,False,haze,50.79,8,34,23.5
P130,2025-11-13,19,Thursday,False,False,rain,61.14,10,34,29.4
P130,2025-11-15,5,Saturday,True,False,clear,57.76,5,34,14.7
P130,2025-11-15,23,Saturday,True,False,clear,57.84,2,34,5.9
P130,2025-11-17,18,Monday,False,False,rain,62.22,11,34,32.4
P130,2025-11-18,6,Tuesday,False,False,rain,51.71,3,34,8.8
P130,2025-11-19,17,Wednesday,False,False,clear,49.8,14,34,41.2
P130,2025-11-20,7,Thursday,False,False,cloudy,49.45,4,34,11.8
P130,2025-11-20,10,Thursday,False,False,clear,49.51,7,34,20.6
P130,2025-11-21,13,Friday,False,False,clear,48.52,8,34,23.5
P130,2025-11-21,19,Friday,False,False,clear,60.5,15,34,44.1
P130,2025-11-23,7,Sunday,True,False,clear,54.63,6,34,17.6
P130,2025-11-27,0,Thursday,False,False,cloudy,48.09,1,34,2.9
P130,2025-11-27,8,Thursday,False,False,clear,59.09,6,34,17.6
P130,2025-11-28,10,Friday,False,False,clear,47.7,6,34,17.6
P130,2025-11-29,13,Saturday,True,False,clear,55.24,13,34,38.2
P130,2025-11-30,4,Sunday,True,False,clear,53.84,1,34,2.9
P130,2025-11-30,8,Sunday,True,False,rain,69.61,6,34,17.6
P130,2025-11-30,14,Sunday,True,False,clear,53.81,11,34,32.4
P130,2025-12-01,20,Monday,False,False,fog,57.41,9,34,26.5
P130,2025-12-02,4,Tuesday,False,False,clear,46.36,1,34,2.9
P130,2025-12-02,15,Tuesday,False,False,fog,48.02,11,34,32.4
P130,2025-12-05,15,Friday,False,False,clear,50.67,10,34,29.4
P130,2025-12-06,16,Saturday,True,False,clear,57.47,13,34,38.2
P130,2025-12-06,19,Saturday,True,False,rain,69.18,17,34,50.0
P130,2025-12-07,7,Sunday,True,False,clear,54.36,6,34,17.6
P130,2025-12-07,13,Sunday,True,False,cloudy,55.93,12,34,35.3
P130,2025-12-07,21,Sunday,True,False,cloudy,54.3,13,34,38.2
P130,2025-12-08,0,Monday,False,False,clear,47.13,1,34,2.9
P130,2025-12-08,8,Monday,False,False,clear,58.63,5,34,14.7
P130,2025-12-10,4,Wednesday,False,False,rain,55.06,1,34,2.9
P130,2025-12-11,15,Thursday,False,False,rain,53.24,9,34,26.5
P130,2025-12-12,6,Friday,False,False,clear,50.65,4,34,11.8
P130,2025-12-12,12,Friday,False,False,clear,48.53,9,34,26.5
P130,2025-12-12,22,Friday,False,False,clear,51.05,7,34,20.6
P130,2025-12-13,20,Saturday,True,False,cloudy,63.29,15,34,44.1
P130,2025-12-14,1,Sunday,True,False,clear,56.67,1,34,2.9
P130,2025-12-14,7,Sunday,True,False,rain,58.46,4,34,11.8
P130,2025-12-14,22,Sunday,True,False,clear,54.52,8,34,23.5
P130,2025-12-16,8,Tuesday,False,False,fog,57.9,4,34,11.8
P130,2025-12-17,9,Wednesday,False,False,rain,61.65,5,34,14.7
P130,2025-12-18,18,Thursday,False,False,clear,61.09,14,34,41.2
P130,2025-12-19,15,Friday,False,False,clear,47.78,10,34,29.4
P130,2025-12-22,15,Monday,False,False,clear,48.16,11,34,32.4
P130,2025-12-23,16,Tuesday,False,False,clear,48.22,11,34,32.4
P130,2025-12-24,7,Wednesday,False,False,clear,51.02,5,34,14.7
P130,2025-12-24,21,Wednesday,False,False,clear,50.3,10,34,29.4
P130,2025-12-25,19,Thursday,False,True,clear,75.71,21,34,61.8
P130,2025-12-26,13,Friday,False,False,haze,46.43,8,34,23.5
P130,2026-01-01,16,Thursday,False,False,haze,46.87,11,34,32.4
P130,2026-01-02,17,Friday,False,False,cloudy,47.59,13,34,38.2
P130,2026-01-02,23,Friday,False,False,fog,50.81,1,34,2.9
P130,2026-01-03,11,Saturday,True,False,clear,54.98,9,34,26.5
P130,2026-01-04,11,Sunday,True,False,rain,59.44,8,34,23.5
P130,2026-01-04,19,Sunday,True,False,fog,65.22,16,34,47.1
P130,2026-01-05,7,Monday,False,False,clear,46.99,5,34,14.7
P130,2026-01-06,17,Tuesday,False,False,clear,49.7,15,34,44.1
P130,2026-01-08,11,Thursday,False,False,clear,46.54,9,34,26.5
P130,2026-01-08,19,Thursday,False,False,fog,61.02,11,34,32.4
P130,2026-01-09,7,Friday,False,False,clear,48.37,4,34,11.8
P130,2026-01-09,8,Friday,False,False,clear,59.06,5,34,14.7
P130,2026-01-14,7,Wednesday,False,True,clear,68.36,6,34,17.6
P130,2026-01-16,13,Friday,False,False,rain,53.56,8,34,23.5
P130,2026-01-17,14,Saturday,True,False,clear,56.44,14,34,41.2
P130,2026-01-18,8,Sunday,True,False,clear,68.79,6,34,17.6
P130,2026-01-18,13,Sunday,True,False,haze,55.94,13,34,38.2
P130,2026-01-20,7,Tuesday,False,False,fog,49.1,4,34,11.8
P130,2026-01-21,8,Wednesday,False,False,fog,58.52,4,34,11.8
P130,2026-01-21,13,Wednesday,False,False,clear,50.97,10,34,29.4
P130,2026-01-22,15,Thursday,False,False,clear,49.17,12,34,35.3
P130,2026-01-22,19,Thursday,False,False,fog,60.54,12,34,35.3
P130,2026-01-23,8,Friday,False,False,clear,59.58,5,34,14.7
P130,2026-01-23,13,Friday,False,False,clear,49.81,10,34,29.4
P130,2026-01-25,16,Sunday,True,False,clear,56.79,16,34,47.1
P130,2026-01-27,1,Tuesday,False,False,cloudy,50.88,1,34,2.9
P130,2026-01-27,8,Tuesday,False,False,cloudy,59.19,6,34,17.6
P131,2025-10-01,14,Wednesday,False,False,fog,25.92,14,62,22.6
P131,2025-10-01,15,Wednesday,False,False,clear,25.62,19,62,30.6
P131,2025-10-02,2,Thursday,False,False,fog,25.44,1,62,1.6
P131,2025-10-04,14,Saturday,True,False,fog,29.61,14,62,22.6
P131,2025-10-04,18,Saturday,True,False,clear,35.73,32,62,51.6
P131,2025-10-06,11,Monday,False,False,fog,25.26,10,62,16.1
P131,2025-10-06,16,Monday,False,False,rain,28.24,11,62,17.7
P131,2025-10-07,8,Tuesday,False,False,cloudy,29.58,10,62,16.1
P131,2025-10-07,18,Tuesday,False,False,clear,31.14,27,62,43.5
P131,2025-10-09,18,Thursday,False,False,clear,29.8,24,62,38.7
P131,2025-10-10,6,Friday,False,False,clear,26.32,7,62,11.3
P131,2025-10-11,16,Saturday,True,False,clear,30.25,41,62,66.1
P131,2025-10-12,22,Sunday,True,False,clear,29.23,19,62,30.6
P131,2025-10-13,7,Monday,False,False,clear,26.4,7,62,11.3
P131,2025-10-14,6,Tuesday,False,False,rain,28.42,4,62,6.5
P131,2025-10-14,7,Tuesday,False,False,haze,26.26,10,62,16.1
P131,2025-10-14,10,Tuesday,False,False,clear,26.03,14,62,22.6
P131,2025-10-14,19,Tuesday,False,False,haze,29.81,24,62,38.7
P131,2025-10-17,7,Friday,False,False,cloudy,24.86,7,62,11.3
P131,2025-10-17,8,Friday,False,False,fog,30.7,7,62,11.3
P131,2025-10-17,10,Friday,False,False,clear,26.1,15,62,24.2
P131,2025-10-19,8,Sunday,True,False,clear,34.83,14,62,22.6
P131,2025-10-19,16,Sunday,True,False,clear,28.71,40,62,64.5
P131,2025-10-19,19,Sunday,True,False,cloudy,34.97,32,62,51.6
P131,2025-10-19,20,Sunday,True,False,rain,38.97,14,62,22.6
P131,2025-10-20,6,Monday,False,True,clear,34.85,10,62,16.1
P131,2025-10-20,15,Monday,False,True,clear,34.61,34,62,54.8
P131,2025-10-24,16,Friday,False,False,fog,25.59,16,62,25.8
P131,2025-10-26,0,Sunday,True,False,clear,29.18,1,62,1.6
P131,2025-10-26,2,Sunday,True,False,cloudy,28.7,2,62,3.2
P131,2025-10-28,14,Tuesday,False,False,clear,26.91,19,62,30.6
P131,2025-10-29,13,Wednesday,False,False,haze,26.32,14,62,22.6
P131,2025-10-29,17,Wednesday,False,False,cloudy,26.48,25,62,40.3
P131,2025-10-31,9,Friday,False,False,clear,29.63,13,62,21.0
P131,2025-10-31,18,Friday,False,False,clear,30.48,24,62,38.7
P131,2025-11-01,17,Saturday,True,True,clear,39.81,49,62,79.0
P131,2025-11-02,7,Sunday,True,False,rain,32.89,7,62,11.3
P131,2025-11-03,9,Monday,False,False,clear,31.04,12,62,19.4
P131,2025-11-04,10,Tuesday,False,False,clear,26.59,11,62,17.7
P131,2025-11-05,19,Wednesday,False,False,clear,29.74,26,62,41.9
P131,2025-11-06,10,Thursday,False,False,clear,24.77,13,62,21.0
P131,2025-11-07,9,Friday,False,False,clear,32.37,10,62,16.1
P131,2025-11-07,16,Friday,False,False,fog,26.09,14,62,22.6
P131,2025-11-08,7,Saturday,True,False,clear,30.7,10,62,16.1
P131,2025-11-08,13,Saturday,True,False,clear,29.08,25,62,40.3
P131,2025-11-08,16,Saturday,True,False,rain,31.73,20,62,32.3
P131,2025-11-09,10,Sunday,True,False,fog,29.22,11,62,17.7
P131,2025-11-09,12,Sunday,True,False,clear,28.79,24,62,38.7
P131,2025-11-09,13,Sunday,True,False,clear,28.25,27,62,43.5
P131,2025-11-09,17,Sunday,True,False,clear,30.6,28,62,45.2
P131,2025-11-09,19,Sunday,True,False,cloudy,35.97,27,62,43.5
P131,2025-11-10,3,Monday,False,False,clear,25.05,1,62,1.6
P131,2025-11-10,7,Monday,False,False,rain,27.78,4,62,6.5
P131,2025-11-10,11,Monday,False,False,clear,25.52,15,62,24.2
P131,2025-11-12,8,Wednesday,False,False,cloudy,32.3,11,62,17.7
P131,2025-11-12,14,Wednesday,False,False,rain,29.42,9,62,14.5
P131,2025-11-13,8,Thursday,False,False,clear,30.12,9,62,14.5
P131,2025-11-13,13,Thursday,False,False,clear,24.62,19,62,30.6
P131,2025-11-13,17,Thursday,False,False,fog,27.11,17,62,27.4
P131,2025-11-14,21,Friday,False,False,clear,24.63,21,62,33.9
P131,2025-11-16,8,Sunday,True,False,clear,35.23,15,62,24.2
P131,2025-11-18,11,Tuesday,False,False,cloudy,25.52,13,62,21.0
P131,2025-11-20,9,Thursday,False,False,clear,31.74,10,62,16.1
P131,2025-11-20,10,Thursday,False,False,clear,25.8,13,62,21.0
P131,2025-11-23,7,Sunday,True,False,clear,29.74,11,62,17.7
P131,2025-11-23,15,Sunday,True,False,clear,30.37,29,62,46.8
P131,2025-11-23,19,Sunday,True,False,cloudy,33.27,28,62,45.2
P131,2025-11-24,23,Monday,False,False,clear,26.63,2,62,3.2
P131,2025-11-25,11,Tuesday,False,False,cloudy,27.07,15,62,24.2
P131,2025-11-26,1,Wednesday,False,False,clear,24.94,1,62,1.6
P131,2025-11-26,8,Wednesday,False,False,clear,32.23,9,62,14.5
P131,2025-11-26,17,Wednesday,False,False,clear,26.84,23,62,37.1
P131,2025-11-26,19,Wednesday,False,False,rain,33.53,17,62,27.4
P131,2025-11-28,13,Friday,False,False,clear,26.88,21,62,33.9
P131,2025-11-30,19,Sunday,True,False,fog,35.42,19,62,30.6
P131,2025-12-03,18,Wednesday,False,False,clear,29.81,22,62,35.5
P131,2025-12-04,12,Thursday,False,False,cloudy,25.71,13,62,21.0
P131,2025-12-04,18,Thursday,False,False,clear,30.27,26,62,41.9
P131,2025-12-06,8,Saturday,True,False,clear,35.56,13,62,21.0
P131,2025-12-06,12,Saturday,True,False,clear,29.54,22,62,35.5
P131,2025-12-06,19,Saturday,True,False,haze,35.59,35,62,56.5
P131,2025-12-08,11,Monday,False,False,cloudy,26.04,15,62,24.2
P131,2025-12-08,14,Monday,False,False,clear,27.05,18,62,29.0
P131,2025-12-10,7,Wednesday,False,False,fog,25.98,5,62,8.1
P131,2025-12-10,14,Wednesday,False,False,rain,29.36,10,62,16.1
P131,2025-12-11,13,Thursday,False,False,cloudy,25.36,17,62,27.4
P131,2025-12-11,19,Thursday,False,False,clear,31.78,26,62,41.9
P131,2025-12-12,2,Friday,False,False,clear,25.44,1,62,1.6
P131,2025-12-12,22,Friday,False,False,fog,26.89,11,62,17.7
P131,2025-12-14,17,Sunday,True,False,haze,29.26,29,62,46.8
P131,2025-12-14,19,Sunday,True,False,clear,35.26,35,62,56.5
P131,2025-12-15,11,Monday,False,False,clear,24.65,10,62,16.1
P131,2025-12-16,2,Tuesday,False,False,cloudy,26.88,1,62,1.6
P131,2025-12-17,7,Wednesday,False,False,clear,26.29,9,62,14.5
P131,2025-12-17,17,Wednesday,False,False,clear,25.86,28,62,45.2
P131,2025-12-17,18,Wednesday,False,False,rain,34.58,13,62,21.0
P131,2025-12-18,15,Thursday,False,False,clear,26.51,22,62,35.5
P131,2025-12-18,17,Thursday,False,False,fog,25.1,20,62,32.3
P131,2025-12-18,19,Thursday,False,False,clear,31.26,24,62,38.7
P131,2025-12-19,10,Friday,False,False,fog,24.95,8,62,12.9
P131,2025-12-19,19,Friday,False,False,rain,33.57,17,62,27.4
P131,2025-12-20,6,Saturday,True,False,cloudy,30.79,9,62,14.5
P131,2025-12-22,8,Monday,False,False,clear,31.19,10,62,16.1
P131,2025-12-22,15,Monday,False,False,clear,24.77,24,62,38.7
P131,2025-12-24,8,Wednesday,False,False,clear,31.66,9,62,14.5
P131,2025-12-24,19,Wednesday,False,False,clear,31.77,30,62,48.4
P131,2025-12-25,11,Thursday,False,True,clear,35.12,26,62,41.9
P131,2025-12-25,22,Thursday,False,True,fog,36.06,16,62,25.8
P131,2025-12-25,23,Thursday,False,True,cloudy,37.97,3,62,4.8
P131,2025-12-26,13,Friday,False,False,rain,28.71,10,62,16.1
P131,2025-12-26,17,Friday,False,False,clear,24.73,29,62,46.8
P131,2025-12-28,7,Sunday,True,False,clear,29.81,9,62,14.5
P131,2025-12-28,18,Sunday,True,False,haze,34.52,34,62,54.8
P131,2025-12-29,15,Monday,False,False,clear,24.84,20,62,32.3
P131,2025-12-30,9,Tuesday,False,False,clear,31.08,10,62,16.1
P131,2026-01-01,9,Thursday,False,False,clear,30.08,11,62,17.7
P131,2026-01-01,16,Thursday,False,False,rain,29.27,12,62,19.4
P131,2026-01-04,9,Sunday,True,False,clear,35.76,15,62,24.2
P131,2026-01-05,13,Monday,False,False,cloudy,26.68,17,62,27.4
P131,2026-01-07,15,Wednesday,False,False,clear,26.64,19,62,30.6
P131,2026-01-07,17,Wednesday,False,False,clear,26.24,26,62,41.9
P131,2026-01-07,20,Wednesday,False,False,clear,30.7,22,62,35.5
P131,2026-01-08,7,Thursday,False,False,clear,26.96,8,62,12.9
P131,2026-01-09,2,Friday,False,False,clear,26.52,1,62,1.6
P131,2026-01-10,7,Saturday,True,False,clear,29.5,11,62,17.7
P131,2026-01-10,19,Saturday,True,False,clear,33.16,31,62,50.0
P131,2026-01-11,14,Sunday,True,False,clear,30.64,29,62,46.8
P131,2026-01-11,22,Sunday,True,False,rain,32.41,10,62,16.1
P131,2026-01-11,23,Sunday,True,False,cloudy,30.6,4,62,6.5
P131,2026-01-12,7,Monday,False,False,clear,25.32,10,62,16.1
P131,2026-01-13,12,Tuesday,False,False,clear,24.69,18,62,29.0
P131,2026-01-13,16,Tuesday,False,False,clear,26.13,21,62,33.9
P131,2026-01-14,7,Wednesday,False,True,clear,35.52,13,62,21.0
P131,2026-01-14,8,Wednesday,False,True,clear,41.45,15,62,24.2
P131,2026-01-14,11,Wednesday,False,True,clear,35.34,23,62,37.1
P131,2026-01-16,19,Friday,False,False,clear,30.66,24,62,38.7
P131,2026-01-17,12,Saturday,True,False,clear,29.25,24,62,38.7
P131,2026-01-19,7,Monday,False,False,clear,25.7,8,62,12.9
P131,2026-01-19,16,Monday,False,False,clear,24.76,20,62,32.3
P131,2026-01-19,18,Monday,False,False,haze,31.31,22,62,35.5
P131,2026-01-20,15,Tuesday,False,False,clear,24.58,18,62,29.0
P131,2026-01-20,16,Tuesday,False,False,clear,26.67,23,62,37.1
P131,2026-01-21,15,Wednesday,False,False,clear,24.55,23,62,37.1
P131,2026-01-22,8,Thursday,False,False,clear,31.2,10,62,16.1
P131,2026-01-22,16,Thursday,False,False,cloudy,26.2,18,62,29.0
P131,2026-01-24,6,Saturday,True,False,cloudy,30.8,11,62,17.7
P131,2026-01-24,14,Saturday,True,False,clear,30.14,25,62,40.3
P131,2026-01-25,7,Sunday,True,False,clear,30.65,10,62,16.1
P131,2026-01-25,16,Sunday,True,False,cloudy,30.24,22,62,35.5
P131,2026-01-28,8,Wednesday,False,False,clear,29.55,10,62,16.1
P131,2026-01-28,23,Wednesday,False,False,clear,25.91,3,62,4.8
P132,2025-10-01,21,Wednesday,False,False,cloudy,22.24,28,78,35.9
P132,2025-10-02,5,Thursday,False,False,clear,22.86,8,78,10.3
P132,2025-10-02,6,Thursday,False,False,clear,24.21,11,78,14.1
P132,2025-10-03,19,Friday,False,False,clear,28.42,47,78,60.3
P132,2025-10-03,21,Friday,False,False,rain,24.77,28,78,35.9
P132,2025-10-04,20,Saturday,True,False,clear,30.77,49,78,62.8
P132,2025-10-05,18,Sunday,True,False,fog,32.54,51,78,65.4
P132,2025-10-07,7,Tuesday,False,False,rain,24.36,13,78,16.7
P132,2025-10-07,19,Tuesday,False,False,clear,27.98,46,78,59.0
P132,2025-10-08,8,Wednesday,False,False,clear,26.66,16,78,20.5
P132,2025-10-08,12,Wednesday,False,False,rain,24.67,24,78,30.8
P132,2025-10-08,13,Wednesday,False,False,rain,26.31,27,78,34.6
P132,2025-10-10,2,Friday,False,False,clear,24.19,2,78,2.6
P132,2025-10-11,10,Saturday,True,False,clear,27.09,31,78,39.7
P132,2025-10-11,14,Saturday,True,False,clear,27.29,41,78,52.6
P132,2025-10-12,17,Sunday,True,False,haze,25.65,55,78,70.5
P132,2025-10-13,13,Monday,False,False,clear,24.01,29,78,37.2
P132,2025-10-14,7,Tuesday,False,False,rain,25.94,12,78,15.4
P132,2025-10-15,7,Wednesday,False,False,clear,22.84,14,78,17.9
P132,2025-10-15,17,Wednesday,False,False,fog,23.44,42,78,53.8
P132,2025-10-16,10,Thursday,False,False,rain,25.4,22,78,28.2
P132,2025-10-16,11,Thursday,False,False,clear,22.42,26,78,33.3
P132,2025-10-16,16,Thursday,False,False,clear,23.69,40,78,51.3
P132,2025-10-17,13,Friday,False,False,clear,24.22,32,78,41.0
P132,2025-10-17,18,Friday,False,False,clear,28.02,39,78,50.0
P132,2025-10-17,20,Friday,False,False,cloudy,28.92,49,78,62.8
P132,2025-10-18,8,Saturday,True,False,cloudy,31.45,21,78,26.9
P132,2025-10-18,15,Saturday,True,False,cloudy,25.53,45,78,57.7
P132,2025-10-19,10,Sunday,True,False,clear,26.46,27,78,34.6
P132,2025-10-21,7,Tuesday,False,True,clear,31.78,24,78,30.8
P132,2025-10-21,14,Tuesday,False,True,rain,34.19,40,78,51.3
P132,2025-10-21,16,Tuesday,False,True,rain,34.36,46,78,59.0
P132,2025-10-22,16,Wednesday,False,False,clear,22.82,43,78,55.1
P132,2025-10-23,15,Thursday,False,False,clear,24.09,35,78,44.9
P132,2025-10-23,17,Thursday,False,False,rain,24.37,30,78,38.5
P132,2025-10-24,1,Friday,False,False,rain,26.3,2,78,2.6
P132,2025-10-25,11,Saturday,True,False,cloudy,25.27,40,78,51.3
P132,2025-10-26,6,Sunday,True,False,clear,26.15,14,78,17.9
P132,2025-10-26,21,Sunday,True,False,clear,25.36,44,78,56.4
P132,2025-10-27,20,Monday,False,False,clear,27.47,41,78,52.6
P132,2025-10-28,9,Tuesday,False,False,clear,26.42,19,78,24.4
P132,2025-10-28,14,Tuesday,False,False,cloudy,23.47,33,78,42.3
P132,2025-10-30,17,Thursday,False,False,clear,23.05,39,78,50.0
P132,2025-10-31,18,Friday,False,False,rain,30.32,35,78,44.9
P132,2025-11-02,17,Sunday,True,False,fog,27.09,50,78,64.1
P132,2025-11-03,19,Monday,False,False,clear,26.78,42,78,53.8
P132,2025-11-04,3,Tuesday,False,False,clear,23.88,2,78,2.6
P132,2025-11-04,13,Tuesday,False,False,fog,24.09,25,78,32.1
P132,2025-11-05,12,Wednesday,False,False,clear,23.88,27,78,34.6
P132,2025-11-05,20,Wednesday,False,False,clear,27.5,46,78,59.0
P132,2025-11-07,17,Friday,False,False,clear,24.78,43,78,55.1
P132,2025-11-07,19,Friday,False,False,clear,27.9,42,78,53.8
P132,2025-11-08,12,Saturday,True,False,clear,25.66,27,78,34.6
P132,2025-11-08,13,Saturday,True,False,clear,26.83,31,78,39.7
P132,2025-11-08,17,Saturday,True,False,clear,25.93,45,78,57.7
P132,2025-11-11,16,Tuesday,False,False,fog,23.25,40,78,51.3
P132,2025-11-13,10,Thursday,False,False,rain,26.44,17,78,21.8
P132,2025-11-13,17,Thursday,False,False,clear,23.69,46,78,59.0
P132,2025-11-15,12,Saturday,True,False,rain,27.63,30,78,38.5
P132,2025-11-15,17,Saturday,True,False,clear,25.78,52,78,66.7
P132,2025-11-16,8,Sunday,True,False,rain,33.03,17,78,21.8
P132,2025-11-17,8,Monday,False,False,fog,27.46,15,78,19.2
P132,2025-11-18,16,Tuesday,False,False,haze,22.59,43,78,55.1
P132,2025-11-18,21,Tuesday,False,False,fog,23.62,30,78,38.5
P132,2025-11-19,17,Wednesday,False,False,cloudy,23.99,38,78,48.7
P132,2025-11-20,10,Thursday,False,False,clear,22.14,21,78,26.9
P132,2025-11-20,19,Thursday,False,False,fog,26.73,41,78,52.6
P132,2025-11-21,18,Friday,False,False,rain,30.61,37,78,47.4
P132,2025-11-24,16,Monday,False,False,rain,24.11,33,78,42.3
P132,2025-11-25,20,Tuesday,False,False,clear,27.07,38,78,48.7
P132,2025-11-26,18,Wednesday,False,False,rain,29.79,34,78,43.6
P132,2025-11-27,8,Thursday,False,False,clear,26.34,15,78,19.2
P132,2025-11-27,14,Thursday,False,False,clear,23.39,32,78,41.0
P132,2025-11-27,21,Thursday,False,False,cloudy,22.6,28,78,35.9
P132,2025-11-28,9,Friday,False,False,fog,27.76,13,78,16.7
P132,2025-12-01,16,Monday,False,False,rain,24.23,37,78,47.4
P132,2025-12-02,9,Tuesday,False,False,fog,27.96,20,78,25.6
P132,2025-12-02,19,Tuesday,False,False,clear,28.01,37,78,47.4
P132,2025-12-03,7,Wednesday,False,False,clear,22.81,13,78,16.7
P132,2025-12-03,10,Wednesday,False,False,clear,24.08,19,78,24.4
P132,2025-12-03,18,Wednesday,False,False,rain,28.88,44,78,56.4
P132,2025-12-03,20,Wednesday,False,False,cloudy,26.7,36,78,46.2
P132,2025-12-06,11,Saturday,True,False,clear,25.33,37,78,47.4
P132,2025-12-07,15,Sunday,True,False,clear,26.36,47,78,60.3
P132,2025-12-07,22,Sunday,True,False,clear,27.67,35,78,44.9
P132,2025-12-08,5,Monday,False,False,rain,25.06,8,78,10.3
P132,2025-12-08,17,Monday,False,False,clear,23.07,44,78,56.4
P132,2025-12-09,6,Tuesday,False,False,clear,23.68,11,78,14.1
P132,2025-12-09,8,Tuesday,False,False,clear,29.06,19,78,24.4
P132,2025-12-10,9,Wednesday,False,False,rain,29.46,18,78,23.1
P132,2025-12-10,15,Wednesday,False,False,clear,22.05,37,78,47.4
P132,2025-12-10,18,Wednesday,False,False,fog,27.06,36,78,46.2
P132,2025-12-10,20,Wednesday,False,False,clear,28.09,50,78,64.1
P132,2025-12-11,19,Thursday,False,False,clear,28.92,47,78,60.3
P132,2025-12-12,16,Friday,False,False,fog,23.27,27,78,34.6
P132,2025-12-15,12,Monday,False,False,fog,22.04,28,78,35.9
P132,2025-12-15,18,Monday,False,False,clear,27.22,48,78,61.5
P132,2025-12-16,3,Tuesday,False,False,clear,22.13,2,78,2.6
P132,2025-12-16,6,Tuesday,False,False,clear,22.82,15,78,19.2
P132,2025-12-16,11,Tuesday,False,False,clear,22.88,25,78,32.1
P132,2025-12-16,14,Tuesday,False,False,clear,23.06,36,78,46.2
P132,2025-12-16,15,Tuesday,False,False,rain,26.16,28,78,35.9
P132,2025-12-17,10,Wednesday,False,False,clear,22.47,27,78,34.6
P132,2025-12-17,12,Wednesday,False,False,fog,22.09,27,78,34.6
P132,2025-12-17,16,Wednesday,False,False,clear,22.94,34,78,43.6
P132,2025-12-19,8,Friday,False,False,fog,27.1,13,78,16.7
P132,2025-12-20,17,Saturday,True,False,clear,25.51,40,78,51.3
P132,2025-12-21,17,Sunday,True,False,cloudy,25.54,47,78,60.3
P132,2025-12-21,20,Sunday,True,False,clear,30.76,60,78,76.9
P132,2025-12-22,8,Monday,False,False,clear,27.84,16,78,20.5
P132,2025-12-22,18,Monday,False,False,clear,27.66,37,78,47.4
P132,2025-12-23,13,Tuesday,False,False,fog,23.61,31,78,39.7
P132,2025-12-23,18,Tuesday,False,False,cloudy,27.16,36,78,46.2
P132,2025-12-24,10,Wednesday,False,False,clear,24.04,27,78,34.6
P132,2025-12-25,9,Thursday,False,True,clear,38.31,25,78,32.1
P132,2025-12-26,13,Friday,False,False,clear,22.16,35,78,44.9
P132,2025-12-26,21,Friday,False,False,clear,23.56,31,78,39.7
P132,2025-12-28,18,Sunday,True,False,clear,31.83,49,78,62.8
P132,2025-12-28,21,Sunday,True,False,clear,25.99,43,78,55.1
P132,2025-12-29,14,Monday,False,False,clear,22.88,29,78,37.2
P132,2025-12-30,6,Tuesday,False,False,rain,26.59,11,78,14.1
P132,2025-12-30,16,Tuesday,False,False,clear,22.06,43,78,55.1
P132,2025-12-30,17,Tuesday,False,False,clear,23.55,47,78,60.3
P132,2025-12-31,11,Wednesday,False,False,haze,22.16,23,78,29.5
P132,2025-12-31,15,Wednesday,False,False,clear,23.13,30,78,38.5
P132,2025-12-31,17,Wednesday,False,False,clear,23.59,42,78,53.8
P132,2026-01-01,15,Thursday,False,False,clear,22.82,35,78,44.9
P132,2026-01-02,7,Friday,False,False,clear,24.02,14,78,17.9
P132,2026-01-02,13,Friday,False,False,clear,23.85,22,78,28.2
P132,2026-01-03,9,Saturday,True,False,clear,32.29,25,78,32.1
P132,2026-01-03,20,Saturday,True,False,clear,31.77,52,78,66.7
P132,2026-01-04,7,Sunday,True,False,rain,29.1,18,78,23.1
P132,2026-01-05,8,Monday,False,False,clear,28.91,18,78,23.1
P132,2026-01-06,18,Tuesday,False,False,clear,28.26,47,78,60.3
P132,2026-01-06,19,Tuesday,False,False,clear,27.51,36,78,46.2
P132,2026-01-07,15,Wednesday,False,False,rain,26.04,28,78,35.9
P132,2026-01-08,5,Thursday,False,False,clear,21.93,10,78,12.8
P132,2026-01-08,20,Thursday,False,False,rain,28.76,35,78,44.9
P132,2026-01-09,8,Friday,False,False,rain,28.68,12,78,15.4
P132,2026-01-09,21,Friday,False,False,clear,22.57,30,78,38.5
P132,2026-01-11,17,Sunday,True,False,clear,26.14,54,78,69.2
P132,2026-01-14,13,Wednesday,False,True,clear,32.69,32,78,41.0
P132,2026-01-15,23,Thursday,False,False,clear,23.59,6,78,7.7
P132,2026-01-16,8,Friday,False,False,clear,26.98,19,78,24.4
P132,2026-01-16,16,Friday,False,False,clear,23.36,36,78,46.2
P132,2026-01-17,18,Saturday,True,False,clear,30.14,53,78,67.9
P132,2026-01-18,8,Sunday,True,False,clear,29.85,20,78,25.6
P132,2026-01-21,8,Wednesday,False,False,cloudy,26.66,19,78,24.4
P132,2026-01-21,12,Wednesday,False,False,rain,24.67,24,78,30.8
P132,2026-01-21,16,Wednesday,False,False,clear,23.07,36,78,46.2
P132,2026-01-24,9,Saturday,True,False,clear,31.33,25,78,32.1
P132,2026-01-24,21,Saturday,True,False,clear,26.69,39,78,50.0
P132,2026-01-26,14,Monday,False,True,clear,31.02,50,78,64.1
