reviews_id,user_id,lot_id,booking_id,rating,review_text,sentiment_score,created_at
R101,U121,P117,B2531,5,Affordable pricing and close to metro station.,0.63,2025-12-23T01:33:00
R102,U208,P107,B431,3,"Decent parking, nothing special.",0.01,2025-12-15T21:46:00
R103,U115,P128,B2547,4,"Very convenient location, will book again.",0.65,2025-10-24T15:03:00
R104,U192,P132,B596,5,"Owner was helpful, smooth experience overall.",0.6,2026-01-02T08:39:00
R105,U265,P118,B660,5,"Great parking spot, easy to find and secure.",0.72,2025-10-10T13:16:00
R106,U161,P130,B5088,3,"Decent parking, nothing special.",0.27,2025-10-02T21:29:00
R107,U130,P122,B4435,4,"Great parking spot, easy to find and secure.",0.89,2025-10-16T02:14:00
R108,U108,P128,B2544,5,"Owner was helpful, smooth experience overall.",0.72,2025-11-20T11:45:00
R109,U257,P115,B1648,3,"Decent parking, nothing special.",0.04,2025-11-28T18:54:00
R110,U250,P102,B4065,3,"Decent parking, nothing special.",0.14,2025-12-26T10:51:00
R111,U233,P128,B2925,5,"Owner was helpful, smooth experience overall.",0.78,2025-10-04T20:24:00
R112,U223,P113,B3465,3,"Decent parking, nothing special.",0.17,2025-10-29T20:38:00
R113,U271,P106,B2539,5,Clean and well-lit parking area.,0.74,2025-12-03T11:04:00
R114,U153,P105,B839,5,Affordable pricing and close to metro station.,0.51,2025-11-05T22:58:00
R115,U138,P106,B2127,4,"Very convenient location, will book again.",0.53,2025-11-14T06:41:00
R116,U216,P119,B2903,4,Affordable pricing and close to metro station.,0.94,2025-10-08T12:47:00
R117,U109,P103,B109,5,Affordable pricing and close to metro station.,0.84,2025-10-13T20:07:00
R118,U210,P113,B3873,5,"Very convenient location, will book again.",0.93,2025-11-17T22:54:00
R119,U148,P124,B4335,4,"Great parking spot, easy to find and secure.",0.65,2025-12-03T09:02:00
R120,U221,P104,B3599,5,"Owner was helpful, smooth experience overall.",0.74,2026-01-25T20:53:00
R121,U147,P102,B2027,5,"Owner was helpful, smooth experience overall.",0.64,2025-11-13T20:55:00
R122,U175,P103,B2064,3,Okay for short-term parking.,0.26,2025-10-27T15:09:00
R123,U292,P129,B3713,5,Clean and well-lit parking area.,0.63,2025-11-09T23:47:00
R124,U139,P127,B589,5,Affordable pricing and close to metro station.,0.81,2025-12-21T12:06:00
R125,U198,P128,B3015,5,Clean and well-lit parking area.,0.58,2025-11-08T10:02:00
R126,U267,P123,B1906,5,"Owner was helpful, smooth experience overall.",0.55,2025-11-13T19:05:00
R127,U110,P117,B1585,4,"Owner was helpful, smooth experience overall.",0.57,2025-10-06T12:43:00
R128,U225,P130,B492,5,"Very convenient location, will book again.",0.74,2025-12-06T20:24:00
R129,U276,P113,B3538,3,"Average experience, would use again if nearby.",0.24,2025-12-15T13:09:00
R130,U204,P106,B5021,4,"Owner was helpful, smooth experience overall.",0.95,2025-11-30T06:52:00
R131,U131,P126,B3968,5,Clean and well-lit parking area.,0.78,2026-01-17T19:12:00
R132,U134,P129,B137,2,"Poor lighting at night, felt unsafe.",-0.58,2025-12-29T20:49:00
R133,U188,P127,B3564,3,"Decent parking, nothing special.",0.21,2025-10-06T18:46:00
R134,U267,P128,B3561,3,"Decent parking, nothing special.",-0.07,2025-11-22T17:04:00
R135,U231,P131,B1965,1,"Poor lighting at night, felt unsafe.",-0.41,2026-01-11T23:37:00
R136,U111,P121,B2357,5,"Very convenient location, will book again.",0.84,2026-01-28T21:34:00
R137,U198,P132,B1591,3,"Decent parking, nothing special.",0.11,2026-01-16T18:08:00
R138,U289,P131,B4646,3,"Decent parking, nothing special.",-0.09,2025-12-26T00:37:00
R139,U181,P128,B2508,5,Affordable pricing and close to metro station.,0.59,2026-01-28T01:17:00
R140,U286,P120,B1692,5,"Great parking spot, easy to find and secure.",0.67,2025-12-24T11:49:00
R141,U237,P102,B360,4,"Great parking spot, easy to find and secure.",0.92,2025-10-26T20:54:00
R142,U151,P117,B471,4,Affordable pricing and close to metro station.,0.79,2025-10-07T12:34:00
R143,U221,P121,B3500,4,Clean and well-lit parking area.,0.73,2025-10-14T11:02:00
R144,U135,P129,B4465,4,Clean and well-lit parking area.,0.72,2026-01-11T10:55:00
R145,U212,P120,B2800,4,"Very convenient location, will book again.",0.85,2025-11-08T09:30:00
R146,U167,P130,B4601,5,Clean and well-lit parking area.,0.65,2025-12-01T22:24:00
R147,U243,P103,B3906,5,Affordable pricing and close to metro station.,0.54,2026-01-04T17:26:00
R148,U169,P123,B1694,5,Affordable pricing and close to metro station.,0.8,2026-01-28T18:19:00
R149,U251,P120,B3668,2,"Poor lighting at night, felt unsafe.",-0.7,2025-11-01T18:30:00
R150,U258,P105,B2942,4,"Very convenient location, will book again.",0.65,2025-10-22T14:04:00
R151,U228,P116,B2997,2,"Poor lighting at night, felt unsafe.",-0.63,2025-12-06T09:38:00
R152,U131,P111,B1667,4,Clean and well-lit parking area.,0.61,2026-01-22T12:01:00
R153,U174,P106,B266,4,"Owner was helpful, smooth experience overall.",0.91,2026-01-05T17:23:00
R154,U249,P127,B868,5,"Great parking spot, easy to find and secure.",0.88,2025-10-08T09:14:00
R155,U149,P118,B338,5,"Owner was helpful, smooth experience overall.",0.95,2025-12-14T20:59:00
R156,U110,P108,B2129,2,"Poor lighting at night, felt unsafe.",-0.32,2025-12-22T02:30:00
R157,U162,P121,B774,4,Affordable pricing and close to metro station.,0.64,2025-10-11T05:13:00
R158,U287,P115,B1600,4,Clean and well-lit parking area.,0.67,2025-12-05T03:06:00
R159,U190,P116,B3737,2,"Poor lighting at night, felt unsafe.",-0.48,2025-10-08T12:19:00
R160,U201,P101,B2553,5,Clean and well-lit parking area.,0.51,2026-01-25T09:40:00
R161,U102,P113,B809,4,"Great parking spot, easy to find and secure.",0.95,2025-10-13T12:52:00
R162,U206,P125,B412,5,"Owner was helpful, smooth experience overall.",0.5,2026-01-05T10:13:00
R163,U139,P122,B2808,1,"Poor lighting at night, felt unsafe.",-0.58,2025-11-09T10:19:00
R164,U237,P109,B2121,4,"Owner was helpful, smooth experience overall.",0.8,2025-10-24T06:00:00
R165,U165,P105,B973,4,"Very convenient location, will book again.",0.91,2025-11-22T19:17:00
R166,U232,P132,B3257,3,"Decent parking, nothing special.",0.16,2025-12-20T18:06:00
R167,U141,P119,B1360,2,"Slot was occupied when I arrived, had to wait.",-0.54,2026-01-27T12:26:00
R168,U273,P101,B4029,4,Affordable pricing and close to metro station.,0.64,2025-10-24T15:08:00
R169,U134,P122,B1253,3,"Decent parking, nothing special.",0.14,2025-11-29T15:36:00
R170,U286,P116,B4960,5,Clean and well-lit parking area.,0.84,2025-12-26T17:08:00
R171,U280,P121,B5067,3,"Average experience, would use again if nearby.",0.11,2026-01-21T19:27:00
R172,U191,P124,B3027,1,Price was higher than what was listed.,-0.43,2025-10-21T16:20:00
R173,U285,P122,B2329,4,Clean and well-lit parking area.,0.53,2026-01-24T16:35:00
R174,U151,P113,B3835,4,"Great parking spot, easy to find and secure.",0.65,2026-01-19T19:44:00
R175,U258,P124,B4979,5,"Very convenient location, will book again.",0.93,2026-01-17T22:45:00
R176,U257,P118,B1771,2,"Slot was occupied when I arrived, had to wait.",-0.71,2025-10-16T09:49:00
R177,U268,P110,B610,4,"Owner was helpful, smooth experience overall.",0.78,2025-10-02T01:39:00
R178,U172,P114,B2391,5,Clean and well-lit parking area.,0.73,2025-10-10T18:43:00
R179,U175,P111,B1078,5,"Very convenient location, will book again.",0.92,2025-12-28T15:05:00
R180,U231,P107,B802,3,Okay for short-term parking.,-0.03,2025-11-22T19:07:00
R181,U285,P108,B3824,4,Clean and well-lit parking area.,0.63,2026-01-10T23:10:00
R182,U250,P131,B403,4,"Great parking spot, easy to find and secure.",0.89,2025-12-26T15:25:00
R183,U151,P131,B5011,2,"Narrow entrance, difficult to park.",-0.5,2025-10-17T07:48:00
R184,U141,P124,B4391,3,"Average experience, would use again if nearby.",0.12,2025-12-04T11:39:00
R185,U120,P117,B1403,4,"Very convenient location, will book again.",0.68,2025-11-30T21:41:00
R186,U286,P111,B4157,5,"Great parking spot, easy to find and secure.",0.69,2026-01-22T12:30:00
R187,U182,P107,B2520,4,"Great parking spot, easy to find and secure.",0.92,2025-11-04T08:29:00
R188,U247,P130,B1336,4,"Very convenient location, will book again.",0.8,2025-11-09T09:21:00
R189,U180,P105,B3001,5,"Owner was helpful, smooth experience overall.",0.92,2025-10-08T21:10:00
R190,U177,P115,B1083,3,"Decent parking, nothing special.",0.29,2026-01-19T08:02:00
R191,U193,P121,B3205,5,"Owner was helpful, smooth experience overall.",0.75,2025-10-25T10:44:00
R192,U236,P107,B2787,5,"Great parking spot, easy to find and secure.",0.77,2026-01-10T21:31:00
R193,U103,P109,B4668,4,Affordable pricing and close to metro station.,0.8,2025-10-11T17:50:00
R194,U153,P116,B4977,5,Clean and well-lit parking area.,0.88,2025-10-25T06:52:00
R195,U130,P112,B1339,4,"Owner was helpful, smooth experience overall.",0.8,2026-01-19T10:55:00
R196,U101,P112,B4494,5,"Very convenient location, will book again.",0.55,2025-10-06T09:08:00
R197,U113,P130,B1510,4,Affordable pricing and close to metro station.,0.92,2025-11-12T14:36:00
R198,U271,P102,B2728,3,Okay for short-term parking.,0.16,2025-12-16T17:54:00
R199,U157,P103,B1839,2,Price was higher than what was listed.,-0.38,2025-10-11T20:47:00
R200,U187,P108,B2940,5,Clean and well-lit parking area.,0.69,2026-01-13T13:31:00
R201,U224,P117,B5024,5,"Owner was helpful, smooth experience overall.",0.71,2025-11-23T17:42:00
R202,U284,P103,B688,3,"Decent parking, nothing special.",0.18,2025-10-18T22:47:00
R203,U165,P103,B2920,4,Clean and well-lit parking area.,0.85,2025-10-25T03:17:00
R204,U130,P117,B3970,2,App showed available but lot was full.,-0.85,2025-10-18T10:38:00
R205,U201,P125,B1276,5,"Owner was helpful, smooth experience overall.",0.68,2026-01-25T18:20:00
R206,U149,P106,B3234,3,"Decent parking, nothing special.",0.21,2026-01-10T08:24:00
R207,U299,P102,B2039,5,Clean and well-lit parking area.,0.95,2025-11-15T23:33:00
R208,U119,P113,B3617,3,"Average experience, would use again if nearby.",-0.1,2026-01-13T19:34:00
R209,U246,P105,B4471,3,"Average experience, would use again if nearby.",0.01,2025-11-27T12:50:00
R210,U119,P107,B1269,2,"Narrow entrance, difficult to park.",-0.62,2026-01-22T10:11:00
R211,U220,P107,B289,4,"Great parking spot, easy to find and secure.",0.6,2025-12-09T15:27:00
R212,U204,P110,B3041,4,"Very convenient location, will book again.",0.51,2025-12-27T02:09:00
R213,U106,P121,B125,4,"Great parking spot, easy to find and secure.",0.74,2025-12-16T19:26:00
R214,U175,P119,B536,5,Clean and well-lit parking area.,0.79,2025-12-28T16:44:00
R215,U224,P102,B309,2,"Slot was occupied when I arrived, had to wait.",-0.65,2025-10-18T19:11:00
R216,U281,P128,B3677,3,"Average experience, would use again if nearby.",0.05,2025-12-21T11:46:00
R217,U109,P104,B3926,5,Clean and well-lit parking area.,0.94,2026-01-12T23:16:00
R218,U283,P131,B2073,1,"Slot was occupied when I arrived, had to wait.",-0.61,2026-01-19T19:01:00
R219,U135,P120,B3552,4,"Great parking spot, easy to find and secure.",0.86,2026-01-04T20:21:00
R220,U276,P106,B3678,2,"Narrow entrance, difficult to park.",-0.73,2026-01-10T19:58:00
R221,U280,P132,B1028,4,Clean and well-lit parking area.,0.87,2025-12-10T17:49:00
R222,U162,P132,B5015,4,Clean and well-lit parking area.,0.87,2025-10-11T13:04:00
R223,U289,P129,B2314,1,Price was higher than what was listed.,-0.74,2025-11-16T09:58:00
R224,U146,P105,B4040,5,Clean and well-lit parking area.,0.8,2025-11-22T10:54:00
R225,U251,P103,B2171,4,"Great parking spot, easy to find and secure.",0.81,2025-12-24T10:15:00
R226,U114,P108,B1373,5,Affordable pricing and close to metro station.,0.7,2025-11-11T07:19:00
R227,U264,P114,B712,3,Okay for short-term parking.,0.21,2025-11-25T08:37:00
R228,U129,P125,B1340,4,"Great parking spot, easy to find and secure.",0.64,2025-12-28T21:11:00
R229,U220,P127,B1433,4,Affordable pricing and close to metro station.,0.72,2025-10-28T17:41:00
R230,U198,P127,B592,2,Price was higher than what was listed.,-0.31,2025-11-01T20:41:00
R231,U244,P115,B789,5,Affordable pricing and close to metro station.,0.58,2025-10-16T12:18:00
R232,U133,P115,B1516,3,"Decent parking, nothing special.",-0.04,2025-12-13T03:05:00
R233,U265,P124,B1063,4,Affordable pricing and close to metro station.,0.56,2025-12-27T13:25:00
R234,U112,P108,B2834,3,"Average experience, would use again if nearby.",0.3,2025-12-16T19:21:00
R235,U288,P128,B3582,4,"Owner was helpful, smooth experience overall.",0.57,2025-11-09T04:21:00
R236,U215,P109,B438,5,Affordable pricing and close to metro station.,0.59,2026-01-21T14:36:00
R237,U288,P117,B4961,1,Price was higher than what was listed.,-0.48,2025-10-28T09:49:00
R238,U239,P125,B467,5,Clean and well-lit parking area.,0.84,2026-01-18T09:58:00
R239,U109,P103,B552,5,"Very convenient location, will book again.",0.74,2025-11-16T14:44:00
R240,U241,P114,B1391,5,"Great parking spot, easy to find and secure.",0.94,2026-01-10T15:14:00
R241,U249,P122,B1569,2,Price was higher than what was listed.,-0.88,2025-10-01T21:58:00
R242,U273,P126,B2965,3,"Decent parking, nothing special.",0.15,2025-10-06T19:05:00
R243,U110,P109,B3499,4,"Very convenient location, will book again.",0.77,2025-10-23T10:52:00
R244,U197,P121,B3656,3,"Decent parking, nothing special.",0.03,2025-12-18T12:52:00
R245,U178,P107,B5003,4,Clean and well-lit parking area.,0.9,2025-12-12T19:32:00
R246,U211,P128,B2317,3,"Decent parking, nothing special.",0.12,2025-12-26T19:32:00
R247,U108,P128,B3590,2,Price was higher than what was listed.,-0.75,2025-10-11T04:16:00
R248,U148,P110,B3716,3,"Decent parking, nothing special.",-0.06,2026-01-20T18:10:00
R249,U116,P116,B4158,4,"Great parking spot, easy to find and secure.",0.55,2025-11-22T12:18:00
R250,U259,P102,B3997,5,"Great parking spot, easy to find and secure.",0.9,2025-11-08T09:33:00
R251,U126,P103,B129,3,Okay for short-term parking.,0.0,2025-12-28T05:06:00
R252,U114,P127,B4147,2,Price was higher than what was listed.,-0.36,2025-12-08T14:03:00
R253,U106,P116,B3725,2,"Slot was occupied when I arrived, had to wait.",-0.83,2026-01-15T20:27:00
R254,U135,P109,B4729,3,"Decent parking, nothing special.",0.29,2026-01-01T20:07:00
R255,U184,P122,B3921,3,Okay for short-term parking.,0.23,2026-01-25T20:20:00
R256,U299,P117,B1234,4,"Great parking spot, easy to find and secure.",0.55,2025-11-01T23:19:00
R257,U192,P108,B1201,2,"Poor lighting at night, felt unsafe.",-0.85,2025-10-10T19:12:00
R258,U159,P120,B4788,4,Clean and well-lit parking area.,0.86,2025-12-20T23:50:00
R259,U154,P121,B341,5,"Great parking spot, easy to find and secure.",0.54,2025-12-31T20:33:00
R260,U186,P103,B1150,4,"Very convenient location, will book again.",0.62,2025-11-24T16:56:00
R261,U204,P103,B953,5,Affordable pricing and close to metro station.,0.86,2026-01-16T09:13:00
R262,U198,P130,B4417,4,"Very convenient location, will book again.",0.91,2025-10-13T21:04:00
R263,U218,P105,B2484,5,"Owner was helpful, smooth experience overall.",0.85,2025-12-20T21:01:00
R264,U194,P112,B3438,5,Affordable pricing and close to metro station.,0.9,2025-11-09T11:55:00
R265,U179,P107,B2897,4,"Owner was helpful, smooth experience overall.",0.75,2025-11-11T11:29:00
R266,U214,P126,B2289,5,"Owner was helpful, smooth experience overall.",0.85,2025-10-04T10:45:00
R267,U244,P110,B4825,4,Affordable pricing and close to metro station.,0.65,2026-01-17T18:12:00
R268,U174,P131,B2321,3,Okay for short-term parking.,0.21,2025-10-19T17:23:00
R269,U149,P107,B1789,2,Price was higher than what was listed.,-0.49,2025-11-20T07:11:00
R270,U148,P109,B1215,2,Price was higher than what was listed.,-0.56,2025-11-16T14:16:00
R271,U165,P125,B4627,5,"Great parking spot, easy to find and secure.",0.95,2025-11-26T08:30:00
R272,U219,P122,B3381,5,Affordable pricing and close to metro station.,0.71,2025-11-17T21:26:00
R273,U192,P126,B1454,4,Affordable pricing and close to metro station.,0.78,2025-10-16T20:50:00
R274,U296,P103,B2686,1,Price was higher than what was listed.,-0.59,2025-12-22T22:21:00
R275,U133,P107,B3565,5,"Very convenient location, will book again.",0.62,2025-12-14T22:18:00
R276,U208,P109,B537,4,"Great parking spot, easy to find and secure.",0.65,2026-01-15T19:29:00
R277,U185,P129,B1740,4,"Very convenient location, will book again.",0.94,2025-11-28T04:02:00
R278,U283,P129,B2950,4,"Owner was helpful, smooth experience overall.",0.68,2025-10-10T19:45:00
R279,U257,P116,B4390,4,"Owner was helpful, smooth experience overall.",0.81,2026-01-24T19:16:00
R280,U203,P116,B4814,4,"Owner was helpful, smooth experience overall.",0.76,2025-11-15T22:06:00
R281,U219,P119,B3875,4,"Very convenient location, will book again.",0.9,2025-12-08T06:18:00
R282,U111,P132,B206,5,"Great parking spot, easy to find and secure.",0.84,2025-12-10T22:00:00
R283,U140,P122,B595,4,Affordable pricing and close to metro station.,0.54,2025-10-25T14:27:00
R284,U163,P107,B174,2,"Poor lighting at night, felt unsafe.",-0.69,2025-10-11T19:27:00
R285,U252,P115,B2706,3,"Decent parking, nothing special.",0.18,2025-12-16T17:59:00
R286,U149,P102,B1496,3,"Average experience, would use again if nearby.",-0.04,2026-01-14T13:41:00
R287,U241,P127,B4127,4,"Owner was helpful, smooth experience overall.",0.73,2026-01-13T11:31:00
R288,U215,P121,B3670,4,"Great parking spot, easy to find and secure.",0.64,2025-11-28T19:51:00
R289,U112,P111,B1157,4,"Owner was helpful, smooth experience overall.",0.53,2026-01-15T02:04:00
R290,U215,P116,B3896,4,Clean and well-lit parking area.,0.95,2025-12-26T10:26:00
R291,U258,P113,B3328,5,Affordable pricing and close to metro station.,0.92,2025-12-09T21:06:00
R292,U196,P124,B3307,5,Affordable pricing and close to metro station.,0.84,2025-12-19T10:19:00
R293,U192,P107,B4192,5,Affordable pricing and close to metro station.,0.59,2026-01-28T22:02:00
R294,U112,P110,B4245,4,Affordable pricing and close to metro station.,0.94,2025-11-24T09:06:00
R295,U292,P122,B4696,4,"Owner was helpful, smooth experience overall.",0.78,2025-11-09T21:06:00
R296,U184,P112,B1772,5,Affordable pricing and close to metro station.,0.93,2025-12-16T10:41:00
R297,U176,P132,B4176,4,"Owner was helpful, smooth experience overall.",0.52,2025-11-26T21:26:00
R298,U204,P131,B2913,5,Clean and well-lit parking area.,0.58,2025-11-25T02:57:00
R299,U283,P101,B5063,4,"Very convenient location, will book again.",0.8,2025-10-09T17:46:00
R300,U162,P110,B5097,2,"Poor lighting at night, felt unsafe.",-0.36,2025-11-29T16:55:00
R301,U243,P117,B1274,5,Affordable pricing and close to metro station.,0.58,2025-10-20T22:00:00
R302,U157,P125,B725,1,App showed available but lot was full.,-0.71,2025-11-22T22:11:00
R303,U211,P132,B934,5,"Very convenient location, will book again.",0.76,2026-01-08T21:10:00
R304,U121,P121,B3542,5,"Great parking spot, easy to find and secure.",0.95,2026-01-08T20:17:00
R305,U125,P105,B1280,5,Affordable pricing and close to metro station.,0.86,2026-01-01T13:26:00
R306,U199,P114,B4775,1,"Slot was occupied when I arrived, had to wait.",-0.35,2025-10-29T18:07:00
R307,U260,P110,B1323,3,Okay for short-term parking.,0.17,2026-01-10T15:10:00
R308,U221,P110,B823,5,"Owner was helpful, smooth experience overall.",0.89,2026-01-17T15:54:00
R309,U268,P119,B1264,2,App showed available but lot was full.,-0.6,2026-01-09T06:22:00
R310,U260,P106,B2190,4,Clean and well-lit parking area.,0.56,2025-12-26T17:54:00
R311,U111,P111,B2962,5,"Very convenient location, will book again.",0.82,2025-10-25T21:51:00
R312,U114,P102,B2542,4,"Great parking spot, easy to find and secure.",0.77,2025-12-28T10:03:00
R313,U226,P114,B1555,1,"Narrow entrance, difficult to park.",-0.61,2025-10-16T08:58:00
R314,U204,P127,B3640,5,Affordable pricing and close to metro station.,0.62,2025-12-27T10:11:00
R315,U180,P109,B287,4,Clean and well-lit parking area.,0.85,2026-01-21T15:31:00
R316,U234,P112,B2900,5,"Very convenient location, will book again.",0.87,2025-12-26T01:11:00
R317,U111,P114,B1799,4,"Very convenient location, will book again.",0.66,2025-10-27T07:32:00
R318,U170,P104,B184,3,"Decent parking, nothing special.",0.27,2025-10-08T10:26:00
R319,U129,P120,B3030,4,"Very convenient location, will book again.",0.67,2025-11-30T16:13:00
R320,U283,P128,B4101,3,"Decent parking, nothing special.",-0.06,2025-11-15T18:37:00
R321,U130,P123,B1665,4,"Very convenient location, will book again.",0.57,2025-11-27T17:38:00
R322,U239,P105,B5075,4,"Great parking spot, easy to find and secure.",0.72,2025-11-14T11:50:00
R323,U187,P112,B714,5,Affordable pricing and close to metro station.,0.54,2025-11-08T13:52:00
R324,U265,P108,B2631,5,"Great parking spot, easy to find and secure.",0.82,2025-11-07T23:42:00
R325,U255,P127,B2660,5,Clean and well-lit parking area.,0.86,2025-12-31T16:17:00
R326,U195,P114,B2718,1,"Slot was occupied when I arrived, had to wait.",-0.57,2025-10-24T18:39:00
R327,U190,P120,B5083,5,Clean and well-lit parking area.,0.9,2025-11-17T15:03:00
R328,U114,P117,B1678,2,Price was higher than what was listed.,-0.33,2025-12-12T20:15:00
R329,U279,P127,B2698,4,"Owner was helpful, smooth experience overall.",0.7,2025-10-22T07:48:00
R330,U293,P120,B4298,5,Clean and well-lit parking area.,0.54,2025-10-26T20:20:00
R331,U164,P121,B2689,3,"Average experience, would use again if nearby.",-0.01,2026-01-04T09:02:00
R332,U246,P128,B2912,5,Affordable pricing and close to metro station.,0.8,2026-01-04T17:13:00
R333,U237,P128,B3643,5,"Owner was helpful, smooth experience overall.",0.68,2026-01-09T18:33:00
R334,U247,P107,B2590,5,Clean and well-lit parking area.,0.81,2026-01-21T23:19:00
R335,U203,P105,B2266,3,"Average experience, would use again if nearby.",0.17,2026-01-20T18:55:00
R336,U112,P112,B113,3,"Decent parking, nothing special.",0.14,2025-10-14T21:16:00
R337,U145,P116,B1354,5,"Great parking spot, easy to find and secure.",0.57,2026-01-20T18:00:00
R338,U121,P102,B4250,4,"Great parking spot, easy to find and secure.",0.63,2025-11-08T21:52:00
R339,U290,P129,B2762,3,"Decent parking, nothing special.",0.05,2026-01-01T11:43:00
R340,U153,P132,B2557,4,"Owner was helpful, smooth experience overall.",0.87,2025-10-28T00:13:00
R341,U193,P105,B659,2,"Narrow entrance, difficult to park.",-0.49,2025-12-31T17:12:00
R342,U208,P124,B943,5,"Owner was helpful, smooth experience overall.",0.79,2025-11-14T14:05:00
R343,U286,P105,B4332,4,"Owner was helpful, smooth experience overall.",0.8,2025-11-04T10:12:00
R344,U254,P130,B4300,5,Clean and well-lit parking area.,0.73,2025-12-18T20:55:00
R345,U119,P114,B825,4,Clean and well-lit parking area.,0.52,2025-12-13T15:40:00
R346,U103,P121,B4617,5,Affordable pricing and close to metro station.,0.59,2025-10-10T10:37:00
R347,U284,P104,B1570,5,"Owner was helpful, smooth experience overall.",0.56,2025-11-26T00:01:00
R348,U127,P125,B1177,4,"Owner was helpful, smooth experience overall.",0.53,2025-11-14T21:44:00
R349,U293,P132,B2461,4,"Owner was helpful, smooth experience overall.",0.64,2025-11-08T15:41:00
R350,U247,P129,B1735,4,Clean and well-lit parking area.,0.85,2025-11-12T18:43:00
R351,U165,P116,B3922,5,Affordable pricing and close to metro station.,0.55,2025-10-16T08:40:00
R352,U229,P107,B2003,4,"Owner was helpful, smooth experience overall.",0.55,2026-01-22T19:18:00
R353,U205,P131,B252,5,Affordable pricing and close to metro station.,0.56,2025-10-20T17:18:00
R354,U117,P118,B1630,2,Price was higher than what was listed.,-0.74,2025-10-18T18:45:00
R355,U145,P104,B2841,5,Clean and well-lit parking area.,0.59,2025-12-24T23:19:00
R356,U139,P104,B1815,2,"Slot was occupied when I arrived, had to wait.",-0.89,2026-01-21T17:46:00
R357,U254,P111,B413,5,"Owner was helpful, smooth experience overall.",0.62,2025-12-17T05:34:00
R358,U236,P105,B4956,5,"Very convenient location, will book again.",0.95,2025-11-09T11:45:00
R359,U288,P127,B1200,4,"Owner was helpful, smooth experience overall.",0.65,2026-01-09T12:42:00
R360,U104,P109,B3223,5,Clean and well-lit parking area.,0.6,2026-01-26T08:32:00
R361,U110,P101,B4487,5,"Owner was helpful, smooth experience overall.",0.72,2025-10-10T00:44:00
R362,U297,P124,B3059,3,Okay for short-term parking.,-0.01,2025-10-15T09:28:00
R363,U276,P101,B3148,4,"Great parking spot, easy to find and secure.",0.75,2025-11-01T18:55:00
R364,U205,P115,B2107,5,Clean and well-lit parking area.,0.68,2025-12-17T12:45:00
R365,U140,P105,B3869,4,Clean and well-lit parking area.,0.9,2025-10-27T13:07:00
R366,U145,P130,B3685,3,"Decent parking, nothing special.",0.27,2025-11-11T15:48:00
R367,U171,P132,B1181,2,"Slot was occupied when I arrived, had to wait.",-0.47,2025-12-19T10:47:00
R368,U263,P118,B764,4,"Owner was helpful, smooth experience overall.",0.6,2026-01-09T09:20:00
R369,U228,P119,B3140,4,"Very convenient location, will book again.",0.71,2025-11-04T09:36:00
R370,U214,P132,B3107,2,App showed available but lot was full.,-0.72,2025-12-22T19:30:00
R371,U221,P110,B4255,4,Clean and well-lit parking area.,0.86,2025-11-25T20:56:00
R372,U241,P127,B1232,4,"Very convenient location, will book again.",0.51,2025-12-03T05:03:00
R373,U288,P119,B671,3,"Average experience, would use again if nearby.",0.16,2025-12-08T22:37:00
R374,U129,P102,B626,5,"Very convenient location, will book again.",0.65,2025-11-06T10:14:00
R375,U200,P112,B1249,4,"Great parking spot, easy to find and secure.",0.72,2025-11-14T01:40:00
R376,U128,P131,B514,5,Affordable pricing and close to metro station.,0.65,2025-11-23T10:33:00
R377,U269,P102,B2223,4,"Owner was helpful, smooth experience overall.",0.66,2025-11-15T15:48:00
R378,U185,P101,B213,4,Clean and well-lit parking area.,0.8,2026-01-01T17:57:00
R379,U276,P106,B3005,5,Affordable pricing and close to metro station.,0.77,2025-11-13T18:22:00
R380,U158,P111,B2415,4,"Owner was helpful, smooth experience overall.",0.61,2025-11-09T20:39:00
R381,U241,P131,B1046,5,Affordable pricing and close to metro station.,0.52,2025-11-01T19:01:00
R382,U102,P110,B1584,4,"Very convenient location, will book again.",0.89,2025-12-20T19:45:00
R383,U297,P118,B2744,4,"Owner was helpful, smooth experience overall.",0.72,2025-12-02T15:03:00
R384,U239,P119,B4701,4,"Owner was helpful, smooth experience overall.",0.78,2025-11-28T18:35:00
R385,U116,P112,B3526,5,"Great parking spot, easy to find and secure.",0.72,2025-10-29T19:48:00
R386,U162,P102,B3900,2,"Slot was occupied when I arrived, had to wait.",-0.53,2025-11-23T10:03:00
R387,U149,P118,B4827,5,Affordable pricing and close to metro station.,0.78,2026-01-16T13:00:00
R388,U102,P107,B2946,5,Clean and well-lit parking area.,0.51,2025-11-30T11:51:00
R389,U130,P101,B507,5,"Very convenient location, will book again.",0.74,2025-11-28T10:38:00
R390,U282,P111,B3774,4,Affordable pricing and close to metro station.,0.73,2025-10-29T18:43:00
R391,U178,P122,B1617,3,Okay for short-term parking.,-0.06,2025-11-10T20:56:00
R392,U201,P123,B752,1,Price was higher than what was listed.,-0.45,2025-10-31T02:21:00
R393,U288,P115,B3231,5,"Very convenient location, will book again.",0.61,2025-10-16T15:20:00
R394,U216,P111,B4208,3,"Average experience, would use again if nearby.",-0.08,2025-11-21T20:27:00
R395,U285,P114,B4859,3,"Decent parking, nothing special.",0.22,2025-11-12T20:02:00
R396,U273,P111,B2437,2,"Slot was occupied when I arrived, had to wait.",-0.38,2025-10-24T09:14:00
R397,U140,P111,B1098,4,Clean and well-lit parking area.,0.61,2025-11-25T02:37:00
R398,U196,P119,B2195,3,Okay for short-term parking.,0.18,2025-10-09T15:01:00
R399,U174,P124,B407,4,"Owner was helpful, smooth experience overall.",0.5,2025-12-10T15:00:00
R400,U181,P122,B630,5,"Great parking spot, easy to find and secure.",0.82,2025-10-20T20:53:00
R401,U105,P120,B3402,4,"Very convenient location, will book again.",0.71,2025-12-30T20:30:00
R402,U261,P106,B902,4,Clean and well-lit parking area.,0.86,2026-01-27T11:25:00
R403,U288,P105,B1934,3,"Average experience, would use again if nearby.",0.06,2025-11-30T12:35:00
R404,U153,P112,B2847,5,"Great parking spot, easy to find and secure.",0.66,2026-01-22T15:22:00
R405,U147,P120,B243,3,"Decent parking, nothing special.",0.24,2025-12-17T08:15:00
R406,U112,P113,B4512,4,Affordable pricing and close to metro station.,0.52,2025-12-06T15:29:00
R407,U117,P117,B4720,5,"Very convenient location, will book again.",0.58,2025-11-03T15:17:00
R408,U169,P131,B3884,3,"Average experience, would use again if nearby.",0.06,2025-12-06T09:34:00
R409,U266,P111,B4686,4,"Owner was helpful, smooth experience overall.",0.77,2025-11-12T05:55:00
R410,U147,P130,B1879,5,"Very convenient location, will book again.",0.5,2026-01-04T12:51:00
R411,U156,P112,B2392,5,"Owner was helpful, smooth experience overall.",0.76,2025-11-19T19:07:00
R412,U129,P124,B132,4,Clean and well-lit parking area.,0.67,2025-11-23T10:42:00
R413,U212,P108,B1806,3,"Decent parking, nothing special.",0.15,2025-12-28T08:12:00
R414,U162,P101,B2632,1,"Slot was occupied when I arrived, had to wait.",-0.36,2025-11-17T13:21:00
R415,U250,P105,B3993,4,Clean and well-lit parking area.,0.7,2025-12-08T20:25:00
R416,U256,P115,B4514,4,Affordable pricing and close to metro station.,0.75,2025-11-01T19:56:00
R417,U138,P131,B3023,3,"Average experience, would use again if nearby.",0.09,2025-12-04T15:09:00
R418,U137,P119,B2229,5,Affordable pricing and close to metro station.,0.55,2025-10-18T22:51:00
R419,U218,P125,B2324,4,Affordable pricing and close to metro station.,0.86,2026-01-20T18:34:00
R420,U271,P107,B1379,2,"Narrow entrance, difficult to park.",-0.37,2026-01-28T22:48:00
R421,U267,P113,B2822,5,Affordable pricing and close to metro station.,0.87,2026-01-26T23:30:00
R422,U261,P113,B2767,4,Clean and well-lit parking area.,0.93,2026-01-02T08:38:00
R423,U206,P115,B1443,4,Affordable pricing and close to metro station.,0.71,2026-01-17T17:30:00
R424,U214,P122,B1885,4,"Owner was helpful, smooth experience overall.",0.79,2025-10-01T22:17:00
R425,U183,P122,B4748,5,Clean and well-lit parking area.,0.58,2025-12-13T15:44:00
R426,U223,P117,B2498,2,App showed available but lot was full.,-0.31,2026-01-02T20:09:00
R427,U252,P129,B1152,2,Price was higher than what was listed.,-0.55,2025-10-27T14:44:00
R428,U277,P103,B622,5,"Owner was helpful, smooth experience overall.",0.62,2026-01-05T05:19:00
R429,U206,P106,B888,5,"Very convenient location, will book again.",0.86,2025-10-19T11:29:00
R430,U199,P113,B4626,4,Clean and well-lit parking area.,0.76,2025-10-18T16:02:00
R431,U179,P105,B3486,4,Clean and well-lit parking area.,0.93,2025-11-05T07:24:00
R432,U252,P118,B3969,3,"Average experience, would use again if nearby.",0.21,2025-11-07T15:45:00
R433,U220,P111,B4547,4,Clean and well-lit parking area.,0.89,2025-10-31T17:28:00
R434,U138,P101,B665,4,"Very convenient location, will book again.",0.75,2025-11-05T05:55:00
R435,U135,P132,B365,1,App showed available but lot was full.,-0.59,2025-12-02T20:03:00
R436,U124,P117,B4525,3,Okay for short-term parking.,0.2,2026-01-26T09:24:00
R437,U269,P112,B3445,5,Clean and well-lit parking area.,0.55,2026-01-06T10:50:00
R438,U278,P132,B3416,3,"Decent parking, nothing special.",-0.08,2025-11-25T22:23:00
R439,U107,P122,B4586,5,Clean and well-lit parking area.,0.94,2025-11-30T20:09:00
R440,U156,P105,B166,4,Affordable pricing and close to metro station.,0.91,2025-10-26T13:58:00
R441,U235,P105,B352,5,"Great parking spot, easy to find and secure.",0.93,2025-12-21T21:00:00
R442,U251,P121,B4051,4,"Owner was helpful, smooth experience overall.",0.53,2026-01-19T23:09:00
R443,U192,P108,B2096,4,Affordable pricing and close to metro station.,0.62,2025-11-16T14:22:00
R444,U269,P119,B2370,4,Affordable pricing and close to metro station.,0.91,2025-11-29T08:35:00
R445,U141,P110,B602,4,Affordable pricing and close to metro station.,0.54,2025-11-05T22:11:00
R446,U226,P101,B1684,4,"Very convenient location, will book again.",0.7,2026-01-24T20:22:00
R447,U282,P130,B4350,4,Affordable pricing and close to metro station.,0.65,2025-10-16T13:12:00
R448,U245,P128,B1615,2,"Poor lighting at night, felt unsafe.",-0.37,2025-10-10T20:41:00
R449,U116,P128,B3996,5,Clean and well-lit parking area.,0.73,2026-01-23T20:29:00
R450,U300,P126,B4781,4,Clean and well-lit parking area.,0.63,2025-10-16T15:43:00
R451,U180,P128,B2139,5,Affordable pricing and close to metro station.,0.74,2026-01-09T15:23:00
R452,U164,P121,B175,5,"Owner was helpful, smooth experience overall.",0.55,2025-10-29T12:15:00
R453,U210,P105,B1341,4,Clean and well-lit parking area.,0.83,2025-12-22T20:30:00
R454,U101,P128,B1468,5,"Very convenient location, will book again.",0.78,2025-10-09T05:11:00
R455,U215,P111,B2099,4,Affordable pricing and close to metro station.,0.77,2025-11-25T13:39:00
R456,U286,P131,B4105,5,Clean and well-lit parking area.,0.7,2025-10-26T02:36:00
R457,U173,P119,B757,2,Price was higher than what was listed.,-0.72,2025-11-23T11:27:00
R458,U129,P113,B5084,2,App showed available but lot was full.,-0.86,2025-12-05T15:06:00
R459,U261,P101,B3258,1,"Slot was occupied when I arrived, had to wait.",-0.33,2025-12-15T15:07:00
R460,U289,P109,B3664,2,"Narrow entrance, difficult to park.",-0.65,2025-12-09T08:39:00
R461,U127,P101,B152,4,Affordable pricing and close to metro station.,0.72,2025-10-11T16:52:00
R462,U103,P130,B2070,2,"Poor lighting at night, felt unsafe.",-0.67,2025-11-05T19:47:00
R463,U263,P125,B538,4,"Very convenient location, will book again.",0.94,2025-12-08T07:19:00
R464,U173,P130,B3962,5,"Very convenient location, will book again.",0.86,2025-11-07T21:53:00
R465,U196,P117,B3781,4,"Great parking spot, easy to find and secure.",0.54,2025-11-20T16:00:00
R466,U221,P130,B3511,5,Affordable pricing and close to metro station.,0.77,2026-01-27T05:42:00
R467,U245,P128,B976,5,Clean and well-lit parking area.,0.72,2026-01-15T16:46:00
R468,U130,P118,B4249,5,Affordable pricing and close to metro station.,0.86,2025-11-06T23:12:00
R469,U261,P132,B4840,5,"Owner was helpful, smooth experience overall.",0.95,2025-10-04T01:57:00
R470,U125,P129,B1263,3,"Decent parking, nothing special.",0.2,2026-01-27T17:39:00
R471,U171,P125,B866,3,Okay for short-term parking.,0.25,2025-12-28T13:17:00
R472,U230,P126,B2296,4,"Owner was helpful, smooth experience overall.",0.73,2025-10-31T10:33:00
R473,U224,P102,B3618,5,"Very convenient location, will book again.",0.67,2025-12-10T22:51:00
R474,U199,P116,B1551,5,Affordable pricing and close to metro station.,0.79,2025-12-03T22:56:00
R475,U281,P109,B2160,4,Affordable pricing and close to metro station.,0.84,2026-01-02T00:17:00
R476,U151,P101,B3286,3,Okay for short-term parking.,-0.01,2025-12-28T21:43:00
R477,U170,P122,B259,5,Affordable pricing and close to metro station.,0.73,2025-12-03T10:21:00
R478,U158,P131,B3826,4,Affordable pricing and close to metro station.,0.55,2026-01-14T12:59:00
R479,U204,P105,B4944,5,Clean and well-lit parking area.,0.6,2025-12-08T15:38:00
R480,U122,P110,B694,5,"Great parking spot, easy to find and secure.",0.9,2025-10-24T08:33:00
R481,U179,P117,B2751,4,"Very convenient location, will book again.",0.57,2025-12-27T07:18:00
R482,U135,P103,B3182,3,"Decent parking, nothing special.",0.22,2025-11-11T12:19:00
R483,U242,P111,B2907,3,"Decent parking, nothing special.",0.05,2026-01-15T22:31:00
R484,U256,P126,B2645,4,"Great parking spot, easy to find and secure.",0.8,2025-10-09T11:01:00
R485,U207,P116,B4378,5,Affordable pricing and close to metro station.,0.91,2025-12-22T05:42:00
R486,U134,P130,B4963,4,"Owner was helpful, smooth experience overall.",0.85,2025-12-02T05:19:00
R487,U230,P117,B3105,3,"Decent parking, nothing special.",0.23,2026-01-08T19:16:00
R488,U105,P132,B4432,5,"Great parking spot, easy to find and secure.",0.62,2025-11-13T18:36:00
R489,U283,P114,B4203,3,Okay for short-term parking.,0.04,2025-11-05T04:07:00
R490,U207,P110,B942,4,"Very convenient location, will book again.",0.83,2026-01-18T08:33:00
R491,U151,P124,B4669,4,"Great parking spot, easy to find and secure.",0.85,2025-12-31T20:20:00
R492,U220,P112,B4650,2,Price was higher than what was listed.,-0.43,2026-01-01T18:50:00
R493,U238,P120,B1775,5,"Great parking spot, easy to find and secure.",0.83,2026-01-01T12:37:00
R494,U279,P103,B1321,2,Price was higher than what was listed.,-0.76,2026-01-15T12:14:00
R495,U263,P129,B2313,1,App showed available but lot was full.,-0.73,2025-11-16T03:52:00
R496,U122,P119,B4132,3,"Average experience, would use again if nearby.",0.28,2026-01-23T00:42:00
R497,U131,P110,B800,2,"Narrow entrance, difficult to park.",-0.57,2026-01-14T08:30:00
R498,U146,P121,B5000,2,App showed available but lot was full.,-0.45,2025-12-16T21:14:00
R499,U281,P121,B4251,3,"Decent parking, nothing special.",0.14,2025-12-06T22:30:00
R500,U178,P130,B199,4,Clean and well-lit parking area.,0.92,2026-01-03T15:37:00
R501,U167,P106,B3114,4,"Owner was helpful, smooth experience overall.",0.89,2025-10-15T12:41:00
R502,U110,P130,B1186,5,Clean and well-lit parking area.,0.62,2025-12-14T23:14:00
R503,U291,P122,B4604,4,Clean and well-lit parking area.,0.9,2025-12-22T11:53:00
R504,U152,P132,B2320,5,"Owner was helpful, smooth experience overall.",0.64,2025-10-17T22:27:00
R505,U232,P115,B2185,5,Affordable pricing and close to metro station.,0.7,2025-11-16T08:26:00
R506,U230,P115,B2878,4,"Very convenient location, will book again.",0.88,2025-10-06T17:05:00
R507,U245,P110,B4210,5,"Very convenient location, will book again.",0.65,2025-10-13T02:53:00
R508,U274,P109,B1466,5,"Great parking spot, easy to find and secure.",0.63,2025-11-20T11:00:00
R509,U126,P104,B3248,4,"Very convenient location, will book again.",0.8,2026-01-26T02:19:00
R510,U229,P104,B4239,2,"Slot was occupied when I arrived, had to wait.",-0.3,2025-12-31T18:43:00
R511,U204,P120,B490,5,"Great parking spot, easy to find and secure.",0.56,2025-12-30T14:49:00
R512,U181,P118,B1390,5,Clean and well-lit parking area.,0.82,2025-12-17T21:21:00
R513,U181,P105,B4722,4,Clean and well-lit parking area.,0.74,2025-12-04T13:58:00
R514,U120,P131,B1392,4,Affordable pricing and close to metro station.,0.68,2025-12-22T17:42:00
R515,U128,P102,B4769,5,"Owner was helpful, smooth experience overall.",0.84,2025-10-03T21:14:00
R516,U230,P131,B1810,4,Clean and well-lit parking area.,0.75,2025-12-11T14:28:00
R517,U116,P111,B350,4,"Owner was helpful, smooth experience overall.",0.86,2025-10-01T13:25:00
R518,U195,P119,B3388,4,"Great parking spot, easy to find and secure.",0.83,2025-12-15T15:27:00
R519,U227,P112,B2924,3,"Decent parking, nothing special.",0.29,2026-01-27T20:16:00
R520,U247,P126,B4305,4,Affordable pricing and close to metro station.,0.86,2025-11-11T10:34:00
R521,U149,P110,B3019,5,"Very convenient location, will book again.",0.53,2025-12-12T10:07:00
R522,U226,P121,B717,5,Affordable pricing and close to metro station.,0.85,2025-12-18T18:20:00
R523,U121,P121,B4330,4,"Great parking spot, easy to find and secure.",0.79,2025-11-01T12:25:00
R524,U236,P108,B3351,5,"Great parking spot, easy to find and secure.",0.54,2025-10-29T20:36:00
R525,U128,P128,B3769,4,"Very convenient location, will book again.",0.77,2025-11-12T11:12:00
R526,U118,P108,B989,4,Clean and well-lit parking area.,0.84,2025-10-20T09:08:00
R527,U157,P107,B3813,5,"Great parking spot, easy to find and secure.",0.59,2025-11-29T18:40:00
R528,U142,P130,B855,4,"Very convenient location, will book again.",0.7,2026-01-18T09:38:00
R529,U103,P112,B1364,5,"Great parking spot, easy to find and secure.",0.74,2025-10-06T18:12:00
R530,U170,P108,B3176,4,"Very convenient location, will book again.",0.69,2026-01-27T21:17:00
R531,U131,P114,B4209,3,Okay for short-term parking.,0.25,2025-11-01T00:11:00
R532,U140,P109,B4328,4,"Owner was helpful, smooth experience overall.",0.58,2026-01-13T15:27:00
R533,U257,P115,B5057,4,Clean and well-lit parking area.,0.85,2026-01-17T20:21:00
R534,U171,P118,B3630,3,"Average experience, would use again if nearby.",0.21,2026-01-02T15:56:00
R535,U137,P101,B4267,2,App showed available but lot was full.,-0.63,2025-12-10T12:56:00
R536,U123,P127,B2521,2,"Narrow entrance, difficult to park.",-0.58,2025-12-05T11:20:00
R537,U225,P127,B815,4,Affordable pricing and close to metro station.,0.57,2025-11-27T22:48:00
R538,U293,P129,B3974,3,"Average experience, would use again if nearby.",-0.02,2025-11-26T09:36:00
R539,U273,P130,B1798,5,"Very convenient location, will book again.",0.74,2026-01-21T09:32:00
R540,U183,P124,B4429,4,Clean and well-lit parking area.,0.6,2025-10-21T14:27:00
R541,U265,P120,B2355,5,Affordable pricing and close to metro station.,0.86,2025-11-02T20:56:00
R542,U294,P127,B1382,3,"Average experience, would use again if nearby.",0.15,2026-01-18T21:36:00
R543,U188,P108,B216,3,Okay for short-term parking.,-0.08,2025-11-14T00:26:00
R544,U222,P124,B2821,3,Okay for short-term parking.,0.04,2026-01-02T09:01:00
R545,U281,P113,B4545,5,"Owner was helpful, smooth experience overall.",0.89,2025-12-01T20:18:00
R546,U250,P109,B2443,2,"Slot was occupied when I arrived, had to wait.",-0.73,2025-11-20T07:16:00
R547,U270,P112,B1616,1,"Narrow entrance, difficult to park.",-0.47,2025-12-16T14:30:00
R548,U249,P112,B940,4,"Owner was helpful, smooth experience overall.",0.54,2025-10-23T13:25:00
R549,U239,P119,B1214,4,"Great parking spot, easy to find and secure.",0.92,2025-10-26T16:55:00
R550,U130,P120,B615,5,Affordable pricing and close to metro station.,0.7,2025-12-28T15:34:00
R551,U245,P107,B704,4,Affordable pricing and close to metro station.,0.72,2025-10-22T08:18:00
R552,U198,P132,B2595,5,"Very convenient location, will book again.",0.76,2025-12-16T15:38:00
R553,U281,P113,B2268,5,"Great parking spot, easy to find and secure.",0.66,2025-12-07T01:26:00
R554,U146,P105,B156,3,"Average experience, would use again if nearby.",0.19,2025-12-03T19:23:00
R555,U257,P122,B1175,1,App showed available but lot was full.,-0.89,2025-10-30T09:40:00
R556,U281,P111,B656,2,"Narrow entrance, difficult to park.",-0.8,2025-12-05T21:27:00
R557,U268,P131,B1548,4,Clean and well-lit parking area.,0.58,2026-01-14T08:39:00
R558,U101,P107,B1220,4,"Very convenient location, will book again.",0.79,2025-12-29T11:26:00
R559,U167,P106,B1671,5,Clean and well-lit parking area.,0.9,2026-01-26T09:03:00
R560,U172,P125,B1368,5,Clean and well-lit parking area.,0.53,2026-01-09T12:52:00
R561,U234,P128,B344,3,"Average experience, would use again if nearby.",0.24,2026-01-07T22:36:00
R562,U240,P127,B4659,4,"Owner was helpful, smooth experience overall.",0.87,2025-10-09T15:18:00
R563,U185,P101,B5033,4,"Very convenient location, will book again.",0.53,2025-12-12T23:22:00
R564,U237,P120,B566,5,"Great parking spot, easy to find and secure.",0.56,2025-10-05T16:13:00
R565,U220,P113,B4086,5,"Great parking spot, easy to find and secure.",0.66,2025-11-04T00:45:00
R566,U132,P122,B2124,4,"Very convenient location, will book again.",0.55,2025-11-10T13:28:00
R567,U170,P105,B682,5,Affordable pricing and close to metro station.,0.84,2025-12-28T07:19:00
R568,U120,P112,B4895,4,Affordable pricing and close to metro station.,0.73,2026-01-09T14:44:00
R569,U245,P112,B728,5,Clean and well-lit parking area.,0.68,2025-12-18T11:09:00
R570,U112,P123,B406,5,"Great parking spot, easy to find and secure.",0.83,2025-12-01T09:27:00
R571,U289,P125,B1103,2,"Poor lighting at night, felt unsafe.",-0.72,2025-11-03T23:12:00
R572,U222,P129,B2884,4,Clean and well-lit parking area.,0.89,2026-01-09T21:24:00
R573,U170,P112,B2231,5,"Very convenient location, will book again.",0.79,2025-10-04T16:55:00
R574,U293,P111,B881,4,"Very convenient location, will book again.",0.66,2025-11-23T16:34:00
R575,U111,P117,B3574,3,"Average experience, would use again if nearby.",0.12,2025-10-21T20:37:00
R576,U144,P123,B2967,4,"Very convenient location, will book again.",0.62,2025-12-11T23:25:00
R577,U165,P110,B869,3,Okay for short-term parking.,0.29,2025-10-11T07:11:00
R578,U232,P106,B4997,3,Okay for short-term parking.,0.07,2025-12-12T06:54:00
R579,U209,P132,B1872,5,"Very convenient location, will book again.",0.9,2025-11-07T20:19:00
R580,U278,P106,B2018,5,"Great parking spot, easy to find and secure.",0.94,2025-12-02T17:58:00
R581,U190,P121,B240,5,"Very convenient location, will book again.",0.74,2025-11-24T08:19:00
R582,U185,P129,B2898,4,"Very convenient location, will book again.",0.83,2025-11-28T14:45:00
R583,U132,P130,B4288,4,Clean and well-lit parking area.,0.76,2025-11-30T05:56:00
R584,U288,P104,B4516,2,Price was higher than what was listed.,-0.85,2025-10-18T12:08:00
R585,U243,P103,B1606,3,"Average experience, would use again if nearby.",0.28,2025-12-15T18:52:00
R586,U184,P106,B4505,5,"Very convenient location, will book again.",0.71,2026-01-24T18:30:00
R587,U193,P107,B227,5,Clean and well-lit parking area.,0.9,2026-01-21T19:08:00
R588,U257,P107,B2587,5,"Owner was helpful, smooth experience overall.",0.8,2025-10-25T09:23:00
R589,U239,P111,B3732,5,"Very convenient location, will book again.",0.55,2025-12-21T11:03:00
R590,U220,P125,B1342,5,"Great parking spot, easy to find and secure.",0.69,2025-10-13T20:58:00
R591,U140,P127,B4555,4,"Great parking spot, easy to find and secure.",0.59,2025-11-18T16:31:00
R592,U108,P120,B2768,2,App showed available but lot was full.,-0.8,2025-12-30T17:35:00
R593,U110,P111,B1119,4,"Very convenient location, will book again.",0.82,2026-01-01T11:59:00
R594,U270,P110,B4990,4,"Owner was helpful, smooth experience overall.",0.51,2025-12-11T13:33:00
R595,U210,P126,B3628,1,"Narrow entrance, difficult to park.",-0.32,2025-12-06T10:52:00
R596,U231,P109,B3279,4,"Owner was helpful, smooth experience overall.",0.7,2025-10-27T20:39:00
R597,U186,P118,B914,4,Affordable pricing and close to metro station.,0.72,2025-10-27T11:56:00
R598,U137,P128,B947,5,"Owner was helpful, smooth experience overall.",0.63,2025-12-20T13:05:00
R599,U146,P113,B2506,2,"Narrow entrance, difficult to park.",-0.85,2025-11-20T12:20:00
R600,U218,P112,B2692,5,"Great parking spot, easy to find and secure.",0.76,2025-12-24T09:57:00
R601,U201,P131,B242,5,"Great parking spot, easy to find and secure.",0.66,2025-12-25T12:27:00
R602,U205,P120,B1067,5,Affordable pricing and close to metro station.,0.78,2025-11-14T11:32:00
R603,U121,P125,B2569,2,App showed available but lot was full.,-0.57,2026-01-06T18:15:00
R604,U258,P105,B1417,3,Okay for short-term parking.,-0.01,2025-12-05T09:36:00
R605,U160,P118,B3104,1,"Poor lighting at night, felt unsafe.",-0.62,2025-11-06T17:26:00
R606,U234,P125,B1385,2,"Narrow entrance, difficult to park.",-0.72,2025-11-19T22:28:00
R607,U181,P131,B3138,4,Clean and well-lit parking area.,0.61,2025-11-23T17:19:00
R608,U296,P110,B3600,3,"Average experience, would use again if nearby.",0.21,2025-11-20T23:14:00
R609,U208,P111,B257,4,Affordable pricing and close to metro station.,0.51,2025-11-19T13:12:00
R610,U263,P123,B4004,5,"Great parking spot, easy to find and secure.",0.62,2025-12-05T18:26:00
R611,U152,P115,B1718,5,"Very convenient location, will book again.",0.74,2025-12-31T22:48:00
R612,U117,P115,B118,4,"Great parking spot, easy to find and secure.",0.71,2025-10-10T08:34:00
R613,U255,P106,B2693,1,Price was higher than what was listed.,-0.34,2025-10-09T10:20:00
R614,U228,P125,B3683,3,"Average experience, would use again if nearby.",0.24,2025-10-01T22:33:00
R615,U105,P114,B364,1,App showed available but lot was full.,-0.45,2025-11-17T22:55:00
R616,U278,P128,B3242,5,"Great parking spot, easy to find and secure.",0.73,2025-10-07T11:30:00
R617,U107,P132,B3874,5,"Owner was helpful, smooth experience overall.",0.69,2025-12-30T08:37:00
R618,U194,P126,B229,5,Clean and well-lit parking area.,0.52,2025-10-19T16:55:00
R619,U183,P101,B2008,3,"Decent parking, nothing special.",0.23,2026-01-16T03:03:00
R620,U258,P128,B1783,3,"Decent parking, nothing special.",0.07,2025-10-16T12:32:00
R621,U225,P126,B1547,4,Clean and well-lit parking area.,0.64,2025-11-25T09:47:00
R622,U164,P119,B4484,4,"Very convenient location, will book again.",0.77,2025-12-05T12:47:00
R623,U189,P108,B4634,4,Clean and well-lit parking area.,0.84,2026-01-12T21:56:00
R624,U238,P120,B856,4,"Great parking spot, easy to find and secure.",0.74,2025-12-02T14:35:00
R625,U151,P105,B4517,4,"Very convenient location, will book again.",0.57,2025-10-30T19:19:00
R626,U116,P121,B1851,5,"Very convenient location, will book again.",0.91,2025-10-12T14:10:00
R627,U254,P111,B3707,4,Affordable pricing and close to metro station.,0.55,2025-12-28T07:22:00
R628,U266,P129,B1030,4,Clean and well-lit parking area.,0.94,2025-11-15T21:50:00
R629,U147,P132,B4752,2,"Slot was occupied when I arrived, had to wait.",-0.63,2025-11-15T23:55:00
R630,U255,P112,B950,4,"Very convenient location, will book again.",0.93,2025-11-19T17:09:00
R631,U247,P126,B434,3,"Decent parking, nothing special.",0.27,2025-10-17T21:49:00
R632,U111,P102,B4397,4,Affordable pricing and close to metro station.,0.68,2025-10-27T11:26:00
R633,U250,P128,B3760,1,"Narrow entrance, difficult to park.",-0.42,2025-11-06T10:34:00
R634,U220,P115,B387,3,"Average experience, would use again if nearby.",-0.06,2025-10-17T02:08:00
R635,U181,P129,B4785,5,"Owner was helpful, smooth experience overall.",0.54,2025-11-30T20:48:00
R636,U285,P104,B4248,4,"Owner was helpful, smooth experience overall.",0.66,2025-10-06T07:53:00
R637,U270,P121,B4776,4,Clean and well-lit parking area.,0.77,2025-10-17T18:16:00
R638,U151,P101,B787,4,"Very convenient location, will book again.",0.5,2025-12-07T15:33:00
R639,U283,P119,B951,5,"Owner was helpful, smooth experience overall.",0.73,2025-10-23T06:55:00
R640,U250,P114,B4899,4,Clean and well-lit parking area.,0.94,2025-12-28T19:04:00
R641,U165,P117,B2387,3,Okay for short-term parking.,0.24,2026-01-26T15:14:00
R642,U104,P130,B2449,5,"Very convenient location, will book again.",0.6,2025-12-24T08:48:00
R643,U148,P107,B3735,3,"Decent parking, nothing special.",0.11,2025-11-10T21:48:00
R644,U193,P105,B4930,4,"Very convenient location, will book again.",0.58,2026-01-24T03:37:00
R645,U262,P103,B1732,4,"Very convenient location, will book again.",0.62,2025-12-07T10:08:00
R646,U140,P121,B414,5,Affordable pricing and close to metro station.,0.92,2025-11-10T23:38:00
R647,U101,P125,B1687,1,"Poor lighting at night, felt unsafe.",-0.3,2025-11-01T16:47:00
R648,U189,P131,B2680,2,"Narrow entrance, difficult to park.",-0.75,2025-11-04T11:53:00
R649,U250,P107,B978,4,"Very convenient location, will book again.",0.6,2025-12-24T23:57:00
R650,U254,P104,B927,4,"Great parking spot, easy to find and secure.",0.67,2025-11-18T17:31:00
R651,U263,P106,B3761,4,"Very convenient location, will book again.",0.7,2026-01-15T09:52:00
R652,U108,P116,B1611,5,"Great parking spot, easy to find and secure.",0.54,2025-12-15T16:10:00
R653,U247,P107,B2811,5,"Very convenient location, will book again.",0.57,2026-01-02T08:22:00
R654,U260,P111,B3370,5,Clean and well-lit parking area.,0.69,2025-11-08T09:53:00
R655,U154,P124,B4268,5,"Owner was helpful, smooth experience overall.",0.61,2025-10-21T03:03:00
R656,U203,P112,B4807,4,Affordable pricing and close to metro station.,0.88,2025-12-08T17:38:00
R657,U163,P124,B984,4,"Great parking spot, easy to find and secure.",0.84,2025-12-01T08:58:00
R658,U137,P104,B1407,4,"Very convenient location, will book again.",0.74,2026-01-18T16:22:00
R659,U127,P110,B2167,3,"Decent parking, nothing special.",0.07,2026-01-26T18:52:00
R660,U164,P130,B496,4,"Great parking spot, easy to find and secure.",0.87,2025-11-15T07:43:00
R661,U225,P132,B1765,5,"Very convenient location, will book again.",0.57,2025-11-13T13:54:00
R662,U208,P120,B1289,5,"Great parking spot, easy to find and secure.",0.9,2025-11-27T23:23:00
R663,U129,P109,B4205,3,"Decent parking, nothing special.",-0.08,2025-10-16T21:34:00
R664,U216,P120,B4832,2,"Poor lighting at night, felt unsafe.",-0.35,2025-11-11T10:16:00
R665,U162,P124,B1026,4,Clean and well-lit parking area.,0.56,2025-10-28T19:45:00
R666,U281,P102,B987,4,"Owner was helpful, smooth experience overall.",0.87,2025-11-19T08:24:00
R667,U137,P128,B1514,4,"Owner was helpful, smooth experience overall.",0.51,2025-12-26T19:57:00
R668,U175,P132,B1795,3,"Average experience, would use again if nearby.",0.23,2025-11-27T09:02:00
R669,U246,P127,B1604,3,"Decent parking, nothing special.",0.13,2025-12-14T22:00:00
R670,U293,P101,B1243,5,"Great parking spot, easy to find and secure.",0.51,2025-11-23T12:09:00
R671,U250,P126,B2894,3,Okay for short-term parking.,0.21,2025-11-21T02:38:00
R672,U191,P107,B4347,5,"Owner was helpful, smooth experience overall.",0.55,2026-01-11T22:03:00
R673,U214,P131,B2535,4,"Owner was helpful, smooth experience overall.",0.74,2025-12-19T20:21:00
R674,U112,P115,B4671,3,"Average experience, would use again if nearby.",0.03,2025-11-13T11:47:00
R675,U148,P119,B285,1,"Slot was occupied when I arrived, had to wait.",-0.44,2025-10-16T10:25:00
R676,U123,P116,B893,4,"Owner was helpful, smooth experience overall.",0.88,2025-12-19T23:05:00
R677,U144,P117,B150,5,"Owner was helpful, smooth experience overall.",0.71,2026-01-05T00:00:00
R678,U295,P126,B2908,2,"Poor lighting at night, felt unsafe.",-0.45,2025-12-12T21:54:00
R679,U265,P110,B2502,4,"Owner was helpful, smooth experience overall.",0.91,2025-10-05T01:11:00
R680,U244,P128,B2396,4,Affordable pricing and close to metro station.,0.81,2025-11-04T05:02:00
R681,U175,P118,B1465,3,Okay for short-term parking.,0.03,2025-10-03T11:17:00
R682,U205,P118,B1348,4,Clean and well-lit parking area.,0.71,2026-01-26T09:31:00
R683,U132,P102,B2311,4,Clean and well-lit parking area.,0.6,2025-12-12T19:18:00
R684,U228,P119,B1682,5,"Very convenient location, will book again.",0.71,2025-10-03T16:24:00
R685,U184,P110,B2612,2,"Slot was occupied when I arrived, had to wait.",-0.75,2026-01-12T20:11:00
R686,U240,P104,B4709,3,"Decent parking, nothing special.",0.22,2025-11-22T21:17:00
R687,U251,P109,B2462,3,"Average experience, would use again if nearby.",0.14,2025-12-19T13:00:00
R688,U285,P104,B2042,4,Clean and well-lit parking area.,0.78,2025-10-27T21:13:00
R689,U248,P119,B3146,4,"Very convenient location, will book again.",0.55,2025-10-24T01:29:00
R690,U182,P113,B3007,5,"Great parking spot, easy to find and secure.",0.5,2025-11-12T14:40:00
R691,U118,P104,B4463,4,"Great parking spot, easy to find and secure.",0.86,2025-10-24T03:44:00
R692,U103,P119,B3573,5,"Very convenient location, will book again.",0.74,2025-10-29T21:36:00
R693,U257,P114,B4624,2,"Poor lighting at night, felt unsafe.",-0.34,2025-11-27T13:36:00
R694,U186,P128,B3918,4,Affordable pricing and close to metro station.,0.74,2025-10-29T13:01:00
R695,U288,P113,B2346,5,Affordable pricing and close to metro station.,0.6,2025-10-13T19:24:00
R696,U145,P114,B1007,5,Clean and well-lit parking area.,0.81,2025-11-28T20:53:00
R697,U258,P126,B1292,1,Price was higher than what was listed.,-0.48,2025-11-05T19:15:00
R698,U300,P119,B4606,5,"Very convenient location, will book again.",0.53,2025-10-06T07:42:00
R699,U239,P105,B2140,2,"Poor lighting at night, felt unsafe.",-0.48,2025-10-13T07:33:00
R700,U165,P123,B4662,4,"Great parking spot, easy to find and secure.",0.6,2025-12-15T22:33:00
R701,U128,P113,B2638,4,"Very convenient location, will book again.",0.61,2025-12-12T18:11:00
R702,U107,P107,B3863,4,Clean and well-lit parking area.,0.51,2025-10-29T20:58:00
R703,U173,P129,B4763,3,Okay for short-term parking.,0.15,2025-12-02T17:30:00
R704,U257,P123,B2630,4,"Very convenient location, will book again.",0.83,2025-11-09T22:16:00
R705,U134,P130,B2759,5,"Great parking spot, easy to find and secure.",0.6,2026-01-18T14:49:00
R706,U174,P120,B1184,5,"Very convenient location, will book again.",0.86,2026-01-21T21:31:00
R707,U224,P117,B4360,4,Affordable pricing and close to metro station.,0.84,2025-10-02T19:55:00
R708,U267,P124,B2466,3,"Average experience, would use again if nearby.",0.06,2025-11-21T20:18:00
R709,U107,P102,B2754,4,"Owner was helpful, smooth experience overall.",0.53,2025-10-18T09:05:00
R710,U111,P104,B1124,5,"Great parking spot, easy to find and secure.",0.63,2025-10-31T09:38:00
R711,U208,P117,B4560,4,Affordable pricing and close to metro station.,0.57,2025-11-20T11:25:00
R712,U147,P112,B3295,1,"Slot was occupied when I arrived, had to wait.",-0.32,2026-01-26T02:29:00
R713,U149,P109,B424,4,"Great parking spot, easy to find and secure.",0.87,2025-12-02T14:06:00
R714,U152,P112,B3629,5,"Owner was helpful, smooth experience overall.",0.54,2025-10-07T19:39:00
R715,U178,P116,B4725,4,"Very convenient location, will book again.",0.73,2025-11-22T09:50:00
R716,U213,P104,B853,5,"Very convenient location, will book again.",0.62,2025-11-30T11:07:00
R717,U220,P115,B1167,5,"Very convenient location, will book again.",0.51,2026-01-04T18:43:00
R718,U131,P126,B3580,5,Clean and well-lit parking area.,0.65,2025-11-04T08:13:00
R719,U110,P122,B4356,5,"Great parking spot, easy to find and secure.",0.56,2025-12-03T02:10:00
R720,U102,P130,B2568,3,"Average experience, would use again if nearby.",-0.01,2025-10-22T08:58:00
R721,U202,P118,B4136,5,"Great parking spot, easy to find and secure.",0.65,2025-11-07T19:20:00
R722,U120,P108,B121,3,"Average experience, would use again if nearby.",0.06,2025-11-16T13:14:00
R723,U124,P119,B1592,5,"Owner was helpful, smooth experience overall.",0.71,2025-10-25T00:26:00
R724,U108,P111,B2928,5,Clean and well-lit parking area.,0.73,2025-12-18T19:44:00
R725,U254,P122,B2010,5,Affordable pricing and close to metro station.,0.67,2025-11-29T06:53:00
R726,U204,P117,B4587,4,"Owner was helpful, smooth experience overall.",0.72,2025-12-12T09:37:00
R727,U107,P112,B561,4,"Great parking spot, easy to find and secure.",0.69,2025-10-23T20:38:00
R728,U164,P131,B4667,4,"Owner was helpful, smooth experience overall.",0.93,2025-10-14T07:33:00
R729,U235,P116,B3597,5,"Owner was helpful, smooth experience overall.",0.53,2025-12-15T10:41:00
R730,U235,P112,B4538,5,Clean and well-lit parking area.,0.76,2025-11-14T17:06:00
R731,U254,P127,B3419,4,Clean and well-lit parking area.,0.59,2025-12-02T21:30:00
R732,U213,P107,B3674,4,"Owner was helpful, smooth experience overall.",0.67,2026-01-16T19:20:00
R733,U259,P123,B3955,4,"Great parking spot, easy to find and secure.",0.75,2025-12-31T17:37:00
R734,U133,P121,B2999,2,"Narrow entrance, difficult to park.",-0.44,2025-11-02T18:01:00
R735,U159,P124,B3431,3,Okay for short-term parking.,0.29,2025-10-07T16:34:00
R736,U163,P124,B1307,5,"Very convenient location, will book again.",0.72,2025-11-30T12:49:00
R737,U147,P113,B710,5,Clean and well-lit parking area.,0.62,2025-12-21T12:55:00
R738,U183,P127,B313,4,"Great parking spot, easy to find and secure.",0.86,2025-11-09T15:46:00
R739,U147,P130,B4678,3,"Average experience, would use again if nearby.",-0.01,2025-10-14T10:55:00
R740,U251,P127,B3655,4,Clean and well-lit parking area.,0.73,2025-11-15T21:56:00
R741,U251,P126,B877,3,Okay for short-term parking.,0.24,2025-11-15T23:43:00
R742,U278,P103,B1971,4,Affordable pricing and close to metro station.,0.68,2025-10-13T23:45:00
R743,U220,P120,B808,3,"Decent parking, nothing special.",0.12,2025-11-07T08:45:00
R744,U172,P125,B3321,4,Affordable pricing and close to metro station.,0.55,2025-12-02T13:49:00
R745,U157,P103,B1941,4,"Owner was helpful, smooth experience overall.",0.53,2025-11-28T04:31:00
R746,U252,P119,B3344,5,"Very convenient location, will book again.",0.94,2025-12-24T23:01:00
R747,U153,P110,B642,3,Okay for short-term parking.,-0.03,2025-12-18T15:38:00
R748,U237,P110,B4084,4,"Owner was helpful, smooth experience overall.",0.65,2025-11-15T14:55:00
R749,U248,P118,B2722,2,"Poor lighting at night, felt unsafe.",-0.6,2025-11-05T18:03:00
R750,U156,P101,B4197,3,"Average experience, would use again if nearby.",0.05,2025-10-22T19:56:00
R751,U175,P108,B2681,5,Affordable pricing and close to metro station.,0.54,2025-12-13T16:13:00
R752,U229,P124,B2398,4,"Great parking spot, easy to find and secure.",0.59,2025-11-09T18:02:00
R753,U129,P111,B5012,5,"Very convenient location, will book again.",0.72,2025-12-13T13:45:00
R754,U251,P101,B813,3,"Decent parking, nothing special.",0.08,2025-10-31T18:57:00
R755,U267,P124,B4572,3,"Average experience, would use again if nearby.",0.22,2025-10-05T21:05:00
R756,U189,P102,B3662,5,Affordable pricing and close to metro station.,0.64,2026-01-01T09:36:00
R757,U172,P101,B3380,4,"Great parking spot, easy to find and secure.",0.92,2026-01-01T22:01:00
R758,U198,P110,B1956,5,Affordable pricing and close to metro station.,0.63,2025-10-18T10:03:00
R759,U200,P124,B2972,4,Clean and well-lit parking area.,0.65,2025-12-14T10:23:00
R760,U186,P120,B2244,3,"Average experience, would use again if nearby.",0.28,2025-10-29T00:45:00
R761,U141,P130,B1059,5,"Owner was helpful, smooth experience overall.",0.88,2025-12-07T14:36:00
R762,U155,P110,B3519,4,Affordable pricing and close to metro station.,0.64,2026-01-28T09:31:00
R763,U175,P130,B2525,5,Clean and well-lit parking area.,0.68,2025-10-26T08:12:00
R764,U175,P131,B325,3,Okay for short-term parking.,0.24,2025-12-03T19:12:00
R765,U202,P129,B3324,4,Clean and well-lit parking area.,0.54,2025-10-04T18:07:00
R766,U230,P119,B988,4,Affordable pricing and close to metro station.,0.63,2025-12-19T12:31:00
R767,U244,P126,B1043,4,"Very convenient location, will book again.",0.74,2026-01-24T10:31:00
R768,U261,P104,B3080,5,"Very convenient location, will book again.",0.87,2025-12-28T08:39:00
R769,U279,P112,B3064,5,"Owner was helpful, smooth experience overall.",0.75,2025-12-16T19:50:00
R770,U155,P108,B3832,4,"Very convenient location, will book again.",0.72,2025-12-10T05:31:00
R771,U194,P104,B1233,5,"Very convenient location, will book again.",0.93,2025-12-25T16:37:00
R772,U269,P117,B4774,4,"Owner was helpful, smooth experience overall.",0.55,2025-12-23T10:58:00
R773,U223,P108,B306,5,Affordable pricing and close to metro station.,0.85,2025-10-11T08:02:00
R774,U165,P124,B1780,1,"Slot was occupied when I arrived, had to wait.",-0.82,2025-10-17T13:16:00
R775,U102,P117,B3692,5,"Very convenient location, will book again.",0.83,2026-01-13T19:21:00
R776,U226,P109,B1206,4,"Great parking spot, easy to find and secure.",0.74,2025-10-09T16:02:00
R777,U101,P130,B3161,3,"Decent parking, nothing special.",0.01,2026-01-27T12:08:00
R778,U122,P128,B4765,4,"Great parking spot, easy to find and secure.",0.74,2025-11-07T03:04:00
R779,U223,P124,B4872,4,"Great parking spot, easy to find and secure.",0.9,2025-11-28T01:10:00
R780,U271,P104,B2095,4,"Great parking spot, easy to find and secure.",0.71,2025-12-11T18:59:00
R781,U111,P130,B173,3,"Decent parking, nothing special.",-0.1,2025-10-07T08:58:00
R782,U102,P131,B695,5,Affordable pricing and close to metro station.,0.53,2026-01-20T19:09:00
R783,U227,P123,B1574,5,"Owner was helpful, smooth experience overall.",0.78,2026-01-19T08:46:00
R784,U180,P106,B202,5,Affordable pricing and close to metro station.,0.81,2025-10-11T20:10:00
R785,U198,P130,B4962,5,"Great parking spot, easy to find and secure.",0.68,2025-12-13T00:53:00
R786,U202,P124,B247,5,"Very convenient location, will book again.",0.61,2025-12-14T18:13:00
R787,U238,P101,B2058,4,Clean and well-lit parking area.,0.82,2025-12-25T10:45:00
R788,U231,P128,B3532,4,Affordable pricing and close to metro station.,0.64,2025-11-19T20:25:00
R789,U284,P132,B3368,3,"Average experience, would use again if nearby.",-0.07,2025-10-14T07:40:00
R790,U167,P127,B4041,4,Affordable pricing and close to metro station.,0.68,2026-01-08T19:53:00
R791,U161,P108,B3659,4,"Great parking spot, easy to find and secure.",0.74,2025-12-16T08:02:00
R792,U161,P124,B1494,4,"Great parking spot, easy to find and secure.",0.93,2025-12-22T20:11:00
R793,U159,P109,B4581,3,"Average experience, would use again if nearby.",0.14,2025-10-20T20:05:00
R794,U251,P131,B587,5,"Great parking spot, easy to find and secure.",0.59,2026-01-28T09:31:00
R795,U276,P110,B4381,4,"Owner was helpful, smooth experience overall.",0.87,2025-10-04T11:46:00
R796,U115,P121,B1216,5,Clean and well-lit parking area.,0.63,2025-10-28T20:27:00
R797,U118,P132,B2286,3,Okay for short-term parking.,0.28,2025-12-23T20:20:00
R798,U175,P120,B723,3,"Decent parking, nothing special.",0.03,2026-01-21T14:57:00
R799,U266,P118,B756,3,Okay for short-term parking.,0.26,2025-10-16T07:31:00
R800,U115,P108,B1132,4,"Very convenient location, will book again.",0.9,2025-12-30T06:40:00
R801,U281,P107,B3219,5,Affordable pricing and close to metro station.,0.89,2025-10-08T19:59:00
R802,U262,P129,B1552,4,"Very convenient location, will book again.",0.52,2025-10-12T11:26:00
R803,U245,P107,B2961,5,Clean and well-lit parking area.,0.88,2025-10-26T16:05:00
R804,U145,P129,B901,5,"Great parking spot, easy to find and secure.",0.82,2026-01-14T07:03:00
R805,U292,P112,B2823,4,Affordable pricing and close to metro station.,0.65,2026-01-01T16:01:00
R806,U248,P111,B2934,4,Affordable pricing and close to metro station.,0.72,2025-11-06T17:11:00
R807,U220,P118,B1931,5,Affordable pricing and close to metro station.,0.79,2026-01-02T09:04:00
R808,U124,P119,B258,2,App showed available but lot was full.,-0.33,2025-12-18T11:21:00
R809,U142,P103,B3521,4,Clean and well-lit parking area.,0.85,2025-11-16T22:05:00
R810,U117,P106,B3693,4,"Very convenient location, will book again.",0.69,2025-11-04T22:01:00
R811,U179,P109,B2708,5,Affordable pricing and close to metro station.,0.79,2025-11-27T12:57:00
R812,U262,P113,B1441,4,Clean and well-lit parking area.,0.58,2025-12-29T05:32:00
R813,U138,P104,B2454,5,"Great parking spot, easy to find and secure.",0.69,2025-12-10T11:12:00
R814,U223,P114,B581,2,Price was higher than what was listed.,-0.43,2025-12-01T07:41:00
R815,U114,P123,B2793,4,"Great parking spot, easy to find and secure.",0.77,2025-11-09T10:08:00
R816,U172,P120,B3259,5,"Very convenient location, will book again.",0.85,2025-12-28T02:17:00
R817,U247,P104,B3309,5,"Very convenient location, will book again.",0.73,2025-10-15T13:24:00
R818,U103,P131,B4875,2,"Poor lighting at night, felt unsafe.",-0.67,2026-01-10T20:49:00
R819,U110,P127,B1663,5,"Owner was helpful, smooth experience overall.",0.83,2025-11-09T20:43:00
R820,U145,P129,B351,5,"Owner was helpful, smooth experience overall.",0.54,2025-12-12T14:46:00
R821,U181,P132,B4782,4,Clean and well-lit parking area.,0.94,2025-11-19T00:47:00
R822,U130,P110,B1504,5,"Very convenient location, will book again.",0.93,2025-12-07T09:00:00
R823,U201,P122,B2893,3,"Decent parking, nothing special.",0.25,2025-12-31T16:02:00
R824,U111,P108,B1350,5,Affordable pricing and close to metro station.,0.9,2025-12-06T18:55:00
R825,U281,P128,B4822,4,"Owner was helpful, smooth experience overall.",0.73,2025-11-07T20:03:00
R826,U153,P106,B3528,1,"Poor lighting at night, felt unsafe.",-0.6,2025-10-23T20:34:00
R827,U295,P107,B3709,3,"Decent parking, nothing special.",0.23,2025-10-10T21:04:00
R828,U177,P128,B3802,5,"Great parking spot, easy to find and secure.",0.63,2026-01-08T20:25:00
R829,U289,P126,B1182,1,App showed available but lot was full.,-0.39,2026-01-02T20:21:00
R830,U167,P111,B2548,4,Clean and well-lit parking area.,0.59,2025-12-09T09:25:00
R831,U133,P113,B1830,3,"Decent parking, nothing special.",0.25,2025-12-25T08:22:00
R832,U147,P127,B4726,4,"Very convenient location, will book again.",0.74,2025-10-19T14:08:00
R833,U193,P110,B2367,3,"Decent parking, nothing special.",0.24,2025-10-20T19:05:00
R834,U174,P108,B4216,2,Price was higher than what was listed.,-0.6,2025-12-01T10:31:00
R835,U110,P106,B1326,5,"Very convenient location, will book again.",0.77,2025-10-11T11:28:00
R836,U152,P103,B3984,5,"Owner was helpful, smooth experience overall.",0.92,2026-01-11T09:13:00
R837,U129,P121,B2685,5,Clean and well-lit parking area.,0.69,2025-11-28T09:57:00
R838,U265,P120,B1627,4,Clean and well-lit parking area.,0.6,2025-12-15T21:44:00
R839,U249,P122,B3904,5,Affordable pricing and close to metro station.,0.54,2025-12-15T17:52:00
R840,U249,P127,B2694,5,"Owner was helpful, smooth experience overall.",0.77,2025-11-14T09:42:00
R841,U195,P131,B3304,5,"Very convenient location, will book again.",0.77,2025-11-20T16:27:00
R842,U182,P129,B205,4,"Very convenient location, will book again.",0.78,2025-12-28T13:44:00
R843,U152,P115,B3393,4,"Great parking spot, easy to find and secure.",0.52,2025-10-29T00:23:00
R844,U271,P105,B5017,4,Affordable pricing and close to metro station.,0.51,2025-10-25T09:19:00
R845,U146,P109,B301,4,"Very convenient location, will book again.",0.9,2025-12-14T22:50:00
R846,U206,P101,B1434,4,"Very convenient location, will book again.",0.81,2026-01-16T08:32:00
R847,U201,P118,B4526,5,Clean and well-lit parking area.,0.55,2025-10-21T09:05:00
R848,U173,P103,B1291,3,"Average experience, would use again if nearby.",-0.07,2026-01-07T18:01:00
R849,U219,P131,B3326,2,App showed available but lot was full.,-0.8,2025-11-12T15:45:00
R850,U290,P101,B2729,3,"Average experience, would use again if nearby.",0.22,2025-10-19T11:27:00
R851,U262,P110,B4681,5,"Great parking spot, easy to find and secure.",0.83,2025-10-15T21:35:00
R852,U131,P123,B3614,5,Clean and well-lit parking area.,0.79,2025-10-19T13:30:00
R853,U113,P112,B4395,3,Okay for short-term parking.,0.16,2025-11-28T10:50:00
R854,U296,P105,B4995,2,"Narrow entrance, difficult to park.",-0.38,2026-01-07T14:40:00
R855,U299,P120,B3897,5,"Owner was helpful, smooth experience overall.",0.65,2025-11-29T18:32:00
R856,U190,P127,B3609,3,Okay for short-term parking.,0.03,2025-10-27T21:08:00
R857,U167,P115,B3941,5,Affordable pricing and close to metro station.,0.69,2025-10-11T15:12:00
R858,U260,P125,B1733,2,"Narrow entrance, difficult to park.",-0.31,2025-12-12T21:25:00
R859,U197,P120,B1861,5,Clean and well-lit parking area.,0.75,2025-11-20T05:31:00
R860,U202,P117,B3742,5,"Great parking spot, easy to find and secure.",0.75,2026-01-22T06:16:00
R861,U226,P122,B4903,4,Clean and well-lit parking area.,0.86,2025-10-13T08:25:00
R862,U152,P129,B4280,1,Price was higher than what was listed.,-0.79,2026-01-06T08:33:00
R863,U273,P122,B4025,4,"Great parking spot, easy to find and secure.",0.68,2026-01-19T23:57:00
R864,U143,P124,B1905,5,"Very convenient location, will book again.",0.79,2025-11-18T14:48:00
R865,U204,P121,B3928,5,"Great parking spot, easy to find and secure.",0.94,2025-11-08T18:30:00
R866,U233,P113,B2902,4,Clean and well-lit parking area.,0.57,2025-11-02T09:08:00
R867,U285,P130,B4695,5,Affordable pricing and close to metro station.,0.7,2026-01-14T09:00:00
R868,U162,P103,B275,4,"Owner was helpful, smooth experience overall.",0.91,2026-01-28T22:33:00
R869,U185,P124,B2538,5,Affordable pricing and close to metro station.,0.83,2025-11-22T15:49:00
R870,U244,P115,B1966,4,Clean and well-lit parking area.,0.78,2026-01-25T18:13:00
R871,U251,P124,B2395,4,"Great parking spot, easy to find and secure.",0.62,2025-11-16T21:12:00
R872,U107,P119,B4179,4,Affordable pricing and close to metro station.,0.58,2025-12-04T05:43:00
R873,U192,P115,B545,5,Clean and well-lit parking area.,0.67,2025-11-10T08:44:00
R874,U179,P121,B201,4,"Very convenient location, will book again.",0.61,2025-10-09T22:28:00
R875,U157,P122,B2292,4,"Owner was helpful, smooth experience overall.",0.86,2025-12-06T08:59:00
R876,U221,P130,B3811,4,"Owner was helpful, smooth experience overall.",0.82,2025-10-17T08:53:00
R877,U111,P101,B2483,2,App showed available but lot was full.,-0.4,2026-01-16T20:00:00
R878,U155,P110,B4483,4,Affordable pricing and close to metro station.,0.58,2025-11-20T19:38:00
R879,U171,P120,B185,5,"Very convenient location, will book again.",0.64,2025-12-08T12:22:00
R880,U199,P104,B4746,4,"Owner was helpful, smooth experience overall.",0.85,2026-01-13T23:24:00
R881,U253,P104,B1739,1,Price was higher than what was listed.,-0.8,2025-10-03T14:55:00
R882,U162,P132,B4784,4,"Very convenient location, will book again.",0.57,2025-12-15T15:38:00
R883,U266,P122,B945,5,"Very convenient location, will book again.",0.67,2025-10-09T05:59:00
R884,U186,P129,B3270,5,Affordable pricing and close to metro station.,0.58,2026-01-24T02:34:00
R885,U107,P124,B3227,4,Clean and well-lit parking area.,0.54,2025-12-10T23:02:00
R886,U209,P104,B260,4,"Owner was helpful, smooth experience overall.",0.64,2026-01-05T21:23:00
R887,U213,P103,B2760,5,"Very convenient location, will book again.",0.89,2025-12-02T15:45:00
R888,U221,P108,B4518,4,Clean and well-lit parking area.,0.53,2026-01-13T14:06:00
R889,U103,P113,B4942,1,"Poor lighting at night, felt unsafe.",-0.56,2025-10-20T11:42:00
R890,U119,P119,B4789,5,"Owner was helpful, smooth experience overall.",0.75,2025-10-27T20:05:00
R891,U101,P125,B1909,4,"Owner was helpful, smooth experience overall.",0.74,2025-12-21T10:36:00
R892,U190,P112,B1437,4,"Owner was helpful, smooth experience overall.",0.73,2026-01-05T08:32:00
R893,U159,P104,B5027,4,Clean and well-lit parking area.,0.51,2026-01-21T18:23:00
R894,U248,P124,B2075,5,"Very convenient location, will book again.",0.52,2025-10-30T20:56:00
R895,U133,P106,B2857,4,"Very convenient location, will book again.",0.73,2025-10-20T22:46:00
R896,U232,P112,B4368,3,"Average experience, would use again if nearby.",0.29,2025-10-22T14:25:00
R897,U148,P126,B1004,2,"Narrow entrance, difficult to park.",-0.66,2026-01-07T22:13:00
R898,U151,P103,B4926,5,"Very convenient location, will book again.",0.71,2025-12-20T20:14:00
R899,U190,P117,B2468,4,"Great parking spot, easy to find and secure.",0.94,2025-11-15T09:30:00
R900,U104,P131,B1521,5,"Owner was helpful, smooth experience overall.",0.85,2026-01-12T00:54:00
R901,U132,P127,B135,1,"Slot was occupied when I arrived, had to wait.",-0.44,2025-12-06T20:46:00
R902,U112,P126,B3472,5,"Owner was helpful, smooth experience overall.",0.73,2025-11-04T12:47:00
R903,U261,P131,B938,5,Clean and well-lit parking area.,0.9,2025-11-10T09:18:00
R904,U179,P110,B3225,5,Affordable pricing and close to metro station.,0.76,2025-11-10T09:18:00
R905,U283,P103,B2459,5,"Great parking spot, easy to find and secure.",0.8,2025-10-13T15:19:00
R906,U251,P120,B4219,2,"Poor lighting at night, felt unsafe.",-0.43,2025-11-09T13:23:00
R907,U279,P104,B1357,5,Affordable pricing and close to metro station.,0.68,2025-12-01T18:45:00
R908,U110,P124,B425,4,"Very convenient location, will book again.",0.93,2025-11-24T21:18:00
R909,U112,P109,B2250,3,"Decent parking, nothing special.",0.3,2025-10-31T22:14:00
R910,U226,P116,B2028,4,Clean and well-lit parking area.,0.76,2026-01-25T14:32:00
R911,U122,P130,B2211,2,"Narrow entrance, difficult to park.",-0.77,2025-10-03T21:55:00
R912,U226,P119,B653,5,"Very convenient location, will book again.",0.85,2025-12-30T17:47:00
R913,U257,P105,B4122,4,"Very convenient location, will book again.",0.64,2025-12-10T11:10:00
R914,U190,P126,B1277,5,Affordable pricing and close to metro station.,0.76,2025-12-04T21:32:00
R915,U284,P116,B3694,4,Clean and well-lit parking area.,0.54,2026-01-05T22:51:00
R916,U194,P105,B2218,3,"Decent parking, nothing special.",0.22,2026-01-04T11:28:00
R917,U284,P132,B620,4,"Great parking spot, easy to find and secure.",0.93,2025-10-21T18:15:00
R918,U205,P112,B4341,3,"Average experience, would use again if nearby.",-0.06,2025-11-30T21:35:00
R919,U180,P102,B294,4,"Owner was helpful, smooth experience overall.",0.83,2025-11-27T06:57:00
R920,U225,P105,B315,4,"Very convenient location, will book again.",0.89,2026-01-01T11:43:00
R921,U143,P117,B531,5,"Great parking spot, easy to find and secure.",0.55,2025-11-07T09:19:00
R922,U213,P127,B3567,5,"Very convenient location, will book again.",0.61,2025-12-09T19:57:00
R923,U107,P125,B3150,5,Affordable pricing and close to metro station.,0.68,2025-12-04T11:56:00
R924,U109,P117,B1998,3,"Average experience, would use again if nearby.",0.23,2025-11-09T23:01:00
R925,U120,P129,B2448,4,Clean and well-lit parking area.,0.72,2025-10-05T19:43:00
R926,U157,P119,B421,4,Affordable pricing and close to metro station.,0.56,2026-01-27T03:33:00
R927,U130,P131,B3456,3,"Average experience, would use again if nearby.",0.0,2025-10-29T15:14:00
R928,U140,P112,B1716,4,"Very convenient location, will book again.",0.71,2025-12-13T17:18:00
R929,U214,P111,B277,5,"Owner was helpful, smooth experience overall.",0.52,2026-01-18T04:33:00
R930,U164,P123,B3752,3,"Decent parking, nothing special.",0.15,2026-01-16T18:56:00
R931,U112,P113,B1715,3,"Average experience, would use again if nearby.",-0.09,2025-11-12T20:25:00
R932,U152,P131,B4542,3,Okay for short-term parking.,0.21,2025-11-28T17:40:00
R933,U213,P126,B3507,5,"Very convenient location, will book again.",0.83,2025-12-05T18:56:00
R934,U228,P108,B4103,4,"Owner was helpful, smooth experience overall.",0.89,2025-10-06T15:41:00
R935,U300,P124,B4655,3,"Decent parking, nothing special.",-0.04,2025-10-20T15:40:00
R936,U129,P125,B1378,4,Affordable pricing and close to metro station.,0.77,2025-12-28T06:15:00
R937,U165,P118,B3410,5,Clean and well-lit parking area.,0.85,2025-11-12T10:22:00
R938,U222,P114,B3957,5,"Very convenient location, will book again.",0.73,2025-12-22T10:43:00
R939,U125,P122,B322,3,"Decent parking, nothing special.",-0.05,2025-10-24T17:51:00
R940,U296,P130,B3945,5,"Owner was helpful, smooth experience overall.",0.54,2026-01-21T14:03:00
R941,U173,P108,B189,5,"Owner was helpful, smooth experience overall.",0.77,2025-10-22T19:57:00
R942,U152,P132,B1568,4,"Great parking spot, easy to find and secure.",0.72,2025-12-23T16:45:00
R943,U256,P111,B3684,5,Clean and well-lit parking area.,0.92,2025-10-31T13:17:00
R944,U148,P103,B4933,4,Clean and well-lit parking area.,0.88,2025-11-16T18:59:00
R945,U195,P105,B2844,5,Affordable pricing and close to metro station.,0.83,2026-01-22T01:51:00
R946,U271,P108,B2276,4,Affordable pricing and close to metro station.,0.94,2025-10-13T16:15:00
R947,U127,P110,B2802,5,"Great parking spot, easy to find and secure.",0.81,2025-12-16T17:46:00
R948,U283,P129,B1329,5,Affordable pricing and close to metro station.,0.54,2025-10-07T21:16:00
R949,U208,P115,B692,1,App showed available but lot was full.,-0.85,2025-10-24T20:39:00
R950,U154,P127,B4017,2,"Slot was occupied when I arrived, had to wait.",-0.41,2025-10-22T23:08:00
R951,U280,P127,B4969,3,"Decent parking, nothing special.",0.04,2025-10-15T21:59:00
R952,U268,P107,B1596,2,"Poor lighting at night, felt unsafe.",-0.35,2025-11-19T01:26:00
R953,U189,P106,B3563,5,"Great parking spot, easy to find and secure.",0.55,2026-01-12T18:39:00
R954,U291,P132,B812,3,"Decent parking, nothing special.",-0.02,2025-11-05T21:26:00
R955,U131,P122,B974,3,Okay for short-term parking.,0.21,2025-11-07T08:54:00
R956,U286,P101,B3000,4,Affordable pricing and close to metro station.,0.88,2025-11-28T10:19:00
R957,U292,P125,B4783,4,"Great parking spot, easy to find and secure.",0.89,2025-11-16T16:09:00
R958,U240,P128,B2356,4,"Great parking spot, easy to find and secure.",0.54,2025-12-22T11:13:00
R959,U205,P113,B2072,4,Clean and well-lit parking area.,0.67,2025-10-02T22:09:00
R960,U191,P123,B4971,3,Okay for short-term parking.,0.16,2025-11-15T02:29:00
R961,U252,P128,B4753,2,"Narrow entrance, difficult to park.",-0.35,2025-12-20T03:13:00
R962,U221,P108,B290,5,"Very convenient location, will book again.",0.61,2025-12-08T10:41:00
R963,U101,P117,B1431,4,"Very convenient location, will book again.",0.77,2026-01-11T09:18:00
R964,U227,P119,B555,1,"Slot was occupied when I arrived, had to wait.",-0.81,2026-01-10T21:37:00
R965,U251,P121,B405,3,Okay for short-term parking.,0.2,2025-12-01T15:25:00
R966,U165,P111,B1751,3,"Decent parking, nothing special.",-0.05,2026-01-22T19:39:00
R967,U274,P111,B4323,4,"Very convenient location, will book again.",0.95,2026-01-09T22:27:00
R968,U278,P116,B3350,5,"Very convenient location, will book again.",0.54,2026-01-19T13:23:00
R969,U202,P131,B661,4,"Great parking spot, easy to find and secure.",0.81,2025-11-07T12:48:00
R970,U107,P119,B5061,4,"Very convenient location, will book again.",0.85,2026-01-04T11:04:00
R971,U153,P121,B298,2,"Slot was occupied when I arrived, had to wait.",-0.75,2026-01-04T11:26:00
R972,U116,P124,B4181,4,Clean and well-lit parking area.,0.61,2025-11-02T16:20:00
R973,U284,P126,B2501,5,Clean and well-lit parking area.,0.77,2026-01-12T17:00:00
R974,U203,P111,B392,2,"Narrow entrance, difficult to park.",-0.52,2026-01-21T13:42:00
R975,U167,P115,B485,5,"Great parking spot, easy to find and secure.",0.82,2025-11-23T08:46:00
R976,U271,P129,B3872,5,Clean and well-lit parking area.,0.76,2026-01-17T03:58:00
R977,U237,P112,B4264,3,Okay for short-term parking.,-0.03,2025-11-18T16:14:00
R978,U166,P112,B383,4,"Very convenient location, will book again.",0.92,2026-01-04T08:44:00
R979,U149,P118,B2104,4,"Owner was helpful, smooth experience overall.",0.57,2025-12-22T05:20:00
R980,U130,P122,B4340,5,Affordable pricing and close to metro station.,0.75,2025-12-29T18:38:00
R981,U272,P120,B2517,5,"Owner was helpful, smooth experience overall.",0.91,2025-10-19T14:14:00
R982,U247,P101,B4913,4,Affordable pricing and close to metro station.,0.91,2025-11-06T17:03:00
R983,U232,P130,B1312,5,"Owner was helpful, smooth experience overall.",0.58,2025-10-22T18:10:00
R984,U217,P102,B3666,5,"Owner was helpful, smooth experience overall.",0.61,2025-11-18T17:22:00
R985,U148,P125,B218,4,Clean and well-lit parking area.,0.77,2026-01-07T00:14:00
R986,U265,P132,B1522,5,"Great parking spot, easy to find and secure.",0.65,2025-11-07T18:48:00
R987,U111,P103,B486,4,"Great parking spot, easy to find and secure.",0.83,2025-12-20T21:46:00
R988,U242,P128,B2640,4,Affordable pricing and close to metro station.,0.74,2025-12-09T20:18:00
R989,U231,P117,B331,4,"Great parking spot, easy to find and secure.",0.62,2025-12-24T19:03:00
R990,U122,P101,B1797,4,Affordable pricing and close to metro station.,0.68,2025-11-24T15:23:00
R991,U293,P118,B1683,4,Clean and well-lit parking area.,0.81,2025-11-01T15:12:00
R992,U297,P125,B3046,1,App showed available but lot was full.,-0.43,2025-11-06T06:15:00
R993,U258,P101,B1770,5,Affordable pricing and close to metro station.,0.67,2025-11-09T10:04:00
R994,U150,P118,B3349,5,Affordable pricing and close to metro station.,0.55,2025-10-13T17:41:00
R995,U118,P125,B2457,3,"Decent parking, nothing special.",0.04,2025-11-11T18:23:00
R996,U262,P121,B930,5,"Owner was helpful, smooth experience overall.",0.78,2025-10-12T21:38:00
R997,U107,P118,B2753,4,Clean and well-lit parking area.,0.84,2025-12-02T17:52:00
R998,U188,P124,B585,5,Clean and well-lit parking area.,0.9,2025-12-13T10:49:00
R999,U241,P105,B4504,4,"Very convenient location, will book again.",0.93,2025-10-12T19:57:00
R1000,U195,P116,B2701,5,"Great parking spot, easy to find and secure.",0.74,2026-01-01T15:40:00
R1001,U121,P105,B678,5,"Great parking spot, easy to find and secure.",0.9,2026-01-02T01:59:00
R1002,U196,P107,B3217,5,"Owner was helpful, smooth experience overall.",0.62,2025-10-03T20:29:00
R1003,U245,P123,B1115,4,"Very convenient location, will book again.",0.75,2025-11-17T10:52:00
R1004,U160,P123,B3851,4,Affordable pricing and close to metro station.,0.74,2025-10-19T05:30:00
R1005,U157,P108,B308,2,"Narrow entrance, difficult to park.",-0.44,2025-10-05T05:14:00
R1006,U212,P130,B2937,3,"Average experience, would use again if nearby.",0.21,2025-12-07T10:45:00
R1007,U186,P112,B1911,5,"Owner was helpful, smooth experience overall.",0.63,2025-10-23T14:34:00
R1008,U244,P129,B523,5,Affordable pricing and close to metro station.,0.9,2026-01-27T20:26:00
R1009,U115,P124,B1190,3,"Average experience, would use again if nearby.",0.26,2025-12-09T18:01:00
R1010,U281,P120,B3054,5,"Very convenient location, will book again.",0.93,2026-01-26T04:14:00
R1011,U145,P113,B2093,2,App showed available but lot was full.,-0.63,2025-11-24T12:05:00
R1012,U172,P120,B4865,1,"Narrow entrance, difficult to park.",-0.31,2025-12-20T05:43:00
R1013,U268,P113,B4978,2,App showed available but lot was full.,-0.43,2026-01-28T16:51:00
R1014,U172,P129,B4564,4,"Owner was helpful, smooth experience overall.",0.79,2025-11-23T14:46:00
R1015,U221,P124,B782,4,"Owner was helpful, smooth experience overall.",0.69,2025-11-10T21:31:00
R1016,U184,P119,B2495,4,Clean and well-lit parking area.,0.88,2025-11-11T12:14:00
R1017,U136,P111,B4546,5,"Owner was helpful, smooth experience overall.",0.84,2025-10-03T21:42:00
R1018,U256,P104,B1203,5,Clean and well-lit parking area.,0.76,2025-12-11T22:55:00
R1019,U154,P107,B1445,5,"Great parking spot, easy to find and secure.",0.95,2025-12-04T14:57:00
R1020,U253,P119,B2179,5,Affordable pricing and close to metro station.,0.61,2025-12-21T15:26:00
R1021,U206,P112,B2923,5,"Owner was helpful, smooth experience overall.",0.79,2025-12-01T13:36:00
R1022,U142,P105,B1995,4,"Very convenient location, will book again.",0.64,2025-11-29T21:37:00
R1023,U280,P127,B4549,4,"Very convenient location, will book again.",0.71,2026-01-09T19:42:00
R1024,U189,P101,B302,4,Clean and well-lit parking area.,0.65,2025-11-06T18:32:00
R1025,U206,P113,B1039,4,"Very convenient location, will book again.",0.65,2026-01-28T09:14:00
R1026,U158,P120,B2627,4,"Great parking spot, easy to find and secure.",0.67,2025-10-15T19:00:00
R1027,U292,P130,B4690,5,Affordable pricing and close to metro station.,0.53,2026-01-05T09:01:00
R1028,U274,P103,B4896,1,"Poor lighting at night, felt unsafe.",-0.88,2025-10-01T09:56:00
R1029,U221,P120,B2333,5,"Owner was helpful, smooth experience overall.",0.83,2025-10-20T23:29:00
R1030,U145,P118,B430,5,"Very convenient location, will book again.",0.64,2025-11-13T14:01:00
R1031,U206,P111,B4838,5,"Very convenient location, will book again.",0.51,2025-11-04T18:33:00
R1032,U223,P119,B4902,5,"Great parking spot, easy to find and secure.",0.54,2025-12-11T14:17:00
R1033,U242,P109,B4273,5,"Very convenient location, will book again.",0.59,2025-10-16T12:45:00
R1034,U212,P101,B4407,3,"Decent parking, nothing special.",-0.08,2025-12-07T14:31:00
R1035,U299,P112,B4790,4,"Great parking spot, easy to find and secure.",0.93,2026-01-08T18:52:00
R1036,U212,P115,B1192,4,Clean and well-lit parking area.,0.76,2025-10-08T11:27:00
R1037,U214,P106,B3622,5,"Great parking spot, easy to find and secure.",0.68,2025-10-29T20:40:00
R1038,U278,P125,B3961,4,"Great parking spot, easy to find and secure.",0.74,2025-12-18T20:28:00
R1039,U189,P103,B220,5,Clean and well-lit parking area.,0.55,2025-10-13T14:28:00
R1040,U209,P125,B3849,5,"Very convenient location, will book again.",0.82,2025-12-10T13:33:00
R1041,U237,P104,B1537,5,Affordable pricing and close to metro station.,0.94,2025-11-11T22:49:00
R1042,U103,P110,B195,4,Clean and well-lit parking area.,0.56,2026-01-20T21:20:00
R1043,U237,P107,B3313,4,Affordable pricing and close to metro station.,0.57,2025-11-03T15:03:00
R1044,U294,P118,B5100,5,"Very convenient location, will book again.",0.78,2026-01-11T23:03:00
R1045,U154,P115,B1528,5,"Great parking spot, easy to find and secure.",0.57,2026-01-27T14:13:00
R1046,U272,P107,B4078,1,App showed available but lot was full.,-0.82,2025-12-08T10:51:00
R1047,U273,P113,B1197,5,"Owner was helpful, smooth experience overall.",0.8,2026-01-19T14:40:00
R1048,U226,P116,B4327,4,Affordable pricing and close to metro station.,0.78,2025-12-16T02:04:00
R1049,U181,P108,B4629,4,Affordable pricing and close to metro station.,0.6,2025-11-04T19:05:00
R1050,U284,P104,B1298,1,"Slot was occupied when I arrived, had to wait.",-0.41,2025-12-02T10:10:00
R1051,U185,P122,B2871,4,"Great parking spot, easy to find and secure.",0.55,2025-10-22T09:11:00
R1052,U207,P125,B1598,4,"Owner was helpful, smooth experience overall.",0.65,2025-12-06T08:01:00
R1053,U278,P104,B755,2,"Narrow entrance, difficult to park.",-0.46,2025-11-05T15:08:00
R1054,U164,P107,B4851,5,"Owner was helpful, smooth experience overall.",0.78,2025-10-02T11:29:00
R1055,U185,P128,B4536,2,"Poor lighting at night, felt unsafe.",-0.54,2025-10-21T13:34:00
R1056,U175,P122,B3400,3,"Average experience, would use again if nearby.",0.17,2025-10-09T22:06:00
R1057,U119,P116,B1736,5,Affordable pricing and close to metro station.,0.79,2025-10-04T18:59:00
R1058,U157,P119,B3733,5,Affordable pricing and close to metro station.,0.89,2025-12-14T22:03:00
R1059,U246,P107,B4754,5,Affordable pricing and close to metro station.,0.76,2025-11-03T15:48:00
R1060,U289,P124,B1927,5,Affordable pricing and close to metro station.,0.68,2025-12-26T09:53:00
R1061,U283,P114,B4089,4,Clean and well-lit parking area.,0.84,2025-11-10T18:58:00
R1062,U150,P106,B1918,4,Affordable pricing and close to metro station.,0.62,2025-10-16T03:16:00
R1063,U231,P103,B3444,5,Affordable pricing and close to metro station.,0.84,2025-11-02T12:28:00
R1064,U284,P131,B4242,5,"Great parking spot, easy to find and secure.",0.63,2025-12-03T21:36:00
R1065,U119,P120,B3018,4,"Very convenient location, will book again.",0.72,2026-01-07T03:02:00
R1066,U149,P109,B1539,4,Affordable pricing and close to metro station.,0.83,2026-01-22T12:22:00
R1067,U227,P127,B4008,3,Okay for short-term parking.,0.15,2025-10-12T23:32:00
R1068,U119,P125,B4282,4,"Very convenient location, will book again.",0.54,2025-10-22T18:55:00
R1069,U238,P132,B4070,3,"Decent parking, nothing special.",0.08,2025-12-06T13:00:00
R1070,U197,P115,B896,1,"Narrow entrance, difficult to park.",-0.41,2025-10-02T09:01:00
R1071,U180,P113,B3300,3,"Decent parking, nothing special.",0.3,2025-11-26T11:06:00
R1072,U266,P106,B5058,5,"Great parking spot, easy to find and secure.",0.71,2025-10-17T20:22:00
R1073,U137,P123,B1801,4,"Very convenient location, will book again.",0.54,2025-12-27T18:05:00
R1074,U297,P118,B2872,4,"Owner was helpful, smooth experience overall.",0.66,2026-01-27T17:43:00
R1075,U215,P123,B1972,4,"Owner was helpful, smooth experience overall.",0.72,2025-11-23T15:34:00
R1076,U191,P132,B4873,1,Price was higher than what was listed.,-0.86,2026-01-11T19:11:00
R1077,U167,P123,B3243,5,"Great parking spot, easy to find and secure.",0.89,2025-12-17T21:27:00
R1078,U252,P113,B574,2,"Poor lighting at night, felt unsafe.",-0.58,2025-12-25T09:16:00
R1079,U186,P101,B4081,5,"Great parking spot, easy to find and secure.",0.69,2026-01-19T21:48:00
R1080,U269,P119,B4945,5,"Great parking spot, easy to find and secure.",0.68,2025-11-25T14:04:00
R1081,U155,P126,B4793,4,"Great parking spot, easy to find and secure.",0.51,2025-12-11T20:32:00
R1082,U113,P126,B1155,5,Clean and well-lit parking area.,0.73,2026-01-09T22:47:00
R1083,U147,P112,B929,1,"Poor lighting at night, felt unsafe.",-0.61,2025-10-08T16:42:00
R1084,U268,P132,B732,5,"Very convenient location, will book again.",0.66,2025-12-08T08:50:00
R1085,U293,P127,B4717,5,Affordable pricing and close to metro station.,0.8,2025-12-12T18:56:00
R1086,U225,P121,B4578,4,Clean and well-lit parking area.,0.68,2025-12-22T10:23:00
R1087,U269,P129,B2199,5,"Very convenient location, will book again.",0.76,2025-12-19T19:00:00
R1088,U267,P102,B4420,5,Affordable pricing and close to metro station.,0.9,2025-12-17T12:50:00
R1089,U173,P125,B1020,4,"Owner was helpful, smooth experience overall.",0.66,2025-12-09T17:29:00
R1090,U197,P102,B900,4,"Very convenient location, will book again.",0.68,2025-12-14T21:56:00
R1091,U116,P120,B1834,3,"Decent parking, nothing special.",0.25,2025-11-27T11:03:00
R1092,U188,P113,B5098,4,"Great parking spot, easy to find and secure.",0.66,2025-10-22T22:08:00
R1093,U154,P114,B2530,4,Clean and well-lit parking area.,0.7,2025-11-25T21:52:00
R1094,U171,P122,B2238,4,"Great parking spot, easy to find and secure.",0.86,2025-10-06T21:19:00
R1095,U238,P112,B367,3,"Average experience, would use again if nearby.",0.14,2025-10-13T15:43:00
R1096,U219,P110,B1090,4,"Very convenient location, will book again.",0.92,2025-12-16T16:33:00
R1097,U136,P113,B4559,5,Clean and well-lit parking area.,0.71,2025-12-04T07:19:00
R1098,U286,P118,B636,4,"Very convenient location, will book again.",0.72,2025-12-03T10:50:00
R1099,U193,P116,B2106,2,"Narrow entrance, difficult to park.",-0.87,2025-11-15T18:00:00
R1100,U126,P107,B2112,4,"Very convenient location, will book again.",0.59,2025-10-19T15:11:00
R1101,U224,P128,B2337,5,Affordable pricing and close to metro station.,0.74,2025-12-24T18:51:00
R1102,U166,P106,B178,5,"Great parking spot, easy to find and secure.",0.58,2025-11-21T21:05:00
R1103,U158,P117,B2629,4,Clean and well-lit parking area.,0.7,2025-11-23T01:59:00
R1104,U249,P117,B1681,4,Affordable pricing and close to metro station.,0.63,2026-01-23T19:34:00
R1105,U143,P110,B148,3,Okay for short-term parking.,-0.09,2025-11-06T13:44:00
R1106,U282,P119,B3287,5,"Very convenient location, will book again.",0.71,2025-11-10T07:42:00
R1107,U254,P120,B1842,4,"Owner was helpful, smooth experience overall.",0.79,2025-12-04T03:24:00
R1108,U172,P103,B2254,2,"Narrow entrance, difficult to park.",-0.7,2025-11-16T01:02:00
R1109,U187,P118,B4679,1,"Poor lighting at night, felt unsafe.",-0.43,2025-12-24T12:11:00
R1110,U186,P132,B729,5,Affordable pricing and close to metro station.,0.57,2025-10-08T09:41:00
R1111,U254,P124,B2885,5,Affordable pricing and close to metro station.,0.54,2025-12-11T21:18:00
R1112,U295,P123,B3770,1,"Slot was occupied when I arrived, had to wait.",-0.34,2026-01-22T13:46:00
R1113,U103,P129,B2287,3,"Decent parking, nothing special.",0.27,2026-01-02T19:58:00
R1114,U120,P123,B2505,4,"Owner was helpful, smooth experience overall.",0.68,2025-11-22T11:33:00
R1115,U274,P114,B549,5,"Owner was helpful, smooth experience overall.",0.69,2025-11-16T10:48:00
R1116,U131,P113,B1659,4,Affordable pricing and close to metro station.,0.88,2025-10-31T07:36:00
R1117,U246,P132,B735,5,"Owner was helpful, smooth experience overall.",0.74,2025-10-18T09:21:00
R1118,U137,P131,B618,3,"Decent parking, nothing special.",-0.05,2025-12-18T20:48:00
R1119,U127,P103,B3346,2,Price was higher than what was listed.,-0.83,2025-12-04T10:38:00
R1120,U247,P110,B468,5,"Owner was helpful, smooth experience overall.",0.56,2025-11-18T10:23:00
R1121,U188,P131,B5082,3,"Decent parking, nothing special.",0.21,2025-11-13T15:00:00
R1122,U225,P122,B2310,5,"Very convenient location, will book again.",0.77,2025-10-31T14:14:00
R1123,U168,P127,B3687,3,"Decent parking, nothing special.",0.02,2026-01-13T12:10:00
R1124,U162,P122,B2032,5,Affordable pricing and close to metro station.,0.57,2025-11-05T09:19:00
R1125,U204,P109,B1211,4,"Very convenient location, will book again.",0.56,2025-11-28T10:33:00
R1126,U168,P106,B1662,5,Affordable pricing and close to metro station.,0.83,2026-01-04T11:14:00
R1127,U162,P113,B1977,2,"Narrow entrance, difficult to park.",-0.37,2025-10-28T12:04:00
R1128,U286,P106,B3164,1,Price was higher than what was listed.,-0.58,2025-10-16T21:36:00
R1129,U231,P121,B3686,3,Okay for short-term parking.,0.21,2025-10-13T11:27:00
R1130,U196,P129,B749,4,"Very convenient location, will book again.",0.63,2025-12-03T13:25:00
R1131,U173,P120,B1635,4,"Very convenient location, will book again.",0.76,2026-01-01T17:57:00
R1132,U133,P132,B2476,5,"Owner was helpful, smooth experience overall.",0.7,2026-01-06T19:49:00
R1133,U163,P115,B4608,5,"Owner was helpful, smooth experience overall.",0.54,2025-11-13T08:10:00
R1134,U120,P131,B1928,3,Okay for short-term parking.,0.09,2025-12-08T14:39:00
R1135,U238,P108,B1987,3,"Decent parking, nothing special.",0.24,2025-10-31T09:52:00
R1136,U202,P119,B3396,4,Affordable pricing and close to metro station.,0.52,2025-12-21T18:15:00
R1137,U105,P107,B1018,4,Clean and well-lit parking area.,0.71,2026-01-25T12:00:00
R1138,U165,P123,B2741,4,"Great parking spot, easy to find and secure.",0.89,2026-01-19T23:48:00
R1139,U186,P123,B4621,4,Affordable pricing and close to metro station.,0.86,2025-10-26T15:10:00
R1140,U186,P118,B473,4,"Owner was helpful, smooth experience overall.",0.72,2025-12-21T10:44:00
R1141,U144,P110,B4317,1,"Poor lighting at night, felt unsafe.",-0.8,2026-01-04T18:44:00
R1142,U268,P105,B2791,5,"Owner was helpful, smooth experience overall.",0.88,2026-01-06T21:37:00
R1143,U110,P117,B4809,4,"Owner was helpful, smooth experience overall.",0.57,2025-11-28T16:07:00
R1144,U153,P130,B1690,3,"Decent parking, nothing special.",0.01,2025-12-02T18:35:00
R1145,U140,P112,B4929,3,"Decent parking, nothing special.",-0.05,2025-10-21T18:02:00
R1146,U208,P132,B4150,4,"Owner was helpful, smooth experience overall.",0.71,2025-12-03T14:39:00
R1147,U230,P118,B3075,4,Affordable pricing and close to metro station.,0.78,2025-11-09T18:21:00
R1148,U124,P130,B2861,4,Clean and well-lit parking area.,0.87,2026-01-22T16:33:00
R1149,U244,P125,B448,4,"Great parking spot, easy to find and secure.",0.71,2025-11-08T18:50:00
R1150,U115,P111,B3044,1,"Slot was occupied when I arrived, had to wait.",-0.32,2025-11-07T12:33:00
R1151,U215,P106,B3977,3,"Decent parking, nothing special.",0.14,2025-10-06T03:12:00
R1152,U266,P108,B3642,4,"Very convenient location, will book again.",0.77,2025-10-31T12:45:00
R1153,U186,P112,B4290,4,"Very convenient location, will book again.",0.58,2026-01-20T11:06:00
R1154,U222,P118,B2378,4,Affordable pricing and close to metro station.,0.59,2025-10-09T00:13:00
R1155,U174,P125,B3537,5,"Very convenient location, will book again.",0.76,2025-12-02T22:08:00
R1156,U226,P114,B2500,5,"Very convenient location, will book again.",0.82,2026-01-27T10:45:00
R1157,U262,P114,B3254,4,"Very convenient location, will book again.",0.59,2026-01-08T12:34:00
R1158,U147,P122,B3700,5,Affordable pricing and close to metro station.,0.72,2025-12-17T13:25:00
R1159,U111,P104,B569,4,"Very convenient location, will book again.",0.66,2025-10-05T14:48:00
R1160,U283,P121,B3972,3,"Decent parking, nothing special.",0.08,2025-10-01T07:53:00
R1161,U141,P113,B576,3,Okay for short-term parking.,-0.01,2026-01-13T07:07:00
R1162,U292,P107,B4466,5,Affordable pricing and close to metro station.,0.56,2025-10-30T12:51:00
R1163,U177,P106,B2958,4,Affordable pricing and close to metro station.,0.64,2025-11-10T23:04:00
R1164,U114,P111,B115,4,"Very convenient location, will book again.",0.89,2025-12-16T13:17:00
R1165,U145,P110,B2648,4,Clean and well-lit parking area.,0.86,2025-10-07T10:06:00
R1166,U140,P111,B1099,5,"Very convenient location, will book again.",0.55,2025-11-13T12:41:00
R1167,U152,P104,B4947,3,"Average experience, would use again if nearby.",-0.06,2025-10-16T21:31:00
R1168,U241,P109,B3794,4,Affordable pricing and close to metro station.,0.72,2025-12-18T16:06:00
R1169,U244,P131,B478,4,"Great parking spot, easy to find and secure.",0.62,2025-11-10T04:16:00
R1170,U205,P112,B4862,2,"Narrow entrance, difficult to park.",-0.41,2026-01-11T08:42:00
R1171,U237,P127,B1495,5,"Owner was helpful, smooth experience overall.",0.72,2025-12-24T19:37:00
R1172,U252,P109,B4398,3,"Average experience, would use again if nearby.",0.24,2025-11-14T21:04:00
R1173,U195,P124,B1262,3,Okay for short-term parking.,-0.06,2026-01-28T14:06:00
R1174,U116,P103,B4905,4,"Great parking spot, easy to find and secure.",0.94,2025-10-29T21:22:00
R1175,U225,P114,B1677,2,Price was higher than what was listed.,-0.44,2026-01-19T18:20:00
R1176,U129,P125,B3476,2,Price was higher than what was listed.,-0.46,2025-11-30T09:59:00
R1177,U220,P111,B4986,1,Price was higher than what was listed.,-0.34,2025-11-03T21:51:00
R1178,U202,P117,B2865,5,"Owner was helpful, smooth experience overall.",0.71,2025-11-08T18:57:00
R1179,U213,P116,B614,5,"Great parking spot, easy to find and secure.",0.57,2025-10-22T23:29:00
R1180,U279,P110,B1010,4,"Great parking spot, easy to find and secure.",0.72,2026-01-26T20:11:00
R1181,U205,P108,B1847,4,"Owner was helpful, smooth experience overall.",0.87,2025-12-19T19:47:00
R1182,U137,P104,B4247,3,Okay for short-term parking.,0.24,2025-12-10T10:04:00
R1183,U176,P112,B2481,2,App showed available but lot was full.,-0.61,2025-11-28T21:29:00
R1184,U245,P107,B3066,4,Affordable pricing and close to metro station.,0.83,2025-12-24T05:12:00
R1185,U148,P109,B631,4,"Very convenient location, will book again.",0.61,2025-10-24T11:33:00
R1186,U231,P113,B2700,4,"Great parking spot, easy to find and secure.",0.6,2026-01-02T22:20:00
R1187,U288,P111,B4480,5,Affordable pricing and close to metro station.,0.76,2026-01-04T16:58:00
R1188,U250,P102,B4653,2,"Narrow entrance, difficult to park.",-0.65,2025-10-13T19:16:00
R1189,U213,P106,B4797,5,"Great parking spot, easy to find and secure.",0.57,2025-12-09T09:25:00
R1190,U291,P132,B4590,5,Clean and well-lit parking area.,0.84,2025-11-08T16:48:00
R1191,U131,P101,B1327,5,"Very convenient location, will book again.",0.74,2025-12-14T09:10:00
R1192,U170,P121,B556,5,"Great parking spot, easy to find and secure.",0.73,2026-01-14T11:35:00
R1193,U284,P122,B2157,3,Okay for short-term parking.,-0.02,2025-12-08T19:38:00
R1194,U169,P125,B4218,4,"Very convenient location, will book again.",0.61,2025-10-01T12:17:00
R1195,U135,P107,B5053,4,"Owner was helpful, smooth experience overall.",0.81,2025-12-07T17:36:00
R1196,U274,P131,B4515,4,Affordable pricing and close to metro station.,0.88,2025-11-13T17:39:00
R1197,U216,P110,B2036,4,"Owner was helpful, smooth experience overall.",0.58,2025-12-27T10:18:00
R1198,U233,P104,B1857,3,"Average experience, would use again if nearby.",0.22,2025-12-23T23:29:00
R1199,U222,P128,B3102,4,"Great parking spot, easy to find and secure.",0.85,2025-10-14T14:33:00
R1200,U269,P127,B4344,3,"Average experience, would use again if nearby.",0.23,2025-11-23T02:10:00
R1201,U211,P110,B264,4,Affordable pricing and close to metro station.,0.76,2025-10-11T20:34:00
R1202,U194,P110,B4409,4,"Great parking spot, easy to find and secure.",0.66,2026-01-26T14:44:00
R1203,U212,P115,B1699,1,App showed available but lot was full.,-0.44,2025-10-01T15:53:00
R1204,U171,P117,B4204,5,Affordable pricing and close to metro station.,0.72,2025-12-22T05:07:00
R1205,U212,P109,B775,5,"Owner was helpful, smooth experience overall.",0.6,2025-11-26T10:35:00
R1206,U129,P126,B1415,5,Affordable pricing and close to metro station.,0.68,2025-10-15T10:07:00
R1207,U121,P107,B1227,3,Okay for short-term parking.,0.08,2025-10-22T19:06:00
R1208,U247,P113,B3273,4,"Very convenient location, will book again.",0.73,2026-01-06T02:39:00
R1209,U149,P129,B2669,3,Okay for short-term parking.,0.26,2025-11-14T10:23:00
R1210,U300,P132,B5022,4,Clean and well-lit parking area.,0.69,2025-12-04T02:17:00
R1211,U250,P103,B1334,2,App showed available but lot was full.,-0.73,2025-10-05T15:33:00
R1212,U256,P115,B446,4,"Owner was helpful, smooth experience overall.",0.93,2026-01-11T07:50:00
R1213,U142,P116,B1428,4,"Very convenient location, will book again.",0.61,2025-12-03T02:27:00
R1214,U297,P122,B2178,3,Okay for short-term parking.,-0.1,2025-11-26T18:54:00
R1215,U178,P104,B2078,3,Okay for short-term parking.,0.24,2025-11-27T16:37:00
R1216,U156,P132,B4376,5,"Great parking spot, easy to find and secure.",0.93,2025-10-28T16:58:00
R1217,U223,P130,B2366,3,Okay for short-term parking.,0.17,2025-11-30T16:25:00
R1218,U292,P132,B3404,5,"Very convenient location, will book again.",0.68,2025-10-15T18:05:00
R1219,U148,P121,B4215,3,Okay for short-term parking.,0.12,2025-12-20T13:00:00
R1220,U268,P125,B3720,2,Price was higher than what was listed.,-0.4,2025-10-15T15:11:00
R1221,U170,P123,B2735,4,"Owner was helpful, smooth experience overall.",0.9,2025-10-28T18:06:00
R1222,U299,P130,B2786,3,"Average experience, would use again if nearby.",-0.06,2026-01-05T08:32:00
R1223,U176,P129,B892,1,Price was higher than what was listed.,-0.38,2025-11-29T09:42:00
R1224,U251,P110,B643,1,"Narrow entrance, difficult to park.",-0.53,2025-11-27T08:07:00
R1225,U119,P113,B4124,4,"Owner was helpful, smooth experience overall.",0.51,2026-01-19T13:22:00
R1226,U133,P124,B136,4,"Very convenient location, will book again.",0.55,2025-12-11T15:14:00
R1227,U264,P109,B2944,2,"Narrow entrance, difficult to park.",-0.87,2025-11-21T10:10:00
R1228,U271,P105,B879,4,Clean and well-lit parking area.,0.93,2025-12-27T01:49:00
R1229,U133,P117,B1426,2,"Narrow entrance, difficult to park.",-0.64,2025-12-06T10:31:00
R1230,U252,P114,B2441,5,"Great parking spot, easy to find and secure.",0.82,2026-01-14T12:59:00
R1231,U244,P123,B4284,5,"Very convenient location, will book again.",0.5,2025-10-12T11:00:00
R1232,U192,P108,B4363,4,Clean and well-lit parking area.,0.86,2025-12-29T09:21:00
R1233,U251,P112,B921,4,"Owner was helpful, smooth experience overall.",0.72,2025-11-27T18:30:00
R1234,U299,P132,B2537,3,"Decent parking, nothing special.",0.27,2025-12-30T19:29:00
R1235,U102,P112,B340,2,App showed available but lot was full.,-0.59,2025-12-09T14:58:00
R1236,U181,P110,B1005,1,"Narrow entrance, difficult to park.",-0.43,2026-01-24T14:33:00
R1237,U214,P129,B4223,5,Affordable pricing and close to metro station.,0.78,2025-10-29T20:16:00
R1238,U121,P104,B529,5,Affordable pricing and close to metro station.,0.73,2025-11-05T23:15:00
R1239,U107,P127,B279,3,Okay for short-term parking.,0.28,2026-01-21T21:49:00
R1240,U236,P122,B667,4,"Very convenient location, will book again.",0.72,2025-10-15T12:46:00
R1241,U194,P129,B5077,5,Clean and well-lit parking area.,0.9,2025-10-25T03:09:00
R1242,U150,P129,B4523,3,"Average experience, would use again if nearby.",-0.09,2026-01-22T08:43:00
R1243,U299,P112,B3982,5,"Very convenient location, will book again.",0.8,2025-10-09T09:52:00
R1244,U137,P113,B3086,4,Affordable pricing and close to metro station.,0.91,2026-01-25T18:37:00
R1245,U172,P115,B2966,5,Clean and well-lit parking area.,0.9,2025-12-01T06:21:00
R1246,U277,P129,B4583,4,"Owner was helpful, smooth experience overall.",0.72,2026-01-19T20:43:00
R1247,U136,P125,B1958,5,"Great parking spot, easy to find and secure.",0.71,2025-12-08T15:10:00
R1248,U164,P101,B2405,5,"Owner was helpful, smooth experience overall.",0.86,2026-01-09T17:27:00
R1249,U177,P132,B4745,4,Clean and well-lit parking area.,0.65,2025-12-31T19:38:00
R1250,U173,P108,B2654,4,"Very convenient location, will book again.",0.92,2025-12-29T19:16:00
R1251,U169,P127,B3554,4,Affordable pricing and close to metro station.,0.61,2026-01-27T13:12:00
R1252,U103,P130,B4316,3,Okay for short-term parking.,-0.07,2025-10-20T18:07:00
R1253,U195,P117,B691,4,"Great parking spot, easy to find and secure.",0.85,2025-10-31T21:37:00
R1254,U226,P108,B3842,1,Price was higher than what was listed.,-0.66,2025-12-08T06:59:00
R1255,U276,P128,B4320,4,Clean and well-lit parking area.,0.66,2026-01-18T20:33:00
R1256,U236,P131,B1721,4,"Owner was helpful, smooth experience overall.",0.64,2025-12-04T20:50:00
R1257,U135,P127,B2758,4,"Very convenient location, will book again.",0.94,2025-10-14T08:17:00
R1258,U151,P124,B4322,4,Affordable pricing and close to metro station.,0.76,2025-11-02T19:55:00
R1259,U114,P123,B3534,4,"Owner was helpful, smooth experience overall.",0.95,2025-11-21T11:50:00
R1260,U235,P118,B1714,5,"Owner was helpful, smooth experience overall.",0.65,2025-11-16T21:22:00
R1261,U296,P125,B2430,5,Affordable pricing and close to metro station.,0.69,2025-10-26T15:17:00
R1262,U145,P120,B2516,5,Clean and well-lit parking area.,0.6,2026-01-10T11:36:00
R1263,U119,P111,B2711,5,"Great parking spot, easy to find and secure.",0.69,2025-10-28T13:52:00
R1264,U294,P129,B2471,5,"Owner was helpful, smooth experience overall.",0.53,2025-10-21T20:08:00
R1265,U230,P132,B441,4,Affordable pricing and close to metro station.,0.5,2025-10-16T12:43:00
R1266,U271,P129,B1210,5,Affordable pricing and close to metro station.,0.7,2026-01-25T23:09:00
R1267,U219,P120,B4191,5,"Owner was helpful, smooth experience overall.",0.84,2025-11-03T12:53:00
R1268,U180,P101,B3284,4,"Owner was helpful, smooth experience overall.",0.7,2025-12-31T22:09:00
R1269,U205,P120,B5018,5,"Great parking spot, easy to find and secure.",0.73,2025-10-03T16:03:00
R1270,U171,P116,B3825,5,Affordable pricing and close to metro station.,0.7,2025-10-22T09:36:00
R1271,U262,P116,B751,4,"Great parking spot, easy to find and secure.",0.74,2026-01-25T17:47:00
R1272,U123,P103,B2713,5,Affordable pricing and close to metro station.,0.85,2025-10-06T16:24:00
R1273,U152,P127,B2889,4,Affordable pricing and close to metro station.,0.86,2025-10-20T07:56:00
R1274,U122,P120,B444,5,"Owner was helpful, smooth experience overall.",0.88,2025-12-10T21:37:00
R1275,U213,P111,B3245,1,App showed available but lot was full.,-0.77,2025-12-13T19:04:00
R1276,U269,P123,B1047,4,"Owner was helpful, smooth experience overall.",0.71,2025-12-13T19:10:00
R1277,U145,P119,B1914,5,Clean and well-lit parking area.,0.87,2025-10-11T14:14:00
R1278,U106,P111,B1286,5,Affordable pricing and close to metro station.,0.92,2025-12-03T21:39:00
R1279,U138,P127,B1800,4,Clean and well-lit parking area.,0.74,2026-01-17T11:35:00
R1280,U183,P124,B4744,4,Affordable pricing and close to metro station.,0.72,2025-11-11T23:52:00
R1281,U235,P108,B1745,4,Affordable pricing and close to metro station.,0.84,2025-11-06T18:39:00
R1282,U254,P120,B3009,3,"Average experience, would use again if nearby.",0.3,2025-11-02T17:21:00
R1283,U221,P132,B3263,4,"Owner was helpful, smooth experience overall.",0.69,2025-10-21T08:21:00
R1284,U252,P102,B4367,5,Clean and well-lit parking area.,0.57,2025-11-28T18:50:00
R1285,U150,P105,B2029,3,"Decent parking, nothing special.",0.23,2025-11-28T10:52:00
R1286,U250,P124,B2170,4,Affordable pricing and close to metro station.,0.82,2026-01-08T06:46:00
R1287,U255,P124,B4479,5,"Very convenient location, will book again.",0.57,2025-12-30T15:30:00
R1288,U267,P121,B2427,5,Affordable pricing and close to metro station.,0.65,2025-11-17T13:33:00
R1289,U276,P117,B1365,4,Affordable pricing and close to metro station.,0.75,2025-11-12T21:39:00
R1290,U182,P126,B3137,5,Clean and well-lit parking area.,0.83,2025-10-16T10:44:00
R1291,U183,P123,B949,1,"Slot was occupied when I arrived, had to wait.",-0.43,2025-11-06T10:02:00
R1292,U197,P107,B1133,1,Price was higher than what was listed.,-0.81,2025-12-10T11:12:00
R1293,U287,P116,B3436,4,"Owner was helpful, smooth experience overall.",0.6,2026-01-25T01:54:00
R1294,U184,P114,B3976,4,"Very convenient location, will book again.",0.83,2026-01-22T21:17:00
R1295,U161,P117,B1623,5,Clean and well-lit parking area.,0.55,2026-01-18T22:14:00
R1296,U164,P117,B2522,2,Price was higher than what was listed.,-0.6,2025-11-25T14:44:00
R1297,U257,P114,B2577,5,Affordable pricing and close to metro station.,0.75,2025-12-23T19:03:00
R1298,U101,P119,B2442,5,Clean and well-lit parking area.,0.65,2025-12-01T20:42:00
R1299,U152,P125,B4958,5,"Very convenient location, will book again.",0.86,2025-10-01T12:52:00
R1300,U181,P115,B1727,5,"Owner was helpful, smooth experience overall.",0.52,2025-12-10T18:22:00
R1301,U189,P126,B1693,4,Affordable pricing and close to metro station.,0.85,2025-12-15T22:58:00
R1302,U107,P113,B283,2,"Narrow entrance, difficult to park.",-0.51,2025-10-15T20:36:00
R1303,U185,P124,B3551,1,"Narrow entrance, difficult to park.",-0.6,2025-10-01T18:35:00
R1304,U244,P116,B4269,5,"Great parking spot, easy to find and secure.",0.89,2025-10-02T09:54:00
R1305,U220,P101,B4644,4,"Owner was helpful, smooth experience overall.",0.59,2026-01-10T09:17:00
R1306,U191,P126,B4431,5,Clean and well-lit parking area.,0.86,2025-10-11T22:04:00
R1307,U219,P113,B328,4,Affordable pricing and close to metro station.,0.58,2025-11-17T18:17:00
R1308,U228,P121,B3871,3,Okay for short-term parking.,0.3,2025-12-21T22:26:00
R1309,U151,P116,B3689,2,"Slot was occupied when I arrived, had to wait.",-0.88,2025-11-10T21:32:00
R1310,U137,P126,B822,4,Clean and well-lit parking area.,0.75,2025-10-28T20:13:00
R1311,U124,P128,B2604,4,Clean and well-lit parking area.,0.58,2026-01-27T18:29:00
R1312,U222,P115,B2301,1,App showed available but lot was full.,-0.66,2025-10-08T00:14:00
R1313,U213,P120,B2282,1,"Slot was occupied when I arrived, had to wait.",-0.81,2025-11-20T17:25:00
R1314,U248,P101,B1267,5,Affordable pricing and close to metro station.,0.59,2026-01-19T19:34:00
R1315,U208,P114,B2710,5,"Very convenient location, will book again.",0.53,2025-10-16T09:22:00
R1316,U297,P108,B3128,3,Okay for short-term parking.,-0.1,2026-01-07T06:47:00
R1317,U172,P118,B1685,4,Affordable pricing and close to metro station.,0.82,2026-01-26T22:42:00
R1318,U161,P118,B2062,5,"Owner was helpful, smooth experience overall.",0.7,2025-11-07T22:57:00
R1319,U101,P101,B4900,4,"Great parking spot, easy to find and secure.",0.52,2025-12-14T14:37:00
R1320,U185,P108,B3681,5,Clean and well-lit parking area.,0.92,2025-12-18T10:49:00
R1321,U212,P108,B703,5,"Very convenient location, will book again.",0.8,2025-11-17T19:53:00
R1322,U216,P106,B3479,3,"Decent parking, nothing special.",0.01,2025-11-08T22:38:00
R1323,U212,P107,B4537,1,"Slot was occupied when I arrived, had to wait.",-0.64,2025-11-19T09:01:00
R1324,U150,P105,B1347,3,"Decent parking, nothing special.",0.1,2025-12-21T14:54:00
R1325,U268,P102,B1038,5,"Owner was helpful, smooth experience overall.",0.76,2025-12-25T16:14:00
R1326,U251,P103,B3126,4,"Very convenient location, will book again.",0.89,2026-01-13T15:39:00
R1327,U113,P125,B4989,4,"Owner was helpful, smooth experience overall.",0.77,2025-11-20T19:00:00
R1328,U175,P122,B2687,5,"Great parking spot, easy to find and secure.",0.94,2025-10-12T17:26:00
R1329,U246,P106,B959,3,"Average experience, would use again if nearby.",0.19,2025-12-30T09:28:00
R1330,U198,P132,B3265,4,"Owner was helpful, smooth experience overall.",0.94,2025-10-17T19:25:00
R1331,U176,P124,B318,4,Clean and well-lit parking area.,0.75,2026-01-19T07:25:00
R1332,U252,P130,B409,2,"Narrow entrance, difficult to park.",-0.49,2026-01-25T17:10:00
R1333,U152,P107,B1282,3,Okay for short-term parking.,0.2,2025-11-09T20:41:00
R1334,U296,P107,B3606,5,"Great parking spot, easy to find and secure.",0.84,2026-01-09T20:50:00
R1335,U215,P128,B3014,5,"Great parking spot, easy to find and secure.",0.51,2025-11-16T08:13:00
R1336,U247,P107,B1146,4,Affordable pricing and close to metro station.,0.56,2025-12-30T22:16:00
R1337,U239,P130,B4227,5,"Very convenient location, will book again.",0.6,2025-12-10T10:25:00
R1338,U284,P103,B3665,4,Clean and well-lit parking area.,0.62,2025-12-01T11:32:00
R1339,U130,P123,B470,3,Okay for short-term parking.,0.26,2025-11-06T15:13:00
R1340,U199,P115,B4620,5,Clean and well-lit parking area.,0.83,2026-01-24T05:30:00
R1341,U103,P125,B3560,4,Clean and well-lit parking area.,0.56,2025-10-28T21:37:00
R1342,U198,P103,B2892,4,Affordable pricing and close to metro station.,0.69,2026-01-15T11:30:00
R1343,U163,P128,B3048,2,"Slot was occupied when I arrived, had to wait.",-0.75,2025-12-17T20:40:00
R1344,U226,P104,B1399,4,"Very convenient location, will book again.",0.87,2025-12-13T20:30:00
R1345,U151,P123,B3911,5,"Great parking spot, easy to find and secure.",0.91,2025-10-22T18:48:00
R1346,U122,P106,B3589,1,"Narrow entrance, difficult to park.",-0.8,2025-11-20T16:43:00
R1347,U189,P117,B3988,5,Affordable pricing and close to metro station.,0.69,2025-12-19T10:10:00
R1348,U212,P131,B4843,5,Affordable pricing and close to metro station.,0.93,2025-10-06T12:12:00
R1349,U111,P131,B4664,5,Affordable pricing and close to metro station.,0.8,2025-11-02T08:46:00
R1350,U269,P124,B2570,4,"Very convenient location, will book again.",0.89,2025-11-03T18:59:00
R1351,U147,P124,B157,1,"Slot was occupied when I arrived, had to wait.",-0.69,2025-11-03T00:15:00
R1352,U134,P124,B2601,5,Clean and well-lit parking area.,0.59,2025-10-23T09:52:00
R1353,U180,P123,B2226,4,"Owner was helpful, smooth experience overall.",0.81,2025-12-28T14:59:00
R1354,U136,P128,B4680,4,Clean and well-lit parking area.,0.56,2025-10-30T14:45:00
R1355,U127,P119,B2447,2,"Narrow entrance, difficult to park.",-0.4,2025-10-03T08:48:00
R1356,U163,P110,B3399,5,Affordable pricing and close to metro station.,0.84,2025-12-23T03:05:00
R1357,U118,P124,B2384,4,"Very convenient location, will book again.",0.64,2025-12-29T21:48:00
R1358,U103,P107,B1191,4,Affordable pricing and close to metro station.,0.72,2025-10-21T22:19:00
R1359,U223,P123,B1257,3,Okay for short-term parking.,0.22,2025-12-27T07:41:00
R1360,U116,P122,B3739,4,"Owner was helpful, smooth experience overall.",0.92,2025-11-12T09:30:00
R1361,U108,P115,B4196,4,Clean and well-lit parking area.,0.66,2025-12-23T18:39:00
R1362,U104,P112,B3611,4,"Great parking spot, easy to find and secure.",0.86,2026-01-08T16:56:00
R1363,U214,P105,B2936,5,Affordable pricing and close to metro station.,0.59,2025-11-11T02:04:00
R1364,U130,P110,B133,5,Clean and well-lit parking area.,0.91,2025-10-19T10:00:00
R1365,U147,P130,B860,4,"Owner was helpful, smooth experience overall.",0.81,2025-11-02T20:14:00
R1366,U299,P123,B3859,2,"Poor lighting at night, felt unsafe.",-0.81,2025-11-27T09:20:00
R1367,U190,P127,B2527,5,"Great parking spot, easy to find and secure.",0.83,2025-11-13T20:20:00
R1368,U265,P115,B559,5,"Very convenient location, will book again.",0.83,2025-11-10T15:58:00
R1369,U262,P132,B2503,5,"Owner was helpful, smooth experience overall.",0.83,2025-11-21T20:48:00
R1370,U209,P107,B1064,4,Clean and well-lit parking area.,0.66,2025-12-19T08:10:00
R1371,U123,P106,B4262,3,"Decent parking, nothing special.",0.2,2025-10-08T10:29:00
R1372,U174,P114,B4165,5,"Great parking spot, easy to find and secure.",0.87,2025-11-20T21:03:00
R1373,U122,P112,B4614,3,"Decent parking, nothing special.",0.04,2025-12-30T14:21:00
R1374,U192,P127,B4972,4,"Very convenient location, will book again.",0.59,2025-10-20T10:50:00
R1375,U196,P109,B2327,3,"Decent parking, nothing special.",0.26,2026-01-07T11:53:00
R1376,U252,P107,B1538,5,Clean and well-lit parking area.,0.78,2025-12-07T18:50:00
R1377,U121,P115,B1411,3,Okay for short-term parking.,0.08,2025-10-13T08:31:00
R1378,U296,P127,B1053,4,"Owner was helpful, smooth experience overall.",0.9,2025-11-04T10:18:00
R1379,U172,P126,B4345,4,"Owner was helpful, smooth experience overall.",0.56,2025-12-06T09:33:00
R1380,U275,P122,B2995,5,"Great parking spot, easy to find and secure.",0.86,2025-10-17T09:08:00
R1381,U135,P107,B3214,4,Affordable pricing and close to metro station.,0.72,2026-01-22T03:21:00
R1382,U196,P115,B293,4,Affordable pricing and close to metro station.,0.52,2025-10-17T04:55:00
R1383,U228,P130,B4261,3,"Average experience, would use again if nearby.",0.29,2025-10-01T10:59:00
R1384,U147,P112,B1748,4,"Very convenient location, will book again.",0.85,2025-10-11T10:52:00
R1385,U259,P130,B437,5,"Great parking spot, easy to find and secure.",0.6,2025-10-23T09:33:00
R1386,U211,P110,B1703,3,"Average experience, would use again if nearby.",0.27,2025-12-01T23:59:00
R1387,U250,P121,B3362,4,"Owner was helpful, smooth experience overall.",0.92,2025-12-10T15:57:00
R1388,U179,P106,B3796,4,Clean and well-lit parking area.,0.86,2025-10-05T16:51:00
R1389,U135,P110,B3264,5,"Great parking spot, easy to find and secure.",0.56,2025-12-20T16:11:00
R1390,U293,P106,B4598,5,Affordable pricing and close to metro station.,0.58,2025-11-18T09:55:00
R1391,U216,P107,B4539,2,App showed available but lot was full.,-0.45,2025-12-02T17:08:00
R1392,U153,P116,B1309,4,Affordable pricing and close to metro station.,0.91,2025-11-03T12:57:00
R1393,U276,P123,B1982,2,"Poor lighting at night, felt unsafe.",-0.77,2025-11-06T07:33:00
R1394,U112,P118,B149,5,"Owner was helpful, smooth experience overall.",0.71,2025-10-29T09:07:00
R1395,U180,P114,B2996,3,Okay for short-term parking.,-0.04,2025-12-08T12:05:00
R1396,U242,P109,B1746,4,Clean and well-lit parking area.,0.72,2025-12-23T16:33:00
R1397,U237,P117,B2529,4,"Owner was helpful, smooth experience overall.",0.79,2025-11-11T01:13:00
R1398,U132,P105,B535,5,"Owner was helpful, smooth experience overall.",0.51,2025-10-10T02:35:00
R1399,U103,P111,B3184,4,Affordable pricing and close to metro station.,0.79,2025-11-02T14:30:00
R1400,U275,P129,B2725,1,"Slot was occupied when I arrived, had to wait.",-0.52,2026-01-03T11:55:00
R1401,U129,P102,B941,4,Affordable pricing and close to metro station.,0.7,2026-01-27T09:01:00
R1402,U212,P131,B1461,4,"Owner was helpful, smooth experience overall.",0.9,2025-10-07T09:20:00
R1403,U175,P127,B3228,4,"Great parking spot, easy to find and secure.",0.56,2025-12-28T15:41:00
R1404,U124,P107,B3473,5,"Great parking spot, easy to find and secure.",0.52,2026-01-25T12:05:00
R1405,U261,P117,B4470,5,Affordable pricing and close to metro station.,0.72,2025-11-25T14:25:00
R1406,U138,P125,B3131,3,"Average experience, would use again if nearby.",0.11,2025-11-17T22:14:00
R1407,U240,P105,B369,4,"Very convenient location, will book again.",0.62,2025-11-20T09:37:00
R1408,U148,P131,B1720,2,Price was higher than what was listed.,-0.32,2025-10-14T11:40:00
R1409,U179,P121,B4935,1,"Slot was occupied when I arrived, had to wait.",-0.75,2025-10-05T23:20:00
R1410,U284,P107,B1314,2,"Slot was occupied when I arrived, had to wait.",-0.74,2025-11-05T22:03:00
R1411,U173,P125,B2341,4,"Great parking spot, easy to find and secure.",0.86,2025-11-17T18:55:00
R1412,U219,P101,B779,4,"Very convenient location, will book again.",0.92,2025-12-06T21:06:00
R1413,U204,P105,B2917,5,"Owner was helpful, smooth experience overall.",0.74,2026-01-15T04:17:00
R1414,U289,P109,B3297,4,Clean and well-lit parking area.,0.51,2025-10-04T13:08:00
R1415,U185,P132,B2209,4,"Great parking spot, easy to find and secure.",0.66,2025-10-02T06:18:00
R1416,U121,P116,B4023,4,"Great parking spot, easy to find and secure.",0.6,2025-12-23T19:41:00
R1417,U201,P122,B1488,4,"Very convenient location, will book again.",0.73,2025-10-19T16:41:00
R1418,U222,P125,B4856,3,"Average experience, would use again if nearby.",0.17,2025-10-22T10:28:00
R1419,U139,P108,B3032,5,Clean and well-lit parking area.,0.68,2025-10-18T16:05:00
R1420,U296,P126,B2499,4,Clean and well-lit parking area.,0.74,2025-12-16T17:12:00
R1421,U249,P119,B2325,5,Clean and well-lit parking area.,0.84,2025-11-25T08:43:00
R1422,U249,P103,B4874,3,"Decent parking, nothing special.",-0.0,2026-01-06T18:23:00
R1423,U227,P110,B3132,5,Affordable pricing and close to metro station.,0.59,2025-12-19T22:18:00
R1424,U209,P109,B376,3,Okay for short-term parking.,0.22,2025-12-13T21:58:00
R1425,U207,P119,B2904,5,"Great parking spot, easy to find and secure.",0.52,2025-10-09T11:11:00
R1426,U296,P111,B1353,4,"Owner was helpful, smooth experience overall.",0.57,2025-12-15T11:26:00
R1427,U151,P102,B161,3,"Average experience, would use again if nearby.",-0.1,2026-01-19T21:51:00
R1428,U197,P123,B1482,4,Clean and well-lit parking area.,0.75,2025-11-02T09:57:00
R1429,U228,P105,B827,5,Clean and well-lit parking area.,0.77,2026-01-18T09:06:00
R1430,U269,P116,B3462,5,"Owner was helpful, smooth experience overall.",0.74,2026-01-27T12:31:00
R1431,U243,P116,B1660,1,"Narrow entrance, difficult to park.",-0.65,2025-12-10T03:12:00
R1432,U272,P101,B3615,4,"Owner was helpful, smooth experience overall.",0.74,2026-01-21T09:36:00
R1433,U216,P129,B1669,5,Clean and well-lit parking area.,0.59,2025-12-27T23:26:00
R1434,U167,P108,B2947,4,"Very convenient location, will book again.",0.87,2025-12-06T14:03:00
R1435,U242,P102,B3757,5,Clean and well-lit parking area.,0.94,2025-12-13T18:40:00
R1436,U179,P109,B814,5,"Great parking spot, easy to find and secure.",0.74,2025-12-27T21:45:00
R1437,U204,P125,B3206,3,"Average experience, would use again if nearby.",0.05,2025-12-26T07:37:00
R1438,U167,P104,B3816,5,"Very convenient location, will book again.",0.86,2025-12-18T22:09:00
R1439,U230,P130,B3494,5,"Very convenient location, will book again.",0.59,2025-10-20T08:55:00
R1440,U102,P123,B2866,5,"Great parking spot, easy to find and secure.",0.64,2025-10-15T18:58:00
R1441,U111,P111,B402,5,Clean and well-lit parking area.,0.92,2025-10-05T15:15:00
R1442,U254,P111,B1960,5,Clean and well-lit parking area.,0.58,2025-11-05T19:02:00
R1443,U187,P111,B3660,5,Affordable pricing and close to metro station.,0.55,2026-01-21T09:14:00
R1444,U262,P109,B2886,4,Affordable pricing and close to metro station.,0.75,2025-12-26T17:37:00
R1445,U197,P108,B4173,4,"Owner was helpful, smooth experience overall.",0.76,2025-10-17T02:38:00
R1446,U167,P110,B3818,4,"Owner was helpful, smooth experience overall.",0.77,2025-11-09T10:05:00
R1447,U269,P127,B2810,3,"Decent parking, nothing special.",-0.03,2025-11-21T17:41:00
R1448,U192,P127,B871,5,Clean and well-lit parking area.,0.82,2025-12-14T17:05:00
R1449,U261,P132,B2485,4,"Owner was helpful, smooth experience overall.",0.61,2025-11-19T18:55:00
R1450,U234,P110,B452,5,"Very convenient location, will book again.",0.93,2025-11-02T05:16:00
R1451,U178,P106,B2422,4,"Very convenient location, will book again.",0.6,2025-12-04T21:39:00
R1452,U188,P111,B4867,3,"Decent parking, nothing special.",-0.09,2025-12-22T18:36:00
R1453,U161,P120,B2665,2,"Slot was occupied when I arrived, had to wait.",-0.56,2025-10-26T00:11:00
R1454,U272,P129,B4506,2,"Narrow entrance, difficult to park.",-0.78,2025-10-05T20:46:00
R1455,U183,P119,B1230,5,"Great parking spot, easy to find and secure.",0.78,2026-01-02T23:55:00
R1456,U295,P114,B4424,3,"Average experience, would use again if nearby.",-0.01,2025-12-16T02:46:00
R1457,U218,P127,B1613,5,"Very convenient location, will book again.",0.69,2025-11-20T21:19:00
R1458,U184,P127,B2331,5,"Very convenient location, will book again.",0.58,2025-11-29T17:57:00
R1459,U152,P121,B3800,5,Clean and well-lit parking area.,0.69,2025-10-17T11:21:00
R1460,U287,P124,B4252,5,"Owner was helpful, smooth experience overall.",0.56,2025-12-21T19:49:00
R1461,U243,P127,B3881,5,"Great parking spot, easy to find and secure.",0.65,2025-10-01T20:10:00
R1462,U283,P115,B3357,4,Clean and well-lit parking area.,0.59,2025-10-06T11:00:00
R1463,U125,P131,B623,5,"Owner was helpful, smooth experience overall.",0.87,2026-01-11T16:11:00
R1464,U222,P119,B4449,3,"Average experience, would use again if nearby.",0.19,2026-01-01T22:51:00
R1465,U254,P102,B1817,2,Price was higher than what was listed.,-0.8,2025-10-05T10:58:00
R1466,U218,P122,B2584,3,"Average experience, would use again if nearby.",-0.07,2025-12-21T21:14:00
R1467,U252,P123,B3052,5,Clean and well-lit parking area.,0.51,2025-12-05T02:54:00
R1468,U296,P107,B3282,4,Affordable pricing and close to metro station.,0.6,2026-01-27T21:06:00
R1469,U256,P111,B4281,5,Clean and well-lit parking area.,0.72,2025-12-05T19:43:00
R1470,U156,P102,B4142,4,Clean and well-lit parking area.,0.68,2025-10-29T14:10:00
R1471,U273,P109,B3586,4,Clean and well-lit parking area.,0.94,2025-10-04T21:25:00
R1472,U217,P115,B2087,4,Affordable pricing and close to metro station.,0.86,2025-11-12T19:40:00
R1473,U188,P129,B1179,3,"Decent parking, nothing special.",-0.07,2025-12-19T11:28:00
R1474,U128,P107,B3081,4,Affordable pricing and close to metro station.,0.57,2025-10-27T14:22:00
R1475,U250,P102,B4988,4,"Owner was helpful, smooth experience overall.",0.51,2025-11-13T06:52:00
R1476,U209,P131,B1882,3,"Average experience, would use again if nearby.",-0.04,2025-12-06T13:14:00
R1477,U121,P121,B4109,4,"Very convenient location, will book again.",0.74,2025-10-13T12:38:00
R1478,U153,P126,B1908,5,"Great parking spot, easy to find and secure.",0.53,2026-01-19T10:22:00
R1479,U291,P110,B797,5,"Very convenient location, will book again.",0.53,2026-01-11T09:04:00
R1480,U154,P105,B3888,5,Affordable pricing and close to metro station.,0.55,2025-11-01T00:47:00
R1481,U173,P101,B3340,4,"Very convenient location, will book again.",0.8,2025-11-02T20:23:00
R1482,U223,P132,B1174,3,"Average experience, would use again if nearby.",-0.09,2025-10-18T18:42:00
R1483,U126,P113,B3336,4,"Great parking spot, easy to find and secure.",0.94,2025-10-08T01:03:00
R1484,U120,P110,B2436,4,"Owner was helpful, smooth experience overall.",0.67,2025-11-10T15:48:00
R1485,U228,P124,B1376,5,"Great parking spot, easy to find and secure.",0.65,2025-11-08T18:58:00
R1486,U283,P123,B3152,1,"Poor lighting at night, felt unsafe.",-0.62,2026-01-16T20:57:00
R1487,U113,P113,B2092,5,Clean and well-lit parking area.,0.73,2025-12-21T10:01:00
R1488,U155,P129,B1668,5,Clean and well-lit parking area.,0.69,2026-01-25T18:33:00
R1489,U110,P109,B357,3,Okay for short-term parking.,0.09,2025-12-18T21:24:00
R1490,U186,P111,B1328,4,Clean and well-lit parking area.,0.65,2025-12-16T09:56:00
R1491,U145,P127,B379,5,"Very convenient location, will book again.",0.64,2025-12-12T06:29:00
R1492,U290,P131,B4190,4,"Great parking spot, easy to find and secure.",0.51,2025-12-08T17:00:00
R1493,U124,P115,B1275,4,"Very convenient location, will book again.",0.8,2026-01-24T10:41:00
R1494,U158,P119,B168,5,Affordable pricing and close to metro station.,0.78,2025-11-16T20:24:00
R1495,U130,P114,B3480,4,"Great parking spot, easy to find and secure.",0.8,2025-11-10T12:54:00
R1496,U169,P104,B2163,4,"Great parking spot, easy to find and secure.",0.92,2025-12-07T14:12:00
R1497,U296,P112,B5014,4,"Very convenient location, will book again.",0.71,2026-01-17T22:11:00
R1498,U109,P111,B3013,5,"Owner was helpful, smooth experience overall.",0.9,2025-12-22T14:55:00
R1499,U288,P127,B4258,3,"Decent parking, nothing special.",0.08,2025-10-26T17:13:00
R1500,U254,P103,B1774,4,"Very convenient location, will book again.",0.71,2025-11-10T13:01:00
R1501,U260,P128,B4331,4,"Great parking spot, easy to find and secure.",0.78,2025-10-24T09:11:00
R1502,U180,P107,B2302,5,"Great parking spot, easy to find and secure.",0.6,2026-01-05T19:54:00
R1503,U150,P123,B1961,1,Price was higher than what was listed.,-0.77,2026-01-23T22:54:00
R1504,U291,P104,B1605,4,"Very convenient location, will book again.",0.73,2025-11-14T19:12:00
R1505,U170,P113,B1410,3,Okay for short-term parking.,-0.07,2025-12-25T00:06:00
R1506,U183,P132,B210,5,"Very convenient location, will book again.",0.61,2026-01-21T10:51:00
R1507,U158,P109,B2667,4,"Owner was helpful, smooth experience overall.",0.86,2025-10-07T14:13:00
R1508,U285,P108,B2068,4,"Owner was helpful, smooth experience overall.",0.71,2025-10-13T10:01:00
R1509,U202,P128,B633,4,"Very convenient location, will book again.",0.51,2026-01-27T20:05:00
R1510,U263,P118,B4134,5,"Owner was helpful, smooth experience overall.",0.53,2025-12-29T16:04:00
R1511,U241,P106,B5031,4,Clean and well-lit parking area.,0.91,2025-12-18T09:24:00
R1512,U110,P117,B1599,5,Affordable pricing and close to metro station.,0.93,2026-01-07T09:43:00
R1513,U192,P118,B1014,2,"Narrow entrance, difficult to park.",-0.52,2026-01-20T16:11:00
R1514,U190,P128,B2469,3,Okay for short-term parking.,-0.03,2025-10-16T21:39:00
R1515,U107,P130,B1060,4,"Very convenient location, will book again.",0.67,2025-11-04T05:33:00
R1516,U153,P113,B3241,5,Affordable pricing and close to metro station.,0.64,2025-11-04T14:50:00
R1517,U140,P109,B3853,2,App showed available but lot was full.,-0.43,2025-11-09T13:53:00
R1518,U213,P107,B4151,4,Affordable pricing and close to metro station.,0.74,2026-01-06T19:50:00
R1519,U267,P117,B980,5,Clean and well-lit parking area.,0.85,2025-12-07T22:47:00
R1520,U180,P115,B476,4,Clean and well-lit parking area.,0.66,2026-01-02T16:40:00
R1521,U102,P117,B4473,4,Affordable pricing and close to metro station.,0.89,2025-10-07T18:23:00
R1522,U224,P111,B415,2,App showed available but lot was full.,-0.64,2025-11-15T20:31:00
R1523,U179,P127,B1159,4,"Very convenient location, will book again.",0.69,2025-11-02T10:23:00
R1524,U186,P107,B502,2,"Poor lighting at night, felt unsafe.",-0.61,2026-01-17T00:06:00
R1525,U184,P121,B1095,5,Affordable pricing and close to metro station.,0.77,2025-10-09T21:38:00
R1526,U288,P111,B4712,4,Clean and well-lit parking area.,0.9,2025-12-12T11:34:00
R1527,U129,P106,B898,4,"Very convenient location, will book again.",0.71,2025-10-16T09:00:00
R1528,U262,P105,B2037,5,Clean and well-lit parking area.,0.92,2025-10-14T11:40:00
R1529,U201,P125,B2717,5,"Very convenient location, will book again.",0.68,2026-01-12T15:04:00
R1530,U200,P101,B1979,5,Clean and well-lit parking area.,0.65,2026-01-21T12:26:00
R1531,U194,P107,B3359,4,"Great parking spot, easy to find and secure.",0.63,2025-10-08T21:13:00
R1532,U126,P125,B1893,1,Price was higher than what was listed.,-0.89,2025-10-10T11:15:00
R1533,U179,P132,B1580,5,"Great parking spot, easy to find and secure.",0.88,2025-10-02T07:30:00
R1534,U102,P122,B2098,5,Affordable pricing and close to metro station.,0.54,2026-01-12T06:32:00
R1535,U244,P102,B3747,4,Clean and well-lit parking area.,0.65,2026-01-13T07:56:00
R1536,U299,P126,B4488,2,Price was higher than what was listed.,-0.75,2025-12-29T00:47:00
R1537,U194,P125,B3451,4,Clean and well-lit parking area.,0.83,2025-12-12T00:47:00
R1538,U201,P111,B1355,4,Affordable pricing and close to metro station.,0.92,2025-10-10T10:33:00
R1539,U251,P109,B2992,3,"Decent parking, nothing special.",0.23,2025-11-18T21:26:00
R1540,U217,P106,B1933,4,"Owner was helpful, smooth experience overall.",0.64,2026-01-25T12:10:00
R1541,U116,P102,B3833,3,"Decent parking, nothing special.",0.08,2025-12-08T15:22:00
R1542,U295,P131,B3423,4,"Great parking spot, easy to find and secure.",0.61,2025-12-17T19:20:00
R1543,U187,P117,B215,4,Clean and well-lit parking area.,0.92,2025-12-05T14:01:00
R1544,U270,P120,B2349,5,"Great parking spot, easy to find and secure.",0.55,2026-01-08T22:40:00
R1545,U124,P131,B1768,4,Affordable pricing and close to metro station.,0.93,2025-10-20T07:43:00
R1546,U153,P107,B163,3,Okay for short-term parking.,0.23,2025-10-11T21:44:00
R1547,U168,P104,B181,4,"Great parking spot, easy to find and secure.",0.82,2026-01-09T21:24:00
R1548,U216,P106,B936,3,"Average experience, would use again if nearby.",0.21,2025-12-15T19:26:00
R1549,U118,P112,B487,3,"Average experience, would use again if nearby.",0.04,2025-11-11T10:35:00
R1550,U273,P126,B2047,5,Affordable pricing and close to metro station.,0.63,2025-12-20T00:32:00
R1551,U206,P111,B925,4,"Great parking spot, easy to find and secure.",0.67,2025-12-03T21:02:00
R1552,U291,P108,B3688,5,Clean and well-lit parking area.,0.58,2025-10-02T07:44:00
R1553,U222,P104,B1855,4,"Owner was helpful, smooth experience overall.",0.84,2026-01-23T20:32:00
R1554,U300,P129,B4863,5,"Owner was helpful, smooth experience overall.",0.71,2025-10-12T21:56:00
R1555,U234,P118,B4257,4,Clean and well-lit parking area.,0.9,2025-12-23T15:42:00
R1556,U264,P131,B3517,2,App showed available but lot was full.,-0.37,2026-01-10T09:41:00
R1557,U231,P106,B2856,4,"Owner was helpful, smooth experience overall.",0.57,2025-10-26T08:43:00
R1558,U154,P126,B228,5,"Very convenient location, will book again.",0.6,2025-10-27T10:39:00
R1559,U149,P120,B1760,4,Clean and well-lit parking area.,0.68,2026-01-10T18:17:00
R1560,U218,P121,B2409,3,Okay for short-term parking.,-0.05,2025-12-02T18:12:00
R1561,U110,P110,B3619,5,"Very convenient location, will book again.",0.81,2025-11-29T21:23:00
R1562,U136,P101,B1062,4,Clean and well-lit parking area.,0.83,2025-12-21T15:38:00
R1563,U195,P111,B231,5,"Very convenient location, will book again.",0.82,2025-10-14T00:05:00
R1564,U196,P114,B1850,4,Clean and well-lit parking area.,0.71,2025-11-17T23:19:00
R1565,U115,P102,B1430,5,"Owner was helpful, smooth experience overall.",0.88,2025-12-17T10:52:00
R1566,U213,P116,B3427,3,Okay for short-term parking.,0.14,2025-12-30T16:03:00
R1567,U293,P106,B3509,5,Clean and well-lit parking area.,0.95,2025-12-23T18:19:00
R1568,U134,P122,B3483,1,"Slot was occupied when I arrived, had to wait.",-0.41,2025-11-11T09:30:00
R1569,U186,P101,B1345,4,"Owner was helpful, smooth experience overall.",0.83,2025-12-08T17:59:00
R1570,U245,P126,B3457,3,"Decent parking, nothing special.",-0.05,2025-12-20T12:54:00
R1571,U287,P132,B3487,4,Clean and well-lit parking area.,0.87,2025-12-11T21:44:00
R1572,U205,P127,B565,3,Okay for short-term parking.,0.02,2026-01-24T12:05:00
R1573,U270,P115,B3090,3,"Average experience, would use again if nearby.",0.07,2025-11-16T15:59:00
R1574,U221,P119,B1946,5,Affordable pricing and close to metro station.,0.71,2025-11-02T19:35:00
R1575,U265,P123,B1077,3,"Average experience, would use again if nearby.",0.03,2025-12-17T12:25:00
R1576,U250,P124,B3421,2,"Poor lighting at night, felt unsafe.",-0.83,2025-11-20T14:53:00
R1577,U291,P103,B2110,5,Clean and well-lit parking area.,0.59,2025-11-19T18:27:00
R1578,U207,P125,B1590,4,Clean and well-lit parking area.,0.86,2025-12-14T22:36:00
R1579,U204,P112,B3454,4,Affordable pricing and close to metro station.,0.79,2025-11-09T13:03:00
R1580,U102,P109,B2115,5,"Very convenient location, will book again.",0.92,2025-11-05T21:05:00
R1581,U258,P126,B1398,5,"Great parking spot, easy to find and secure.",0.87,2026-01-15T19:24:00
R1582,U160,P102,B4949,3,"Average experience, would use again if nearby.",0.06,2026-01-04T14:35:00
R1583,U297,P124,B2122,3,"Decent parking, nothing special.",0.21,2025-10-27T11:08:00
R1584,U175,P124,B3268,4,"Owner was helpful, smooth experience overall.",0.76,2025-11-05T06:18:00
R1585,U162,P120,B440,4,Affordable pricing and close to metro station.,0.63,2025-12-02T15:28:00
R1586,U263,P124,B3079,5,Affordable pricing and close to metro station.,0.94,2025-11-03T09:39:00
R1587,U208,P132,B1826,4,"Great parking spot, easy to find and secure.",0.92,2025-11-07T19:03:00
R1588,U205,P102,B2007,2,"Poor lighting at night, felt unsafe.",-0.83,2026-01-27T16:55:00
R1589,U195,P128,B4894,5,"Very convenient location, will book again.",0.88,2025-11-19T11:34:00
R1590,U228,P132,B3036,5,"Great parking spot, easy to find and secure.",0.53,2025-10-21T17:27:00
R1591,U282,P109,B1163,4,Affordable pricing and close to metro station.,0.92,2026-01-05T21:30:00
R1592,U212,P120,B2624,3,"Decent parking, nothing special.",0.15,2025-12-26T21:10:00
R1593,U139,P121,B4877,5,"Owner was helpful, smooth experience overall.",0.57,2025-12-19T02:49:00
R1594,U118,P107,B4130,5,"Great parking spot, easy to find and secure.",0.87,2025-11-27T20:52:00
R1595,U240,P103,B1646,4,"Great parking spot, easy to find and secure.",0.73,2025-10-09T17:42:00
R1596,U159,P115,B1396,3,Okay for short-term parking.,-0.08,2025-11-10T10:07:00
R1597,U188,P119,B2308,3,"Decent parking, nothing special.",0.22,2025-10-22T23:33:00
R1598,U197,P121,B2082,2,"Poor lighting at night, felt unsafe.",-0.43,2026-01-06T22:06:00
R1599,U134,P121,B1386,5,Affordable pricing and close to metro station.,0.72,2025-11-05T19:15:00
R1600,U112,P116,B3929,5,Affordable pricing and close to metro station.,0.83,2025-12-19T22:37:00
