bookings_id,user_id,slot_id,lot_id,start_time,end_time,day_of_week,is_weekend,is_festival,weather_condition,price_at_booking,status
B101,U101,S458,P107,2025-11-20T22:58:00,2025-11-20T23:58:00,Thursday,False,False,clear,41.1,completed
B102,U102,S1147,P123,2026-01-25T10:44:00,2026-01-25T11:44:00,Sunday,True,False,clear,55.1,completed
B103,U103,S974,P119,2025-11-30T13:46:00,2025-11-30T19:46:00,Sunday,True,False,rain,42.9,completed
B104,U104,S1289,P126,2025-11-09T12:58:00,2025-11-09T15:58:00,Sunday,True,False,cloudy,18.39,completed
B105,U105,S337,P104,2025-10-27T19:33:00,2025-10-27T23:33:00,Monday,False,False,clear,57.88,completed
B106,U106,S796,P115,2025-10-29T11:02:00,2025-10-29T11:32:00,Wednesday,False,False,clear,19.52,completed
B107,U107,S685,P113,2026-01-20T18:40:00,2026-01-20T21:40:00,Tuesday,False,False,clear,27.18,completed
B108,U108,S534,P109,2025-12-28T19:44:00,2025-12-28T20:14:00,Sunday,True,False,haze,23.16,completed
B109,U109,S237,P103,2025-10-13T19:37:00,2025-10-13T20:07:00,Monday,False,False,clear,28.84,completed
B110,U110,S255,P103,2025-11-01T02:40:00,2025-11-01T04:10:00,Saturday,True,True,cloudy,38.67,completed
B111,U102,S533,P109,2025-12-13T08:40:00,2025-12-13T11:40:00,Saturday,True,False,cloudy,23.43,completed
B112,U111,S1064,P121,2026-01-02T09:51:00,2026-01-02T11:51:00,Friday,False,False,clear,35.44,completed
B113,U112,S638,P112,2025-10-14T20:16:00,2025-10-14T21:16:00,Tuesday,False,False,clear,54.64,completed
B114,U113,S1217,P124,2025-12-21T18:20:00,2025-12-21T21:20:00,Sunday,True,False,clear,42.41,completed
B115,U114,S607,P111,2025-12-16T12:17:00,2025-12-16T13:17:00,Tuesday,False,False,fog,52.02,completed
B116,U115,S994,P119,2025-10-23T17:59:00,2025-10-23T19:59:00,Thursday,False,False,fog,34.07,completed
B117,U116,S1451,P130,2025-11-29T13:54:00,2025-11-29T14:54:00,Saturday,True,False,clear,55.24,completed
B118,U117,S801,P115,2025-10-10T08:04:00,2025-10-10T08:34:00,Friday,False,False,fog,24.26,completed
B119,U118,S1164,P124,2026-01-24T10:38:00,2026-01-24T12:08:00,Saturday,True,False,clear,35.99,cancelled
B120,U119,S134,P101,2026-01-24T14:45:00,2026-01-24T15:45:00,Saturday,True,False,clear,24.93,completed
B121,U120,S523,P108,2025-11-16T09:14:00,2025-11-16T13:14:00,Sunday,True,False,fog,33.39,completed
B122,U101,S893,P117,2026-01-27T16:44:00,2026-01-27T18:44:00,Tuesday,False,False,clear,34.51,completed
B123,U121,S1166,P124,2026-01-11T09:14:00,2026-01-11T10:14:00,Sunday,True,False,clear,41.9,completed
B124,U122,S811,P115,2025-10-01T15:16:00,2025-10-01T18:16:00,Wednesday,False,False,rain,22.98,completed
B125,U106,S1060,P121,2025-12-16T13:26:00,2025-12-16T19:26:00,Tuesday,False,False,clear,30.36,completed
B126,U123,S379,P105,2025-10-31T20:48:00,2025-10-31T23:48:00,Friday,False,False,rain,26.81,completed
B127,U124,S1040,P120,2025-10-21T06:33:00,2025-10-21T08:33:00,Tuesday,False,True,fog,27.52,completed
B128,U125,S502,P108,2026-01-02T12:30:00,2026-01-02T13:00:00,Friday,False,False,clear,25.79,cancelled
B129,U126,S237,P103,2025-12-28T04:06:00,2025-12-28T05:06:00,Sunday,True,False,clear,26.4,completed
B130,U127,S500,P108,2026-01-27T14:27:00,2026-01-27T15:27:00,Tuesday,False,False,clear,23.55,completed
B131,U128,S543,P109,2026-01-11T11:06:00,2026-01-11T11:36:00,Sunday,True,False,cloudy,20.66,completed
B132,U129,S1206,P124,2025-11-23T09:12:00,2025-11-23T10:42:00,Sunday,True,False,clear,40.06,completed
B133,U130,S574,P110,2025-10-19T07:00:00,2025-10-19T10:00:00,Sunday,True,False,fog,43.78,completed
B134,U131,S474,P107,2025-10-14T13:30:00,2025-10-14T14:30:00,Tuesday,False,False,clear,39.88,cancelled
B135,U132,S1349,P127,2025-12-06T19:46:00,2025-12-06T20:46:00,Saturday,True,False,rain,73.16,completed
B136,U133,S1180,P124,2025-12-11T13:14:00,2025-12-11T15:14:00,Thursday,False,False,clear,29.11,completed
B137,U134,S1430,P129,2025-12-29T20:19:00,2025-12-29T20:49:00,Monday,False,False,rain,22.04,completed
B138,U120,S486,P107,2026-01-12T07:42:00,2026-01-12T08:12:00,Monday,False,False,clear,38.71,completed
B139,U118,S1114,P123,2025-10-03T00:55:00,2025-10-03T01:55:00,Friday,False,False,clear,47.87,completed
B140,U135,S930,P118,2025-10-19T16:06:00,2025-10-19T17:06:00,Sunday,True,False,rain,28.89,completed
B141,U136,S1451,P130,2025-10-28T19:35:00,2025-10-28T20:05:00,Tuesday,False,False,fog,60.49,completed
B142,U137,S746,P114,2025-12-03T07:37:00,2025-12-03T10:37:00,Wednesday,False,False,clear,29.59,completed
B143,U138,S170,P102,2025-11-04T20:15:00,2025-11-04T21:45:00,Tuesday,False,False,clear,42.03,completed
B144,U139,S836,P116,2026-01-18T10:59:00,2026-01-18T13:59:00,Sunday,True,False,cloudy,30.44,cancelled
B145,U140,S728,P114,2025-12-05T16:47:00,2025-12-05T17:47:00,Friday,False,False,haze,28.32,completed
B146,U141,S744,P114,2025-12-16T06:19:00,2025-12-16T06:49:00,Tuesday,False,False,fog,28.13,completed
B147,U142,S793,P115,2025-11-16T07:01:00,2025-11-16T09:01:00,Sunday,True,False,clear,23.84,completed
B148,U143,S586,P110,2025-11-06T09:44:00,2025-11-06T13:44:00,Thursday,False,False,clear,48.54,completed
B149,U112,S924,P118,2025-10-29T07:07:00,2025-10-29T09:07:00,Wednesday,False,False,clear,22.2,completed
B150,U144,S900,P117,2026-01-04T23:30:00,2026-01-05T00:00:00,Sunday,True,False,cloudy,38.55,completed
B151,U112,S495,P108,2025-12-06T16:59:00,2025-12-06T17:59:00,Saturday,True,False,fog,29.49,completed
B152,U127,S146,P101,2025-10-11T14:52:00,2025-10-11T16:52:00,Saturday,True,False,clear,23.43,completed
B153,U144,S1041,P121,2025-12-26T16:03:00,2025-12-26T17:03:00,Friday,False,False,clear,30.33,completed
B154,U145,S876,P117,2026-01-26T01:50:00,2026-01-26T03:50:00,Monday,False,True,clear,47.98,completed
B155,U115,S1365,P127,2026-01-10T08:52:00,2026-01-10T10:52:00,Saturday,True,False,clear,69.72,completed
B156,U146,S369,P105,2025-12-03T17:23:00,2025-12-03T19:23:00,Wednesday,False,False,fog,21.43,completed
B157,U147,S1218,P124,2025-11-02T22:45:00,2025-11-03T00:15:00,Sunday,True,False,clear,34.46,completed
B158,U148,S471,P107,2026-01-22T19:00:00,2026-01-22T20:30:00,Thursday,False,False,clear,47.75,completed
B159,U149,S756,P115,2026-01-21T20:05:00,2026-01-21T21:35:00,Wednesday,False,False,cloudy,24.82,completed
B160,U150,S1034,P120,2025-11-26T21:08:00,2025-11-26T22:08:00,Wednesday,False,False,cloudy,18.24,completed
B161,U151,S170,P102,2026-01-19T20:51:00,2026-01-19T21:51:00,Monday,False,False,cloudy,41.48,completed
B162,U152,S1308,P126,2026-01-14T20:44:00,2026-01-14T22:14:00,Wednesday,False,True,clear,26.73,completed
B163,U153,S474,P107,2025-10-11T18:44:00,2025-10-11T21:44:00,Saturday,True,False,clear,54.6,completed
B164,U154,S1425,P129,2025-11-23T20:06:00,2025-11-23T23:06:00,Sunday,True,False,rain,25.41,completed
B165,U155,S1060,P121,2025-11-30T08:05:00,2025-11-30T10:05:00,Sunday,True,False,rain,41.2,completed
B166,U156,S347,P105,2025-10-26T11:58:00,2025-10-26T13:58:00,Sunday,True,False,clear,25.43,completed
B167,U157,S1053,P121,2025-12-15T09:23:00,2025-12-15T11:23:00,Monday,False,False,rain,39.11,completed
B168,U158,S1002,P119,2025-11-16T16:24:00,2025-11-16T20:24:00,Sunday,True,False,rain,42.91,completed
B169,U159,S1373,P128,2025-10-09T11:11:00,2025-10-09T12:41:00,Thursday,False,False,cloudy,36.77,completed
B170,U160,S529,P108,2025-11-09T17:09:00,2025-11-09T18:09:00,Sunday,True,False,rain,32.23,completed
B171,U161,S739,P114,2025-12-27T06:14:00,2025-12-27T09:14:00,Saturday,True,False,rain,37.07,completed
B172,U162,S803,P115,2025-11-11T08:16:00,2025-11-11T09:16:00,Tuesday,False,False,clear,24.43,completed
B173,U111,S1461,P130,2025-10-07T08:28:00,2025-10-07T08:58:00,Tuesday,False,False,cloudy,58.32,completed
B174,U163,S463,P107,2025-10-11T17:57:00,2025-10-11T19:27:00,Saturday,True,False,fog,44.39,completed
B175,U164,S1062,P121,2025-10-29T09:15:00,2025-10-29T12:15:00,Wednesday,False,False,clear,37.16,completed
B176,U152,S1172,P124,2026-01-01T22:54:00,2026-01-02T04:54:00,Thursday,False,False,clear,31.28,completed
B177,U165,S1474,P131,2025-12-10T07:04:00,2025-12-10T08:04:00,Wednesday,False,False,fog,25.98,completed
B178,U166,S391,P106,2025-11-21T19:05:00,2025-11-21T21:05:00,Friday,False,False,rain,52.79,completed
B179,U167,S490,P107,2025-12-02T08:09:00,2025-12-02T09:09:00,Tuesday,False,False,rain,54.05,completed
B180,U117,S1169,P124,2025-11-14T18:35:00,2025-11-14T19:35:00,Friday,False,False,clear,35.44,completed
B181,U168,S316,P104,2026-01-09T18:24:00,2026-01-09T21:24:00,Friday,False,False,haze,54.43,completed
B182,U169,S520,P108,2025-12-12T07:56:00,2025-12-12T11:56:00,Friday,False,False,rain,26.04,completed
B183,U160,S1422,P128,2025-11-16T19:15:00,2025-11-16T20:15:00,Sunday,True,False,fog,51.1,completed
B184,U170,S310,P104,2025-10-08T08:26:00,2025-10-08T10:26:00,Wednesday,False,False,rain,62.88,completed
B185,U171,S1031,P120,2025-12-08T10:52:00,2025-12-08T12:22:00,Monday,False,False,fog,18.33,completed
B186,U103,S730,P114,2025-11-09T07:14:00,2025-11-09T11:14:00,Sunday,True,False,clear,34.13,completed
B187,U172,S1476,P131,2025-10-01T14:46:00,2025-10-01T16:16:00,Wednesday,False,False,fog,25.92,completed
B188,U120,S1146,P123,2025-11-17T12:32:00,2025-11-17T13:32:00,Monday,False,False,cloudy,48.34,completed
B189,U173,S511,P108,2025-10-22T13:57:00,2025-10-22T19:57:00,Wednesday,False,False,clear,23.83,completed
B190,U174,S805,P115,2025-11-14T08:33:00,2025-11-14T09:33:00,Friday,False,False,clear,23.23,completed
B191,U103,S205,P102,2025-11-15T20:07:00,2025-11-15T21:07:00,Saturday,True,False,clear,47.31,completed
B192,U175,S909,P118,2025-10-09T11:27:00,2025-10-09T12:57:00,Thursday,False,False,clear,22.23,completed
B193,U162,S945,P118,2026-01-09T19:59:00,2026-01-09T21:59:00,Friday,False,False,clear,27.45,completed
B194,U175,S1111,P123,2026-01-09T20:09:00,2026-01-09T21:09:00,Friday,False,False,clear,57.55,completed
B195,U103,S584,P110,2026-01-20T19:20:00,2026-01-20T21:20:00,Tuesday,False,False,clear,49.29,completed
B196,U116,S1262,P126,2025-12-16T08:47:00,2025-12-16T12:47:00,Tuesday,False,False,haze,19.89,completed
B197,U176,S172,P102,2025-11-04T00:38:00,2025-11-04T06:38:00,Tuesday,False,False,fog,33.91,cancelled
B198,U177,S738,P114,2026-01-14T13:03:00,2026-01-14T14:03:00,Wednesday,False,True,rain,41.37,completed
B199,U178,S1459,P130,2026-01-03T11:37:00,2026-01-03T15:37:00,Saturday,True,False,clear,54.98,completed
B200,U160,S1192,P124,2025-11-19T13:43:00,2025-11-19T15:43:00,Wednesday,False,False,clear,30.22,completed
B201,U179,S1065,P121,2025-10-09T21:28:00,2025-10-09T22:28:00,Thursday,False,False,fog,28.88,completed
B202,U180,S442,P106,2025-10-11T19:40:00,2025-10-11T20:10:00,Saturday,True,False,clear,54.32,completed
B203,U181,S558,P110,2025-11-04T18:53:00,2025-11-05T00:53:00,Tuesday,False,False,clear,48.24,completed
B204,U113,S284,P104,2025-12-30T09:39:00,2025-12-30T13:39:00,Tuesday,False,False,haze,55.33,completed
B205,U182,S1444,P129,2025-12-28T11:44:00,2025-12-28T13:44:00,Sunday,True,False,clear,20.0,completed
B206,U111,S1544,P132,2025-12-10T20:30:00,2025-12-10T22:00:00,Wednesday,False,False,clear,28.09,completed
B207,U181,S933,P118,2025-11-18T12:20:00,2025-11-18T13:50:00,Tuesday,False,False,rain,24.3,completed
B208,U166,S516,P108,2026-01-08T17:05:00,2026-01-08T19:05:00,Thursday,False,False,clear,25.06,cancelled
B209,U107,S512,P108,2025-11-06T09:01:00,2025-11-06T10:01:00,Thursday,False,False,rain,32.95,completed
B210,U183,S1555,P132,2026-01-21T08:51:00,2026-01-21T10:51:00,Wednesday,False,False,cloudy,26.66,completed
B211,U106,S1021,P120,2026-01-13T07:16:00,2026-01-13T08:16:00,Tuesday,False,False,clear,19.13,completed
B212,U184,S1330,P126,2026-01-18T08:54:00,2026-01-18T10:24:00,Sunday,True,False,clear,22.97,completed
B213,U185,S127,P101,2026-01-01T16:57:00,2026-01-01T17:57:00,Thursday,False,False,cloudy,21.11,completed
B214,U186,S750,P114,2025-10-08T22:19:00,2025-10-08T23:49:00,Wednesday,False,False,clear,29.1,completed
B215,U187,S884,P117,2025-12-05T11:01:00,2025-12-05T14:01:00,Friday,False,False,rain,39.17,completed
B216,U188,S494,P108,2025-11-13T21:26:00,2025-11-14T00:26:00,Thursday,False,False,haze,24.22,completed
B217,U112,S1378,P128,2026-01-11T13:32:00,2026-01-11T15:32:00,Sunday,True,False,cloudy,43.18,completed
B218,U148,S1234,P125,2026-01-06T20:14:00,2026-01-07T00:14:00,Tuesday,False,False,cloudy,24.69,completed
B219,U118,S1115,P123,2026-01-21T18:58:00,2026-01-21T21:58:00,Wednesday,False,False,clear,61.85,completed
B220,U189,S245,P103,2025-10-13T13:28:00,2025-10-13T14:28:00,Monday,False,False,clear,24.35,completed
B221,U190,S1451,P130,2025-12-16T08:17:00,2025-12-16T10:17:00,Tuesday,False,False,fog,57.9,completed
B222,U191,S1403,P128,2025-11-04T19:13:00,2025-11-04T22:13:00,Tuesday,False,False,fog,44.29,completed
B223,U115,S1350,P127,2025-11-13T10:00:00,2025-11-13T13:00:00,Thursday,False,False,haze,53.11,completed
B224,U187,S1256,P126,2025-10-29T18:08:00,2025-10-29T19:08:00,Wednesday,False,False,clear,19.8,completed
B225,U192,S630,P111,2025-11-24T08:59:00,2025-11-24T09:59:00,Monday,False,False,rain,66.6,completed
B226,U193,S1164,P124,2025-11-18T21:37:00,2025-11-19T03:37:00,Tuesday,False,False,clear,28.63,completed
B227,U193,S458,P107,2026-01-21T18:08:00,2026-01-21T19:08:00,Wednesday,False,False,clear,50.05,completed
B228,U154,S1321,P126,2025-10-27T07:39:00,2025-10-27T10:39:00,Monday,False,False,clear,16.14,completed
B229,U194,S1293,P126,2025-10-19T15:25:00,2025-10-19T16:55:00,Sunday,True,False,clear,19.54,completed
B230,U138,S1081,P122,2026-01-04T23:39:00,2026-01-05T05:39:00,Sunday,True,False,rain,52.07,completed
B231,U195,S595,P111,2025-10-13T18:05:00,2025-10-14T00:05:00,Monday,False,False,clear,60.83,completed
B232,U195,S527,P108,2025-11-05T12:27:00,2025-11-05T12:57:00,Wednesday,False,False,clear,25.08,completed
B233,U196,S697,P113,2025-12-31T18:21:00,2025-12-31T21:21:00,Wednesday,False,False,cloudy,27.06,completed
B234,U171,S563,P110,2026-01-21T09:24:00,2026-01-21T11:24:00,Wednesday,False,False,clear,49.53,completed
B235,U197,S564,P110,2025-10-21T20:29:00,2025-10-21T21:29:00,Tuesday,False,True,cloudy,66.54,completed
B236,U198,S651,P112,2026-01-18T07:05:00,2026-01-18T08:35:00,Sunday,True,False,clear,52.27,cancelled
B237,U199,S350,P105,2025-12-01T00:03:00,2025-12-01T01:33:00,Monday,False,False,clear,21.87,completed
B238,U181,S1547,P132,2025-10-12T17:02:00,2025-10-12T20:02:00,Sunday,True,False,haze,25.65,completed
B239,U139,S1444,P129,2025-10-04T19:08:00,2025-10-04T22:08:00,Saturday,True,False,clear,23.07,completed
B240,U190,S1061,P121,2025-11-24T06:49:00,2025-11-24T08:19:00,Monday,False,False,clear,30.55,completed
B241,U200,S576,P110,2025-12-10T18:15:00,2025-12-10T19:45:00,Wednesday,False,False,clear,49.29,completed
B242,U201,S1480,P131,2025-12-25T11:27:00,2025-12-25T12:27:00,Thursday,False,True,clear,35.12,completed
B243,U147,S1028,P120,2025-12-17T07:45:00,2025-12-17T08:15:00,Wednesday,False,False,rain,20.01,completed
B244,U158,S319,P104,2025-10-20T19:10:00,2025-10-20T20:40:00,Monday,False,True,clear,78.43,completed
B245,U123,S358,P105,2026-01-11T17:08:00,2026-01-11T18:38:00,Sunday,True,False,rain,26.33,completed
B246,U184,S1424,P129,2025-10-23T22:52:00,2025-10-24T01:52:00,Thursday,False,False,clear,16.5,completed
B247,U202,S1189,P124,2025-12-14T17:13:00,2025-12-14T18:13:00,Sunday,True,False,clear,35.22,completed
B248,U157,S425,P106,2025-10-01T15:33:00,2025-10-01T18:33:00,Wednesday,False,False,haze,41.29,completed
B249,U203,S1249,P125,2025-11-25T04:01:00,2025-11-25T06:01:00,Tuesday,False,False,rain,21.85,completed
B250,U173,S246,P103,2025-12-14T12:15:00,2025-12-14T15:15:00,Sunday,True,False,cloudy,28.5,completed
B251,U204,S694,P113,2025-11-11T11:33:00,2025-11-11T12:33:00,Tuesday,False,False,clear,21.9,completed
B252,U205,S1481,P131,2025-10-20T15:18:00,2025-10-20T17:18:00,Monday,False,True,clear,34.61,completed
B253,U171,S331,P104,2025-11-13T08:00:00,2025-11-13T12:00:00,Thursday,False,False,clear,56.9,completed
B254,U158,S1072,P122,2026-01-02T20:10:00,2026-01-02T21:40:00,Friday,False,False,cloudy,49.79,completed
B255,U206,S633,P112,2026-01-09T05:56:00,2026-01-09T06:56:00,Friday,False,False,clear,47.92,completed
B256,U207,S1437,P129,2025-11-25T17:11:00,2025-11-25T18:11:00,Tuesday,False,False,rain,17.97,completed
B257,U208,S614,P111,2025-11-19T12:12:00,2025-11-19T13:12:00,Wednesday,False,False,fog,49.74,completed
B258,U124,S997,P119,2025-12-18T09:51:00,2025-12-18T11:21:00,Thursday,False,False,clear,39.49,completed
B259,U170,S1110,P122,2025-12-03T08:21:00,2025-12-03T10:21:00,Wednesday,False,False,rain,52.47,completed
B260,U209,S316,P104,2026-01-05T20:53:00,2026-01-05T21:23:00,Monday,False,False,clear,53.87,completed
B261,U117,S1073,P122,2025-10-07T16:06:00,2025-10-07T17:06:00,Tuesday,False,False,clear,43.06,completed
B262,U210,S1238,P125,2026-01-24T19:45:00,2026-01-24T21:15:00,Saturday,True,False,clear,28.19,completed
B263,U154,S569,P110,2025-11-23T11:02:00,2025-11-23T12:02:00,Sunday,True,False,rain,52.33,completed
B264,U211,S570,P110,2025-10-11T19:34:00,2025-10-11T20:34:00,Saturday,True,False,rain,60.88,completed
B265,U157,S1270,P126,2025-11-09T13:29:00,2025-11-09T19:29:00,Sunday,True,False,rain,20.6,cancelled
B266,U174,S405,P106,2026-01-05T16:23:00,2026-01-05T17:23:00,Monday,False,False,clear,39.72,completed
B267,U145,S1241,P125,2025-10-27T06:11:00,2025-10-27T09:11:00,Monday,False,False,clear,20.07,completed
B268,U168,S427,P106,2025-12-09T12:21:00,2025-12-09T13:51:00,Tuesday,False,False,clear,40.98,completed
B269,U134,S1399,P128,2025-11-15T21:55:00,2025-11-15T23:25:00,Saturday,True,False,cloudy,43.16,completed
B270,U211,S190,P102,2025-11-02T15:27:00,2025-11-02T16:57:00,Sunday,True,False,clear,40.5,completed
B271,U212,S638,P112,2025-11-12T09:33:00,2025-11-12T10:33:00,Wednesday,False,False,rain,61.01,completed
B272,U213,S1512,P132,2025-12-03T07:05:00,2025-12-03T09:05:00,Wednesday,False,False,clear,22.81,completed
B273,U202,S535,P109,2026-01-12T15:12:00,2026-01-12T18:12:00,Monday,False,False,cloudy,17.19,completed
B274,U158,S979,P119,2025-12-03T20:49:00,2025-12-03T22:49:00,Wednesday,False,False,cloudy,42.03,completed
B275,U162,S260,P103,2026-01-28T21:03:00,2026-01-28T22:33:00,Wednesday,False,False,rain,27.52,completed
B276,U198,S543,P109,2026-01-19T00:34:00,2026-01-19T01:04:00,Monday,False,False,fog,17.94,completed
B277,U214,S602,P111,2026-01-18T02:33:00,2026-01-18T04:33:00,Sunday,True,False,fog,61.47,completed
B278,U125,S619,P111,2025-10-29T13:29:00,2025-10-29T13:59:00,Wednesday,False,False,clear,53.11,completed
B279,U107,S1355,P127,2026-01-21T20:19:00,2026-01-21T21:49:00,Wednesday,False,False,fog,62.05,completed
B280,U215,S856,P116,2025-10-07T07:16:00,2025-10-07T10:16:00,Tuesday,False,False,clear,26.95,completed
B281,U216,S1001,P119,2025-10-26T21:32:00,2025-10-27T03:32:00,Sunday,True,False,rain,44.58,completed
B282,U217,S847,P116,2026-01-11T16:11:00,2026-01-11T19:11:00,Sunday,True,False,clear,30.61,completed
B283,U107,S700,P113,2025-10-15T19:06:00,2025-10-15T20:36:00,Wednesday,False,False,clear,26.39,completed
B284,U218,S1437,P129,2025-12-16T16:58:00,2025-12-16T18:28:00,Tuesday,False,False,rain,18.48,cancelled
B285,U148,S997,P119,2025-10-16T07:25:00,2025-10-16T10:25:00,Thursday,False,False,rain,39.16,completed
B286,U219,S1342,P127,2025-10-09T09:17:00,2025-10-09T12:17:00,Thursday,False,False,haze,58.71,completed
B287,U180,S539,P109,2026-01-21T13:31:00,2026-01-21T15:31:00,Wednesday,False,False,rain,18.73,completed
B288,U208,S1486,P131,2025-12-15T11:40:00,2025-12-15T13:40:00,Monday,False,False,clear,24.65,completed
B289,U220,S488,P107,2025-12-09T14:27:00,2025-12-09T15:27:00,Tuesday,False,False,clear,38.71,completed
B290,U221,S512,P108,2025-12-08T10:11:00,2025-12-08T10:41:00,Monday,False,False,haze,25.76,completed
B291,U161,S608,P111,2025-10-24T19:24:00,2025-10-25T01:24:00,Friday,False,False,clear,59.36,completed
B292,U165,S575,P110,2025-12-09T20:39:00,2025-12-09T22:39:00,Tuesday,False,False,clear,47.74,completed
B293,U196,S808,P115,2025-10-17T03:25:00,2025-10-17T04:55:00,Friday,False,False,clear,21.31,completed
B294,U180,S193,P102,2025-11-27T04:57:00,2025-11-27T06:57:00,Thursday,False,False,fog,33.98,completed
B295,U208,S1318,P126,2025-12-02T04:54:00,2025-12-02T08:54:00,Tuesday,False,False,rain,18.97,completed
B296,U154,S852,P116,2026-01-18T05:07:00,2026-01-18T08:07:00,Sunday,True,False,rain,32.54,completed
B297,U222,S1181,P124,2025-12-26T20:32:00,2025-12-26T22:32:00,Friday,False,False,clear,35.54,completed
B298,U153,S1044,P121,2026-01-04T05:26:00,2026-01-04T11:26:00,Sunday,True,False,cloudy,33.67,completed
B299,U186,S1076,P122,2026-01-03T09:11:00,2026-01-03T15:11:00,Saturday,True,False,clear,53.87,completed
B300,U217,S236,P103,2025-12-20T18:52:00,2025-12-20T21:52:00,Saturday,True,False,clear,33.94,completed
B301,U146,S546,P109,2025-12-14T21:50:00,2025-12-14T22:50:00,Sunday,True,False,clear,20.86,completed
B302,U189,S111,P101,2025-11-06T14:32:00,2025-11-06T18:32:00,Thursday,False,False,clear,21.83,completed
B303,U205,S881,P117,2025-11-22T13:42:00,2025-11-22T15:12:00,Saturday,True,False,cloudy,40.04,completed
B304,U142,S1374,P128,2025-11-03T11:21:00,2025-11-03T11:51:00,Monday,False,False,clear,36.57,completed
B305,U185,S988,P119,2025-12-08T12:46:00,2025-12-08T16:46:00,Monday,False,False,clear,34.83,completed
B306,U223,S497,P108,2025-10-11T07:02:00,2025-10-11T08:02:00,Saturday,True,False,clear,29.71,completed
B307,U209,S1361,P127,2026-01-07T14:13:00,2026-01-07T18:13:00,Wednesday,False,False,fog,53.82,completed
B308,U157,S525,P108,2025-10-05T04:14:00,2025-10-05T05:14:00,Sunday,True,False,cloudy,27.12,completed
B309,U224,S207,P102,2025-10-18T15:11:00,2025-10-18T19:11:00,Saturday,True,False,rain,43.5,completed
B310,U116,S873,P116,2025-12-19T08:37:00,2025-12-19T11:37:00,Friday,False,False,clear,32.73,completed
B311,U143,S1000,P119,2025-12-18T21:51:00,2025-12-18T22:51:00,Thursday,False,False,clear,33.03,completed
B312,U173,S1126,P123,2025-11-26T12:13:00,2025-11-26T16:13:00,Wednesday,False,False,cloudy,49.61,completed
B313,U183,S1343,P127,2025-11-09T14:46:00,2025-11-09T15:46:00,Sunday,True,False,clear,58.02,completed
B314,U134,S419,P106,2025-10-23T17:39:00,2025-10-23T19:09:00,Thursday,False,False,clear,39.34,completed
B315,U225,S372,P105,2026-01-01T07:43:00,2026-01-01T11:43:00,Thursday,False,False,cloudy,20.63,completed
B316,U217,S191,P102,2026-01-07T13:06:00,2026-01-07T14:36:00,Wednesday,False,False,haze,34.7,completed
B317,U226,S258,P103,2026-01-21T23:26:00,2026-01-22T00:56:00,Wednesday,False,False,cloudy,23.95,completed
B318,U176,S1185,P124,2026-01-19T05:25:00,2026-01-19T07:25:00,Monday,False,False,clear,29.11,completed
B319,U200,S189,P102,2025-12-26T05:38:00,2025-12-26T11:38:00,Friday,False,False,fog,34.56,completed
B320,U227,S1126,P123,2025-11-29T13:53:00,2025-11-29T14:23:00,Saturday,True,False,cloudy,59.61,completed
B321,U203,S492,P107,2025-12-26T18:38:00,2025-12-26T20:08:00,Friday,False,False,haze,48.86,cancelled
B322,U125,S1075,P122,2025-10-24T16:51:00,2025-10-24T17:51:00,Friday,False,False,rain,46.49,completed
B323,U162,S1145,P123,2026-01-02T21:40:00,2026-01-02T23:10:00,Friday,False,False,clear,49.84,completed
B324,U228,S646,P112,2025-12-15T14:48:00,2025-12-15T16:48:00,Monday,False,False,clear,47.32,completed
B325,U175,S1483,P131,2025-12-03T18:12:00,2025-12-03T19:12:00,Wednesday,False,False,clear,30.07,completed
B326,U229,S533,P109,2025-11-14T18:37:00,2025-11-14T22:37:00,Friday,False,False,clear,20.66,completed
B327,U102,S1450,P130,2025-12-07T21:06:00,2025-12-07T22:06:00,Sunday,True,False,cloudy,54.3,completed
B328,U219,S658,P113,2025-11-17T14:17:00,2025-11-17T18:17:00,Monday,False,False,rain,24.66,completed
B329,U211,S238,P103,2025-10-21T07:42:00,2025-10-21T09:12:00,Tuesday,False,True,rain,35.92,completed
B330,U230,S1323,P126,2026-01-05T09:08:00,2026-01-05T10:08:00,Monday,False,False,clear,19.27,completed
B331,U231,S876,P117,2025-12-24T18:33:00,2025-12-24T19:03:00,Wednesday,False,False,rain,45.7,completed
B332,U232,S689,P113,2025-10-29T18:46:00,2025-10-29T21:46:00,Wednesday,False,False,clear,26.08,completed
B333,U113,S316,P104,2025-11-22T08:49:00,2025-11-22T10:19:00,Saturday,True,False,clear,61.04,completed
B334,U193,S517,P108,2025-10-28T11:28:00,2025-10-28T12:28:00,Tuesday,False,False,cloudy,25.28,completed
B335,U233,S1310,P126,2025-10-21T09:18:00,2025-10-21T10:18:00,Tuesday,False,True,cloudy,26.52,completed
B336,U188,S1078,P122,2025-12-24T11:18:00,2025-12-24T12:18:00,Wednesday,False,False,clear,42.68,completed
B337,U220,S1535,P132,2025-10-08T13:55:00,2025-10-08T15:55:00,Wednesday,False,False,rain,26.31,completed
B338,U149,S916,P118,2025-12-14T16:59:00,2025-12-14T20:59:00,Sunday,True,False,fog,27.47,completed
B339,U166,S1372,P128,2025-11-30T13:47:00,2025-11-30T14:17:00,Sunday,True,False,haze,41.78,completed
B340,U102,S649,P112,2025-12-09T13:28:00,2025-12-09T14:58:00,Tuesday,False,False,rain,52.62,completed
B341,U154,S1044,P121,2025-12-31T19:33:00,2025-12-31T20:33:00,Wednesday,False,False,clear,34.82,completed
B342,U102,S1062,P121,2025-10-24T19:47:00,2025-10-25T01:47:00,Friday,False,False,haze,37.14,completed
B343,U204,S1034,P120,2025-10-15T09:53:00,2025-10-15T11:23:00,Wednesday,False,False,clear,22.04,completed
B344,U234,S1377,P128,2026-01-07T21:36:00,2026-01-07T22:36:00,Wednesday,False,False,fog,38.4,completed
B345,U146,S1434,P129,2025-12-13T07:17:00,2025-12-13T08:17:00,Saturday,True,False,rain,20.33,completed
B346,U169,S264,P103,2025-12-15T11:56:00,2025-12-15T14:56:00,Monday,False,False,cloudy,24.44,completed
B347,U137,S1384,P128,2025-12-20T07:11:00,2025-12-20T10:11:00,Saturday,True,False,fog,42.87,completed
B348,U168,S283,P104,2026-01-19T07:54:00,2026-01-19T09:54:00,Monday,False,False,clear,48.2,completed
B349,U224,S1300,P126,2025-11-20T09:14:00,2025-11-20T15:14:00,Thursday,False,False,cloudy,19.54,cancelled
B350,U116,S592,P111,2025-10-01T12:25:00,2025-10-01T13:25:00,Wednesday,False,False,clear,53.05,completed
B351,U145,S1424,P129,2025-12-12T11:46:00,2025-12-12T14:46:00,Friday,False,False,rain,18.18,completed
B352,U235,S354,P105,2025-12-21T15:00:00,2025-12-21T21:00:00,Sunday,True,False,clear,23.35,completed
B353,U233,S1199,P124,2025-10-26T14:12:00,2025-10-26T17:12:00,Sunday,True,False,rain,35.86,completed
B354,U198,S256,P103,2025-10-17T18:23:00,2025-10-17T19:53:00,Friday,False,False,haze,27.9,completed
B355,U208,S1434,P129,2025-10-21T12:11:00,2025-10-21T13:41:00,Tuesday,False,True,rain,26.45,completed
B356,U202,S1447,P129,2025-12-03T17:38:00,2025-12-03T23:38:00,Wednesday,False,False,clear,16.87,completed
B357,U110,S547,P109,2025-12-18T20:24:00,2025-12-18T21:24:00,Thursday,False,False,rain,23.43,completed
B358,U236,S1294,P126,2025-10-11T06:45:00,2025-10-11T08:15:00,Saturday,True,False,clear,18.61,completed
B359,U115,S937,P118,2025-10-21T13:11:00,2025-10-21T14:11:00,Tuesday,False,True,cloudy,33.08,completed
B360,U237,S214,P102,2025-10-26T19:54:00,2025-10-26T20:54:00,Sunday,True,False,clear,45.75,completed
B361,U226,S1554,P132,2025-10-15T07:15:00,2025-10-15T11:15:00,Wednesday,False,False,clear,22.84,completed
B362,U142,S510,P108,2026-01-20T19:13:00,2026-01-20T20:43:00,Tuesday,False,False,clear,28.22,cancelled
B363,U146,S897,P117,2025-10-11T17:09:00,2025-10-11T20:09:00,Saturday,True,False,rain,42.75,completed
B364,U105,S745,P114,2025-11-17T19:55:00,2025-11-17T22:55:00,Monday,False,False,clear,33.35,completed
B365,U135,S1513,P132,2025-12-02T19:03:00,2025-12-02T20:03:00,Tuesday,False,False,clear,28.01,completed
B366,U161,S533,P109,2025-12-04T07:45:00,2025-12-04T10:45:00,Thursday,False,False,cloudy,18.39,completed
B367,U238,S646,P112,2025-10-13T12:43:00,2025-10-13T15:43:00,Monday,False,False,clear,47.64,completed
B368,U239,S1062,P121,2026-01-27T19:44:00,2026-01-27T21:44:00,Tuesday,False,False,clear,35.05,completed
B369,U240,S374,P105,2025-11-20T08:07:00,2025-11-20T09:37:00,Thursday,False,False,rain,27.69,completed
B370,U178,S992,P119,2025-11-30T11:34:00,2025-11-30T14:34:00,Sunday,True,False,cloudy,41.24,completed
B371,U195,S643,P112,2026-01-04T18:14:00,2026-01-04T20:14:00,Sunday,True,False,clear,64.29,completed
B372,U219,S766,P115,2026-01-04T19:11:00,2026-01-05T01:11:00,Sunday,True,False,clear,28.03,completed
B373,U126,S538,P109,2026-01-06T22:55:00,2026-01-07T00:25:00,Tuesday,False,False,clear,17.86,completed
B374,U241,S190,P102,2025-12-19T22:28:00,2025-12-19T22:58:00,Friday,False,False,haze,34.37,completed
B375,U241,S1212,P124,2025-12-13T09:52:00,2025-12-13T12:52:00,Saturday,True,False,clear,39.92,completed
B376,U209,S533,P109,2025-12-13T20:58:00,2025-12-13T21:58:00,Saturday,True,False,clear,24.43,completed
B377,U229,S1032,P120,2025-10-25T16:20:00,2025-10-25T18:20:00,Saturday,True,False,clear,22.33,completed
B378,U242,S1481,P131,2026-01-22T08:01:00,2026-01-22T10:01:00,Thursday,False,False,clear,31.2,completed
B379,U145,S1336,P127,2025-12-12T05:29:00,2025-12-12T06:29:00,Friday,False,False,clear,53.25,completed
B380,U243,S1061,P121,2025-12-30T11:01:00,2025-12-30T15:01:00,Tuesday,False,False,fog,28.5,completed
B381,U244,S1437,P129,2025-11-13T08:44:00,2025-11-13T11:44:00,Thursday,False,False,clear,20.93,completed
B382,U235,S1119,P123,2025-12-28T08:53:00,2025-12-28T10:23:00,Sunday,True,False,rain,74.85,completed
B383,U166,S636,P112,2026-01-04T08:14:00,2026-01-04T08:44:00,Sunday,True,False,clear,67.08,completed
B384,U220,S289,P104,2025-11-23T17:42:00,2025-11-23T19:42:00,Sunday,True,False,clear,53.91,completed
B385,U245,S567,P110,2025-10-13T12:28:00,2025-10-13T14:28:00,Monday,False,False,clear,38.87,completed
B386,U246,S611,P111,2025-10-03T19:53:00,2025-10-03T20:53:00,Friday,False,False,cloudy,62.44,completed
B387,U220,S795,P115,2025-10-16T22:08:00,2025-10-17T02:08:00,Thursday,False,False,clear,21.17,completed
B388,U210,S978,P119,2026-01-08T07:19:00,2026-01-08T08:19:00,Thursday,False,False,clear,33.03,completed
B389,U156,S723,P113,2025-10-23T06:07:00,2025-10-23T12:07:00,Thursday,False,False,clear,20.92,completed
B390,U131,S540,P109,2025-10-04T19:07:00,2025-10-04T21:07:00,Saturday,True,False,cloudy,24.44,completed
B391,U150,S418,P106,2025-10-05T20:37:00,2025-10-05T22:37:00,Sunday,True,False,clear,54.71,completed
B392,U203,S628,P111,2026-01-21T12:42:00,2026-01-21T13:42:00,Wednesday,False,False,fog,51.46,completed
B393,U103,S558,P110,2025-10-09T19:10:00,2025-10-09T20:10:00,Thursday,False,False,clear,46.42,cancelled
B394,U247,S1103,P122,2025-12-30T19:14:00,2025-12-30T20:14:00,Tuesday,False,False,clear,50.84,completed
B395,U125,S172,P102,2025-12-17T06:51:00,2025-12-17T09:51:00,Wednesday,False,False,clear,34.0,completed
B396,U248,S895,P117,2025-12-30T17:12:00,2025-12-30T21:12:00,Tuesday,False,False,cloudy,34.5,completed
B397,U188,S1333,P127,2026-01-27T09:34:00,2026-01-27T11:34:00,Tuesday,False,False,clear,62.4,completed
B398,U185,S1014,P119,2025-11-23T16:36:00,2025-11-23T17:36:00,Sunday,True,False,cloudy,40.37,cancelled
B399,U152,S1476,P131,2025-12-14T17:40:00,2025-12-14T18:10:00,Sunday,True,False,haze,29.56,completed
B400,U128,S1292,P126,2025-10-07T06:24:00,2025-10-07T07:24:00,Tuesday,False,False,fog,16.58,completed
B401,U249,S383,P105,2026-01-08T08:44:00,2026-01-08T11:44:00,Thursday,False,False,fog,25.67,cancelled
B402,U111,S619,P111,2025-10-05T13:45:00,2025-10-05T15:15:00,Sunday,True,False,clear,60.09,completed
B403,U250,S1480,P131,2025-12-26T13:55:00,2025-12-26T15:25:00,Friday,False,False,rain,28.71,completed
B404,U116,S1105,P122,2026-01-28T06:44:00,2026-01-28T08:14:00,Wednesday,False,False,clear,41.51,completed
B405,U251,S1063,P121,2025-12-01T13:55:00,2025-12-01T15:25:00,Monday,False,False,clear,31.22,completed
B406,U112,S1136,P123,2025-12-01T08:27:00,2025-12-01T09:27:00,Monday,False,False,clear,57.82,completed
B407,U174,S1218,P124,2025-12-10T12:00:00,2025-12-10T15:00:00,Wednesday,False,False,haze,30.62,completed
B408,U223,S463,P107,2025-12-25T15:01:00,2025-12-25T16:01:00,Thursday,False,True,clear,58.7,completed
B409,U252,S1452,P130,2026-01-25T16:10:00,2026-01-25T17:10:00,Sunday,True,False,clear,56.79,completed
B410,U116,S1430,P129,2025-11-06T18:24:00,2025-11-06T19:24:00,Thursday,False,False,haze,21.25,completed
B411,U253,S446,P107,2026-01-22T18:30:00,2026-01-22T21:30:00,Thursday,False,False,clear,50.6,completed
B412,U206,S1246,P125,2026-01-05T09:13:00,2026-01-05T10:13:00,Monday,False,False,rain,25.24,completed
B413,U254,S611,P111,2025-12-16T23:34:00,2025-12-17T05:34:00,Tuesday,False,False,cloudy,51.77,completed
B414,U140,S1047,P121,2025-11-10T19:38:00,2025-11-10T23:38:00,Monday,False,False,clear,34.75,completed
B415,U224,S622,P111,2025-11-15T19:31:00,2025-11-15T20:31:00,Saturday,True,False,clear,69.28,completed
B416,U255,S1464,P130,2025-10-29T22:59:00,2025-10-30T02:59:00,Wednesday,False,False,rain,55.16,completed
B417,U165,S1490,P132,2026-01-24T09:16:00,2026-01-24T10:46:00,Saturday,True,False,clear,31.33,completed
B418,U192,S1318,P126,2025-10-21T17:30:00,2025-10-21T19:00:00,Tuesday,False,True,clear,23.93,completed
B419,U256,S841,P116,2026-01-05T10:20:00,2026-01-05T11:20:00,Monday,False,False,clear,26.12,completed
B420,U257,S1114,P123,2025-12-03T12:51:00,2025-12-03T13:51:00,Wednesday,False,False,cloudy,51.52,completed
B421,U157,S1004,P119,2026-01-27T02:33:00,2026-01-27T03:33:00,Tuesday,False,False,clear,33.33,completed
B422,U119,S1477,P131,2025-10-31T09:39:00,2025-10-31T10:09:00,Friday,False,False,clear,29.63,completed
B423,U166,S114,P101,2026-01-19T02:34:00,2026-01-19T05:34:00,Monday,False,False,clear,20.13,completed
B424,U149,S539,P109,2025-12-02T12:36:00,2025-12-02T14:06:00,Tuesday,False,False,clear,16.87,completed
B425,U110,S1204,P124,2025-11-24T20:48:00,2025-11-24T21:18:00,Monday,False,False,rain,37.65,completed
B426,U180,S243,P103,2025-12-11T15:54:00,2025-12-11T16:54:00,Thursday,False,False,cloudy,23.29,completed
B427,U241,S699,P113,2026-01-05T18:39:00,2026-01-05T20:39:00,Monday,False,False,fog,27.41,completed
B428,U233,S977,P119,2026-01-13T09:29:00,2026-01-13T10:59:00,Tuesday,False,False,clear,40.75,completed
B429,U258,S1447,P129,2025-12-28T04:13:00,2025-12-28T05:43:00,Sunday,True,False,clear,19.99,completed
B430,U145,S921,P118,2025-11-13T12:01:00,2025-11-13T14:01:00,Thursday,False,False,clear,23.2,completed
B431,U208,S468,P107,2025-12-15T19:46:00,2025-12-15T21:46:00,Monday,False,False,cloudy,46.28,completed
B432,U110,S1102,P122,2026-01-12T16:28:00,2026-01-12T17:28:00,Monday,False,False,cloudy,39.69,completed
B433,U204,S560,P110,2026-01-12T12:13:00,2026-01-12T13:43:00,Monday,False,False,rain,42.65,completed
B434,U247,S1318,P126,2025-10-17T20:49:00,2025-10-17T21:49:00,Friday,False,False,rain,22.62,completed
B435,U186,S220,P103,2025-12-03T20:01:00,2025-12-04T02:01:00,Wednesday,False,False,rain,29.68,completed
B436,U220,S1097,P122,2026-01-13T21:45:00,2026-01-14T01:45:00,Tuesday,False,False,rain,47.9,completed
B437,U259,S1453,P130,2025-10-23T06:33:00,2025-10-23T09:33:00,Thursday,False,False,rain,54.17,completed
B438,U215,S541,P109,2026-01-21T12:36:00,2026-01-21T14:36:00,Wednesday,False,False,clear,17.01,completed
B439,U260,S1046,P121,2025-12-19T06:44:00,2025-12-19T08:44:00,Friday,False,False,clear,30.88,completed
B440,U162,S1038,P120,2025-12-02T14:28:00,2025-12-02T15:28:00,Tuesday,False,False,clear,19.68,completed
B441,U230,S1526,P132,2025-10-16T11:43:00,2025-10-16T12:43:00,Thursday,False,False,clear,22.42,completed
B442,U261,S190,P102,2025-12-27T21:27:00,2025-12-27T23:27:00,Saturday,True,False,clear,38.74,completed
B443,U256,S520,P108,2026-01-22T11:51:00,2026-01-22T14:51:00,Thursday,False,False,clear,24.02,completed
B444,U122,S1040,P120,2025-12-10T20:37:00,2025-12-10T21:37:00,Wednesday,False,False,clear,23.0,completed
B445,U130,S1477,P131,2025-12-17T07:59:00,2025-12-17T08:29:00,Wednesday,False,False,clear,26.29,completed
B446,U256,S757,P115,2026-01-11T06:20:00,2026-01-11T07:50:00,Sunday,True,False,rain,26.03,completed
B447,U207,S1475,P131,2025-10-17T10:17:00,2025-10-17T13:17:00,Friday,False,False,clear,25.89,completed
B448,U244,S1229,P125,2025-11-08T12:50:00,2025-11-08T18:50:00,Saturday,True,False,cloudy,23.22,completed
B449,U173,S830,P116,2025-10-23T20:06:00,2025-10-23T21:36:00,Thursday,False,False,clear,31.19,completed
B450,U189,S506,P108,2025-11-02T17:09:00,2025-11-02T17:39:00,Sunday,True,False,clear,27.75,completed
B451,U177,S1433,P129,2025-11-24T12:08:00,2025-11-24T13:38:00,Monday,False,False,clear,17.06,completed
B452,U234,S574,P110,2025-11-02T03:16:00,2025-11-02T05:16:00,Sunday,True,False,clear,45.5,completed
B453,U148,S739,P114,2025-11-09T06:39:00,2025-11-09T07:09:00,Sunday,True,False,clear,32.03,completed
B454,U262,S1486,P131,2025-11-10T11:27:00,2025-11-10T14:27:00,Monday,False,False,clear,25.52,completed
B455,U220,S291,P104,2026-01-10T16:31:00,2026-01-10T17:01:00,Saturday,True,False,clear,53.82,completed
B456,U187,S743,P114,2025-12-30T12:20:00,2025-12-30T13:20:00,Tuesday,False,False,rain,32.32,completed
B457,U263,S1481,P131,2026-01-09T02:56:00,2026-01-09T04:56:00,Friday,False,False,clear,26.52,completed
B458,U192,S1046,P121,2026-01-17T18:17:00,2026-01-17T20:17:00,Saturday,True,False,clear,42.01,completed
B459,U169,S1101,P122,2026-01-26T04:58:00,2026-01-26T06:28:00,Monday,False,True,fog,58.5,completed
B460,U114,S894,P117,2025-12-04T10:08:00,2025-12-04T16:08:00,Thursday,False,False,clear,33.52,completed
B461,U264,S684,P113,2025-10-10T19:27:00,2025-10-10T20:27:00,Friday,False,False,rain,28.35,completed
B462,U265,S1027,P120,2025-10-19T13:58:00,2025-10-19T14:58:00,Sunday,True,False,rain,22.45,completed
B463,U248,S1018,P119,2025-12-27T08:56:00,2025-12-27T10:26:00,Saturday,True,False,cloudy,44.59,completed
B464,U151,S1528,P132,2025-12-05T20:25:00,2025-12-05T21:55:00,Friday,False,False,clear,28.99,cancelled
B465,U160,S1146,P123,2026-01-25T13:15:00,2026-01-25T16:15:00,Sunday,True,False,clear,57.45,completed
B466,U135,S942,P118,2025-10-16T19:16:00,2025-10-16T20:46:00,Thursday,False,False,clear,27.62,completed
B467,U239,S1245,P125,2026-01-18T08:58:00,2026-01-18T09:58:00,Sunday,True,False,clear,25.59,completed
B468,U247,S566,P110,2025-11-18T08:23:00,2025-11-18T10:23:00,Tuesday,False,False,clear,46.55,completed
B469,U154,S1018,P119,2025-11-30T08:40:00,2025-11-30T10:10:00,Sunday,True,False,clear,45.79,completed
B470,U130,S1139,P123,2025-11-06T13:43:00,2025-11-06T15:13:00,Thursday,False,False,clear,51.99,completed
B471,U151,S898,P117,2025-10-07T08:34:00,2025-10-07T12:34:00,Tuesday,False,False,clear,41.6,completed
B472,U119,S732,P114,2025-12-28T13:02:00,2025-12-28T14:02:00,Sunday,True,False,clear,32.0,completed
B473,U186,S940,P118,2025-12-21T07:44:00,2025-12-21T10:44:00,Sunday,True,False,clear,27.55,completed
B474,U167,S482,P107,2025-10-28T18:36:00,2025-10-28T20:36:00,Tuesday,False,False,cloudy,50.57,completed
B475,U257,S843,P116,2025-11-28T07:20:00,2025-11-28T08:50:00,Friday,False,False,cloudy,27.05,cancelled
B476,U180,S780,P115,2026-01-02T16:10:00,2026-01-02T16:40:00,Friday,False,False,clear,21.18,completed
B477,U261,S469,P107,2025-12-12T03:15:00,2025-12-12T04:15:00,Friday,False,False,haze,39.12,completed
B478,U244,S1474,P131,2025-11-10T03:16:00,2025-11-10T04:16:00,Monday,False,False,clear,25.05,completed
B479,U258,S531,P109,2026-01-18T11:22:00,2026-01-18T12:22:00,Sunday,True,False,rain,21.65,completed
B480,U130,S617,P111,2025-11-09T02:05:00,2025-11-09T03:05:00,Sunday,True,False,clear,60.9,completed
B481,U236,S1480,P131,2025-12-11T20:59:00,2025-12-11T22:29:00,Thursday,False,False,clear,31.11,cancelled
B482,U266,S689,P113,2026-01-20T18:18:00,2026-01-20T21:18:00,Tuesday,False,False,clear,27.12,completed
B483,U249,S1014,P119,2025-11-27T12:53:00,2025-11-27T15:53:00,Thursday,False,False,cloudy,35.5,completed
B484,U173,S427,P106,2025-12-31T20:18:00,2025-12-31T20:48:00,Wednesday,False,False,rain,55.17,completed
B485,U167,S819,P115,2025-11-23T06:46:00,2025-11-23T08:46:00,Sunday,True,False,clear,22.27,completed
B486,U111,S229,P103,2025-12-20T19:46:00,2025-12-20T21:46:00,Saturday,True,False,clear,33.56,completed
B487,U118,S633,P112,2025-11-11T09:05:00,2025-11-11T10:35:00,Tuesday,False,False,clear,54.4,completed
B488,U176,S1511,P132,2025-12-19T08:26:00,2025-12-19T09:56:00,Friday,False,False,fog,27.48,completed
B489,U104,S975,P119,2025-10-06T09:52:00,2025-10-06T13:52:00,Monday,False,False,clear,41.02,completed
B490,U204,S1038,P120,2025-12-30T13:19:00,2025-12-30T14:49:00,Tuesday,False,False,cloudy,18.34,completed
B491,U267,S464,P107,2025-11-14T07:30:00,2025-11-14T09:00:00,Friday,False,False,clear,40.42,completed
B492,U225,S1469,P130,2025-12-06T19:24:00,2025-12-06T20:24:00,Saturday,True,False,rain,73.92,completed
B493,U158,S1505,P132,2025-10-01T21:47:00,2025-10-02T00:47:00,Wednesday,False,False,cloudy,22.24,completed
B494,U268,S1457,P130,2026-01-20T07:31:00,2026-01-20T10:31:00,Tuesday,False,False,fog,49.1,completed
B495,U269,S515,P108,2025-11-07T20:15:00,2025-11-07T21:15:00,Friday,False,False,clear,29.78,cancelled
B496,U164,S1469,P130,2025-11-15T05:43:00,2025-11-15T07:43:00,Saturday,True,False,clear,57.76,completed
B497,U262,S632,P112,2025-10-02T14:04:00,2025-10-02T15:04:00,Thursday,False,False,clear,48.28,completed
B498,U179,S1085,P122,2025-11-15T21:07:00,2025-11-16T01:07:00,Saturday,True,False,fog,46.33,completed
B499,U215,S675,P113,2025-11-01T16:19:00,2025-11-01T18:19:00,Saturday,True,True,clear,33.67,completed
B500,U224,S1308,P126,2025-11-26T06:09:00,2025-11-26T12:09:00,Wednesday,False,False,fog,16.61,completed
B501,U270,S1043,P121,2025-11-07T13:52:00,2025-11-07T17:52:00,Friday,False,False,rain,31.47,completed
B502,U186,S454,P107,2026-01-16T20:06:00,2026-01-17T00:06:00,Friday,False,False,clear,47.3,completed
B503,U206,S1478,P131,2025-11-09T12:21:00,2025-11-09T13:51:00,Sunday,True,False,clear,28.79,completed
B504,U233,S134,P101,2025-12-06T08:53:00,2025-12-06T10:53:00,Saturday,True,False,clear,26.93,completed
B505,U231,S856,P116,2025-12-10T17:02:00,2025-12-10T18:02:00,Wednesday,False,False,cloudy,27.38,completed
B506,U185,S948,P118,2025-11-23T21:05:00,2025-11-23T23:05:00,Sunday,True,False,fog,27.39,completed
B507,U130,S134,P101,2025-11-28T09:08:00,2025-11-28T10:38:00,Friday,False,False,haze,25.11,completed
B508,U249,S1183,P124,2025-11-26T05:17:00,2025-11-26T06:47:00,Wednesday,False,False,clear,29.19,completed
B509,U255,S523,P108,2025-12-19T08:23:00,2025-12-19T09:23:00,Friday,False,False,fog,29.97,completed
B510,U152,S616,P111,2025-11-09T10:23:00,2025-11-09T11:53:00,Sunday,True,False,fog,60.99,cancelled
B511,U137,S1023,P120,2025-10-03T16:22:00,2025-10-03T22:22:00,Friday,False,False,clear,18.84,completed
B512,U131,S996,P119,2025-10-15T19:54:00,2025-10-15T20:24:00,Wednesday,False,False,clear,41.03,completed
B513,U271,S779,P115,2026-01-27T22:41:00,2026-01-28T00:11:00,Tuesday,False,False,cloudy,19.48,completed
B514,U128,S1475,P131,2025-11-23T07:33:00,2025-11-23T10:33:00,Sunday,True,False,clear,29.74,completed
B515,U159,S1206,P124,2025-10-10T19:43:00,2025-10-10T21:43:00,Friday,False,False,fog,36.31,completed
B516,U119,S1485,P131,2025-11-23T19:45:00,2025-11-23T22:45:00,Sunday,True,False,cloudy,33.27,completed
B517,U206,S750,P114,2025-10-12T08:33:00,2025-10-12T11:33:00,Sunday,True,False,clear,39.14,completed
B518,U146,S419,P106,2025-11-28T08:25:00,2025-11-28T09:25:00,Friday,False,False,clear,49.52,completed
B519,U139,S1162,P124,2025-11-07T06:12:00,2025-11-07T10:12:00,Friday,False,False,fog,30.71,completed
B520,U258,S497,P108,2025-10-10T09:11:00,2025-10-10T15:11:00,Friday,False,False,fog,30.21,completed
B521,U205,S721,P113,2025-12-10T09:36:00,2025-12-10T10:36:00,Wednesday,False,False,cloudy,25.01,completed
B522,U272,S611,P111,2025-10-09T04:43:00,2025-10-09T05:13:00,Thursday,False,False,cloudy,52.81,completed
B523,U244,S1426,P129,2026-01-27T18:56:00,2026-01-27T20:26:00,Tuesday,False,False,rain,22.1,completed
B524,U256,S748,P114,2026-01-13T09:26:00,2026-01-13T10:56:00,Tuesday,False,False,clear,34.05,completed
B525,U195,S1499,P132,2025-11-05T20:35:00,2025-11-06T02:35:00,Wednesday,False,False,clear,26.52,completed
B526,U184,S1448,P129,2025-11-17T08:23:00,2025-11-17T09:53:00,Monday,False,False,cloudy,19.99,completed
B527,U224,S1453,P130,2025-11-02T18:10:00,2025-11-02T19:40:00,Sunday,True,False,clear,68.49,completed
B528,U139,S1361,P127,2026-01-10T05:01:00,2026-01-10T06:31:00,Saturday,True,False,clear,56.6,completed
B529,U121,S333,P104,2025-11-05T22:15:00,2025-11-05T23:15:00,Wednesday,False,False,clear,45.32,completed
B530,U118,S1020,P120,2025-10-16T13:34:00,2025-10-16T15:34:00,Thursday,False,False,fog,18.57,completed
B531,U143,S901,P117,2025-11-07T07:49:00,2025-11-07T09:19:00,Friday,False,False,clear,35.89,completed
B532,U243,S744,P114,2025-10-26T11:52:00,2025-10-26T13:52:00,Sunday,True,False,clear,31.44,completed
B533,U239,S245,P103,2025-11-08T05:10:00,2025-11-08T07:10:00,Saturday,True,False,clear,27.02,cancelled
B534,U249,S373,P105,2025-10-01T05:43:00,2025-10-01T08:43:00,Wednesday,False,False,rain,24.2,completed
B535,U132,S369,P105,2025-10-10T02:05:00,2025-10-10T02:35:00,Friday,False,False,fog,22.04,completed
B536,U175,S999,P119,2025-12-28T15:14:00,2025-12-28T16:44:00,Sunday,True,False,fog,40.78,completed
B537,U208,S544,P109,2026-01-15T13:29:00,2026-01-15T19:29:00,Thursday,False,False,clear,17.0,completed
B538,U263,S1248,P125,2025-12-08T05:49:00,2025-12-08T07:19:00,Monday,False,False,clear,20.66,completed
B539,U244,S1225,P125,2025-10-14T17:39:00,2025-10-14T18:39:00,Tuesday,False,False,haze,19.73,completed
B540,U273,S542,P109,2025-10-08T14:21:00,2025-10-08T15:51:00,Wednesday,False,False,clear,17.31,completed
B541,U260,S649,P112,2025-12-23T08:18:00,2025-12-23T09:48:00,Tuesday,False,False,clear,55.02,completed
B542,U143,S538,P109,2026-01-05T16:52:00,2026-01-05T17:52:00,Monday,False,False,cloudy,17.96,completed
B543,U123,S186,P102,2026-01-25T08:50:00,2026-01-25T09:50:00,Sunday,True,False,haze,44.5,cancelled
B544,U101,S1401,P128,2025-10-14T18:02:00,2025-10-15T00:02:00,Tuesday,False,False,rain,47.38,completed
B545,U192,S782,P115,2025-11-10T06:44:00,2025-11-10T08:44:00,Monday,False,False,clear,20.83,completed
B546,U156,S1120,P123,2026-01-10T01:21:00,2026-01-10T03:21:00,Saturday,True,False,rain,65.86,completed
B547,U132,S667,P113,2026-01-25T08:15:00,2026-01-25T09:15:00,Sunday,True,False,rain,31.86,completed
B548,U223,S1333,P127,2025-12-13T19:35:00,2025-12-13T22:35:00,Saturday,True,False,fog,72.07,completed
B549,U274,S728,P114,2025-11-16T08:48:00,2025-11-16T10:48:00,Sunday,True,False,rain,40.59,completed
B550,U170,S246,P103,2026-01-13T21:19:00,2026-01-13T23:19:00,Tuesday,False,False,clear,25.14,completed
B551,U167,S305,P104,2025-11-29T14:25:00,2025-11-29T15:55:00,Saturday,True,False,haze,51.63,completed
B552,U109,S243,P103,2025-11-16T14:14:00,2025-11-16T14:44:00,Sunday,True,False,rain,31.29,completed
B553,U141,S820,P115,2025-12-31T08:07:00,2025-12-31T11:07:00,Wednesday,False,False,rain,25.34,completed
B554,U148,S291,P104,2025-10-19T18:54:00,2025-10-19T19:24:00,Sunday,True,False,haze,64.3,completed
B555,U227,S987,P119,2026-01-10T18:37:00,2026-01-10T21:37:00,Saturday,True,False,clear,47.51,completed
B556,U170,S1059,P121,2026-01-14T09:35:00,2026-01-14T11:35:00,Wednesday,False,True,clear,49.93,completed
B557,U185,S1048,P121,2025-10-08T17:35:00,2025-10-08T19:05:00,Wednesday,False,False,clear,30.6,completed
B558,U272,S590,P110,2025-11-15T07:59:00,2025-11-15T08:59:00,Saturday,True,False,clear,46.26,completed
B559,U265,S803,P115,2025-11-10T15:28:00,2025-11-10T15:58:00,Monday,False,False,clear,20.12,completed
B560,U117,S913,P118,2026-01-11T16:34:00,2026-01-11T18:34:00,Sunday,True,False,clear,26.97,completed
B561,U107,S652,P112,2025-10-23T18:38:00,2025-10-23T20:38:00,Thursday,False,False,rain,61.99,completed
B562,U126,S1402,P128,2025-10-04T06:36:00,2025-10-04T07:36:00,Saturday,True,False,cloudy,44.03,completed
B563,U150,S318,P104,2026-01-26T17:52:00,2026-01-26T18:22:00,Monday,False,True,clear,66.03,completed
B564,U251,S1253,P125,2025-10-22T18:13:00,2025-10-22T21:13:00,Wednesday,False,False,clear,24.09,completed
B565,U205,S1358,P127,2026-01-24T10:35:00,2026-01-24T12:05:00,Saturday,True,False,rain,66.55,completed
B566,U237,S1032,P120,2025-10-05T14:43:00,2025-10-05T16:13:00,Sunday,True,False,haze,20.65,completed
B567,U213,S1476,P131,2026-01-02T08:08:00,2026-01-02T09:38:00,Friday,False,False,cloudy,32.39,cancelled
B568,U123,S1024,P120,2025-11-15T08:30:00,2025-11-15T09:30:00,Saturday,True,False,rain,26.82,completed
B569,U111,S326,P104,2025-10-05T11:48:00,2025-10-05T14:48:00,Sunday,True,False,clear,55.37,completed
B570,U275,S543,P109,2025-12-08T16:06:00,2025-12-08T22:06:00,Monday,False,False,clear,17.45,completed
B571,U261,S881,P117,2025-10-24T20:03:00,2025-10-25T00:03:00,Friday,False,False,haze,42.36,completed
B572,U120,S414,P106,2026-01-27T08:33:00,2026-01-27T11:33:00,Tuesday,False,False,clear,48.52,completed
B573,U276,S420,P106,2025-10-24T17:02:00,2025-10-24T23:02:00,Friday,False,False,clear,41.77,completed
B574,U252,S659,P113,2025-12-25T05:16:00,2025-12-25T09:16:00,Thursday,False,True,clear,31.93,completed
B575,U243,S1222,P125,2025-10-07T17:31:00,2025-10-07T19:01:00,Tuesday,False,False,clear,19.73,completed
B576,U141,S724,P113,2026-01-13T06:07:00,2026-01-13T07:07:00,Tuesday,False,False,clear,22.59,completed
B577,U138,S1476,P131,2025-11-13T08:08:00,2025-11-13T09:38:00,Thursday,False,False,clear,30.12,completed
B578,U277,S1020,P120,2025-11-12T15:09:00,2025-11-12T16:39:00,Wednesday,False,False,cloudy,19.04,completed
B579,U176,S668,P113,2025-11-05T07:54:00,2025-11-05T11:54:00,Wednesday,False,False,clear,22.73,completed
B580,U275,S1487,P131,2026-01-22T16:49:00,2026-01-22T18:49:00,Thursday,False,False,cloudy,26.2,completed
B581,U223,S738,P114,2025-12-01T01:41:00,2025-12-01T07:41:00,Monday,False,False,fog,28.81,completed
B582,U267,S1065,P121,2025-10-21T11:46:00,2025-10-21T12:16:00,Tuesday,False,True,cloudy,41.82,completed
B583,U278,S1249,P125,2025-11-07T12:30:00,2025-11-07T13:30:00,Friday,False,False,haze,19.39,completed
B584,U279,S1130,P123,2025-10-17T11:31:00,2025-10-17T17:31:00,Friday,False,False,clear,48.58,completed
B585,U188,S1218,P124,2025-12-13T09:19:00,2025-12-13T10:49:00,Saturday,True,False,cloudy,40.39,completed
B586,U160,S1452,P130,2025-10-14T21:38:00,2025-10-14T22:38:00,Tuesday,False,False,clear,49.63,completed
B587,U251,S1485,P131,2026-01-28T08:01:00,2026-01-28T09:31:00,Wednesday,False,False,clear,29.55,completed
B588,U190,S737,P114,2026-01-06T17:37:00,2026-01-06T19:37:00,Tuesday,False,False,clear,28.62,completed
B589,U139,S1334,P127,2025-12-21T11:36:00,2025-12-21T12:06:00,Sunday,True,False,fog,56.71,completed
B590,U189,S769,P115,2025-11-25T23:39:00,2025-11-26T00:09:00,Tuesday,False,False,clear,20.43,completed
B591,U256,S892,P117,2025-12-16T19:45:00,2025-12-16T21:15:00,Tuesday,False,False,clear,42.77,completed
B592,U198,S1350,P127,2025-11-01T19:41:00,2025-11-01T20:41:00,Saturday,True,True,clear,93.73,completed
B593,U280,S695,P113,2025-11-15T19:01:00,2025-11-15T19:31:00,Saturday,True,False,clear,28.6,completed
B594,U188,S1235,P125,2025-11-12T12:00:00,2025-11-12T13:00:00,Wednesday,False,False,cloudy,19.23,completed
B595,U140,S1083,P122,2025-10-25T11:27:00,2025-10-25T14:27:00,Saturday,True,False,cloudy,49.71,completed
B596,U192,S1550,P132,2026-01-02T07:39:00,2026-01-02T08:39:00,Friday,False,False,clear,24.02,completed
B597,U281,S613,P111,2025-11-29T12:05:00,2025-11-29T16:05:00,Saturday,True,False,clear,62.05,completed
B598,U237,S546,P109,2025-11-22T17:24:00,2025-11-22T18:54:00,Saturday,True,False,rain,22.58,completed
B599,U202,S278,P104,2025-11-28T07:01:00,2025-11-28T09:01:00,Friday,False,False,haze,45.48,completed
B600,U242,S274,P104,2026-01-03T10:39:00,2026-01-03T14:39:00,Saturday,True,False,rain,60.28,completed
B601,U200,S538,P109,2025-12-03T18:29:00,2025-12-03T19:29:00,Wednesday,False,False,clear,21.13,completed
B602,U141,S548,P110,2025-11-05T19:11:00,2025-11-05T22:11:00,Wednesday,False,False,rain,54.19,completed
B603,U249,S1460,P130,2025-11-12T21:52:00,2025-11-12T22:52:00,Wednesday,False,False,haze,50.79,completed
B604,U282,S1483,P131,2026-01-17T12:34:00,2026-01-17T14:34:00,Saturday,True,False,clear,29.25,completed
B605,U278,S167,P102,2025-10-08T08:17:00,2025-10-08T08:47:00,Wednesday,False,False,clear,41.59,completed
B606,U189,S1332,P127,2026-01-08T16:53:00,2026-01-08T18:23:00,Thursday,False,False,haze,51.0,completed
B607,U189,S942,P118,2025-10-29T08:27:00,2025-10-29T11:27:00,Wednesday,False,False,cloudy,26.71,completed
B608,U283,S1418,P128,2025-12-25T18:42:00,2025-12-25T20:42:00,Thursday,False,True,clear,63.31,completed
B609,U207,S449,P107,2025-11-01T20:17:00,2025-11-01T22:17:00,Saturday,True,True,clear,72.38,completed
B610,U268,S563,P110,2025-10-01T19:39:00,2025-10-02T01:39:00,Wednesday,False,False,fog,47.7,completed
B611,U169,S901,P117,2025-10-29T18:48:00,2025-10-29T20:18:00,Wednesday,False,False,rain,47.74,completed
B612,U154,S956,P118,2025-10-26T15:23:00,2025-10-26T16:23:00,Sunday,True,False,clear,25.67,completed
B613,U192,S1204,P124,2025-11-07T11:50:00,2025-11-07T13:20:00,Friday,False,False,clear,29.16,completed
B614,U213,S872,P116,2025-10-22T19:29:00,2025-10-22T23:29:00,Wednesday,False,False,fog,30.96,completed
B615,U130,S1022,P120,2025-12-28T13:34:00,2025-12-28T15:34:00,Sunday,True,False,clear,21.51,completed
B616,U191,S223,P103,2025-11-04T13:23:00,2025-11-04T15:23:00,Tuesday,False,False,rain,26.4,completed
B617,U241,S1244,P125,2025-10-15T19:28:00,2025-10-15T21:28:00,Wednesday,False,False,cloudy,23.49,completed
B618,U137,S1473,P131,2025-12-18T19:48:00,2025-12-18T20:48:00,Thursday,False,False,clear,31.26,completed
B619,U221,S122,P101,2025-12-19T18:17:00,2025-12-19T19:17:00,Friday,False,False,clear,25.45,cancelled
B620,U284,S1543,P132,2025-10-21T14:15:00,2025-10-21T18:15:00,Tuesday,False,True,rain,34.19,completed
B621,U285,S1103,P122,2025-10-08T22:52:00,2025-10-09T01:52:00,Wednesday,False,False,clear,40.2,completed
B622,U277,S232,P103,2026-01-05T03:49:00,2026-01-05T05:19:00,Monday,False,False,cloudy,24.89,completed
B623,U125,S1477,P131,2026-01-11T14:41:00,2026-01-11T16:11:00,Sunday,True,False,clear,30.64,completed
B624,U264,S382,P105,2025-12-07T13:42:00,2025-12-07T17:42:00,Sunday,True,False,clear,23.82,completed
B625,U190,S229,P103,2025-11-12T17:10:00,2025-11-12T23:10:00,Wednesday,False,False,clear,23.39,completed
B626,U129,S180,P102,2025-11-06T07:14:00,2025-11-06T10:14:00,Thursday,False,False,clear,33.72,completed
B627,U202,S573,P110,2025-11-09T23:30:00,2025-11-10T00:00:00,Sunday,True,False,clear,46.34,completed
B628,U139,S1025,P120,2025-12-02T19:30:00,2025-12-02T21:00:00,Tuesday,False,False,clear,22.36,completed
B629,U226,S864,P116,2025-11-21T18:10:00,2025-11-21T21:10:00,Friday,False,False,clear,31.18,completed
B630,U181,S1091,P122,2025-10-20T20:23:00,2025-10-20T20:53:00,Monday,False,True,clear,65.2,completed
B631,U148,S533,P109,2025-10-24T10:33:00,2025-10-24T11:33:00,Friday,False,False,clear,17.55,completed
B632,U274,S1114,P123,2026-01-04T14:10:00,2026-01-04T16:10:00,Sunday,True,False,haze,58.19,completed
B633,U202,S1381,P128,2026-01-27T19:05:00,2026-01-27T20:05:00,Tuesday,False,False,clear,47.03,completed
B634,U218,S1105,P122,2026-01-12T18:21:00,2026-01-12T19:21:00,Monday,False,False,clear,48.34,completed
B635,U222,S1295,P126,2026-01-01T03:29:00,2026-01-01T04:29:00,Thursday,False,False,clear,17.05,completed
B636,U286,S963,P118,2025-12-03T06:50:00,2025-12-03T10:50:00,Wednesday,False,False,fog,23.63,completed
B637,U241,S796,P115,2026-01-17T17:52:00,2026-01-17T19:52:00,Saturday,True,False,clear,23.42,completed
B638,U237,S1247,P125,2025-11-22T20:39:00,2025-11-22T21:39:00,Saturday,True,False,clear,26.36,completed
B639,U199,S1225,P125,2025-10-04T21:04:00,2025-10-04T22:34:00,Saturday,True,False,cloudy,23.27,completed
B640,U153,S988,P119,2025-10-07T23:50:00,2025-10-08T00:50:00,Tuesday,False,False,cloudy,35.47,completed
B641,U252,S344,P105,2025-10-27T04:53:00,2025-10-27T07:53:00,Monday,False,False,clear,20.98,completed
B642,U153,S572,P110,2025-12-18T14:38:00,2025-12-18T15:38:00,Thursday,False,False,rain,42.47,completed
B643,U251,S572,P110,2025-11-27T06:07:00,2025-11-27T08:07:00,Thursday,False,False,clear,39.47,completed
B644,U165,S1166,P124,2025-11-07T17:12:00,2025-11-07T19:12:00,Friday,False,False,clear,30.04,completed
B645,U133,S140,P101,2025-12-09T11:56:00,2025-12-09T14:56:00,Tuesday,False,False,clear,19.96,completed
B646,U171,S1187,P124,2025-11-25T22:44:00,2025-11-26T01:44:00,Tuesday,False,False,clear,30.16,cancelled
B647,U237,S533,P109,2025-12-03T10:37:00,2025-12-03T12:37:00,Wednesday,False,False,clear,18.1,completed
B648,U117,S1395,P128,2025-11-10T13:59:00,2025-11-10T14:29:00,Monday,False,False,clear,38.55,completed
B649,U122,S1338,P127,2025-12-12T08:07:00,2025-12-12T09:07:00,Friday,False,False,cloudy,63.07,completed
B650,U241,S408,P106,2026-01-04T07:11:00,2026-01-04T07:41:00,Sunday,True,False,clear,48.24,completed
B651,U170,S424,P106,2025-10-25T04:41:00,2025-10-25T05:11:00,Saturday,True,False,haze,46.78,completed
B652,U287,S1053,P121,2025-12-02T16:16:00,2025-12-02T17:46:00,Tuesday,False,False,clear,31.1,completed
B653,U226,S999,P119,2025-12-30T17:17:00,2025-12-30T17:47:00,Tuesday,False,False,clear,36.01,completed
B654,U174,S432,P106,2026-01-25T18:58:00,2026-01-25T20:28:00,Sunday,True,False,rain,57.0,completed
B655,U272,S864,P116,2026-01-08T18:48:00,2026-01-08T19:48:00,Thursday,False,False,cloudy,32.19,completed
B656,U281,S615,P111,2025-12-05T19:27:00,2025-12-05T21:27:00,Friday,False,False,rain,68.08,completed
B657,U185,S539,P109,2026-01-23T09:38:00,2026-01-23T11:08:00,Friday,False,False,clear,20.18,completed
B658,U155,S969,P118,2025-10-23T12:47:00,2025-10-23T14:17:00,Thursday,False,False,clear,22.37,completed
B659,U193,S349,P105,2025-12-31T16:12:00,2025-12-31T17:12:00,Wednesday,False,False,clear,20.36,completed
B660,U265,S959,P118,2025-10-10T11:46:00,2025-10-10T13:16:00,Friday,False,False,clear,22.79,completed
B661,U202,S1485,P131,2025-11-07T09:48:00,2025-11-07T12:48:00,Friday,False,False,clear,32.37,completed
B662,U206,S1185,P124,2025-11-25T12:39:00,2025-11-25T14:39:00,Tuesday,False,False,clear,29.79,completed
B663,U192,S1513,P132,2026-01-26T14:24:00,2026-01-26T15:24:00,Monday,False,True,clear,31.02,completed
B664,U185,S451,P107,2025-11-19T07:24:00,2025-11-19T08:54:00,Wednesday,False,False,fog,40.39,cancelled
B665,U138,S151,P101,2025-11-05T03:55:00,2025-11-05T05:55:00,Wednesday,False,False,haze,20.76,completed
B666,U109,S1241,P125,2025-10-03T08:01:00,2025-10-03T09:01:00,Friday,False,False,clear,23.19,completed
B667,U236,S1094,P122,2025-10-15T11:16:00,2025-10-15T12:46:00,Wednesday,False,False,clear,39.51,completed
B668,U266,S540,P109,2025-10-15T06:09:00,2025-10-15T07:39:00,Wednesday,False,False,haze,17.32,completed
B669,U190,S714,P113,2025-11-26T08:32:00,2025-11-26T09:02:00,Wednesday,False,False,cloudy,27.38,completed
B670,U251,S644,P112,2025-11-17T07:06:00,2025-11-17T08:06:00,Monday,False,False,rain,54.78,completed
B671,U288,S1017,P119,2025-12-08T16:37:00,2025-12-08T22:37:00,Monday,False,False,fog,33.02,completed
B672,U187,S1519,P132,2025-11-17T08:58:00,2025-11-17T10:58:00,Monday,False,False,fog,27.46,completed
B673,U260,S1237,P125,2025-10-15T21:23:00,2025-10-15T22:23:00,Wednesday,False,False,clear,20.88,completed
B674,U139,S1167,P124,2025-11-27T17:22:00,2025-11-27T23:22:00,Thursday,False,False,clear,28.6,completed
B675,U175,S722,P113,2025-11-18T15:55:00,2025-11-18T17:55:00,Tuesday,False,False,fog,21.08,completed
B676,U123,S213,P102,2025-12-02T17:32:00,2025-12-02T19:02:00,Tuesday,False,False,rain,36.82,completed
B677,U253,S740,P114,2026-01-07T19:14:00,2026-01-07T19:44:00,Wednesday,False,False,clear,35.0,completed
B678,U121,S365,P105,2026-01-02T00:59:00,2026-01-02T01:59:00,Friday,False,False,clear,21.66,completed
B679,U288,S1505,P132,2025-12-12T16:03:00,2025-12-12T18:03:00,Friday,False,False,fog,23.27,completed
B680,U210,S1027,P120,2025-11-26T17:21:00,2025-11-26T19:21:00,Wednesday,False,False,fog,18.25,completed
B681,U263,S575,P110,2026-01-18T20:33:00,2026-01-18T22:33:00,Sunday,True,False,cloudy,53.94,completed
B682,U170,S367,P105,2025-12-28T06:19:00,2025-12-28T07:19:00,Sunday,True,False,cloudy,23.29,completed
B683,U270,S1482,P131,2025-10-19T08:59:00,2025-10-19T11:59:00,Sunday,True,False,clear,33.73,completed
B684,U289,S1366,P127,2025-12-19T12:17:00,2025-12-19T13:17:00,Friday,False,False,clear,52.9,completed
B685,U172,S1163,P124,2025-10-03T20:57:00,2025-10-03T21:57:00,Friday,False,False,rain,39.97,completed
B686,U183,S870,P116,2025-10-23T20:08:00,2025-10-23T21:38:00,Thursday,False,False,clear,31.82,completed
B687,U284,S1121,P123,2025-12-22T01:09:00,2025-12-22T02:09:00,Monday,False,False,rain,57.53,completed
B688,U284,S254,P103,2025-10-18T21:47:00,2025-10-18T22:47:00,Saturday,True,False,cloudy,27.85,completed
B689,U166,S1296,P126,2025-10-14T14:15:00,2025-10-14T15:15:00,Tuesday,False,False,rain,17.95,completed
B690,U274,S443,P107,2025-10-20T08:34:00,2025-10-20T10:04:00,Monday,False,True,rain,69.3,completed
B691,U195,S882,P117,2025-10-31T20:07:00,2025-10-31T21:37:00,Friday,False,False,rain,47.25,completed
B692,U208,S808,P115,2025-10-24T18:39:00,2025-10-24T20:39:00,Friday,False,False,cloudy,25.29,completed
B693,U199,S1313,P126,2025-10-21T09:36:00,2025-10-21T10:06:00,Tuesday,False,True,rain,28.66,completed
B694,U122,S570,P110,2025-10-24T08:03:00,2025-10-24T08:33:00,Friday,False,False,clear,48.32,completed
B695,U102,S1474,P131,2026-01-20T16:09:00,2026-01-20T19:09:00,Tuesday,False,False,clear,26.67,completed
B696,U115,S1337,P127,2025-10-17T15:18:00,2025-10-17T17:18:00,Friday,False,False,clear,51.23,completed
B697,U211,S570,P110,2026-01-07T08:39:00,2026-01-07T14:39:00,Wednesday,False,False,clear,46.15,completed
B698,U250,S1096,P122,2025-12-14T16:49:00,2025-12-14T17:49:00,Sunday,True,False,fog,49.0,completed
B699,U230,S1478,P131,2025-10-09T18:05:00,2025-10-09T20:05:00,Thursday,False,False,clear,29.8,completed
B700,U160,S471,P107,2025-11-09T18:04:00,2025-11-09T19:04:00,Sunday,True,False,cloudy,56.33,completed
B701,U200,S1433,P129,2025-11-28T17:45:00,2025-11-28T18:45:00,Friday,False,False,clear,17.38,completed
B702,U246,S1021,P120,2026-01-01T06:56:00,2026-01-01T07:56:00,Thursday,False,False,clear,18.3,completed
B703,U212,S495,P108,2025-11-17T18:23:00,2025-11-17T19:53:00,Monday,False,False,cloudy,29.8,completed
B704,U245,S486,P107,2025-10-22T07:18:00,2025-10-22T08:18:00,Wednesday,False,False,clear,41.6,completed
B705,U144,S861,P116,2025-10-01T11:36:00,2025-10-01T14:36:00,Wednesday,False,False,fog,25.79,completed
B706,U174,S612,P111,2025-11-14T08:15:00,2025-11-14T14:15:00,Friday,False,False,clear,63.23,completed
B707,U216,S1396,P128,2025-12-26T00:37:00,2025-12-26T01:37:00,Friday,False,False,clear,38.7,completed
B708,U237,S1277,P126,2026-01-16T20:22:00,2026-01-16T23:22:00,Friday,False,False,clear,19.91,cancelled
B709,U222,S1392,P128,2025-11-16T22:44:00,2025-11-17T00:14:00,Sunday,True,False,clear,44.53,completed
B710,U147,S710,P113,2025-12-21T08:55:00,2025-12-21T12:55:00,Sunday,True,False,clear,28.31,completed
B711,U290,S1391,P128,2026-01-07T18:38:00,2026-01-07T20:38:00,Wednesday,False,False,clear,45.8,completed
B712,U264,S732,P114,2025-11-25T07:37:00,2025-11-25T08:37:00,Tuesday,False,False,clear,27.91,completed
B713,U171,S375,P105,2025-10-28T12:35:00,2025-10-28T13:35:00,Tuesday,False,False,cloudy,22.11,completed
B714,U187,S643,P112,2025-11-08T12:22:00,2025-11-08T13:52:00,Saturday,True,False,clear,52.9,completed
B715,U115,S711,P113,2025-10-18T12:43:00,2025-10-18T13:13:00,Saturday,True,False,clear,26.29,completed
B716,U286,S896,P117,2025-10-09T18:48:00,2025-10-09T21:48:00,Thursday,False,False,fog,43.98,completed
B717,U226,S1060,P121,2025-12-18T16:20:00,2025-12-18T18:20:00,Thursday,False,False,clear,29.15,completed
B718,U115,S1329,P126,2025-10-29T07:13:00,2025-10-29T09:13:00,Wednesday,False,False,clear,17.15,cancelled
B719,U192,S1133,P123,2026-01-07T09:45:00,2026-01-07T10:45:00,Wednesday,False,False,clear,59.98,completed
B720,U131,S641,P112,2025-12-29T20:32:00,2025-12-29T23:32:00,Monday,False,False,clear,59.38,completed
B721,U271,S429,P106,2025-10-22T21:51:00,2025-10-22T23:21:00,Wednesday,False,False,clear,38.61,completed
B722,U223,S1044,P121,2025-11-01T11:05:00,2025-11-01T12:05:00,Saturday,True,True,cloudy,44.73,completed
B723,U175,S1023,P120,2026-01-21T08:57:00,2026-01-21T14:57:00,Wednesday,False,False,clear,23.15,completed
B724,U195,S1171,P124,2025-11-04T17:38:00,2025-11-04T18:38:00,Tuesday,False,False,clear,30.36,completed
B725,U157,S1246,P125,2025-11-22T21:11:00,2025-11-22T22:11:00,Saturday,True,False,fog,22.31,completed
B726,U182,S543,P109,2025-11-15T17:42:00,2025-11-15T19:12:00,Saturday,True,False,clear,20.53,completed
B727,U288,S647,P112,2025-10-19T17:09:00,2025-10-19T18:09:00,Sunday,True,False,clear,53.4,cancelled
B728,U245,S649,P112,2025-12-18T10:09:00,2025-12-18T11:09:00,Thursday,False,False,clear,47.29,completed
B729,U186,S1524,P132,2025-10-08T08:11:00,2025-10-08T09:41:00,Wednesday,False,False,clear,26.66,completed
B730,U161,S642,P112,2025-12-14T21:41:00,2025-12-14T23:11:00,Sunday,True,False,clear,56.83,completed
B731,U104,S319,P104,2025-12-04T04:05:00,2025-12-04T06:05:00,Thursday,False,False,rain,52.74,completed
B732,U268,S1505,P132,2025-12-08T05:50:00,2025-12-08T08:50:00,Monday,False,False,rain,25.06,completed
B733,U130,S1252,P125,2025-10-02T07:18:00,2025-10-02T13:18:00,Thursday,False,False,cloudy,19.02,completed
B734,U152,S1540,P132,2025-11-02T17:49:00,2025-11-02T19:49:00,Sunday,True,False,fog,27.09,completed
B735,U246,S1541,P132,2025-10-18T08:51:00,2025-10-18T09:21:00,Saturday,True,False,cloudy,31.45,completed
B736,U245,S1438,P129,2025-11-06T07:21:00,2025-11-06T08:21:00,Thursday,False,False,clear,16.73,completed
B737,U222,S422,P106,2025-10-06T05:04:00,2025-10-06T09:04:00,Monday,False,False,clear,39.68,completed
B738,U132,S788,P115,2026-01-02T21:58:00,2026-01-02T22:58:00,Friday,False,False,clear,20.75,completed
B739,U119,S934,P118,2025-10-10T17:36:00,2025-10-10T18:06:00,Friday,False,False,haze,22.24,completed
B740,U235,S983,P119,2025-12-04T16:04:00,2025-12-04T22:04:00,Thursday,False,False,clear,35.03,completed
B741,U194,S1467,P130,2025-10-21T22:42:00,2025-10-22T00:42:00,Tuesday,False,True,clear,65.03,completed
B742,U195,S1558,P132,2025-10-16T10:52:00,2025-10-16T11:22:00,Thursday,False,False,rain,25.4,completed
B743,U115,S530,P108,2025-12-14T08:56:00,2025-12-14T10:26:00,Sunday,True,False,clear,32.2,cancelled
B744,U240,S952,P118,2025-10-04T06:03:00,2025-10-04T08:03:00,Saturday,True,False,clear,27.35,completed
B745,U160,S266,P103,2025-10-18T09:08:00,2025-10-18T10:08:00,Saturday,True,False,clear,30.87,completed
B746,U141,S1440,P129,2025-10-30T17:33:00,2025-10-30T19:33:00,Thursday,False,False,fog,16.83,completed
B747,U262,S1373,P128,2025-10-31T06:33:00,2025-10-31T07:33:00,Friday,False,False,clear,39.83,completed
B748,U132,S847,P116,2025-12-04T20:45:00,2025-12-05T00:45:00,Thursday,False,False,rain,35.57,completed
B749,U196,S1431,P129,2025-12-03T12:55:00,2025-12-03T13:25:00,Wednesday,False,False,clear,16.28,completed
B750,U273,S414,P106,2025-10-26T06:06:00,2025-10-26T07:36:00,Sunday,True,False,clear,47.44,completed
B751,U262,S841,P116,2026-01-25T16:47:00,2026-01-25T17:47:00,Sunday,True,False,cloudy,31.77,completed
B752,U201,S1150,P123,2025-10-31T01:21:00,2025-10-31T02:21:00,Friday,False,False,fog,49.37,completed
B753,U131,S1377,P128,2026-01-09T19:16:00,2026-01-09T22:16:00,Friday,False,False,clear,46.71,completed
B754,U250,S537,P109,2025-10-23T19:08:00,2025-10-23T21:08:00,Thursday,False,False,cloudy,20.5,completed
B755,U278,S318,P104,2025-11-05T13:38:00,2025-11-05T15:08:00,Wednesday,False,False,clear,44.92,completed
B756,U266,S927,P118,2025-10-16T06:31:00,2025-10-16T07:31:00,Thursday,False,False,cloudy,22.11,completed
B757,U173,S991,P119,2025-11-23T09:57:00,2025-11-23T11:27:00,Sunday,True,False,clear,45.67,completed
B758,U107,S971,P118,2025-12-18T15:53:00,2025-12-18T19:53:00,Thursday,False,False,rain,24.74,completed
B759,U231,S451,P107,2025-10-16T15:06:00,2025-10-16T16:06:00,Thursday,False,False,clear,41.37,completed
B760,U156,S1335,P127,2025-12-13T13:52:00,2025-12-13T19:52:00,Saturday,True,False,rain,64.55,completed
B761,U206,S535,P109,2025-11-19T13:16:00,2025-11-19T13:46:00,Wednesday,False,False,clear,18.16,completed
B762,U206,S568,P110,2025-10-11T09:06:00,2025-10-11T11:06:00,Saturday,True,False,haze,51.62,completed
B763,U116,S1316,P126,2025-10-01T17:04:00,2025-10-01T17:34:00,Wednesday,False,False,rain,18.31,completed
B764,U263,S959,P118,2026-01-09T08:20:00,2026-01-09T09:20:00,Friday,False,False,rain,30.62,completed
B765,U288,S1425,P129,2025-11-11T07:57:00,2025-11-11T13:57:00,Tuesday,False,False,clear,17.18,completed
B766,U224,S411,P106,2025-10-21T18:38:00,2025-10-21T20:38:00,Tuesday,False,True,rain,70.95,completed
B767,U128,S953,P118,2025-10-22T14:29:00,2025-10-22T15:29:00,Wednesday,False,False,fog,22.04,completed
B768,U203,S1529,P132,2025-12-16T03:39:00,2025-12-16T04:39:00,Tuesday,False,False,clear,22.13,completed
B769,U227,S112,P101,2025-10-20T17:11:00,2025-10-20T19:11:00,Monday,False,True,clear,28.96,completed
B770,U183,S1469,P130,2025-10-05T12:05:00,2025-10-05T13:35:00,Sunday,True,False,clear,57.23,cancelled
B771,U278,S1115,P123,2025-12-27T13:34:00,2025-12-27T15:04:00,Saturday,True,False,fog,60.45,completed
B772,U163,S1281,P126,2025-11-14T13:45:00,2025-11-14T15:15:00,Friday,False,False,clear,15.89,completed
B773,U252,S741,P114,2025-10-17T09:56:00,2025-10-17T10:56:00,Friday,False,False,clear,36.0,completed
B774,U162,S1050,P121,2025-10-11T04:43:00,2025-10-11T05:13:00,Saturday,True,False,clear,32.69,completed
B775,U212,S546,P109,2025-11-26T06:35:00,2025-11-26T10:35:00,Wednesday,False,False,rain,20.23,completed
B776,U274,S279,P104,2025-12-03T16:32:00,2025-12-03T17:32:00,Wednesday,False,False,clear,44.69,completed
B777,U135,S1449,P130,2025-10-24T06:44:00,2025-10-24T07:14:00,Friday,False,False,cloudy,47.77,completed
B778,U128,S619,P111,2025-11-09T12:00:00,2025-11-09T14:00:00,Sunday,True,False,rain,66.48,completed
B779,U219,S155,P101,2025-12-06T19:36:00,2025-12-06T21:06:00,Saturday,True,False,clear,29.13,completed
B780,U178,S540,P109,2026-01-15T08:30:00,2026-01-15T12:30:00,Thursday,False,False,clear,20.67,completed
B781,U130,S917,P118,2025-12-23T08:01:00,2025-12-23T09:31:00,Tuesday,False,False,clear,27.13,completed
B782,U221,S1185,P124,2025-11-10T20:31:00,2025-11-10T21:31:00,Monday,False,False,clear,35.98,completed
B783,U180,S1174,P124,2025-10-23T19:20:00,2025-10-23T20:20:00,Thursday,False,False,clear,34.48,completed
B784,U276,S1293,P126,2025-12-23T17:30:00,2025-12-23T20:30:00,Tuesday,False,False,clear,16.83,completed
B785,U130,S805,P115,2026-01-14T11:46:00,2026-01-14T12:16:00,Wednesday,False,True,rain,29.3,completed
B786,U285,S431,P106,2026-01-16T10:02:00,2026-01-16T11:32:00,Friday,False,False,clear,39.86,completed
B787,U151,S128,P101,2025-12-07T13:33:00,2025-12-07T15:33:00,Sunday,True,False,fog,24.38,completed
B788,U147,S347,P105,2026-01-12T10:19:00,2026-01-12T12:19:00,Monday,False,False,clear,21.5,completed
B789,U244,S817,P115,2025-10-16T10:18:00,2025-10-16T12:18:00,Thursday,False,False,cloudy,20.61,completed
B790,U104,S1423,P129,2025-11-17T12:08:00,2025-11-17T16:08:00,Monday,False,False,rain,17.85,completed
B791,U182,S1074,P122,2026-01-13T07:51:00,2026-01-13T09:21:00,Tuesday,False,False,fog,41.28,completed
B792,U243,S546,P109,2025-12-13T20:00:00,2025-12-13T21:30:00,Saturday,True,False,clear,24.87,completed
B793,U238,S800,P115,2025-10-04T19:17:00,2025-10-04T23:17:00,Saturday,True,False,clear,27.57,completed
B794,U190,S449,P107,2025-12-02T17:12:00,2025-12-02T18:42:00,Tuesday,False,False,fog,41.95,completed
B795,U186,S1191,P124,2025-12-02T09:26:00,2025-12-02T10:26:00,Tuesday,False,False,fog,36.62,completed
B796,U150,S1228,P125,2025-10-29T02:58:00,2025-10-29T04:58:00,Wednesday,False,False,clear,20.74,completed
B797,U291,S552,P110,2026-01-11T07:04:00,2026-01-11T09:04:00,Sunday,True,False,clear,46.76,completed
B798,U109,S122,P101,2026-01-11T19:04:00,2026-01-11T20:34:00,Sunday,True,False,fog,29.29,completed
B799,U108,S1124,P123,2025-10-06T19:52:00,2025-10-06T21:22:00,Monday,False,False,rain,63.67,completed
B800,U131,S574,P110,2026-01-14T06:30:00,2026-01-14T08:30:00,Wednesday,False,True,clear,54.04,completed
B801,U238,S1429,P129,2025-12-04T05:30:00,2025-12-04T06:30:00,Thursday,False,False,clear,16.56,completed
B802,U231,S451,P107,2025-11-22T18:37:00,2025-11-22T19:07:00,Saturday,True,False,fog,56.12,completed
B803,U196,S518,P108,2025-11-03T10:51:00,2025-11-03T12:51:00,Monday,False,False,cloudy,24.42,completed
B804,U186,S1387,P128,2025-11-11T14:09:00,2025-11-11T14:39:00,Tuesday,False,False,clear,39.63,completed
B805,U284,S845,P116,2025-12-23T19:55:00,2025-12-23T21:55:00,Tuesday,False,False,clear,32.54,completed
B806,U241,S401,P106,2026-01-17T08:59:00,2026-01-17T09:29:00,Saturday,True,False,clear,54.93,completed
B807,U122,S1017,P119,2026-01-27T09:19:00,2026-01-27T09:49:00,Tuesday,False,False,clear,41.73,completed
B808,U220,S1026,P120,2025-11-07T08:15:00,2025-11-07T08:45:00,Friday,False,False,rain,24.11,completed
B809,U102,S703,P113,2025-10-13T10:52:00,2025-10-13T12:52:00,Monday,False,False,cloudy,22.41,completed
B810,U126,S304,P104,2025-11-01T19:19:00,2025-11-01T21:19:00,Saturday,True,True,rain,86.96,completed
B811,U223,S1227,P125,2025-12-16T03:00:00,2025-12-16T09:00:00,Tuesday,False,False,clear,20.45,completed
B812,U291,S1497,P132,2025-11-05T20:56:00,2025-11-05T21:26:00,Wednesday,False,False,haze,28.49,completed
B813,U251,S147,P101,2025-10-31T18:27:00,2025-10-31T18:57:00,Friday,False,False,rain,26.53,completed
B814,U179,S543,P109,2025-12-27T19:45:00,2025-12-27T21:45:00,Saturday,True,False,clear,23.31,completed
B815,U225,S1355,P127,2025-11-27T21:18:00,2025-11-27T22:48:00,Thursday,False,False,clear,51.1,completed
B816,U199,S647,P112,2026-01-04T12:33:00,2026-01-04T14:33:00,Sunday,True,False,clear,54.27,completed
B817,U129,S340,P105,2026-01-05T20:49:00,2026-01-06T00:49:00,Monday,False,False,clear,25.71,completed
B818,U292,S339,P105,2025-11-04T18:26:00,2025-11-04T21:26:00,Tuesday,False,False,clear,25.71,completed
B819,U249,S727,P114,2025-12-05T18:41:00,2025-12-05T20:41:00,Friday,False,False,clear,35.13,completed
B820,U105,S1318,P126,2026-01-03T13:12:00,2026-01-03T15:12:00,Saturday,True,False,clear,18.23,completed
B821,U159,S1359,P127,2026-01-23T16:51:00,2026-01-23T17:51:00,Friday,False,False,clear,53.0,completed
B822,U137,S1264,P126,2025-10-28T18:43:00,2025-10-28T20:13:00,Tuesday,False,False,cloudy,20.72,completed
B823,U221,S565,P110,2026-01-17T15:24:00,2026-01-17T15:54:00,Saturday,True,False,clear,46.75,completed
B824,U195,S1022,P120,2026-01-25T15:43:00,2026-01-25T17:13:00,Sunday,True,False,clear,22.29,completed
B825,U119,S730,P114,2025-12-13T09:40:00,2025-12-13T15:40:00,Saturday,True,False,clear,39.37,completed
B826,U129,S1053,P121,2025-10-15T22:59:00,2025-10-16T02:59:00,Wednesday,False,False,rain,33.66,completed
B827,U228,S358,P105,2026-01-18T07:36:00,2026-01-18T09:06:00,Sunday,True,False,fog,25.13,completed
B828,U223,S1413,P128,2025-12-03T19:31:00,2025-12-03T20:31:00,Wednesday,False,False,clear,45.27,completed
B829,U238,S305,P104,2026-01-04T12:30:00,2026-01-04T13:30:00,Sunday,True,False,clear,51.88,cancelled
B830,U128,S1374,P128,2025-11-15T13:50:00,2025-11-15T14:20:00,Saturday,True,False,clear,41.78,completed
B831,U183,S313,P104,2025-10-04T07:28:00,2025-10-04T09:28:00,Saturday,True,False,clear,55.33,cancelled
B832,U287,S635,P112,2025-12-12T16:13:00,2025-12-12T17:13:00,Friday,False,False,fog,46.58,completed
B833,U269,S531,P109,2025-11-10T14:53:00,2025-11-10T18:53:00,Monday,False,False,clear,17.14,completed
B834,U272,S1532,P132,2025-10-17T13:19:00,2025-10-17T14:49:00,Friday,False,False,clear,24.22,completed
B835,U208,S880,P117,2025-10-20T19:06:00,2025-10-20T22:06:00,Monday,False,True,clear,56.65,completed
B836,U227,S539,P109,2025-11-03T14:20:00,2025-11-03T15:20:00,Monday,False,False,clear,18.15,completed
B837,U138,S495,P108,2026-01-21T20:29:00,2026-01-21T22:29:00,Wednesday,False,False,fog,29.63,completed
B838,U207,S1384,P128,2025-12-02T13:42:00,2025-12-02T17:42:00,Tuesday,False,False,clear,36.98,completed
B839,U153,S355,P105,2025-11-05T19:58:00,2025-11-05T22:58:00,Wednesday,False,False,cloudy,25.5,completed
B840,U128,S370,P105,2025-12-07T09:50:00,2025-12-07T12:50:00,Sunday,True,False,clear,27.71,completed
B841,U188,S1160,P124,2025-10-28T12:18:00,2025-10-28T13:18:00,Tuesday,False,False,cloudy,29.58,completed
B842,U178,S614,P111,2025-10-17T08:49:00,2025-10-17T10:49:00,Friday,False,False,clear,59.31,completed
B843,U171,S899,P117,2025-10-06T18:45:00,2025-10-06T20:15:00,Monday,False,False,haze,43.2,completed
B844,U167,S508,P108,2025-11-17T19:54:00,2025-11-17T21:24:00,Monday,False,False,rain,32.01,completed
B845,U287,S106,P101,2025-12-29T09:46:00,2025-12-29T12:46:00,Monday,False,False,clear,24.59,completed
B846,U217,S830,P116,2025-10-28T06:48:00,2025-10-28T07:18:00,Tuesday,False,False,rain,31.13,completed
B847,U205,S1202,P124,2025-12-08T20:52:00,2025-12-09T02:52:00,Monday,False,False,cloudy,35.68,completed
B848,U241,S633,P112,2025-12-21T07:17:00,2025-12-21T08:47:00,Sunday,True,False,clear,53.11,cancelled
B849,U266,S1346,P127,2025-11-22T00:56:00,2025-11-22T01:56:00,Saturday,True,False,clear,57.58,completed
B850,U160,S854,P116,2025-12-13T08:11:00,2025-12-13T10:11:00,Saturday,True,False,fog,35.77,completed
B851,U202,S1049,P121,2025-12-02T20:36:00,2025-12-02T22:36:00,Tuesday,False,False,rain,39.55,completed
B852,U148,S1168,P124,2025-11-22T07:21:00,2025-11-22T08:21:00,Saturday,True,False,rain,39.14,completed
B853,U213,S296,P104,2025-11-30T09:37:00,2025-11-30T11:07:00,Sunday,True,False,clear,65.2,completed
B854,U200,S243,P103,2025-11-18T15:40:00,2025-11-18T19:40:00,Tuesday,False,False,clear,24.41,completed
B855,U142,S1458,P130,2026-01-18T08:38:00,2026-01-18T09:38:00,Sunday,True,False,clear,68.79,completed
B856,U238,S1030,P120,2025-12-02T12:35:00,2025-12-02T14:35:00,Tuesday,False,False,cloudy,17.98,completed
B857,U120,S1449,P130,2025-12-08T08:49:00,2025-12-08T11:49:00,Monday,False,False,clear,58.63,completed
B858,U139,S690,P113,2025-12-17T03:16:00,2025-12-17T06:16:00,Wednesday,False,False,cloudy,21.14,completed
B859,U275,S1039,P120,2025-11-22T18:03:00,2025-11-22T19:33:00,Saturday,True,False,fog,25.1,completed
B860,U147,S1460,P130,2025-11-02T19:14:00,2025-11-02T20:14:00,Sunday,True,False,cloudy,63.83,completed
B861,U227,S1513,P132,2026-01-18T08:18:00,2026-01-18T09:18:00,Sunday,True,False,clear,29.85,completed
B862,U290,S837,P116,2025-11-30T12:09:00,2025-11-30T15:09:00,Sunday,True,False,clear,29.63,completed
B863,U216,S1333,P127,2025-10-27T20:12:00,2025-10-28T00:12:00,Monday,False,False,clear,62.75,completed
B864,U214,S1151,P123,2025-11-17T12:14:00,2025-11-17T13:14:00,Monday,False,False,clear,48.35,completed
B865,U143,S143,P101,2026-01-25T15:22:00,2026-01-25T16:52:00,Sunday,True,False,clear,24.24,completed
B866,U171,S1239,P125,2025-12-28T10:17:00,2025-12-28T13:17:00,Sunday,True,False,haze,23.74,completed
B867,U127,S742,P114,2025-11-14T15:19:00,2025-11-14T16:19:00,Friday,False,False,clear,27.29,completed
B868,U249,S1363,P127,2025-10-08T07:44:00,2025-10-08T09:14:00,Wednesday,False,False,fog,51.3,completed
B869,U165,S565,P110,2025-10-11T06:11:00,2025-10-11T07:11:00,Saturday,True,False,clear,48.16,completed
B870,U272,S232,P103,2025-12-12T11:36:00,2025-12-12T12:06:00,Friday,False,False,clear,24.24,completed
B871,U192,S1355,P127,2025-12-14T14:05:00,2025-12-14T17:05:00,Sunday,True,False,clear,58.62,completed
B872,U285,S423,P106,2025-11-04T04:17:00,2025-11-04T04:47:00,Tuesday,False,False,fog,40.16,completed
B873,U202,S543,P109,2025-12-29T08:53:00,2025-12-29T10:53:00,Monday,False,False,clear,21.53,completed
B874,U136,S329,P104,2025-12-04T07:03:00,2025-12-04T08:03:00,Thursday,False,False,clear,47.52,completed
B875,U253,S538,P109,2026-01-06T18:26:00,2026-01-06T21:26:00,Tuesday,False,False,clear,21.69,completed
B876,U190,S902,P117,2026-01-23T18:59:00,2026-01-23T21:59:00,Friday,False,False,clear,43.67,completed
B877,U251,S1295,P126,2025-11-15T19:43:00,2025-11-15T23:43:00,Saturday,True,False,cloudy,22.46,completed
B878,U216,S1431,P129,2025-10-20T14:38:00,2025-10-20T17:38:00,Monday,False,True,cloudy,23.66,completed
B879,U271,S351,P105,2025-12-26T19:49:00,2025-12-27T01:49:00,Friday,False,False,clear,24.91,completed
B880,U172,S452,P107,2025-12-07T18:42:00,2025-12-07T22:42:00,Sunday,True,False,cloudy,56.42,completed
B881,U293,S619,P111,2025-11-23T15:34:00,2025-11-23T16:34:00,Sunday,True,False,clear,62.19,completed
B882,U273,S1054,P121,2025-10-27T18:15:00,2025-10-27T21:15:00,Monday,False,False,clear,35.6,completed
B883,U161,S1124,P123,2025-12-17T08:12:00,2025-12-17T11:12:00,Wednesday,False,False,rain,65.36,completed
B884,U292,S1034,P120,2025-10-02T18:05:00,2025-10-02T19:05:00,Thursday,False,False,clear,23.41,completed
B885,U178,S499,P108,2025-12-31T08:18:00,2025-12-31T08:48:00,Wednesday,False,False,rain,32.09,completed
B886,U247,S1039,P120,2025-12-30T18:27:00,2025-12-30T19:57:00,Tuesday,False,False,clear,22.21,cancelled
B887,U155,S736,P114,2025-11-27T09:15:00,2025-11-27T13:15:00,Thursday,False,False,rain,35.9,cancelled
B888,U206,S431,P106,2025-10-19T10:59:00,2025-10-19T11:29:00,Sunday,True,False,rain,49.28,completed
B889,U224,S1136,P123,2026-01-05T18:03:00,2026-01-05T19:33:00,Monday,False,False,clear,59.28,completed
B890,U279,S312,P104,2025-10-27T16:39:00,2025-10-27T20:39:00,Monday,False,False,clear,48.89,completed
B891,U191,S632,P112,2025-11-18T19:40:00,2025-11-18T22:40:00,Tuesday,False,False,clear,56.96,completed
B892,U176,S1440,P129,2025-11-29T06:42:00,2025-11-29T09:42:00,Saturday,True,False,clear,20.48,completed
B893,U123,S834,P116,2025-12-19T19:05:00,2025-12-19T23:05:00,Friday,False,False,clear,31.47,completed
B894,U186,S493,P107,2025-11-12T20:31:00,2025-11-13T02:31:00,Wednesday,False,False,fog,46.4,completed
B895,U249,S494,P108,2026-01-20T17:20:00,2026-01-20T18:20:00,Tuesday,False,False,fog,24.23,completed
B896,U197,S767,P115,2025-10-02T07:01:00,2025-10-02T09:01:00,Thursday,False,False,cloudy,20.62,completed
B897,U152,S1301,P126,2025-12-05T18:38:00,2025-12-05T20:08:00,Friday,False,False,fog,19.56,completed
B898,U129,S423,P106,2025-10-16T08:00:00,2025-10-16T09:00:00,Thursday,False,False,clear,46.97,completed
B899,U202,S904,P117,2025-11-02T07:01:00,2025-11-02T09:01:00,Sunday,True,False,rain,44.6,completed
B900,U197,S171,P102,2025-12-14T19:56:00,2025-12-14T21:56:00,Sunday,True,False,cloudy,45.11,completed
B901,U145,S1448,P129,2026-01-14T05:33:00,2026-01-14T07:03:00,Wednesday,False,True,fog,23.57,completed
B902,U261,S440,P106,2026-01-27T09:25:00,2026-01-27T11:25:00,Tuesday,False,False,clear,50.18,completed
B903,U123,S496,P108,2025-12-15T16:46:00,2025-12-15T18:16:00,Monday,False,False,rain,25.85,completed
B904,U173,S295,P104,2025-12-05T15:43:00,2025-12-05T16:43:00,Friday,False,False,clear,45.93,cancelled
B905,U276,S1419,P128,2026-01-05T16:56:00,2026-01-05T18:26:00,Monday,False,False,clear,38.64,completed
B906,U222,S1317,P126,2026-01-03T13:24:00,2026-01-03T14:24:00,Saturday,True,False,clear,19.07,completed
B907,U144,S1247,P125,2025-12-25T04:41:00,2025-12-25T07:41:00,Thursday,False,True,clear,27.24,completed
B908,U237,S1124,P123,2025-11-12T17:40:00,2025-11-12T19:40:00,Wednesday,False,False,clear,50.76,completed
B909,U146,S941,P118,2025-10-06T14:57:00,2025-10-06T16:57:00,Monday,False,False,clear,23.42,completed
B910,U131,S550,P110,2025-12-01T09:14:00,2025-12-01T10:44:00,Monday,False,False,fog,47.02,completed
B911,U102,S869,P116,2026-01-21T11:22:00,2026-01-21T13:22:00,Wednesday,False,False,rain,28.83,completed
B912,U258,S1540,P132,2025-11-15T12:48:00,2025-11-15T14:48:00,Saturday,True,False,rain,27.63,completed
B913,U238,S1473,P131,2025-10-02T02:28:00,2025-10-02T04:28:00,Thursday,False,False,fog,25.44,completed
B914,U186,S955,P118,2025-10-27T09:56:00,2025-10-27T11:56:00,Monday,False,False,clear,26.87,completed
B915,U150,S1344,P127,2025-10-20T13:37:00,2025-10-20T15:07:00,Monday,False,True,cloudy,69.79,completed
B916,U225,S868,P116,2025-10-20T07:06:00,2025-10-20T13:06:00,Monday,False,True,haze,37.41,completed
B917,U153,S191,P102,2025-10-25T21:00:00,2025-10-25T21:30:00,Saturday,True,False,clear,39.55,completed
B918,U225,S1141,P123,2025-11-12T20:43:00,2025-11-12T22:43:00,Wednesday,False,False,clear,60.04,completed
B919,U139,S1532,P132,2025-11-04T03:58:00,2025-11-04T09:58:00,Tuesday,False,False,clear,23.88,completed
B920,U113,S1053,P121,2026-01-08T08:55:00,2026-01-08T09:55:00,Thursday,False,False,fog,36.39,completed
B921,U251,S632,P112,2025-11-27T14:30:00,2025-11-27T18:30:00,Thursday,False,False,rain,52.89,completed
B922,U235,S754,P115,2025-12-29T11:18:00,2025-12-29T12:18:00,Monday,False,False,cloudy,19.69,cancelled
B923,U217,S913,P118,2025-11-21T19:08:00,2025-11-21T21:08:00,Friday,False,False,clear,27.62,cancelled
B924,U216,S1148,P123,2025-10-13T17:22:00,2025-10-13T20:22:00,Monday,False,False,clear,52.13,completed
B925,U206,S597,P111,2025-12-03T19:32:00,2025-12-03T21:02:00,Wednesday,False,False,clear,61.8,completed
B926,U278,S845,P116,2026-01-06T11:51:00,2026-01-06T13:21:00,Tuesday,False,False,clear,26.43,completed
B927,U254,S302,P104,2025-11-18T15:31:00,2025-11-18T17:31:00,Tuesday,False,False,rain,51.05,completed
B928,U144,S1242,P125,2025-11-28T19:13:00,2025-11-28T20:13:00,Friday,False,False,clear,24.88,completed
B929,U147,S639,P112,2025-10-08T15:12:00,2025-10-08T16:42:00,Wednesday,False,False,rain,53.98,completed
B930,U262,S1066,P121,2025-10-12T20:08:00,2025-10-12T21:38:00,Sunday,True,False,haze,40.63,completed
B931,U222,S1148,P123,2025-10-29T03:30:00,2025-10-29T05:00:00,Wednesday,False,False,clear,49.03,completed
B932,U139,S1147,P123,2025-11-23T17:20:00,2025-11-23T18:50:00,Sunday,True,False,cloudy,55.4,completed
B933,U294,S584,P110,2025-11-13T08:04:00,2025-11-13T09:04:00,Thursday,False,False,clear,48.6,completed
B934,U211,S1557,P132,2026-01-08T20:10:00,2026-01-08T21:10:00,Thursday,False,False,rain,28.76,completed
B935,U289,S647,P112,2026-01-13T09:52:00,2026-01-13T11:22:00,Tuesday,False,False,clear,59.63,completed
B936,U216,S389,P106,2025-12-15T18:56:00,2025-12-15T19:26:00,Monday,False,False,clear,48.98,completed
B937,U207,S753,P115,2025-10-25T21:59:00,2025-10-25T22:59:00,Saturday,True,False,cloudy,23.11,completed
B938,U261,S1473,P131,2025-11-10T07:18:00,2025-11-10T09:18:00,Monday,False,False,rain,27.78,completed
B939,U212,S669,P113,2026-01-20T06:20:00,2026-01-20T07:50:00,Tuesday,False,False,rain,23.21,completed
B940,U249,S642,P112,2025-10-23T07:25:00,2025-10-23T13:25:00,Thursday,False,False,clear,45.82,completed
B941,U129,S176,P102,2026-01-27T08:31:00,2026-01-27T09:01:00,Tuesday,False,False,rain,43.73,completed
B942,U207,S555,P110,2026-01-18T07:03:00,2026-01-18T08:33:00,Sunday,True,False,clear,46.78,completed
B943,U208,S1162,P124,2025-11-14T12:05:00,2025-11-14T14:05:00,Friday,False,False,cloudy,29.12,completed
B944,U274,S1329,P126,2025-10-02T06:22:00,2025-10-02T07:22:00,Thursday,False,False,clear,16.62,completed
B945,U266,S1086,P122,2025-10-08T23:59:00,2025-10-09T05:59:00,Wednesday,False,False,rain,45.4,completed
B946,U227,S536,P109,2025-12-26T09:04:00,2025-12-26T10:04:00,Friday,False,False,clear,20.12,completed
B947,U137,S1417,P128,2025-12-20T12:05:00,2025-12-20T13:05:00,Saturday,True,False,haze,42.5,completed
B948,U144,S1528,P132,2025-12-17T10:42:00,2025-12-17T13:42:00,Wednesday,False,False,clear,22.47,completed
B949,U183,S1125,P123,2025-11-06T08:32:00,2025-11-06T10:02:00,Thursday,False,False,rain,63.02,completed
B950,U255,S644,P112,2025-11-19T16:09:00,2025-11-19T17:09:00,Wednesday,False,False,cloudy,45.95,completed
B951,U283,S981,P119,2025-10-23T04:55:00,2025-10-23T06:55:00,Thursday,False,False,clear,34.61,completed
B952,U199,S151,P101,2025-12-17T12:15:00,2025-12-17T12:45:00,Wednesday,False,False,clear,21.31,cancelled
B953,U204,S229,P103,2026-01-16T08:13:00,2026-01-16T09:13:00,Friday,False,False,clear,29.96,completed
B954,U215,S1066,P121,2025-12-27T21:47:00,2025-12-27T23:47:00,Saturday,True,False,rain,37.91,completed
B955,U171,S823,P115,2025-12-12T20:28:00,2025-12-12T21:58:00,Friday,False,False,rain,26.02,completed
B956,U261,S1506,P132,2026-01-01T15:38:00,2026-01-01T16:38:00,Thursday,False,False,clear,22.82,completed
B957,U239,S354,P105,2025-12-18T19:18:00,2025-12-18T20:48:00,Thursday,False,False,fog,26.37,cancelled
B958,U288,S1046,P121,2026-01-16T18:26:00,2026-01-16T19:26:00,Friday,False,False,clear,37.33,completed
B959,U246,S438,P106,2025-12-30T08:28:00,2025-12-30T09:28:00,Tuesday,False,False,clear,47.39,completed
B960,U104,S1095,P122,2025-11-10T18:22:00,2025-11-10T22:22:00,Monday,False,False,clear,50.75,completed
B961,U206,S881,P117,2025-10-22T12:32:00,2025-10-22T15:32:00,Wednesday,False,False,cloudy,36.45,completed
B962,U164,S361,P105,2025-10-23T21:17:00,2025-10-23T22:47:00,Thursday,False,False,rain,24.12,completed
B963,U143,S489,P107,2025-11-28T18:58:00,2025-11-28T19:58:00,Friday,False,False,clear,48.61,cancelled
B964,U109,S323,P104,2025-10-26T18:07:00,2025-10-26T19:07:00,Sunday,True,False,clear,64.32,completed
B965,U242,S1342,P127,2026-01-06T08:54:00,2026-01-06T10:24:00,Tuesday,False,False,clear,62.55,completed
B966,U196,S1536,P132,2025-12-12T07:25:00,2025-12-12T07:55:00,Friday,False,False,fog,22.85,cancelled
B967,U151,S1226,P125,2025-11-22T15:38:00,2025-11-22T16:38:00,Saturday,True,False,clear,22.76,completed
B968,U161,S771,P115,2025-10-21T09:22:00,2025-10-21T11:22:00,Tuesday,False,True,cloudy,31.88,completed
B969,U102,S341,P105,2025-11-26T20:32:00,2025-11-26T22:02:00,Wednesday,False,False,cloudy,25.85,completed
B970,U279,S187,P102,2025-10-19T07:04:00,2025-10-19T08:04:00,Sunday,True,False,fog,40.93,completed
B971,U212,S447,P107,2025-12-08T08:50:00,2025-12-08T09:50:00,Monday,False,False,rain,51.29,cancelled
B972,U269,S615,P111,2025-10-26T16:35:00,2025-10-26T18:35:00,Sunday,True,False,clear,61.78,completed
B973,U165,S374,P105,2025-11-22T17:17:00,2025-11-22T19:17:00,Saturday,True,False,rain,26.1,completed
B974,U131,S1105,P122,2025-11-07T06:54:00,2025-11-07T08:54:00,Friday,False,False,clear,42.54,completed
B975,U222,S1484,P131,2025-12-10T14:54:00,2025-12-10T15:54:00,Wednesday,False,False,rain,29.36,completed
B976,U245,S1408,P128,2026-01-15T13:46:00,2026-01-15T16:46:00,Thursday,False,False,haze,37.29,completed
B977,U180,S1377,P128,2026-01-13T19:35:00,2026-01-13T20:35:00,Tuesday,False,False,clear,45.74,completed
B978,U250,S464,P107,2025-12-24T19:57:00,2025-12-24T23:57:00,Wednesday,False,False,rain,51.61,completed
B979,U228,S705,P113,2025-11-20T07:59:00,2025-11-20T09:29:00,Thursday,False,False,clear,21.8,completed
B980,U267,S896,P117,2025-12-07T20:47:00,2025-12-07T22:47:00,Sunday,True,False,clear,48.15,completed
B981,U285,S1027,P120,2025-10-07T14:25:00,2025-10-07T15:55:00,Tuesday,False,False,rain,19.69,cancelled
B982,U173,S324,P104,2025-10-15T19:30:00,2025-10-15T21:30:00,Wednesday,False,False,clear,57.73,completed
B983,U180,S1507,P132,2025-12-16T14:23:00,2025-12-16T14:53:00,Tuesday,False,False,clear,22.8,completed
B984,U163,S1153,P124,2025-12-01T08:28:00,2025-12-01T08:58:00,Monday,False,False,clear,36.59,completed
B985,U136,S404,P106,2026-01-03T12:26:00,2026-01-03T13:26:00,Saturday,True,False,clear,46.68,completed
B986,U285,S1476,P131,2025-11-09T13:26:00,2025-11-09T15:26:00,Sunday,True,False,clear,28.25,completed
B987,U281,S180,P102,2025-11-19T06:54:00,2025-11-19T08:24:00,Wednesday,False,False,rain,37.02,completed
B988,U230,S978,P119,2025-12-19T09:31:00,2025-12-19T12:31:00,Friday,False,False,clear,40.9,completed
B989,U118,S513,P108,2025-10-20T08:38:00,2025-10-20T09:08:00,Monday,False,True,clear,39.08,completed
B990,U136,S1480,P131,2025-11-17T13:32:00,2025-11-17T19:32:00,Monday,False,False,rain,29.01,cancelled
B991,U150,S877,P117,2025-11-06T09:59:00,2025-11-06T12:59:00,Thursday,False,False,clear,42.5,completed
B992,U120,S1231,P125,2025-11-11T22:36:00,2025-11-12T00:36:00,Tuesday,False,False,clear,20.68,cancelled
B993,U237,S1243,P125,2025-10-23T07:43:00,2025-10-23T09:43:00,Thursday,False,False,clear,19.86,completed
B994,U292,S1424,P129,2025-11-28T19:55:00,2025-11-28T20:55:00,Friday,False,False,clear,19.68,completed
B995,U292,S1437,P129,2025-10-21T13:04:00,2025-10-21T13:34:00,Tuesday,False,True,clear,24.36,completed
B996,U139,S785,P115,2026-01-28T19:33:00,2026-01-28T20:33:00,Wednesday,False,False,clear,24.42,completed
B997,U231,S293,P104,2026-01-20T20:07:00,2026-01-20T21:07:00,Tuesday,False,False,fog,53.85,completed
B998,U168,S448,P107,2025-12-21T19:12:00,2025-12-21T20:12:00,Sunday,True,False,fog,54.84,completed
B999,U242,S1145,P123,2025-10-04T18:44:00,2025-10-04T19:44:00,Saturday,True,False,clear,64.82,completed
B1000,U249,S821,P115,2025-12-04T08:26:00,2025-12-04T10:26:00,Thursday,False,False,rain,26.02,completed
B1001,U177,S1253,P125,2025-10-08T07:26:00,2025-10-08T09:26:00,Wednesday,False,False,clear,19.26,completed
B1002,U127,S1482,P131,2025-10-10T06:40:00,2025-10-10T12:40:00,Friday,False,False,clear,26.32,completed
B1003,U154,S1477,P131,2025-11-26T01:10:00,2025-11-26T02:10:00,Wednesday,False,False,clear,24.94,completed
B1004,U148,S1258,P126,2026-01-07T20:13:00,2026-01-07T22:13:00,Wednesday,False,False,rain,20.98,completed
B1005,U181,S555,P110,2026-01-24T08:33:00,2026-01-24T14:33:00,Saturday,True,False,clear,51.57,completed
B1006,U245,S1428,P129,2025-11-26T18:43:00,2025-11-26T19:13:00,Wednesday,False,False,haze,19.75,completed
B1007,U145,S732,P114,2025-11-28T19:23:00,2025-11-28T20:53:00,Friday,False,False,cloudy,34.82,completed
B1008,U154,S245,P103,2025-12-16T19:46:00,2025-12-16T21:16:00,Tuesday,False,False,cloudy,28.83,completed
B1009,U108,S1379,P128,2025-12-03T08:43:00,2025-12-03T11:43:00,Wednesday,False,False,cloudy,43.62,completed
B1010,U279,S586,P110,2026-01-26T19:11:00,2026-01-26T20:11:00,Monday,False,True,rain,65.73,completed
B1011,U200,S1064,P121,2025-10-19T14:11:00,2025-10-19T17:11:00,Sunday,True,False,cloudy,32.84,completed
B1012,U117,S410,P106,2026-01-10T13:01:00,2026-01-10T19:01:00,Saturday,True,False,clear,45.48,cancelled
B1013,U187,S1324,P126,2025-12-09T20:57:00,2025-12-09T21:57:00,Tuesday,False,False,clear,20.65,completed
B1014,U192,S972,P118,2026-01-20T14:41:00,2026-01-20T16:11:00,Tuesday,False,False,rain,26.04,completed
B1015,U295,S154,P101,2025-12-06T18:47:00,2025-12-07T00:47:00,Saturday,True,False,clear,28.09,completed
B1016,U155,S1341,P127,2025-10-16T19:48:00,2025-10-16T20:48:00,Thursday,False,False,rain,63.72,completed
B1017,U139,S449,P107,2025-11-30T19:24:00,2025-11-30T20:24:00,Sunday,True,False,rain,59.4,completed
B1018,U105,S493,P107,2026-01-25T10:00:00,2026-01-25T12:00:00,Sunday,True,False,cloudy,44.47,completed
B1019,U292,S1137,P123,2025-10-05T07:53:00,2025-10-05T11:53:00,Sunday,True,False,clear,56.12,completed
B1020,U173,S1251,P125,2025-12-09T16:59:00,2025-12-09T17:29:00,Tuesday,False,False,rain,20.93,completed
B1021,U144,S1473,P131,2025-10-24T16:04:00,2025-10-24T19:04:00,Friday,False,False,fog,25.59,completed
B1022,U116,S957,P118,2025-10-25T16:26:00,2025-10-25T17:56:00,Saturday,True,False,cloudy,26.89,completed
B1023,U118,S1258,P126,2026-01-07T18:28:00,2026-01-08T00:28:00,Wednesday,False,False,rain,21.36,completed
B1024,U257,S1082,P122,2025-12-27T07:00:00,2025-12-27T09:00:00,Saturday,True,False,clear,47.08,completed
B1025,U252,S1487,P131,2026-01-01T16:56:00,2026-01-01T18:26:00,Thursday,False,False,rain,29.27,completed
B1026,U162,S1155,P124,2025-10-28T19:15:00,2025-10-28T19:45:00,Tuesday,False,False,clear,36.33,completed
B1027,U264,S1029,P120,2025-11-23T18:56:00,2025-11-23T21:56:00,Sunday,True,False,cloudy,25.12,completed
B1028,U280,S1500,P132,2025-12-10T15:49:00,2025-12-10T17:49:00,Wednesday,False,False,clear,22.05,completed
B1029,U194,S540,P109,2026-01-07T15:12:00,2026-01-07T15:42:00,Wednesday,False,False,clear,18.05,completed
B1030,U266,S1447,P129,2025-11-15T20:50:00,2025-11-15T21:50:00,Saturday,True,False,rain,25.76,completed
B1031,U204,S959,P118,2025-11-08T13:04:00,2025-11-08T16:04:00,Saturday,True,False,clear,25.26,completed
B1032,U133,S398,P106,2025-11-01T02:01:00,2025-11-01T03:31:00,Saturday,True,True,rain,68.81,completed
B1033,U167,S739,P114,2026-01-16T07:07:00,2026-01-16T09:07:00,Friday,False,False,clear,27.81,completed
B1034,U208,S1554,P132,2025-12-04T21:43:00,2025-12-05T00:43:00,Thursday,False,False,cloudy,23.94,cancelled
B1035,U209,S294,P104,2025-12-27T19:31:00,2025-12-27T20:31:00,Saturday,True,False,haze,60.36,completed
B1036,U191,S1036,P120,2025-12-23T05:39:00,2025-12-23T09:39:00,Tuesday,False,False,clear,19.16,completed
B1037,U179,S547,P109,2026-01-12T09:57:00,2026-01-12T11:27:00,Monday,False,False,rain,23.46,completed
B1038,U268,S178,P102,2025-12-25T14:14:00,2025-12-25T16:14:00,Thursday,False,True,fog,50.86,completed
B1039,U206,S660,P113,2026-01-28T07:44:00,2026-01-28T09:14:00,Wednesday,False,False,clear,22.04,completed
B1040,U257,S247,P103,2025-11-22T12:08:00,2025-11-22T13:08:00,Saturday,True,False,clear,26.55,completed
B1041,U156,S1178,P124,2025-11-18T07:30:00,2025-11-18T09:30:00,Tuesday,False,False,clear,28.93,completed
B1042,U158,S1212,P124,2025-11-21T08:43:00,2025-11-21T12:43:00,Friday,False,False,cloudy,34.2,completed
B1043,U244,S1269,P126,2026-01-24T09:31:00,2026-01-24T10:31:00,Saturday,True,False,fog,22.45,completed
B1044,U208,S182,P102,2025-10-13T20:50:00,2025-10-13T21:50:00,Monday,False,False,fog,40.17,completed
B1045,U283,S1545,P132,2026-01-07T15:43:00,2026-01-07T16:43:00,Wednesday,False,False,rain,26.04,completed
B1046,U241,S1482,P131,2025-11-01T17:31:00,2025-11-01T19:01:00,Saturday,True,True,clear,39.81,completed
B1047,U269,S1133,P123,2025-12-13T18:10:00,2025-12-13T19:10:00,Saturday,True,False,rain,74.85,completed
B1048,U234,S898,P117,2025-12-21T18:47:00,2025-12-21T19:17:00,Sunday,True,False,clear,46.47,completed
B1049,U222,S404,P106,2026-01-01T16:28:00,2026-01-01T20:28:00,Thursday,False,False,cloudy,39.94,completed
B1050,U269,S1223,P125,2025-11-14T07:52:00,2025-11-14T09:22:00,Friday,False,False,clear,19.0,completed
B1051,U284,S733,P114,2025-12-25T07:44:00,2025-12-25T08:44:00,Thursday,False,True,cloudy,41.1,completed
B1052,U252,S777,P115,2026-01-23T01:32:00,2026-01-23T02:02:00,Friday,False,False,rain,22.36,completed
B1053,U296,S1364,P127,2025-11-04T08:18:00,2025-11-04T10:18:00,Tuesday,False,False,clear,59.97,completed
B1054,U112,S161,P101,2025-11-12T11:35:00,2025-11-12T12:35:00,Wednesday,False,False,cloudy,20.1,cancelled
B1055,U104,S651,P112,2025-10-18T03:14:00,2025-10-18T04:14:00,Saturday,True,False,clear,56.83,cancelled
B1056,U259,S783,P115,2026-01-05T11:49:00,2026-01-05T13:49:00,Monday,False,False,clear,20.45,completed
B1057,U156,S1040,P120,2026-01-05T08:49:00,2026-01-05T09:49:00,Monday,False,False,clear,22.11,completed
B1058,U196,S1391,P128,2025-11-24T09:02:00,2025-11-24T12:02:00,Monday,False,False,rain,51.68,completed
B1059,U141,S1457,P130,2025-12-07T13:06:00,2025-12-07T14:36:00,Sunday,True,False,cloudy,55.93,completed
B1060,U107,S1458,P130,2025-11-04T02:33:00,2025-11-04T05:33:00,Tuesday,False,False,rain,56.1,completed
B1061,U171,S1328,P126,2025-12-12T17:39:00,2025-12-12T19:09:00,Friday,False,False,clear,16.4,completed
B1062,U136,S166,P101,2025-12-21T15:08:00,2025-12-21T15:38:00,Sunday,True,False,clear,24.76,completed
B1063,U265,S1189,P124,2025-12-27T12:25:00,2025-12-27T13:25:00,Saturday,True,False,haze,36.02,completed
B1064,U209,S473,P107,2025-12-19T07:10:00,2025-12-19T08:10:00,Friday,False,False,clear,40.8,completed
B1065,U137,S1084,P122,2026-01-28T08:59:00,2026-01-28T12:59:00,Wednesday,False,False,haze,48.8,completed
B1066,U279,S1049,P121,2025-10-03T04:38:00,2025-10-03T06:08:00,Friday,False,False,rain,33.33,completed
B1067,U205,S1026,P120,2025-11-14T08:32:00,2025-11-14T11:32:00,Friday,False,False,clear,23.62,completed
B1068,U170,S831,P116,2025-11-23T17:27:00,2025-11-23T20:27:00,Sunday,True,False,rain,32.83,completed
B1069,U244,S1294,P126,2025-11-17T09:51:00,2025-11-17T12:51:00,Monday,False,False,clear,19.24,completed
B1070,U130,S531,P109,2025-12-31T14:17:00,2025-12-31T15:47:00,Wednesday,False,False,clear,18.24,completed
B1071,U279,S1525,P132,2025-10-26T06:59:00,2025-10-26T07:59:00,Sunday,True,False,clear,26.15,completed
B1072,U226,S1357,P127,2026-01-28T13:28:00,2026-01-28T16:28:00,Wednesday,False,False,clear,52.76,completed
B1073,U246,S255,P103,2025-11-23T12:01:00,2025-11-23T14:01:00,Sunday,True,False,fog,27.49,completed
B1074,U276,S696,P113,2025-10-01T11:07:00,2025-10-01T12:37:00,Wednesday,False,False,rain,23.28,completed
B1075,U137,S819,P115,2025-11-16T09:45:00,2025-11-16T11:45:00,Sunday,True,False,clear,27.46,completed
B1076,U168,S1487,P131,2026-01-12T07:52:00,2026-01-12T08:52:00,Monday,False,False,clear,25.32,completed
B1077,U265,S1143,P123,2025-12-17T09:25:00,2025-12-17T12:25:00,Wednesday,False,False,clear,58.73,completed
B1078,U175,S626,P111,2025-12-28T12:05:00,2025-12-28T15:05:00,Sunday,True,False,clear,61.46,completed
B1079,U217,S979,P119,2025-11-19T15:44:00,2025-11-19T17:44:00,Wednesday,False,False,clear,35.06,completed
B1080,U276,S539,P109,2026-01-09T15:14:00,2026-01-09T18:14:00,Friday,False,False,fog,17.3,completed
B1081,U130,S642,P112,2025-12-13T13:39:00,2025-12-13T15:09:00,Saturday,True,False,fog,52.4,completed
B1082,U169,S400,P106,2025-10-03T19:39:00,2025-10-03T20:39:00,Friday,False,False,rain,51.87,completed
B1083,U177,S790,P115,2026-01-19T02:02:00,2026-01-19T08:02:00,Monday,False,False,clear,20.3,completed
B1084,U279,S1090,P122,2025-10-18T09:21:00,2025-10-18T15:21:00,Saturday,True,False,clear,54.76,completed
B1085,U273,S1002,P119,2025-10-16T09:43:00,2025-10-16T10:13:00,Thursday,False,False,rain,45.59,completed
B1086,U288,S1473,P131,2025-10-29T17:00:00,2025-10-29T18:00:00,Wednesday,False,False,cloudy,26.48,completed
B1087,U268,S369,P105,2026-01-12T18:46:00,2026-01-12T19:16:00,Monday,False,False,clear,26.07,completed
B1088,U291,S518,P108,2025-12-17T08:59:00,2025-12-17T09:59:00,Wednesday,False,False,clear,30.52,cancelled
B1089,U180,S1033,P120,2025-10-12T17:09:00,2025-10-12T20:09:00,Sunday,True,False,rain,22.41,completed
B1090,U219,S556,P110,2025-12-16T15:33:00,2025-12-16T16:33:00,Tuesday,False,False,clear,41.58,completed
B1091,U179,S1093,P122,2026-01-08T10:09:00,2026-01-08T13:09:00,Thursday,False,False,fog,40.3,cancelled
B1092,U190,S1453,P130,2025-11-06T06:49:00,2025-11-06T08:19:00,Thursday,False,False,cloudy,46.62,completed
B1093,U282,S634,P112,2025-12-21T18:40:00,2025-12-21T21:40:00,Sunday,True,False,rain,72.2,completed
B1094,U283,S1107,P122,2025-12-20T18:40:00,2025-12-20T20:10:00,Saturday,True,False,cloudy,58.46,completed
B1095,U184,S1061,P121,2025-10-09T20:38:00,2025-10-09T21:38:00,Thursday,False,False,clear,35.8,completed
B1096,U156,S158,P101,2026-01-25T08:43:00,2026-01-25T09:43:00,Sunday,True,False,rain,31.68,completed
B1097,U142,S750,P114,2026-01-13T08:26:00,2026-01-13T09:26:00,Tuesday,False,False,clear,33.93,completed
B1098,U140,S627,P111,2025-11-24T20:37:00,2025-11-25T02:37:00,Monday,False,False,rain,68.14,completed
B1099,U140,S622,P111,2025-11-13T09:41:00,2025-11-13T12:41:00,Thursday,False,False,fog,60.21,completed
B1100,U131,S394,P106,2025-12-26T22:06:00,2025-12-27T01:06:00,Friday,False,False,clear,39.65,completed
B1101,U163,S1407,P128,2025-10-09T13:40:00,2025-10-09T14:40:00,Thursday,False,False,cloudy,37.37,completed
B1102,U151,S1308,P126,2025-12-09T15:08:00,2025-12-09T16:38:00,Tuesday,False,False,clear,16.7,completed
B1103,U289,S1220,P125,2025-11-03T21:12:00,2025-11-03T23:12:00,Monday,False,False,clear,20.68,completed
B1104,U287,S700,P113,2025-11-30T16:06:00,2025-11-30T19:06:00,Sunday,True,False,rain,26.85,completed
B1105,U291,S1065,P121,2025-11-27T08:11:00,2025-11-27T09:11:00,Thursday,False,False,cloudy,35.62,completed
B1106,U107,S655,P113,2025-12-14T09:19:00,2025-12-14T11:19:00,Sunday,True,False,clear,28.18,completed
B1107,U213,S132,P101,2026-01-11T17:20:00,2026-01-11T18:20:00,Sunday,True,False,fog,23.31,cancelled
B1108,U112,S1130,P123,2025-12-05T00:12:00,2025-12-05T01:42:00,Friday,False,False,cloudy,47.9,completed
B1109,U148,S467,P107,2025-11-11T23:16:00,2025-11-12T03:16:00,Tuesday,False,False,rain,42.92,completed
B1110,U209,S1025,P120,2025-12-30T13:18:00,2025-12-30T16:18:00,Tuesday,False,False,fog,19.37,completed
B1111,U253,S237,P103,2025-11-24T07:07:00,2025-11-24T08:37:00,Monday,False,False,clear,24.89,completed
B1112,U272,S1472,P130,2025-11-18T06:52:00,2025-11-18T08:52:00,Tuesday,False,False,rain,51.71,completed
B1113,U152,S1094,P122,2025-11-04T20:41:00,2025-11-04T22:11:00,Tuesday,False,False,haze,47.83,completed
B1114,U286,S541,P109,2025-11-22T12:34:00,2025-11-22T15:34:00,Saturday,True,False,fog,19.94,completed
B1115,U245,S1123,P123,2025-11-17T09:52:00,2025-11-17T10:52:00,Monday,False,False,haze,59.1,completed
B1116,U280,S1256,P126,2026-01-28T09:02:00,2026-01-28T11:02:00,Wednesday,False,False,clear,19.3,completed
B1117,U277,S767,P115,2025-10-05T07:06:00,2025-10-05T07:36:00,Sunday,True,False,rain,26.34,completed
B1118,U158,S204,P102,2025-12-26T04:56:00,2025-12-26T07:56:00,Friday,False,False,clear,35.49,completed
B1119,U110,S598,P111,2026-01-01T10:59:00,2026-01-01T11:59:00,Thursday,False,False,cloudy,51.39,completed
B1120,U137,S242,P103,2025-11-20T18:51:00,2025-11-20T20:21:00,Thursday,False,False,clear,28.06,completed
B1121,U278,S899,P117,2025-11-20T19:43:00,2025-11-20T21:13:00,Thursday,False,False,rain,46.56,completed
B1122,U136,S280,P104,2025-11-20T13:24:00,2025-11-20T14:54:00,Thursday,False,False,clear,48.02,completed
B1123,U296,S484,P107,2025-11-27T12:58:00,2025-11-27T13:58:00,Thursday,False,False,cloudy,39.65,completed
B1124,U111,S288,P104,2025-10-31T09:08:00,2025-10-31T09:38:00,Friday,False,False,cloudy,55.67,completed
B1125,U135,S1435,P129,2025-11-22T10:10:00,2025-11-22T13:10:00,Saturday,True,False,clear,19.08,completed
B1126,U159,S890,P117,2025-11-01T20:36:00,2025-11-01T22:36:00,Saturday,True,True,clear,59.75,completed
B1127,U214,S561,P110,2026-01-11T16:20:00,2026-01-11T17:50:00,Sunday,True,False,cloudy,44.46,completed
B1128,U177,S139,P101,2025-11-20T14:26:00,2025-11-20T15:26:00,Thursday,False,False,clear,21.08,completed
B1129,U272,S485,P107,2026-01-01T10:04:00,2026-01-01T13:04:00,Thursday,False,False,rain,43.11,completed
B1130,U177,S923,P118,2025-10-08T12:36:00,2025-10-08T13:36:00,Wednesday,False,False,haze,23.91,completed
B1131,U160,S475,P107,2025-10-15T08:20:00,2025-10-15T12:20:00,Wednesday,False,False,fog,49.38,completed
B1132,U115,S512,P108,2025-12-30T05:40:00,2025-12-30T06:40:00,Tuesday,False,False,clear,25.0,completed
B1133,U197,S474,P107,2025-12-10T08:12:00,2025-12-10T11:12:00,Wednesday,False,False,cloudy,47.16,completed
B1134,U272,S686,P113,2025-12-06T03:04:00,2025-12-06T04:34:00,Saturday,True,False,fog,25.42,completed
B1135,U297,S698,P113,2025-11-17T07:52:00,2025-11-17T08:52:00,Monday,False,False,clear,21.92,completed
B1136,U269,S1350,P127,2025-10-04T13:21:00,2025-10-04T17:21:00,Saturday,True,False,fog,59.34,completed
B1137,U188,S253,P103,2025-11-26T22:24:00,2025-11-26T22:54:00,Wednesday,False,False,fog,25.04,completed
B1138,U114,S748,P114,2025-11-08T13:30:00,2025-11-08T17:30:00,Saturday,True,False,clear,32.88,cancelled
B1139,U143,S1082,P122,2025-10-20T09:26:00,2025-10-20T11:26:00,Monday,False,True,clear,67.01,completed
B1140,U295,S112,P101,2025-12-28T18:12:00,2025-12-28T20:12:00,Sunday,True,False,clear,27.86,completed
B1141,U165,S1507,P132,2025-12-17T12:00:00,2025-12-17T12:30:00,Wednesday,False,False,fog,22.09,completed
B1142,U276,S385,P105,2025-11-28T06:25:00,2025-11-28T07:25:00,Friday,False,False,clear,21.62,completed
B1143,U150,S459,P107,2025-12-06T23:18:00,2025-12-07T03:18:00,Saturday,True,False,cloudy,46.58,completed
B1144,U102,S809,P115,2025-11-17T19:58:00,2025-11-17T20:58:00,Monday,False,False,clear,24.98,completed
B1145,U257,S889,P117,2025-11-12T17:08:00,2025-11-12T18:38:00,Wednesday,False,False,rain,36.87,completed
B1146,U247,S454,P107,2025-12-30T21:16:00,2025-12-30T22:16:00,Tuesday,False,False,haze,38.88,completed
B1147,U107,S996,P119,2026-01-28T13:11:00,2026-01-28T16:11:00,Wednesday,False,False,clear,35.33,completed
B1148,U167,S1054,P121,2025-12-08T08:26:00,2025-12-08T08:56:00,Monday,False,False,cloudy,35.67,completed
B1149,U298,S500,P108,2025-11-26T18:48:00,2025-11-26T20:18:00,Wednesday,False,False,rain,32.36,completed
B1150,U186,S218,P103,2025-11-24T15:26:00,2025-11-24T16:56:00,Monday,False,False,rain,26.88,completed
B1151,U232,S612,P111,2026-01-12T21:30:00,2026-01-12T23:00:00,Monday,False,False,rain,54.04,completed
B1152,U252,S1442,P129,2025-10-27T13:14:00,2025-10-27T14:44:00,Monday,False,False,cloudy,17.11,completed
B1153,U212,S409,P106,2025-11-12T09:42:00,2025-11-12T11:42:00,Wednesday,False,False,clear,49.52,completed
B1154,U270,S635,P112,2026-01-26T11:24:00,2026-01-26T12:24:00,Monday,False,True,clear,65.94,completed
B1155,U113,S1312,P126,2026-01-09T20:47:00,2026-01-09T22:47:00,Friday,False,False,clear,19.61,completed
B1156,U177,S1250,P125,2025-10-05T18:40:00,2025-10-05T19:40:00,Sunday,True,False,clear,27.73,completed
B1157,U112,S598,P111,2026-01-15T01:04:00,2026-01-15T02:04:00,Thursday,False,False,clear,49.85,completed
B1158,U171,S294,P104,2025-10-02T12:52:00,2025-10-02T13:52:00,Thursday,False,False,cloudy,46.4,completed
B1159,U179,S1362,P127,2025-11-02T09:23:00,2025-11-02T10:23:00,Sunday,True,False,clear,70.43,completed
B1160,U215,S1428,P129,2025-11-21T18:08:00,2025-11-21T19:08:00,Friday,False,False,cloudy,20.9,cancelled
B1161,U215,S1242,P125,2025-10-09T07:48:00,2025-10-09T08:18:00,Thursday,False,False,fog,20.78,completed
B1162,U149,S210,P102,2025-12-02T16:27:00,2025-12-02T16:57:00,Tuesday,False,False,clear,33.9,completed
B1163,U282,S546,P109,2026-01-05T20:30:00,2026-01-05T21:30:00,Monday,False,False,clear,21.73,completed
B1164,U109,S520,P108,2026-01-12T07:39:00,2026-01-12T08:39:00,Monday,False,False,clear,24.01,completed
B1165,U279,S222,P103,2025-10-25T17:26:00,2025-10-25T18:56:00,Saturday,True,False,cloudy,26.89,completed
B1166,U297,S1041,P121,2025-12-02T16:41:00,2025-12-02T18:11:00,Tuesday,False,False,clear,30.0,completed
B1167,U220,S794,P115,2026-01-04T17:13:00,2026-01-04T18:43:00,Sunday,True,False,fog,23.04,completed
B1168,U136,S470,P107,2025-12-11T16:08:00,2025-12-11T18:08:00,Thursday,False,False,rain,43.47,completed
B1169,U239,S858,P116,2025-12-24T19:51:00,2025-12-24T20:51:00,Wednesday,False,False,rain,35.73,completed
B1170,U117,S1229,P125,2026-01-10T23:23:00,2026-01-11T00:23:00,Saturday,True,False,clear,22.37,completed
B1171,U150,S275,P104,2025-11-26T09:26:00,2025-11-26T11:26:00,Wednesday,False,False,clear,55.97,completed
B1172,U217,S623,P111,2025-10-07T14:13:00,2025-10-07T18:13:00,Tuesday,False,False,haze,53.14,completed
B1173,U202,S1509,P132,2025-12-25T09:29:00,2025-12-25T10:29:00,Thursday,False,True,clear,38.31,completed
B1174,U223,S1529,P132,2025-10-18T15:42:00,2025-10-18T18:42:00,Saturday,True,False,cloudy,25.53,completed
B1175,U257,S1084,P122,2025-10-30T08:40:00,2025-10-30T09:40:00,Thursday,False,False,clear,49.74,completed
B1176,U150,S821,P115,2025-10-05T21:23:00,2025-10-05T22:23:00,Sunday,True,False,rain,26.19,completed
B1177,U127,S1245,P125,2025-11-14T17:44:00,2025-11-14T21:44:00,Friday,False,False,fog,19.71,completed
B1178,U133,S415,P106,2026-01-27T07:23:00,2026-01-27T08:23:00,Tuesday,False,False,clear,41.98,completed
B1179,U188,S1425,P129,2025-12-19T10:28:00,2025-12-19T11:28:00,Friday,False,False,clear,16.99,completed
B1180,U273,S1433,P129,2025-11-08T09:42:00,2025-11-08T12:42:00,Saturday,True,False,clear,23.28,completed
B1181,U171,S1490,P132,2025-12-19T08:47:00,2025-12-19T10:47:00,Friday,False,False,haze,26.73,completed
B1182,U289,S1306,P126,2026-01-02T18:21:00,2026-01-02T20:21:00,Friday,False,False,rain,21.01,completed
B1183,U204,S112,P101,2025-11-17T05:51:00,2025-11-17T07:51:00,Monday,False,False,rain,24.04,completed
B1184,U174,S1036,P120,2026-01-21T19:31:00,2026-01-21T21:31:00,Wednesday,False,False,rain,25.13,completed
B1185,U168,S746,P114,2026-01-05T17:39:00,2026-01-05T18:39:00,Monday,False,False,clear,29.26,completed
B1186,U110,S1459,P130,2025-12-14T22:14:00,2025-12-14T23:14:00,Sunday,True,False,clear,54.52,completed
B1187,U128,S302,P104,2025-11-21T08:51:00,2025-11-21T10:21:00,Friday,False,False,clear,57.28,cancelled
B1188,U218,S1102,P122,2025-10-27T07:09:00,2025-10-27T08:39:00,Monday,False,False,fog,40.52,completed
B1189,U103,S1484,P131,2025-10-26T00:14:00,2025-10-26T01:44:00,Sunday,True,False,clear,29.18,completed
B1190,U115,S1210,P124,2025-12-09T16:01:00,2025-12-09T18:01:00,Tuesday,False,False,clear,28.64,completed
B1191,U103,S491,P107,2025-10-21T20:19:00,2025-10-21T22:19:00,Tuesday,False,True,rain,67.67,completed
B1192,U212,S751,P115,2025-10-08T08:27:00,2025-10-08T11:27:00,Wednesday,False,False,fog,25.38,completed
B1193,U253,S1151,P123,2025-10-13T08:54:00,2025-10-13T09:54:00,Monday,False,False,rain,63.07,completed
B1194,U125,S1166,P124,2025-10-30T10:18:00,2025-10-30T12:18:00,Thursday,False,False,clear,28.99,cancelled
B1195,U186,S622,P111,2025-10-25T06:55:00,2025-10-25T07:25:00,Saturday,True,False,rain,66.83,completed
B1196,U164,S1338,P127,2025-11-02T10:42:00,2025-11-02T12:42:00,Sunday,True,False,clear,57.44,completed
B1197,U273,S677,P113,2026-01-19T13:10:00,2026-01-19T14:40:00,Monday,False,False,fog,22.1,completed
B1198,U192,S1281,P126,2025-11-10T17:13:00,2025-11-10T20:13:00,Monday,False,False,rain,17.74,completed
B1199,U172,S696,P113,2026-01-21T12:02:00,2026-01-21T15:02:00,Wednesday,False,False,haze,22.18,completed
B1200,U288,S1334,P127,2026-01-09T11:42:00,2026-01-09T12:42:00,Friday,False,False,clear,51.53,completed
B1201,U192,S522,P108,2025-10-10T18:12:00,2025-10-10T19:12:00,Friday,False,False,clear,28.97,completed
B1202,U290,S546,P109,2026-01-11T13:30:00,2026-01-11T15:30:00,Sunday,True,False,rain,21.89,completed
B1203,U256,S329,P104,2025-12-11T19:55:00,2025-12-11T22:55:00,Thursday,False,False,clear,56.8,completed
B1204,U195,S1487,P131,2025-11-08T16:38:00,2025-11-08T18:08:00,Saturday,True,False,rain,31.73,completed
B1205,U144,S650,P112,2025-12-27T02:35:00,2025-12-27T03:05:00,Saturday,True,False,cloudy,56.56,completed
B1206,U226,S534,P109,2025-10-09T14:02:00,2025-10-09T16:02:00,Thursday,False,False,clear,17.09,completed
B1207,U233,S1057,P121,2025-11-14T08:53:00,2025-11-14T12:53:00,Friday,False,False,clear,36.75,completed
B1208,U156,S1347,P127,2025-10-16T07:14:00,2025-10-16T08:14:00,Thursday,False,False,clear,50.85,completed
B1209,U102,S1297,P126,2025-11-20T23:14:00,2025-11-21T00:14:00,Thursday,False,False,cloudy,17.23,completed
B1210,U271,S1448,P129,2026-01-25T22:09:00,2026-01-25T23:09:00,Sunday,True,False,cloudy,19.42,completed
B1211,U204,S544,P109,2025-11-28T07:33:00,2025-11-28T10:33:00,Friday,False,False,fog,17.22,completed
B1212,U190,S1037,P120,2025-10-07T15:32:00,2025-10-07T17:32:00,Tuesday,False,False,clear,17.96,completed
B1213,U248,S732,P114,2025-12-07T07:10:00,2025-12-07T08:10:00,Sunday,True,False,clear,31.69,completed
B1214,U239,S1016,P119,2025-10-26T14:55:00,2025-10-26T16:55:00,Sunday,True,False,clear,39.04,completed
B1215,U148,S536,P109,2025-11-16T13:16:00,2025-11-16T14:16:00,Sunday,True,False,clear,19.95,completed
B1216,U115,S1063,P121,2025-10-28T14:27:00,2025-10-28T20:27:00,Tuesday,False,False,clear,29.01,completed
B1217,U151,S1146,P123,2025-11-17T07:29:00,2025-11-17T08:29:00,Monday,False,False,clear,51.31,completed
B1218,U105,S1366,P127,2026-01-10T15:10:00,2026-01-10T16:40:00,Saturday,True,False,rain,61.33,completed
B1219,U287,S1418,P128,2026-01-11T12:55:00,2026-01-11T15:55:00,Sunday,True,False,haze,43.54,completed
B1220,U101,S444,P107,2025-12-29T09:56:00,2025-12-29T11:26:00,Monday,False,False,clear,49.44,completed
B1221,U168,S551,P110,2026-01-09T10:20:00,2026-01-09T16:20:00,Friday,False,False,clear,40.29,completed
B1222,U252,S299,P104,2025-10-02T17:41:00,2025-10-02T20:41:00,Thursday,False,False,haze,48.42,completed
B1223,U244,S609,P111,2025-10-28T09:33:00,2025-10-28T10:03:00,Tuesday,False,False,cloudy,62.66,completed
B1224,U249,S879,P117,2025-12-29T12:49:00,2025-12-29T13:49:00,Monday,False,False,clear,34.47,completed
B1225,U231,S986,P119,2025-12-09T19:30:00,2025-12-09T20:30:00,Tuesday,False,False,clear,41.79,completed
B1226,U161,S240,P103,2025-12-30T21:45:00,2025-12-30T22:45:00,Tuesday,False,False,clear,25.02,completed
B1227,U121,S482,P107,2025-10-22T18:36:00,2025-10-22T19:06:00,Wednesday,False,False,clear,48.22,completed
B1228,U226,S822,P115,2025-12-23T09:37:00,2025-12-23T11:07:00,Tuesday,False,False,clear,24.5,completed
B1229,U228,S860,P116,2026-01-04T04:33:00,2026-01-04T06:03:00,Sunday,True,False,clear,30.12,completed
B1230,U183,S1017,P119,2026-01-02T22:55:00,2026-01-02T23:55:00,Friday,False,False,fog,33.32,completed
B1231,U226,S322,P104,2025-12-19T13:13:00,2025-12-19T16:13:00,Friday,False,False,cloudy,46.73,completed
B1232,U241,S1352,P127,2025-12-03T04:03:00,2025-12-03T05:03:00,Wednesday,False,False,haze,53.13,completed
B1233,U194,S275,P104,2025-12-25T15:37:00,2025-12-25T16:37:00,Thursday,False,True,fog,68.23,completed
B1234,U299,S881,P117,2025-11-01T19:19:00,2025-11-01T23:19:00,Saturday,True,True,clear,61.53,completed
B1235,U288,S1430,P129,2025-12-10T09:53:00,2025-12-10T11:53:00,Wednesday,False,False,clear,19.58,completed
B1236,U142,S1178,P124,2026-01-26T08:28:00,2026-01-26T08:58:00,Monday,False,True,clear,45.5,completed
B1237,U146,S690,P113,2025-11-20T16:19:00,2025-11-20T17:49:00,Thursday,False,False,fog,21.42,completed
B1238,U237,S634,P112,2026-01-26T21:59:00,2026-01-26T22:59:00,Monday,False,True,clear,65.95,completed
B1239,U273,S648,P112,2025-12-13T18:38:00,2025-12-13T20:08:00,Saturday,True,False,clear,65.72,completed
B1240,U163,S1222,P125,2025-10-30T10:07:00,2025-10-30T12:07:00,Thursday,False,False,haze,20.14,completed
B1241,U112,S939,P118,2025-12-24T04:50:00,2025-12-24T05:50:00,Wednesday,False,False,clear,21.91,completed
B1242,U164,S628,P111,2025-10-30T00:11:00,2025-10-30T01:41:00,Thursday,False,False,fog,51.78,completed
B1243,U293,S143,P101,2025-11-23T11:39:00,2025-11-23T12:09:00,Sunday,True,False,fog,24.39,completed
B1244,U198,S550,P110,2025-11-10T19:03:00,2025-11-10T19:33:00,Monday,False,False,rain,52.25,completed
B1245,U180,S1060,P121,2025-11-24T15:53:00,2025-11-24T17:53:00,Monday,False,False,fog,30.38,completed
B1246,U173,S1035,P120,2025-12-29T17:07:00,2025-12-29T21:07:00,Monday,False,False,clear,19.69,completed
B1247,U246,S1115,P123,2025-12-20T10:26:00,2025-12-20T13:26:00,Saturday,True,False,rain,63.04,completed
B1248,U106,S1057,P121,2026-01-28T07:15:00,2026-01-28T08:15:00,Wednesday,False,False,clear,29.72,completed
B1249,U200,S648,P112,2025-11-14T01:10:00,2025-11-14T01:40:00,Friday,False,False,clear,49.55,completed
B1250,U225,S617,P111,2025-10-19T06:04:00,2025-10-19T07:34:00,Sunday,True,False,clear,57.86,completed
B1251,U196,S1265,P126,2025-10-17T20:57:00,2025-10-17T22:27:00,Friday,False,False,rain,21.57,completed
B1252,U136,S778,P115,2025-10-30T03:22:00,2025-10-30T04:22:00,Thursday,False,False,clear,19.54,completed
B1253,U134,S1088,P122,2025-11-29T15:06:00,2025-11-29T15:36:00,Saturday,True,False,clear,45.93,completed
B1254,U231,S986,P119,2025-11-21T12:28:00,2025-11-21T13:28:00,Friday,False,False,clear,32.73,completed
B1255,U231,S1481,P131,2025-11-12T08:11:00,2025-11-12T11:11:00,Wednesday,False,False,cloudy,32.3,completed
B1256,U168,S115,P101,2025-10-25T11:24:00,2025-10-25T13:24:00,Saturday,True,False,cloudy,24.28,cancelled
B1257,U223,S1139,P123,2025-12-27T06:11:00,2025-12-27T07:41:00,Saturday,True,False,clear,58.13,completed
B1258,U244,S830,P116,2025-11-02T09:08:00,2025-11-02T10:08:00,Sunday,True,False,clear,35.53,completed
B1259,U115,S1053,P121,2026-01-27T17:27:00,2026-01-27T18:57:00,Tuesday,False,False,clear,28.95,completed
B1260,U240,S1236,P125,2025-12-05T19:06:00,2025-12-05T20:36:00,Friday,False,False,fog,22.82,completed
B1261,U220,S974,P119,2025-11-16T19:15:00,2025-11-16T22:15:00,Sunday,True,False,clear,48.24,cancelled
B1262,U195,S1218,P124,2026-01-28T12:36:00,2026-01-28T14:06:00,Wednesday,False,False,rain,31.9,completed
B1263,U125,S1438,P129,2026-01-27T16:39:00,2026-01-27T17:39:00,Tuesday,False,False,fog,17.68,completed
B1264,U268,S1014,P119,2026-01-09T05:22:00,2026-01-09T06:22:00,Friday,False,False,clear,35.71,completed
B1265,U221,S1057,P121,2025-10-16T13:55:00,2025-10-16T19:55:00,Thursday,False,False,clear,30.96,completed
B1266,U199,S453,P107,2025-12-11T19:49:00,2025-12-11T21:19:00,Thursday,False,False,clear,49.43,completed
B1267,U248,S109,P101,2026-01-19T18:34:00,2026-01-19T19:34:00,Monday,False,False,clear,25.6,completed
B1268,U182,S747,P114,2025-12-31T09:57:00,2025-12-31T15:57:00,Wednesday,False,False,rain,36.69,completed
B1269,U119,S456,P107,2026-01-22T07:11:00,2026-01-22T10:11:00,Thursday,False,False,clear,40.38,completed
B1270,U243,S1408,P128,2026-01-11T16:18:00,2026-01-11T17:18:00,Sunday,True,False,clear,43.68,completed
B1271,U192,S549,P110,2025-12-05T17:51:00,2025-12-05T20:51:00,Friday,False,False,clear,40.4,completed
B1272,U238,S1069,P122,2025-11-03T08:59:00,2025-11-03T09:59:00,Monday,False,False,clear,47.87,completed
B1273,U283,S342,P105,2025-12-28T16:33:00,2025-12-28T18:33:00,Sunday,True,False,rain,26.17,completed
B1274,U243,S892,P117,2025-10-20T16:00:00,2025-10-20T22:00:00,Monday,False,True,clear,48.29,completed
B1275,U124,S784,P115,2026-01-24T09:11:00,2026-01-24T10:41:00,Saturday,True,False,haze,26.74,completed
B1276,U201,S1248,P125,2026-01-25T17:20:00,2026-01-25T18:20:00,Sunday,True,False,cloudy,22.64,completed
B1277,U190,S1309,P126,2025-12-04T20:02:00,2025-12-04T21:32:00,Thursday,False,False,clear,19.67,completed
B1278,U121,S191,P102,2025-11-29T17:05:00,2025-11-29T20:05:00,Saturday,True,False,rain,41.35,cancelled
B1279,U290,S528,P108,2025-11-11T07:08:00,2025-11-11T09:08:00,Tuesday,False,False,haze,25.7,cancelled
B1280,U125,S376,P105,2026-01-01T10:26:00,2026-01-01T13:26:00,Thursday,False,False,clear,21.81,completed
B1281,U148,S361,P105,2025-11-03T07:14:00,2025-11-03T08:44:00,Monday,False,False,clear,21.88,completed
B1282,U152,S461,P107,2025-11-09T17:41:00,2025-11-09T20:41:00,Sunday,True,False,clear,45.15,completed
B1283,U238,S1039,P120,2026-01-13T04:20:00,2026-01-13T07:20:00,Tuesday,False,False,cloudy,18.95,completed
B1284,U101,S1001,P119,2026-01-10T06:17:00,2026-01-10T08:17:00,Saturday,True,False,cloudy,40.59,completed
B1285,U230,S1257,P126,2025-10-16T08:39:00,2025-10-16T12:39:00,Thursday,False,False,fog,20.52,completed
B1286,U106,S625,P111,2025-12-03T17:39:00,2025-12-03T21:39:00,Wednesday,False,False,clear,53.84,completed
B1287,U225,S543,P109,2025-12-15T12:35:00,2025-12-15T14:05:00,Monday,False,False,haze,18.18,completed
B1288,U116,S1013,P119,2025-11-19T06:38:00,2025-11-19T07:38:00,Wednesday,False,False,clear,35.82,completed
B1289,U208,S1040,P120,2025-11-27T21:53:00,2025-11-27T23:23:00,Thursday,False,False,rain,21.27,completed
B1290,U135,S119,P101,2025-10-06T09:49:00,2025-10-06T10:49:00,Monday,False,False,cloudy,26.26,completed
B1291,U173,S218,P103,2026-01-07T16:01:00,2026-01-07T18:01:00,Wednesday,False,False,rain,26.88,completed
B1292,U258,S1322,P126,2025-11-05T18:15:00,2025-11-05T19:15:00,Wednesday,False,False,clear,20.67,completed
B1293,U248,S405,P106,2025-10-25T17:13:00,2025-10-25T20:13:00,Saturday,True,False,rain,48.98,completed
B1294,U242,S1124,P123,2025-11-02T18:14:00,2025-11-02T18:44:00,Sunday,True,False,clear,65.7,completed
B1295,U237,S558,P110,2025-11-18T20:27:00,2025-11-18T22:27:00,Tuesday,False,False,cloudy,47.54,completed
B1296,U268,S783,P115,2026-01-08T13:58:00,2026-01-08T15:28:00,Thursday,False,False,clear,20.13,completed
B1297,U168,S505,P108,2025-11-07T09:18:00,2025-11-07T11:18:00,Friday,False,False,clear,28.23,completed
B1298,U284,S333,P104,2025-12-02T08:40:00,2025-12-02T10:10:00,Tuesday,False,False,clear,54.09,completed
B1299,U168,S357,P105,2025-10-15T18:33:00,2025-10-15T20:03:00,Wednesday,False,False,clear,24.69,completed
B1300,U274,S355,P105,2025-12-30T19:13:00,2025-12-30T20:13:00,Tuesday,False,False,clear,26.25,completed
B1301,U261,S715,P113,2025-12-22T08:19:00,2025-12-22T10:19:00,Monday,False,False,clear,26.14,completed
B1302,U168,S1119,P123,2025-11-10T21:01:00,2025-11-10T22:01:00,Monday,False,False,clear,49.48,completed
B1303,U267,S834,P116,2026-01-26T13:23:00,2026-01-26T16:23:00,Monday,False,True,fog,35.88,completed
B1304,U251,S351,P105,2026-01-19T17:55:00,2026-01-19T23:55:00,Monday,False,False,clear,21.97,completed
B1305,U261,S1545,P132,2025-12-17T16:55:00,2025-12-17T18:25:00,Wednesday,False,False,clear,22.94,completed
B1306,U198,S1038,P120,2026-01-06T12:39:00,2026-01-06T14:39:00,Tuesday,False,False,rain,19.84,completed
B1307,U163,S1193,P124,2025-11-30T08:49:00,2025-11-30T12:49:00,Sunday,True,False,clear,39.0,completed
B1308,U190,S591,P111,2025-10-09T19:07:00,2025-10-09T22:07:00,Thursday,False,False,rain,68.72,completed
B1309,U153,S842,P116,2025-11-03T09:57:00,2025-11-03T12:57:00,Monday,False,False,clear,31.87,completed
B1310,U134,S1384,P128,2025-12-28T12:32:00,2025-12-28T13:02:00,Sunday,True,False,fog,44.23,completed
B1311,U151,S541,P109,2025-12-01T07:44:00,2025-12-01T11:44:00,Monday,False,False,clear,17.67,completed
B1312,U232,S1463,P130,2025-10-22T17:10:00,2025-10-22T18:10:00,Wednesday,False,False,cloudy,46.56,completed
B1313,U241,S1035,P120,2025-12-16T07:41:00,2025-12-16T08:41:00,Tuesday,False,False,rain,21.18,completed
B1314,U284,S454,P107,2025-11-05T19:03:00,2025-11-05T22:03:00,Wednesday,False,False,clear,46.46,completed
B1315,U264,S439,P106,2026-01-21T06:31:00,2026-01-21T08:31:00,Wednesday,False,False,clear,38.67,completed
B1316,U292,S537,P109,2025-12-12T08:56:00,2025-12-12T10:56:00,Friday,False,False,clear,20.36,completed
B1317,U202,S385,P105,2026-01-19T12:12:00,2026-01-19T14:12:00,Monday,False,False,clear,22.35,completed
B1318,U201,S199,P102,2025-12-31T00:01:00,2025-12-31T01:31:00,Wednesday,False,False,fog,34.21,completed
B1319,U203,S204,P102,2025-10-04T20:53:00,2025-10-05T00:53:00,Saturday,True,False,fog,45.13,cancelled
B1320,U277,S1329,P126,2025-12-15T18:24:00,2025-12-15T19:24:00,Monday,False,False,haze,20.34,completed
B1321,U279,S253,P103,2026-01-15T09:14:00,2026-01-15T12:14:00,Thursday,False,False,rain,30.42,completed
B1322,U142,S1483,P131,2026-01-18T09:57:00,2026-01-18T10:27:00,Sunday,True,False,clear,34.03,cancelled
B1323,U260,S571,P110,2026-01-10T14:10:00,2026-01-10T15:10:00,Saturday,True,False,fog,46.66,completed
B1324,U227,S826,P115,2025-11-10T10:52:00,2025-11-10T11:52:00,Monday,False,False,cloudy,20.11,completed
B1325,U123,S981,P119,2026-01-13T16:47:00,2026-01-13T17:47:00,Tuesday,False,False,haze,34.57,completed
B1326,U110,S411,P106,2025-10-11T10:28:00,2025-10-11T11:28:00,Saturday,True,False,clear,48.74,completed
B1327,U131,S131,P101,2025-12-14T08:10:00,2025-12-14T09:10:00,Sunday,True,False,clear,28.35,completed
B1328,U186,S623,P111,2025-12-16T08:26:00,2025-12-16T09:56:00,Tuesday,False,False,clear,63.03,completed
B1329,U283,S1428,P129,2025-10-07T20:16:00,2025-10-07T21:16:00,Tuesday,False,False,cloudy,19.81,completed
B1330,U232,S578,P110,2025-10-16T19:57:00,2025-10-16T20:57:00,Thursday,False,False,cloudy,49.73,cancelled
B1331,U298,S232,P103,2026-01-06T10:31:00,2026-01-06T13:31:00,Tuesday,False,False,clear,24.61,completed
B1332,U209,S1517,P132,2025-11-24T16:17:00,2025-11-24T17:47:00,Monday,False,False,rain,24.11,completed
B1333,U216,S886,P117,2025-10-12T15:57:00,2025-10-12T17:57:00,Sunday,True,False,clear,40.91,completed
B1334,U250,S260,P103,2025-10-05T09:33:00,2025-10-05T15:33:00,Sunday,True,False,cloudy,32.79,completed
B1335,U217,S1202,P124,2026-01-01T12:40:00,2026-01-01T13:40:00,Thursday,False,False,haze,28.62,completed
B1336,U247,S1450,P130,2025-11-09T07:21:00,2025-11-09T09:21:00,Sunday,True,False,rain,63.17,completed
B1337,U297,S1044,P121,2026-01-13T10:18:00,2026-01-13T12:18:00,Tuesday,False,False,cloudy,28.79,completed
B1338,U203,S939,P118,2025-11-01T10:55:00,2025-11-01T11:55:00,Saturday,True,True,clear,34.42,cancelled
B1339,U130,S644,P112,2026-01-19T08:55:00,2026-01-19T10:55:00,Monday,False,False,clear,55.05,completed
B1340,U129,S1243,P125,2025-12-28T20:11:00,2025-12-28T21:11:00,Sunday,True,False,cloudy,25.56,completed
B1341,U210,S372,P105,2025-12-22T19:30:00,2025-12-22T20:30:00,Monday,False,False,clear,24.6,completed
B1342,U220,S1234,P125,2025-10-13T17:58:00,2025-10-13T20:58:00,Monday,False,False,clear,20.39,completed
B1343,U239,S1299,P126,2025-11-26T11:41:00,2025-11-26T12:41:00,Wednesday,False,False,cloudy,17.04,completed
B1344,U204,S1549,P132,2025-12-28T21:43:00,2025-12-28T23:43:00,Sunday,True,False,clear,25.99,completed
B1345,U186,S165,P101,2025-12-08T16:29:00,2025-12-08T17:59:00,Monday,False,False,clear,21.46,completed
B1346,U280,S1428,P129,2025-11-03T00:35:00,2025-11-03T02:35:00,Monday,False,False,cloudy,17.25,completed
B1347,U150,S371,P105,2025-12-21T12:54:00,2025-12-21T14:54:00,Sunday,True,False,cloudy,24.42,completed
B1348,U205,S933,P118,2026-01-26T05:31:00,2026-01-26T09:31:00,Monday,False,True,clear,33.45,completed
B1349,U134,S637,P112,2025-12-03T15:32:00,2025-12-03T16:02:00,Wednesday,False,False,clear,47.98,completed
B1350,U111,S508,P108,2025-12-06T18:25:00,2025-12-06T18:55:00,Saturday,True,False,clear,33.99,completed
B1351,U114,S1074,P122,2026-01-03T17:17:00,2026-01-03T19:17:00,Saturday,True,False,haze,46.52,completed
B1352,U248,S1480,P131,2025-10-19T19:26:00,2025-10-19T21:26:00,Sunday,True,False,cloudy,33.38,completed
B1353,U296,S617,P111,2025-12-15T09:26:00,2025-12-15T11:26:00,Monday,False,False,cloudy,62.67,completed
B1354,U145,S830,P116,2026-01-20T16:00:00,2026-01-20T18:00:00,Tuesday,False,False,cloudy,27.68,completed
B1355,U201,S599,P111,2025-10-10T09:03:00,2025-10-10T10:33:00,Friday,False,False,clear,59.97,completed
B1356,U155,S254,P103,2026-01-25T06:25:00,2026-01-25T07:25:00,Sunday,True,False,clear,28.07,cancelled
B1357,U279,S295,P104,2025-12-01T18:15:00,2025-12-01T18:45:00,Monday,False,False,clear,56.43,completed
B1358,U191,S648,P112,2025-10-21T19:23:00,2025-10-21T22:23:00,Tuesday,False,True,clear,75.07,completed
B1359,U149,S213,P102,2025-11-02T08:37:00,2025-11-02T10:37:00,Sunday,True,False,fog,44.84,completed
B1360,U141,S978,P119,2026-01-27T08:26:00,2026-01-27T12:26:00,Tuesday,False,False,fog,41.1,completed
B1361,U217,S1442,P129,2025-12-28T10:35:00,2025-12-28T11:35:00,Sunday,True,False,clear,18.99,completed
B1362,U106,S1475,P131,2025-12-24T19:54:00,2025-12-24T20:54:00,Wednesday,False,False,clear,31.77,completed
B1363,U256,S1341,P127,2025-12-29T01:25:00,2025-12-29T02:55:00,Monday,False,False,cloudy,49.47,completed
B1364,U103,S651,P112,2025-10-06T17:12:00,2025-10-06T18:12:00,Monday,False,False,cloudy,49.37,completed
B1365,U276,S880,P117,2025-11-12T19:39:00,2025-11-12T21:39:00,Wednesday,False,False,clear,43.82,completed
B1366,U157,S1096,P122,2025-12-22T15:21:00,2025-12-22T16:51:00,Monday,False,False,haze,43.27,completed
B1367,U263,S353,P105,2025-12-09T15:09:00,2025-12-09T18:09:00,Tuesday,False,False,cloudy,21.01,completed
B1368,U172,S1228,P125,2026-01-09T11:52:00,2026-01-09T12:52:00,Friday,False,False,fog,20.06,completed
B1369,U272,S179,P102,2026-01-11T01:25:00,2026-01-11T01:55:00,Sunday,True,False,clear,38.66,completed
B1370,U259,S1341,P127,2026-01-24T20:46:00,2026-01-24T22:16:00,Saturday,True,False,cloudy,66.61,cancelled
B1371,U230,S454,P107,2025-10-29T19:32:00,2025-10-29T21:32:00,Wednesday,False,False,cloudy,47.19,completed
B1372,U278,S268,P103,2025-10-22T20:07:00,2025-10-22T23:07:00,Wednesday,False,False,haze,27.51,completed
B1373,U114,S499,P108,2025-11-11T06:49:00,2025-11-11T07:19:00,Tuesday,False,False,rain,27.83,completed
B1374,U142,S531,P109,2025-12-19T12:32:00,2025-12-19T16:32:00,Friday,False,False,clear,18.22,completed
B1375,U177,S1400,P128,2026-01-02T16:03:00,2026-01-02T19:03:00,Friday,False,False,rain,42.21,completed
B1376,U228,S1158,P124,2025-11-08T17:58:00,2025-11-08T18:58:00,Saturday,True,False,clear,33.37,completed
B1377,U114,S1381,P128,2025-12-01T23:49:00,2025-12-02T00:19:00,Monday,False,False,cloudy,36.65,completed
B1378,U129,S1242,P125,2025-12-28T05:45:00,2025-12-28T06:15:00,Sunday,True,False,clear,23.76,completed
B1379,U271,S470,P107,2026-01-28T20:48:00,2026-01-28T22:48:00,Wednesday,False,False,haze,47.34,completed
B1380,U218,S890,P117,2025-11-19T09:54:00,2025-11-19T10:54:00,Wednesday,False,False,cloudy,43.9,completed
B1381,U267,S761,P115,2025-10-17T20:40:00,2025-10-17T21:40:00,Friday,False,False,rain,27.6,cancelled
B1382,U294,S1348,P127,2026-01-18T17:36:00,2026-01-18T21:36:00,Sunday,True,False,clear,58.37,completed
B1383,U254,S101,P101,2025-10-29T17:43:00,2025-10-29T20:43:00,Wednesday,False,False,rain,23.85,completed
B1384,U290,S527,P108,2025-11-13T05:40:00,2025-11-13T06:40:00,Thursday,False,False,clear,25.78,completed
B1385,U234,S1233,P125,2025-11-19T21:58:00,2025-11-19T22:28:00,Wednesday,False,False,cloudy,19.66,completed
B1386,U134,S1054,P121,2025-11-05T18:45:00,2025-11-05T19:15:00,Wednesday,False,False,cloudy,36.2,completed
B1387,U163,S452,P107,2025-10-27T13:08:00,2025-10-27T14:08:00,Monday,False,False,clear,38.37,completed
B1388,U119,S883,P117,2025-12-21T20:04:00,2025-12-21T22:04:00,Sunday,True,False,rain,53.27,completed
B1389,U110,S1403,P128,2026-01-07T12:28:00,2026-01-07T13:58:00,Wednesday,False,False,clear,38.62,completed
B1390,U181,S956,P118,2025-12-17T18:21:00,2025-12-17T21:21:00,Wednesday,False,False,clear,28.58,completed
B1391,U241,S739,P114,2026-01-10T14:14:00,2026-01-10T15:14:00,Saturday,True,False,clear,31.34,completed
B1392,U120,S1475,P131,2025-12-22T15:42:00,2025-12-22T17:42:00,Monday,False,False,clear,24.77,completed
B1393,U255,S1477,P131,2025-11-15T23:59:00,2025-11-16T01:29:00,Saturday,True,False,clear,30.8,cancelled
B1394,U262,S1136,P123,2025-12-02T18:14:00,2025-12-02T21:14:00,Tuesday,False,False,cloudy,62.16,completed
B1395,U176,S534,P109,2026-01-03T13:48:00,2026-01-03T16:48:00,Saturday,True,False,clear,20.65,completed
B1396,U159,S808,P115,2025-11-10T07:07:00,2025-11-10T10:07:00,Monday,False,False,fog,20.56,completed
B1397,U277,S597,P111,2025-12-19T20:31:00,2025-12-19T22:31:00,Friday,False,False,fog,61.31,completed
B1398,U258,S1297,P126,2026-01-15T16:24:00,2026-01-15T19:24:00,Thursday,False,False,fog,16.79,completed
B1399,U226,S294,P104,2025-12-13T18:30:00,2025-12-13T20:30:00,Saturday,True,False,clear,65.17,completed
B1400,U155,S112,P101,2025-11-14T18:03:00,2025-11-14T19:33:00,Friday,False,False,fog,23.96,cancelled
B1401,U170,S1487,P131,2025-12-17T18:40:00,2025-12-17T20:10:00,Wednesday,False,False,rain,34.58,completed
B1402,U209,S1372,P128,2025-10-30T08:18:00,2025-10-30T09:48:00,Thursday,False,False,fog,45.4,completed
B1403,U120,S882,P117,2025-11-30T19:41:00,2025-11-30T21:41:00,Sunday,True,False,clear,46.0,completed
B1404,U289,S424,P106,2025-11-24T07:21:00,2025-11-24T09:21:00,Monday,False,False,clear,39.42,completed
B1405,U131,S1245,P125,2025-11-11T18:31:00,2025-11-11T20:31:00,Tuesday,False,False,clear,23.39,completed
B1406,U157,S1018,P119,2026-01-07T17:19:00,2026-01-07T18:49:00,Wednesday,False,False,rain,36.35,completed
B1407,U137,S296,P104,2026-01-18T14:52:00,2026-01-18T16:22:00,Sunday,True,False,clear,52.12,completed
B1408,U104,S1544,P132,2025-11-02T10:22:00,2025-11-02T11:22:00,Sunday,True,False,clear,26.71,cancelled
B1409,U105,S719,P113,2025-10-19T20:27:00,2025-10-20T00:27:00,Sunday,True,False,clear,28.67,completed
B1410,U170,S657,P113,2025-12-24T18:06:00,2025-12-25T00:06:00,Wednesday,False,False,fog,27.17,completed
B1411,U121,S772,P115,2025-10-13T08:01:00,2025-10-13T08:31:00,Monday,False,False,clear,25.15,completed
B1412,U223,S241,P103,2026-01-10T14:34:00,2026-01-10T16:34:00,Saturday,True,False,clear,26.92,completed
B1413,U238,S121,P101,2025-11-26T03:36:00,2025-11-26T05:36:00,Wednesday,False,False,clear,21.34,completed
B1414,U169,S957,P118,2026-01-27T10:40:00,2026-01-27T13:40:00,Tuesday,False,False,clear,23.44,completed
B1415,U129,S1305,P126,2025-10-15T08:07:00,2025-10-15T10:07:00,Wednesday,False,False,cloudy,19.59,completed
B1416,U287,S719,P113,2025-12-09T07:07:00,2025-12-09T08:07:00,Tuesday,False,False,clear,21.8,completed
B1417,U258,S344,P105,2025-12-05T07:36:00,2025-12-05T09:36:00,Friday,False,False,fog,20.82,completed
B1418,U174,S1019,P119,2025-10-25T08:18:00,2025-10-25T11:18:00,Saturday,True,False,cloudy,48.63,completed
B1419,U156,S1133,P123,2025-11-12T04:29:00,2025-11-12T05:29:00,Wednesday,False,False,clear,48.5,completed
B1420,U128,S775,P115,2025-12-28T06:50:00,2025-12-28T12:50:00,Sunday,True,False,cloudy,23.56,completed
B1421,U290,S1327,P126,2025-11-08T19:31:00,2025-11-08T20:01:00,Saturday,True,False,cloudy,23.14,completed
B1422,U124,S880,P117,2025-11-05T19:06:00,2025-11-05T20:36:00,Wednesday,False,False,clear,40.41,completed
B1423,U243,S478,P107,2025-10-25T02:49:00,2025-10-25T03:49:00,Saturday,True,False,fog,47.56,completed
B1424,U115,S994,P119,2026-01-07T20:27:00,2026-01-07T22:27:00,Wednesday,False,False,rain,45.33,completed
B1425,U119,S903,P117,2025-12-09T07:17:00,2025-12-09T13:17:00,Tuesday,False,False,haze,33.83,completed
B1426,U133,S897,P117,2025-12-06T09:31:00,2025-12-06T10:31:00,Saturday,True,False,clear,48.0,completed
B1427,U199,S1250,P125,2025-12-17T18:47:00,2025-12-17T21:47:00,Wednesday,False,False,rain,25.32,completed
B1428,U142,S849,P116,2025-12-03T00:27:00,2025-12-03T02:27:00,Wednesday,False,False,fog,26.43,completed
B1429,U192,S1470,P130,2025-11-07T07:33:00,2025-11-07T10:33:00,Friday,False,False,clear,50.23,completed
B1430,U115,S197,P102,2025-12-17T04:52:00,2025-12-17T10:52:00,Wednesday,False,False,clear,33.8,completed
B1431,U101,S877,P117,2026-01-11T08:18:00,2026-01-11T09:18:00,Sunday,True,False,fog,47.8,completed
B1432,U190,S780,P115,2025-10-03T11:14:00,2025-10-03T13:14:00,Friday,False,False,rain,23.09,completed
B1433,U220,S1354,P127,2025-10-28T16:41:00,2025-10-28T17:41:00,Tuesday,False,False,clear,52.99,completed
B1434,U206,S134,P101,2026-01-16T08:02:00,2026-01-16T08:32:00,Friday,False,False,cloudy,25.44,completed
B1435,U270,S978,P119,2025-12-03T17:22:00,2025-12-03T18:22:00,Wednesday,False,False,clear,34.29,completed
B1436,U241,S1071,P122,2025-11-30T04:27:00,2025-11-30T05:57:00,Sunday,True,False,cloudy,48.5,completed
B1437,U190,S647,P112,2026-01-05T06:32:00,2026-01-05T08:32:00,Monday,False,False,clear,46.6,completed
B1438,U173,S1124,P123,2026-01-12T07:00:00,2026-01-12T08:30:00,Monday,False,False,clear,49.27,completed
B1439,U176,S929,P118,2026-01-25T08:41:00,2026-01-25T11:41:00,Sunday,True,False,fog,30.32,completed
B1440,U262,S716,P113,2025-11-11T19:37:00,2025-11-11T21:07:00,Tuesday,False,False,clear,25.03,completed
B1441,U262,S683,P113,2025-12-28T23:32:00,2025-12-29T05:32:00,Sunday,True,False,clear,24.43,completed
B1442,U250,S844,P116,2025-12-21T10:45:00,2025-12-21T11:45:00,Sunday,True,False,fog,31.52,completed
B1443,U206,S776,P115,2026-01-17T14:30:00,2026-01-17T17:30:00,Saturday,True,False,clear,22.97,completed
B1444,U235,S1120,P123,2025-12-14T10:40:00,2025-12-14T11:10:00,Sunday,True,False,rain,62.01,completed
B1445,U154,S450,P107,2025-12-04T13:57:00,2025-12-04T14:57:00,Thursday,False,False,clear,40.91,completed
B1446,U140,S1488,P132,2025-12-21T20:57:00,2025-12-21T22:57:00,Sunday,True,False,clear,30.76,completed
B1447,U114,S272,P103,2025-12-31T19:34:00,2025-12-31T22:34:00,Wednesday,False,False,cloudy,29.72,completed
B1448,U126,S1193,P124,2025-11-30T07:27:00,2025-11-30T09:27:00,Sunday,True,False,fog,33.23,completed
B1449,U175,S968,P118,2025-12-01T13:03:00,2025-12-01T15:03:00,Monday,False,False,fog,23.76,completed
B1450,U106,S956,P118,2025-11-15T19:46:00,2025-11-15T22:46:00,Saturday,True,False,clear,31.61,completed
B1451,U207,S532,P109,2026-01-19T16:00:00,2026-01-19T17:00:00,Monday,False,False,clear,16.84,completed
B1452,U240,S1397,P128,2026-01-27T19:09:00,2026-01-27T21:09:00,Tuesday,False,False,clear,47.87,completed
B1453,U239,S250,P103,2025-11-25T20:58:00,2025-11-25T21:58:00,Tuesday,False,False,clear,29.89,completed
B1454,U192,S1276,P126,2025-10-16T19:50:00,2025-10-16T20:50:00,Thursday,False,False,rain,20.85,completed
B1455,U192,S527,P108,2025-12-08T07:55:00,2025-12-08T09:25:00,Monday,False,False,clear,24.55,completed
B1456,U104,S1063,P121,2025-11-01T02:07:00,2025-11-01T08:07:00,Saturday,True,True,clear,47.99,completed
B1457,U101,S127,P101,2025-11-25T09:54:00,2025-11-25T10:54:00,Tuesday,False,False,clear,24.83,completed
B1458,U134,S463,P107,2025-11-18T00:27:00,2025-11-18T03:27:00,Tuesday,False,False,haze,42.15,completed
B1459,U258,S880,P117,2026-01-02T11:31:00,2026-01-02T13:01:00,Friday,False,False,clear,33.8,completed
B1460,U252,S882,P117,2025-11-08T13:15:00,2025-11-08T14:45:00,Saturday,True,False,fog,40.69,completed
B1461,U212,S1482,P131,2025-10-07T08:50:00,2025-10-07T09:20:00,Tuesday,False,False,cloudy,29.58,completed
B1462,U188,S1176,P124,2026-01-21T15:08:00,2026-01-21T18:08:00,Wednesday,False,False,clear,31.08,completed
B1463,U177,S1380,P128,2025-12-28T11:38:00,2025-12-28T12:38:00,Sunday,True,False,haze,43.47,completed
B1464,U270,S1199,P124,2026-01-08T19:19:00,2026-01-08T20:49:00,Thursday,False,False,clear,34.92,completed
B1465,U175,S963,P118,2025-10-03T07:17:00,2025-10-03T11:17:00,Friday,False,False,cloudy,21.92,completed
B1466,U274,S538,P109,2025-11-20T08:00:00,2025-11-20T11:00:00,Thursday,False,False,clear,21.19,completed
B1467,U117,S936,P118,2025-12-24T10:37:00,2025-12-24T11:07:00,Wednesday,False,False,cloudy,23.77,completed
B1468,U101,S1421,P128,2025-10-09T03:11:00,2025-10-09T05:11:00,Thursday,False,False,clear,36.59,completed
B1469,U167,S671,P113,2026-01-22T19:05:00,2026-01-22T20:35:00,Thursday,False,False,fog,25.54,completed
B1470,U104,S578,P110,2026-01-11T18:20:00,2026-01-11T18:50:00,Sunday,True,False,haze,52.02,completed
B1471,U188,S645,P112,2025-10-07T16:36:00,2025-10-07T22:36:00,Tuesday,False,False,rain,51.61,completed
B1472,U278,S547,P109,2025-11-21T14:03:00,2025-11-21T16:03:00,Friday,False,False,clear,16.98,completed
B1473,U282,S1066,P121,2025-12-04T08:33:00,2025-12-04T11:33:00,Thursday,False,False,fog,37.01,completed
B1474,U174,S1028,P120,2025-12-26T21:25:00,2025-12-27T03:25:00,Friday,False,False,rain,19.91,completed
B1475,U274,S324,P104,2025-10-06T16:22:00,2025-10-06T16:52:00,Monday,False,False,clear,46.18,completed
B1476,U141,S594,P111,2025-11-27T21:15:00,2025-11-27T22:45:00,Thursday,False,False,rain,58.28,completed
B1477,U201,S890,P117,2025-11-26T07:23:00,2025-11-26T10:23:00,Wednesday,False,False,rain,36.81,completed
B1478,U194,S471,P107,2025-10-28T10:03:00,2025-10-28T12:03:00,Tuesday,False,False,clear,39.52,completed
B1479,U134,S1083,P122,2026-01-27T09:03:00,2026-01-27T10:03:00,Tuesday,False,False,cloudy,47.44,completed
B1480,U239,S1185,P124,2026-01-22T07:32:00,2026-01-22T08:32:00,Thursday,False,False,clear,30.34,completed
B1481,U135,S193,P102,2025-11-07T08:43:00,2025-11-07T09:43:00,Friday,False,False,clear,40.55,completed
B1482,U197,S1149,P123,2025-11-02T08:57:00,2025-11-02T09:57:00,Sunday,True,False,clear,67.42,completed
B1483,U169,S641,P112,2025-12-22T07:11:00,2025-12-22T07:41:00,Monday,False,False,clear,48.18,completed
B1484,U195,S1062,P121,2025-11-01T17:36:00,2025-11-01T20:36:00,Saturday,True,True,rain,48.38,completed
B1485,U154,S1545,P132,2025-12-28T18:55:00,2025-12-28T21:55:00,Sunday,True,False,clear,31.83,completed
B1486,U123,S1238,P125,2025-10-24T09:21:00,2025-10-24T10:51:00,Friday,False,False,clear,22.91,completed
B1487,U137,S558,P110,2025-12-05T04:27:00,2025-12-05T04:57:00,Friday,False,False,clear,41.8,completed
B1488,U201,S1093,P122,2025-10-19T15:41:00,2025-10-19T16:41:00,Sunday,True,False,clear,48.17,completed
B1489,U154,S1263,P126,2025-11-03T17:53:00,2025-11-03T19:53:00,Monday,False,False,clear,16.61,completed
B1490,U280,S612,P111,2026-01-25T17:20:00,2026-01-25T23:20:00,Sunday,True,False,cloudy,58.93,completed
B1491,U130,S1051,P121,2025-12-07T12:23:00,2025-12-07T13:53:00,Sunday,True,False,clear,36.0,completed
B1492,U252,S1018,P119,2025-12-03T10:42:00,2025-12-03T12:12:00,Wednesday,False,False,cloudy,34.2,completed
B1493,U133,S1288,P126,2025-10-03T14:02:00,2025-10-03T17:02:00,Friday,False,False,fog,16.95,completed
B1494,U161,S1219,P124,2025-12-22T18:11:00,2025-12-22T20:11:00,Monday,False,False,fog,35.05,completed
B1495,U237,S1342,P127,2025-12-24T16:37:00,2025-12-24T19:37:00,Wednesday,False,False,clear,49.5,completed
B1496,U149,S175,P102,2026-01-14T13:11:00,2026-01-14T13:41:00,Wednesday,False,True,rain,51.57,completed
B1497,U210,S870,P116,2025-11-26T07:47:00,2025-11-26T09:17:00,Wednesday,False,False,rain,31.11,cancelled
B1498,U245,S399,P106,2025-10-07T13:30:00,2025-10-07T15:30:00,Tuesday,False,False,clear,39.17,completed
B1499,U285,S1267,P126,2025-11-04T17:08:00,2025-11-04T18:38:00,Tuesday,False,False,haze,16.33,completed
B1500,U258,S369,P105,2026-01-19T19:01:00,2026-01-19T19:31:00,Monday,False,False,clear,26.19,completed
B1501,U199,S277,P104,2025-11-11T16:22:00,2025-11-11T17:22:00,Tuesday,False,False,rain,49.63,completed
B1502,U140,S1321,P126,2025-12-19T17:32:00,2025-12-19T18:32:00,Friday,False,False,clear,16.57,completed
B1503,U292,S392,P106,2025-11-18T08:26:00,2025-11-18T10:26:00,Tuesday,False,False,rain,50.71,completed
B1504,U130,S553,P110,2025-12-07T07:30:00,2025-12-07T09:00:00,Sunday,True,False,rain,49.14,completed
B1505,U280,S1239,P125,2025-10-28T12:27:00,2025-10-28T16:27:00,Tuesday,False,False,clear,19.87,completed
B1506,U133,S846,P116,2026-01-24T08:49:00,2026-01-24T10:19:00,Saturday,True,False,cloudy,34.85,cancelled
B1507,U207,S535,P109,2025-12-14T17:25:00,2025-12-14T20:25:00,Sunday,True,False,cloudy,20.4,completed
B1508,U132,S592,P111,2026-01-24T07:38:00,2026-01-24T08:08:00,Saturday,True,False,cloudy,61.11,completed
B1509,U230,S1131,P123,2025-10-18T06:10:00,2025-10-18T10:10:00,Saturday,True,False,rain,65.68,completed
B1510,U113,S1466,P130,2025-11-12T11:36:00,2025-11-12T14:36:00,Wednesday,False,False,clear,47.25,completed
B1511,U228,S1427,P129,2025-11-25T10:25:00,2025-11-25T14:25:00,Tuesday,False,False,clear,17.73,completed
B1512,U157,S650,P112,2026-01-27T07:39:00,2026-01-27T09:09:00,Tuesday,False,False,cloudy,46.3,completed
B1513,U176,S1469,P130,2025-10-12T07:53:00,2025-10-12T08:23:00,Sunday,True,False,clear,57.14,cancelled
B1514,U137,S1400,P128,2025-12-26T19:27:00,2025-12-26T19:57:00,Friday,False,False,cloudy,47.2,completed
B1515,U114,S1031,P120,2025-11-26T02:02:00,2025-11-26T03:32:00,Wednesday,False,False,clear,18.28,completed
B1516,U133,S762,P115,2025-12-13T02:35:00,2025-12-13T03:05:00,Saturday,True,False,clear,23.89,completed
B1517,U242,S1031,P120,2025-12-19T17:12:00,2025-12-19T19:12:00,Friday,False,False,fog,17.97,completed
B1518,U185,S879,P117,2025-11-16T09:46:00,2025-11-16T11:16:00,Sunday,True,False,clear,45.58,completed
B1519,U272,S101,P101,2026-01-28T15:50:00,2026-01-28T17:20:00,Wednesday,False,False,cloudy,21.83,completed
B1520,U105,S542,P109,2025-11-02T20:20:00,2025-11-02T22:20:00,Sunday,True,False,clear,24.81,cancelled
B1521,U104,S1481,P131,2026-01-11T23:54:00,2026-01-12T00:54:00,Sunday,True,False,cloudy,30.6,completed
B1522,U265,S1549,P132,2025-11-07T17:48:00,2025-11-07T18:48:00,Friday,False,False,clear,24.14,completed
B1523,U253,S156,P101,2026-01-07T13:12:00,2026-01-07T14:42:00,Wednesday,False,False,clear,20.14,completed
B1524,U258,S751,P115,2025-11-10T06:43:00,2025-11-10T08:43:00,Monday,False,False,clear,21.02,completed
B1525,U242,S1177,P124,2025-10-09T18:20:00,2025-10-09T19:20:00,Thursday,False,False,clear,37.15,completed
B1526,U206,S1392,P128,2025-10-05T07:57:00,2025-10-05T09:57:00,Sunday,True,False,fog,43.93,completed
B1527,U263,S615,P111,2025-10-08T18:31:00,2025-10-08T20:01:00,Wednesday,False,False,clear,62.58,completed
B1528,U154,S784,P115,2026-01-27T11:13:00,2026-01-27T14:13:00,Tuesday,False,False,clear,19.52,completed
B1529,U223,S1407,P128,2025-12-13T08:35:00,2025-12-13T11:35:00,Saturday,True,False,clear,51.95,completed
B1530,U236,S942,P118,2025-11-01T08:24:00,2025-11-01T09:54:00,Saturday,True,True,clear,42.0,completed
B1531,U294,S958,P118,2025-11-02T13:30:00,2025-11-02T15:30:00,Sunday,True,False,clear,26.07,completed
B1532,U271,S350,P105,2025-11-01T10:25:00,2025-11-01T11:25:00,Saturday,True,True,clear,33.71,completed
B1533,U137,S980,P119,2025-12-03T20:52:00,2025-12-04T00:52:00,Wednesday,False,False,cloudy,41.13,completed
B1534,U161,S1468,P130,2025-11-19T17:17:00,2025-11-19T23:17:00,Wednesday,False,False,clear,49.8,completed
B1535,U294,S968,P118,2025-11-30T17:29:00,2025-11-30T20:29:00,Sunday,True,False,haze,27.5,completed
B1536,U205,S1041,P121,2025-10-13T12:45:00,2025-10-13T13:45:00,Monday,False,False,clear,29.84,completed
B1537,U237,S276,P104,2025-11-11T21:19:00,2025-11-11T22:49:00,Tuesday,False,False,clear,46.6,completed
B1538,U252,S461,P107,2025-12-07T17:20:00,2025-12-07T18:50:00,Sunday,True,False,rain,48.34,completed
B1539,U149,S545,P109,2026-01-22T10:52:00,2026-01-22T12:22:00,Thursday,False,False,clear,17.1,completed
B1540,U165,S130,P101,2025-11-16T17:33:00,2025-11-16T21:33:00,Sunday,True,False,rain,24.89,completed
B1541,U126,S548,P110,2025-11-07T18:58:00,2025-11-07T19:58:00,Friday,False,False,rain,50.55,completed
B1542,U177,S736,P114,2025-11-13T20:17:00,2025-11-13T21:17:00,Thursday,False,False,cloudy,34.16,completed
B1543,U208,S1035,P120,2025-12-01T20:42:00,2025-12-01T22:42:00,Monday,False,False,cloudy,23.13,completed
B1544,U132,S1471,P130,2025-12-13T20:10:00,2025-12-13T21:10:00,Saturday,True,False,cloudy,63.29,completed
B1545,U231,S1072,P122,2026-01-19T08:58:00,2026-01-19T09:58:00,Monday,False,False,rain,54.75,completed
B1546,U252,S551,P110,2026-01-27T07:19:00,2026-01-27T09:19:00,Tuesday,False,False,clear,41.11,completed
B1547,U225,S1263,P126,2025-11-25T07:47:00,2025-11-25T09:47:00,Tuesday,False,False,rain,18.92,completed
B1548,U268,S1475,P131,2026-01-14T08:09:00,2026-01-14T08:39:00,Wednesday,False,True,clear,41.45,completed
B1549,U101,S901,P117,2025-10-19T18:11:00,2025-10-20T00:11:00,Sunday,True,False,fog,46.16,completed
B1550,U218,S116,P101,2025-11-24T08:38:00,2025-11-24T09:08:00,Monday,False,False,rain,27.81,completed
B1551,U199,S852,P116,2025-12-03T21:26:00,2025-12-03T22:56:00,Wednesday,False,False,clear,26.04,completed
B1552,U262,S1430,P129,2025-10-12T08:26:00,2025-10-12T11:26:00,Sunday,True,False,clear,23.42,completed
B1553,U192,S230,P103,2025-10-15T14:20:00,2025-10-15T16:20:00,Wednesday,False,False,cloudy,24.68,completed
B1554,U183,S476,P107,2025-11-01T02:04:00,2025-11-01T03:04:00,Saturday,True,True,cloudy,61.59,completed
B1555,U226,S741,P114,2025-10-16T07:28:00,2025-10-16T08:58:00,Thursday,False,False,clear,28.4,completed
B1556,U178,S1030,P120,2025-11-07T20:06:00,2025-11-07T22:06:00,Friday,False,False,clear,22.31,completed
B1557,U258,S265,P103,2025-10-15T09:30:00,2025-10-15T12:30:00,Wednesday,False,False,clear,29.02,completed
B1558,U114,S510,P108,2025-12-29T20:29:00,2025-12-29T23:29:00,Monday,False,False,clear,30.52,completed
B1559,U134,S1026,P120,2026-01-11T07:13:00,2026-01-11T09:13:00,Sunday,True,False,clear,21.55,completed
B1560,U295,S301,P104,2025-10-02T18:41:00,2025-10-02T19:41:00,Thursday,False,False,haze,54.87,completed
B1561,U193,S868,P116,2026-01-19T09:29:00,2026-01-19T11:29:00,Monday,False,False,clear,33.15,completed
B1562,U245,S1041,P121,2025-12-28T18:28:00,2025-12-28T19:58:00,Sunday,True,False,fog,41.14,completed
B1563,U118,S921,P118,2026-01-19T18:13:00,2026-01-19T20:13:00,Monday,False,False,clear,26.9,completed
B1564,U247,S828,P116,2025-10-06T19:33:00,2025-10-06T20:33:00,Monday,False,False,clear,33.12,completed
B1565,U157,S1484,P131,2025-12-14T19:57:00,2025-12-14T21:27:00,Sunday,True,False,clear,35.26,completed
B1566,U199,S571,P110,2025-12-31T15:59:00,2025-12-31T16:59:00,Wednesday,False,False,clear,38.25,completed
B1567,U178,S401,P106,2026-01-17T12:47:00,2026-01-17T13:47:00,Saturday,True,False,clear,45.8,completed
B1568,U152,S1499,P132,2025-12-23T13:45:00,2025-12-23T16:45:00,Tuesday,False,False,fog,23.61,completed
B1569,U249,S1107,P122,2025-10-01T20:58:00,2025-10-01T21:58:00,Wednesday,False,False,clear,50.7,completed
B1570,U284,S319,P104,2025-11-25T23:01:00,2025-11-26T00:01:00,Tuesday,False,False,rain,52.25,completed
B1571,U172,S582,P110,2025-11-09T07:50:00,2025-11-09T10:50:00,Sunday,True,False,clear,43.83,completed
B1572,U216,S546,P109,2025-12-18T13:26:00,2025-12-18T14:56:00,Thursday,False,False,clear,17.77,completed
B1573,U284,S1058,P121,2025-12-20T10:54:00,2025-12-20T12:54:00,Saturday,True,False,clear,35.61,completed
B1574,U227,S1139,P123,2026-01-19T04:46:00,2026-01-19T08:46:00,Monday,False,False,clear,47.94,completed
B1575,U234,S655,P113,2025-12-21T15:35:00,2025-12-21T18:35:00,Sunday,True,False,rain,26.35,cancelled
B1576,U276,S1242,P125,2026-01-02T18:10:00,2026-01-02T19:10:00,Friday,False,False,clear,23.8,completed
B1577,U247,S539,P109,2025-12-16T17:43:00,2025-12-16T18:43:00,Tuesday,False,False,clear,17.27,completed
B1578,U174,S1544,P132,2025-10-08T12:58:00,2025-10-08T13:28:00,Wednesday,False,False,rain,24.67,completed
B1579,U228,S1007,P119,2025-10-13T23:20:00,2025-10-14T00:20:00,Monday,False,False,clear,32.81,completed
B1580,U179,S1512,P132,2025-10-02T06:30:00,2025-10-02T07:30:00,Thursday,False,False,clear,24.21,completed
B1581,U196,S649,P112,2025-11-06T05:42:00,2025-11-06T07:12:00,Thursday,False,False,clear,45.95,completed
B1582,U293,S1064,P121,2025-11-25T16:07:00,2025-11-25T17:37:00,Tuesday,False,False,rain,33.62,completed
B1583,U200,S926,P118,2025-11-02T08:53:00,2025-11-02T12:53:00,Sunday,True,False,clear,31.04,completed
B1584,U102,S576,P110,2025-12-20T19:15:00,2025-12-20T19:45:00,Saturday,True,False,clear,54.42,completed
B1585,U110,S892,P117,2025-10-06T09:43:00,2025-10-06T12:43:00,Monday,False,False,cloudy,41.17,completed
B1586,U142,S1449,P130,2025-10-11T06:50:00,2025-10-11T07:50:00,Saturday,True,False,clear,55.33,completed
B1587,U189,S1231,P125,2025-11-22T07:51:00,2025-11-22T10:51:00,Saturday,True,False,cloudy,22.26,completed
B1588,U266,S1183,P124,2025-10-16T10:27:00,2025-10-16T11:27:00,Thursday,False,False,rain,34.37,cancelled
B1589,U119,S381,P105,2025-12-11T17:26:00,2025-12-11T19:26:00,Thursday,False,False,clear,21.29,completed
B1590,U207,S1232,P125,2025-12-14T20:36:00,2025-12-14T22:36:00,Sunday,True,False,clear,26.94,completed
B1591,U198,S1558,P132,2026-01-16T16:38:00,2026-01-16T18:08:00,Friday,False,False,clear,23.36,completed
B1592,U124,S993,P119,2025-10-24T18:26:00,2025-10-25T00:26:00,Friday,False,False,fog,43.23,completed
B1593,U285,S1044,P121,2025-11-12T16:49:00,2025-11-12T18:49:00,Wednesday,False,False,clear,28.88,completed
B1594,U112,S341,P105,2025-11-11T08:28:00,2025-11-11T08:58:00,Tuesday,False,False,clear,26.74,completed
B1595,U219,S633,P112,2026-01-11T14:51:00,2026-01-11T15:51:00,Sunday,True,False,cloudy,55.69,completed
B1596,U268,S474,P107,2025-11-18T19:26:00,2025-11-19T01:26:00,Tuesday,False,False,clear,47.46,completed
B1597,U173,S445,P107,2026-01-02T09:14:00,2026-01-02T09:44:00,Friday,False,False,cloudy,47.68,completed
B1598,U207,S1251,P125,2025-12-06T07:01:00,2025-12-06T08:01:00,Saturday,True,False,clear,22.1,completed
B1599,U110,S876,P117,2026-01-07T06:43:00,2026-01-07T09:43:00,Wednesday,False,False,clear,34.24,completed
B1600,U287,S760,P115,2025-12-05T01:06:00,2025-12-05T03:06:00,Friday,False,False,cloudy,19.82,completed
B1601,U286,S746,P114,2025-11-20T07:30:00,2025-11-20T13:30:00,Thursday,False,False,cloudy,27.5,completed
B1602,U137,S415,P106,2025-11-06T19:24:00,2025-11-06T20:24:00,Thursday,False,False,fog,47.4,completed
B1603,U117,S320,P104,2025-12-09T09:48:00,2025-12-09T10:18:00,Tuesday,False,False,cloudy,55.67,completed
B1604,U246,S1355,P127,2025-12-14T20:00:00,2025-12-14T22:00:00,Sunday,True,False,clear,69.93,completed
B1605,U291,S308,P104,2025-11-14T17:12:00,2025-11-14T19:12:00,Friday,False,False,rain,49.14,completed
B1606,U243,S264,P103,2025-12-15T15:52:00,2025-12-15T18:52:00,Monday,False,False,fog,23.43,completed
B1607,U141,S1022,P120,2025-11-28T17:07:00,2025-11-28T20:07:00,Friday,False,False,clear,18.59,completed
B1608,U276,S449,P107,2025-12-18T19:01:00,2025-12-18T20:01:00,Thursday,False,False,clear,47.42,completed
B1609,U233,S819,P115,2025-12-28T06:37:00,2025-12-28T07:07:00,Sunday,True,False,cloudy,22.25,completed
B1610,U207,S677,P113,2026-01-21T09:54:00,2026-01-21T11:54:00,Wednesday,False,False,clear,27.5,completed
B1611,U108,S864,P116,2025-12-15T14:40:00,2025-12-15T16:10:00,Monday,False,False,fog,26.63,completed
B1612,U176,S649,P112,2025-10-16T21:35:00,2025-10-17T00:35:00,Thursday,False,False,fog,47.15,completed
B1613,U218,S1338,P127,2025-11-20T20:19:00,2025-11-20T21:19:00,Thursday,False,False,clear,63.8,completed
B1614,U159,S1140,P123,2026-01-21T18:15:00,2026-01-21T21:15:00,Wednesday,False,False,clear,60.13,completed
B1615,U245,S1373,P128,2025-10-10T19:11:00,2025-10-10T20:41:00,Friday,False,False,clear,44.99,completed
B1616,U270,S649,P112,2025-12-16T12:30:00,2025-12-16T14:30:00,Tuesday,False,False,clear,45.79,completed
B1617,U178,S1109,P122,2025-11-10T20:26:00,2025-11-10T20:56:00,Monday,False,False,clear,49.7,completed
B1618,U190,S1434,P129,2025-12-10T20:39:00,2025-12-10T22:39:00,Wednesday,False,False,clear,21.09,completed
B1619,U242,S1052,P121,2025-12-05T10:13:00,2025-12-05T14:13:00,Friday,False,False,clear,30.99,completed
B1620,U276,S1419,P128,2025-11-12T13:33:00,2025-11-12T15:03:00,Wednesday,False,False,rain,40.15,completed
B1621,U223,S1060,P121,2025-10-24T19:53:00,2025-10-24T21:23:00,Friday,False,False,rain,37.94,completed
B1622,U218,S738,P114,2025-12-27T07:20:00,2025-12-27T09:20:00,Saturday,True,False,clear,33.04,completed
B1623,U161,S886,P117,2026-01-18T16:14:00,2026-01-18T22:14:00,Sunday,True,False,fog,38.97,completed
B1624,U143,S1435,P129,2025-11-11T13:27:00,2025-11-11T14:27:00,Tuesday,False,False,rain,18.78,completed
B1625,U157,S236,P103,2025-12-10T07:36:00,2025-12-10T08:36:00,Wednesday,False,False,clear,24.86,completed
B1626,U271,S200,P102,2026-01-14T16:18:00,2026-01-14T18:18:00,Wednesday,False,True,clear,50.18,completed
B1627,U265,S1020,P120,2025-12-15T19:44:00,2025-12-15T21:44:00,Monday,False,False,clear,22.45,completed
B1628,U190,S778,P115,2026-01-09T11:23:00,2026-01-09T12:53:00,Friday,False,False,clear,19.56,completed
B1629,U234,S216,P102,2025-11-08T11:25:00,2025-11-08T11:55:00,Saturday,True,False,cloudy,38.97,completed
B1630,U117,S971,P118,2025-10-18T15:45:00,2025-10-18T18:45:00,Saturday,True,False,clear,26.51,completed
B1631,U289,S554,P110,2025-12-31T19:51:00,2025-12-31T20:21:00,Wednesday,False,False,clear,50.38,completed
B1632,U198,S1460,P130,2025-10-17T16:00:00,2025-10-17T19:00:00,Friday,False,False,clear,47.87,completed
B1633,U110,S539,P109,2025-11-04T10:35:00,2025-11-04T11:05:00,Tuesday,False,False,clear,16.75,completed
B1634,U164,S842,P116,2026-01-24T06:05:00,2026-01-24T08:05:00,Saturday,True,False,clear,31.08,completed
B1635,U173,S1022,P120,2026-01-01T17:27:00,2026-01-01T17:57:00,Thursday,False,False,fog,18.37,completed
B1636,U141,S1326,P126,2025-10-04T20:46:00,2025-10-04T22:16:00,Saturday,True,False,clear,21.58,completed
B1637,U187,S385,P105,2025-11-13T20:47:00,2025-11-13T22:17:00,Thursday,False,False,clear,24.89,completed
B1638,U282,S1475,P131,2026-01-25T16:02:00,2026-01-25T20:02:00,Sunday,True,False,cloudy,30.24,completed
B1639,U150,S481,P107,2025-12-19T17:19:00,2025-12-19T20:19:00,Friday,False,False,cloudy,40.06,completed
B1640,U227,S1021,P120,2025-11-28T11:49:00,2025-11-28T12:49:00,Friday,False,False,clear,18.96,completed
B1641,U235,S1225,P125,2026-01-16T22:27:00,2026-01-16T23:57:00,Friday,False,False,clear,19.66,completed
B1642,U196,S316,P104,2026-01-08T15:23:00,2026-01-08T16:53:00,Thursday,False,False,cloudy,47.77,completed
B1643,U273,S1393,P128,2025-11-03T11:22:00,2025-11-03T13:22:00,Monday,False,False,cloudy,36.5,completed
B1644,U288,S752,P115,2025-12-09T14:39:00,2025-12-09T16:09:00,Tuesday,False,False,fog,20.76,completed
B1645,U255,S1223,P125,2025-12-25T19:45:00,2025-12-25T21:15:00,Thursday,False,True,clear,31.27,completed
B1646,U240,S238,P103,2025-10-09T15:42:00,2025-10-09T17:42:00,Thursday,False,False,clear,24.13,completed
B1647,U148,S568,P110,2025-11-30T08:46:00,2025-11-30T10:46:00,Sunday,True,False,haze,52.25,completed
B1648,U257,S770,P115,2025-11-28T17:24:00,2025-11-28T18:54:00,Friday,False,False,cloudy,20.07,completed
B1649,U231,S1311,P126,2025-10-03T18:53:00,2025-10-03T20:23:00,Friday,False,False,clear,20.92,completed
B1650,U166,S400,P106,2025-12-21T18:25:00,2025-12-21T19:25:00,Sunday,True,False,clear,53.42,cancelled
B1651,U155,S998,P119,2025-10-10T06:20:00,2025-10-10T07:50:00,Friday,False,False,clear,33.38,completed
B1652,U221,S541,P109,2026-01-01T08:38:00,2026-01-01T09:38:00,Thursday,False,False,clear,22.14,completed
B1653,U194,S1482,P131,2025-11-14T21:39:00,2025-11-14T23:09:00,Friday,False,False,clear,24.63,completed
B1654,U292,S325,P104,2026-01-01T15:34:00,2026-01-01T16:04:00,Thursday,False,False,fog,48.42,completed
B1655,U148,S411,P106,2025-12-27T18:37:00,2025-12-27T20:07:00,Saturday,True,False,clear,55.24,completed
B1656,U228,S1416,P128,2025-10-15T22:15:00,2025-10-15T23:45:00,Wednesday,False,False,clear,36.89,completed
B1657,U114,S535,P109,2025-11-01T17:03:00,2025-11-01T23:03:00,Saturday,True,True,fog,28.39,completed
B1658,U118,S715,P113,2025-12-27T23:42:00,2025-12-28T01:42:00,Saturday,True,False,cloudy,24.72,completed
B1659,U131,S724,P113,2025-10-31T06:36:00,2025-10-31T07:36:00,Friday,False,False,clear,21.67,completed
B1660,U243,S843,P116,2025-12-09T21:12:00,2025-12-10T03:12:00,Tuesday,False,False,clear,26.61,completed
B1661,U266,S961,P118,2025-12-09T12:42:00,2025-12-09T13:42:00,Tuesday,False,False,fog,22.58,completed
B1662,U168,S393,P106,2026-01-04T10:14:00,2026-01-04T11:14:00,Sunday,True,False,clear,44.7,completed
B1663,U110,S1359,P127,2025-11-09T20:13:00,2025-11-09T20:43:00,Sunday,True,False,rain,73.18,completed
B1664,U266,S1123,P123,2025-11-25T10:31:00,2025-11-25T12:01:00,Tuesday,False,False,rain,52.72,completed
B1665,U130,S1149,P123,2025-11-27T15:38:00,2025-11-27T17:38:00,Thursday,False,False,clear,50.56,completed
B1666,U255,S216,P102,2025-11-08T10:26:00,2025-11-08T11:26:00,Saturday,True,False,fog,39.87,completed
B1667,U131,S613,P111,2026-01-22T10:01:00,2026-01-22T12:01:00,Thursday,False,False,rain,54.57,completed
B1668,U155,S1442,P129,2026-01-25T17:03:00,2026-01-25T18:33:00,Sunday,True,False,clear,20.16,completed
B1669,U216,S1424,P129,2025-12-27T21:56:00,2025-12-27T23:26:00,Saturday,True,False,clear,19.11,completed
B1670,U198,S700,P113,2026-01-04T16:36:00,2026-01-04T18:36:00,Sunday,True,False,cloudy,24.68,completed
B1671,U167,S393,P106,2026-01-26T08:03:00,2026-01-26T09:03:00,Monday,False,True,clear,62.27,completed
B1672,U299,S305,P104,2026-01-08T01:55:00,2026-01-08T03:55:00,Thursday,False,False,clear,48.82,completed
B1673,U287,S566,P110,2025-11-19T14:21:00,2025-11-19T16:21:00,Wednesday,False,False,clear,39.34,completed
B1674,U255,S1074,P122,2025-10-09T19:28:00,2025-10-09T21:28:00,Thursday,False,False,clear,51.45,completed
B1675,U296,S1438,P129,2026-01-05T11:59:00,2026-01-05T13:59:00,Monday,False,False,haze,17.19,completed
B1676,U167,S1080,P122,2025-12-08T18:39:00,2025-12-08T20:39:00,Monday,False,False,rain,56.15,completed
B1677,U225,S732,P114,2026-01-19T17:20:00,2026-01-19T18:20:00,Monday,False,False,rain,31.72,completed
B1678,U114,S892,P117,2025-12-12T18:45:00,2025-12-12T20:15:00,Friday,False,False,haze,42.3,completed
B1679,U189,S590,P110,2025-12-06T07:20:00,2025-12-06T08:20:00,Saturday,True,False,clear,47.98,completed
B1680,U125,S1253,P125,2025-10-13T22:18:00,2025-10-13T23:18:00,Monday,False,False,cloudy,20.33,completed
B1681,U249,S880,P117,2026-01-23T17:34:00,2026-01-23T19:34:00,Friday,False,False,cloudy,35.95,completed
B1682,U228,S985,P119,2025-10-03T15:54:00,2025-10-03T16:24:00,Friday,False,False,rain,37.02,completed
B1683,U293,S912,P118,2025-11-01T13:42:00,2025-11-01T15:12:00,Saturday,True,True,rain,38.23,completed
B1684,U226,S109,P101,2026-01-24T18:22:00,2026-01-24T20:22:00,Saturday,True,False,clear,28.75,completed
B1685,U172,S952,P118,2026-01-26T20:42:00,2026-01-26T22:42:00,Monday,False,True,haze,38.44,completed
B1686,U236,S185,P102,2025-11-15T16:07:00,2025-11-15T18:07:00,Saturday,True,False,cloudy,39.78,completed
B1687,U101,S1234,P125,2025-11-01T15:17:00,2025-11-01T16:47:00,Saturday,True,True,clear,32.09,completed
B1688,U282,S463,P107,2025-11-04T07:21:00,2025-11-04T09:21:00,Tuesday,False,False,haze,39.74,completed
B1689,U197,S397,P106,2025-12-20T15:05:00,2025-12-20T16:35:00,Saturday,True,False,clear,44.99,completed
B1690,U153,S1466,P130,2025-12-02T15:35:00,2025-12-02T18:35:00,Tuesday,False,False,fog,48.02,completed
B1691,U206,S169,P102,2025-12-24T21:14:00,2025-12-24T23:14:00,Wednesday,False,False,fog,33.03,completed
B1692,U286,S1030,P120,2025-12-24T08:49:00,2025-12-24T11:49:00,Wednesday,False,False,cloudy,23.02,completed
B1693,U189,S1274,P126,2025-12-15T21:58:00,2025-12-15T22:58:00,Monday,False,False,clear,17.12,completed
B1694,U169,S1133,P123,2026-01-28T16:19:00,2026-01-28T18:19:00,Wednesday,False,False,fog,47.98,completed
B1695,U148,S1027,P120,2025-10-10T05:00:00,2025-10-10T06:00:00,Friday,False,False,rain,20.18,completed
B1696,U108,S913,P118,2025-12-31T14:54:00,2025-12-31T17:54:00,Wednesday,False,False,clear,23.73,completed
B1697,U226,S903,P117,2026-01-13T11:44:00,2026-01-13T14:44:00,Tuesday,False,False,cloudy,36.07,completed
B1698,U264,S202,P102,2025-11-17T20:44:00,2025-11-17T22:44:00,Monday,False,False,clear,41.72,completed
B1699,U212,S770,P115,2025-10-01T12:53:00,2025-10-01T15:53:00,Wednesday,False,False,clear,19.4,completed
B1700,U238,S1271,P126,2025-10-31T14:00:00,2025-10-31T14:30:00,Friday,False,False,clear,17.47,completed
B1701,U107,S1253,P125,2025-12-10T18:00:00,2025-12-10T19:00:00,Wednesday,False,False,cloudy,24.98,cancelled
B1702,U223,S804,P115,2025-12-01T02:22:00,2025-12-01T02:52:00,Monday,False,False,rain,22.46,completed
B1703,U211,S575,P110,2025-12-01T22:59:00,2025-12-01T23:59:00,Monday,False,False,rain,44.0,completed
B1704,U240,S1095,P122,2025-12-11T14:06:00,2025-12-11T16:06:00,Thursday,False,False,rain,44.61,completed
B1705,U130,S537,P109,2025-12-19T20:36:00,2025-12-19T21:06:00,Friday,False,False,clear,20.57,completed
B1706,U186,S537,P109,2025-11-02T07:12:00,2025-11-02T08:12:00,Sunday,True,False,clear,20.52,completed
B1707,U271,S1036,P120,2025-10-22T18:06:00,2025-10-22T22:06:00,Wednesday,False,False,clear,23.52,completed
B1708,U155,S1416,P128,2025-10-14T08:39:00,2025-10-14T09:09:00,Tuesday,False,False,clear,44.59,completed
B1709,U200,S611,P111,2025-10-12T21:57:00,2025-10-12T23:27:00,Sunday,True,False,cloudy,58.34,completed
B1710,U251,S505,P108,2025-11-19T09:30:00,2025-11-19T15:30:00,Wednesday,False,False,cloudy,28.77,completed
B1711,U140,S549,P110,2025-12-03T12:22:00,2025-12-03T13:22:00,Wednesday,False,False,clear,39.6,cancelled
B1712,U242,S1054,P121,2025-11-07T07:51:00,2025-11-07T09:51:00,Friday,False,False,clear,29.56,completed
B1713,U194,S1034,P120,2025-11-22T01:10:00,2025-11-22T02:10:00,Saturday,True,False,clear,20.67,completed
B1714,U235,S925,P118,2025-11-16T19:22:00,2025-11-16T21:22:00,Sunday,True,False,cloudy,32.37,completed
B1715,U112,S666,P113,2025-11-12T18:25:00,2025-11-12T20:25:00,Wednesday,False,False,cloudy,25.48,completed
B1716,U140,S632,P112,2025-12-13T14:18:00,2025-12-13T17:18:00,Saturday,True,False,clear,54.43,completed
B1717,U157,S935,P118,2026-01-06T23:13:00,2026-01-07T00:13:00,Tuesday,False,False,clear,24.0,completed
B1718,U152,S780,P115,2025-12-31T19:48:00,2025-12-31T22:48:00,Wednesday,False,False,cloudy,23.66,completed
B1719,U154,S189,P102,2026-01-21T18:37:00,2026-01-21T20:37:00,Wednesday,False,False,cloudy,40.65,completed
B1720,U148,S1475,P131,2025-10-14T10:10:00,2025-10-14T11:40:00,Tuesday,False,False,clear,26.03,completed
B1721,U236,S1484,P131,2025-12-04T18:50:00,2025-12-04T20:50:00,Thursday,False,False,clear,30.27,completed
B1722,U226,S1176,P124,2025-12-14T10:28:00,2025-12-14T11:28:00,Sunday,True,False,haze,32.72,completed
B1723,U186,S1548,P132,2026-01-09T08:20:00,2026-01-09T10:20:00,Friday,False,False,rain,28.68,completed
B1724,U213,S603,P111,2026-01-04T04:16:00,2026-01-04T06:16:00,Sunday,True,False,rain,64.98,completed
B1725,U140,S244,P103,2025-10-19T07:20:00,2025-10-19T13:20:00,Sunday,True,False,clear,27.83,completed
B1726,U242,S135,P101,2025-12-24T14:40:00,2025-12-24T17:40:00,Wednesday,False,False,clear,21.68,completed
B1727,U181,S776,P115,2025-12-10T17:22:00,2025-12-10T18:22:00,Wednesday,False,False,clear,20.62,completed
B1728,U283,S728,P114,2025-12-31T00:23:00,2025-12-31T06:23:00,Wednesday,False,False,clear,29.62,completed
B1729,U286,S1442,P129,2025-10-27T23:17:00,2025-10-28T00:17:00,Monday,False,False,clear,16.95,completed
B1730,U206,S1055,P121,2026-01-10T09:51:00,2026-01-10T11:21:00,Saturday,True,False,clear,40.95,completed
B1731,U142,S1392,P128,2026-01-21T12:07:00,2026-01-21T13:07:00,Wednesday,False,False,cloudy,38.85,completed
B1732,U262,S256,P103,2025-12-07T08:08:00,2025-12-07T10:08:00,Sunday,True,False,clear,31.29,completed
B1733,U260,S1240,P125,2025-12-12T18:25:00,2025-12-12T21:25:00,Friday,False,False,clear,22.9,completed
B1734,U172,S251,P103,2026-01-04T18:51:00,2026-01-04T19:51:00,Sunday,True,False,rain,35.72,completed
B1735,U247,S1437,P129,2025-11-12T16:43:00,2025-11-12T18:43:00,Wednesday,False,False,clear,17.42,completed
B1736,U119,S861,P116,2025-10-04T15:59:00,2025-10-04T18:59:00,Saturday,True,False,clear,31.76,completed
B1737,U117,S1259,P126,2025-11-15T21:51:00,2025-11-15T22:51:00,Saturday,True,False,clear,18.54,completed
B1738,U140,S1253,P125,2026-01-28T12:35:00,2026-01-28T14:35:00,Wednesday,False,False,fog,20.48,completed
B1739,U253,S298,P104,2025-10-03T12:55:00,2025-10-03T14:55:00,Friday,False,False,clear,45.31,completed
B1740,U185,S1435,P129,2025-11-28T02:32:00,2025-11-28T04:02:00,Friday,False,False,clear,17.1,completed
B1741,U245,S1002,P119,2025-10-20T17:44:00,2025-10-20T19:14:00,Monday,False,True,rain,49.11,completed
B1742,U215,S1385,P128,2025-11-13T22:06:00,2025-11-14T02:06:00,Thursday,False,False,cloudy,37.51,completed
B1743,U123,S292,P104,2025-11-23T12:15:00,2025-11-23T14:15:00,Sunday,True,False,clear,52.97,completed
B1744,U160,S1425,P129,2025-10-28T11:04:00,2025-10-28T12:04:00,Tuesday,False,False,fog,16.72,completed
B1745,U235,S505,P108,2025-11-06T17:09:00,2025-11-06T18:39:00,Thursday,False,False,rain,26.5,completed
B1746,U242,S543,P109,2025-12-23T13:33:00,2025-12-23T16:33:00,Tuesday,False,False,cloudy,18.42,completed
B1747,U122,S1055,P121,2025-12-13T20:07:00,2025-12-13T22:07:00,Saturday,True,False,clear,41.06,completed
B1748,U147,S646,P112,2025-10-11T10:22:00,2025-10-11T10:52:00,Saturday,True,False,clear,57.27,completed
B1749,U165,S711,P113,2026-01-14T11:36:00,2026-01-14T13:06:00,Wednesday,False,True,cloudy,29.18,completed
B1750,U214,S885,P117,2026-01-16T16:10:00,2026-01-16T17:40:00,Friday,False,False,clear,36.23,completed
B1751,U165,S598,P111,2026-01-22T16:39:00,2026-01-22T19:39:00,Thursday,False,False,clear,49.4,completed
B1752,U288,S522,P108,2026-01-18T18:41:00,2026-01-18T19:41:00,Sunday,True,False,clear,32.28,completed
B1753,U207,S1163,P124,2025-10-31T08:12:00,2025-10-31T09:42:00,Friday,False,False,clear,34.6,completed
B1754,U215,S1252,P125,2025-12-01T06:39:00,2025-12-01T07:09:00,Monday,False,False,clear,19.53,completed
B1755,U258,S615,P111,2026-01-11T22:11:00,2026-01-11T23:11:00,Sunday,True,False,cloudy,57.72,completed
B1756,U218,S1222,P125,2026-01-01T11:11:00,2026-01-01T13:11:00,Thursday,False,False,clear,20.45,completed
B1757,U139,S612,P111,2026-01-23T16:21:00,2026-01-23T17:51:00,Friday,False,False,clear,53.42,completed
B1758,U155,S558,P110,2026-01-23T09:34:00,2026-01-23T11:34:00,Friday,False,False,clear,49.62,completed
B1759,U177,S633,P112,2025-10-04T22:27:00,2025-10-05T01:27:00,Saturday,True,False,clear,52.98,completed
B1760,U149,S1029,P120,2026-01-10T16:47:00,2026-01-10T18:17:00,Saturday,True,False,fog,21.65,completed
B1761,U108,S1432,P129,2025-11-05T16:51:00,2025-11-05T18:21:00,Wednesday,False,False,rain,17.88,completed
B1762,U112,S635,P112,2025-11-07T20:26:00,2025-11-07T22:26:00,Friday,False,False,fog,54.45,completed
B1763,U300,S653,P113,2025-12-30T19:53:00,2025-12-30T21:23:00,Tuesday,False,False,clear,24.97,completed
B1764,U192,S875,P117,2025-12-30T05:33:00,2025-12-30T06:33:00,Tuesday,False,False,clear,35.67,completed
B1765,U225,S1551,P132,2025-11-13T10:54:00,2025-11-13T13:54:00,Thursday,False,False,rain,26.44,completed
B1766,U127,S164,P101,2025-11-11T08:01:00,2025-11-11T10:01:00,Tuesday,False,False,clear,25.66,completed
B1767,U103,S744,P114,2025-10-10T17:23:00,2025-10-10T19:23:00,Friday,False,False,clear,29.26,completed
B1768,U124,S1480,P131,2025-10-20T06:43:00,2025-10-20T07:43:00,Monday,False,True,clear,34.85,completed
B1769,U170,S1425,P129,2025-10-18T20:55:00,2025-10-18T23:55:00,Saturday,True,False,rain,23.73,completed
B1770,U258,S132,P101,2025-11-09T08:34:00,2025-11-09T10:04:00,Sunday,True,False,clear,27.49,completed
B1771,U257,S932,P118,2025-10-16T07:49:00,2025-10-16T09:49:00,Thursday,False,False,clear,24.06,completed
B1772,U184,S636,P112,2025-12-16T06:41:00,2025-12-16T10:41:00,Tuesday,False,False,cloudy,48.19,completed
B1773,U155,S1113,P123,2025-10-26T17:27:00,2025-10-26T20:27:00,Sunday,True,False,haze,57.62,completed
B1774,U254,S260,P103,2025-11-10T12:31:00,2025-11-10T13:01:00,Monday,False,False,fog,24.69,completed
B1775,U238,S1030,P120,2026-01-01T11:07:00,2026-01-01T12:37:00,Thursday,False,False,cloudy,18.39,completed
B1776,U111,S287,P104,2025-10-15T16:24:00,2025-10-15T17:24:00,Wednesday,False,False,cloudy,45.2,completed
B1777,U121,S637,P112,2026-01-09T22:52:00,2026-01-10T00:22:00,Friday,False,False,clear,46.69,completed
B1778,U136,S1012,P119,2025-10-25T03:02:00,2025-10-25T04:32:00,Saturday,True,False,clear,41.31,completed
B1779,U176,S646,P112,2026-01-07T10:43:00,2026-01-07T16:43:00,Wednesday,False,False,clear,47.17,completed
B1780,U165,S1157,P124,2025-10-17T12:16:00,2025-10-17T13:16:00,Friday,False,False,cloudy,31.07,completed
B1781,U120,S1030,P120,2025-11-21T17:21:00,2025-11-21T18:51:00,Friday,False,False,clear,19.56,cancelled
B1782,U298,S1224,P125,2025-10-24T13:38:00,2025-10-24T14:38:00,Friday,False,False,haze,20.69,completed
B1783,U258,S1420,P128,2025-10-16T09:32:00,2025-10-16T12:32:00,Thursday,False,False,cloudy,43.77,completed
B1784,U217,S357,P105,2025-11-13T14:18:00,2025-11-13T15:18:00,Thursday,False,False,clear,21.24,completed
B1785,U214,S534,P109,2025-12-07T07:15:00,2025-12-07T07:45:00,Sunday,True,False,clear,19.57,completed
B1786,U207,S948,P118,2025-12-08T15:57:00,2025-12-08T17:27:00,Monday,False,False,clear,22.68,completed
B1787,U248,S1365,P127,2026-01-08T07:42:00,2026-01-08T08:42:00,Thursday,False,False,cloudy,52.17,completed
B1788,U184,S745,P114,2025-12-08T18:28:00,2025-12-08T22:28:00,Monday,False,False,haze,35.39,completed
B1789,U149,S479,P107,2025-11-20T06:11:00,2025-11-20T07:11:00,Thursday,False,False,clear,41.3,completed
B1790,U276,S416,P106,2025-11-22T20:54:00,2025-11-22T21:54:00,Saturday,True,False,rain,60.63,completed
B1791,U259,S1000,P119,2026-01-13T19:32:00,2026-01-13T21:02:00,Tuesday,False,False,clear,39.86,completed
B1792,U207,S1049,P121,2025-10-08T21:04:00,2025-10-08T22:34:00,Wednesday,False,False,clear,29.39,completed
B1793,U131,S1119,P123,2025-12-05T11:21:00,2025-12-05T15:21:00,Friday,False,False,cloudy,48.02,completed
B1794,U149,S1554,P132,2025-12-03T18:07:00,2025-12-03T19:37:00,Wednesday,False,False,rain,28.88,completed
B1795,U175,S1551,P132,2025-11-27T08:02:00,2025-11-27T09:02:00,Thursday,False,False,clear,26.34,completed
B1796,U268,S788,P115,2025-10-16T18:12:00,2025-10-16T21:12:00,Thursday,False,False,cloudy,25.34,completed
B1797,U122,S116,P101,2025-11-24T09:23:00,2025-11-24T15:23:00,Monday,False,False,rain,27.84,completed
B1798,U273,S1469,P130,2026-01-21T08:32:00,2026-01-21T09:32:00,Wednesday,False,False,fog,58.52,completed
B1799,U111,S745,P114,2025-10-27T01:32:00,2025-10-27T07:32:00,Monday,False,False,clear,28.79,completed
B1800,U138,S1334,P127,2026-01-17T08:35:00,2026-01-17T11:35:00,Saturday,True,False,clear,70.99,completed
B1801,U137,S1146,P123,2025-12-27T16:05:00,2025-12-27T18:05:00,Saturday,True,False,clear,59.69,completed
B1802,U137,S726,P114,2025-11-23T20:12:00,2025-11-23T21:42:00,Sunday,True,False,clear,37.01,completed
B1803,U164,S689,P113,2025-10-19T08:06:00,2025-10-19T09:06:00,Sunday,True,False,clear,29.49,completed
B1804,U265,S358,P105,2025-10-19T08:44:00,2025-10-19T14:44:00,Sunday,True,False,clear,27.77,completed
B1805,U290,S1065,P121,2025-11-07T20:35:00,2025-11-07T23:35:00,Friday,False,False,haze,36.34,completed
B1806,U212,S515,P108,2025-12-28T07:42:00,2025-12-28T08:12:00,Sunday,True,False,clear,28.17,completed
B1807,U131,S1326,P126,2026-01-28T10:05:00,2026-01-28T11:05:00,Wednesday,False,False,rain,19.11,completed
B1808,U268,S178,P102,2025-11-16T19:52:00,2025-11-16T21:52:00,Sunday,True,False,clear,45.19,completed
B1809,U121,S1088,P122,2025-12-26T17:02:00,2025-12-26T19:02:00,Friday,False,False,cloudy,41.05,completed
B1810,U230,S1487,P131,2025-12-11T13:28:00,2025-12-11T14:28:00,Thursday,False,False,cloudy,25.36,completed
B1811,U271,S259,P103,2025-11-02T16:25:00,2025-11-02T22:25:00,Sunday,True,False,clear,27.71,completed
B1812,U108,S1475,P131,2025-11-30T19:43:00,2025-11-30T20:43:00,Sunday,True,False,fog,35.42,completed
B1813,U138,S1466,P130,2025-12-05T15:28:00,2025-12-05T15:58:00,Friday,False,False,clear,50.67,completed
B1814,U194,S1462,P130,2025-12-08T00:57:00,2025-12-08T01:57:00,Monday,False,False,clear,47.13,completed
B1815,U139,S312,P104,2026-01-21T16:46:00,2026-01-21T17:46:00,Wednesday,False,False,cloudy,48.2,completed
B1816,U119,S1058,P121,2025-11-13T13:21:00,2025-11-13T14:51:00,Thursday,False,False,rain,32.89,completed
B1817,U254,S180,P102,2025-10-05T09:28:00,2025-10-05T10:58:00,Sunday,True,False,cloudy,48.72,completed
B1818,U209,S1089,P122,2025-12-03T20:30:00,2025-12-03T22:30:00,Wednesday,False,False,rain,55.52,completed
B1819,U222,S565,P110,2025-11-15T18:17:00,2025-11-15T19:17:00,Saturday,True,False,rain,55.31,completed
B1820,U108,S1091,P122,2025-11-26T02:09:00,2025-11-26T06:09:00,Wednesday,False,False,clear,43.67,completed
B1821,U259,S627,P111,2025-11-02T06:45:00,2025-11-02T10:45:00,Sunday,True,False,fog,60.82,completed
B1822,U157,S1231,P125,2026-01-20T13:19:00,2026-01-20T15:19:00,Tuesday,False,False,haze,18.94,completed
B1823,U297,S513,P108,2025-10-10T18:30:00,2025-10-10T19:30:00,Friday,False,False,rain,31.88,completed
B1824,U132,S1063,P121,2026-01-27T18:31:00,2026-01-28T00:31:00,Tuesday,False,False,clear,37.06,completed
B1825,U238,S958,P118,2025-12-29T15:37:00,2025-12-29T17:37:00,Monday,False,False,haze,23.05,completed
B1826,U208,S1518,P132,2025-11-07T17:03:00,2025-11-07T19:03:00,Friday,False,False,rain,25.41,completed
B1827,U141,S1432,P129,2025-10-06T17:52:00,2025-10-06T19:22:00,Monday,False,False,rain,17.82,completed
B1828,U295,S1025,P120,2026-01-15T10:03:00,2026-01-15T11:33:00,Thursday,False,False,cloudy,18.17,completed
B1829,U235,S1157,P124,2025-11-05T08:11:00,2025-11-05T11:11:00,Wednesday,False,False,clear,36.88,completed
B1830,U133,S664,P113,2025-12-25T07:22:00,2025-12-25T08:22:00,Thursday,False,True,fog,29.33,completed
B1831,U148,S197,P102,2025-10-26T04:23:00,2025-10-26T05:23:00,Sunday,True,False,fog,41.71,completed
B1832,U212,S560,P110,2025-12-13T19:30:00,2025-12-13T20:30:00,Saturday,True,False,fog,52.84,cancelled
B1833,U207,S1484,P131,2025-11-25T11:56:00,2025-11-25T13:56:00,Tuesday,False,False,cloudy,27.07,completed
B1834,U116,S1030,P120,2025-11-27T09:33:00,2025-11-27T11:03:00,Thursday,False,False,rain,23.35,completed
B1835,U107,S476,P107,2025-11-04T00:06:00,2025-11-04T04:06:00,Tuesday,False,False,clear,40.85,completed
B1836,U276,S537,P109,2025-12-20T08:17:00,2025-12-20T10:17:00,Saturday,True,False,clear,24.78,cancelled
B1837,U226,S247,P103,2025-10-03T09:17:00,2025-10-03T12:17:00,Friday,False,False,rain,32.43,completed
B1838,U211,S494,P108,2026-01-14T09:54:00,2026-01-14T10:54:00,Wednesday,False,True,clear,39.22,completed
B1839,U157,S261,P103,2025-10-11T20:17:00,2025-10-11T20:47:00,Saturday,True,False,clear,32.83,completed
B1840,U293,S407,P106,2025-10-16T22:54:00,2025-10-17T00:54:00,Thursday,False,False,rain,46.49,completed
B1841,U272,S224,P103,2025-12-12T10:04:00,2025-12-12T10:34:00,Friday,False,False,clear,25.15,completed
B1842,U254,S1020,P120,2025-12-04T02:54:00,2025-12-04T03:24:00,Thursday,False,False,clear,18.55,completed
B1843,U248,S1040,P120,2025-10-17T19:15:00,2025-10-17T20:15:00,Friday,False,False,rain,25.15,completed
B1844,U268,S1047,P121,2025-11-19T11:33:00,2025-11-19T12:33:00,Wednesday,False,False,cloudy,31.33,completed
B1845,U278,S990,P119,2025-12-28T12:37:00,2025-12-28T14:07:00,Sunday,True,False,clear,41.21,completed
B1846,U109,S1065,P121,2026-01-19T19:49:00,2026-01-19T21:49:00,Monday,False,False,clear,37.2,completed
B1847,U205,S511,P108,2025-12-19T18:17:00,2025-12-19T19:47:00,Friday,False,False,clear,29.89,completed
B1848,U115,S608,P111,2025-10-05T22:59:00,2025-10-06T00:29:00,Sunday,True,False,cloudy,59.81,completed
B1849,U171,S166,P101,2025-11-22T22:53:00,2025-11-23T01:53:00,Saturday,True,False,clear,22.93,completed
B1850,U196,S743,P114,2025-11-17T20:19:00,2025-11-17T23:19:00,Monday,False,False,clear,35.11,completed
B1851,U116,S1049,P121,2025-10-12T12:40:00,2025-10-12T14:10:00,Sunday,True,False,clear,35.38,completed
B1852,U275,S1009,P119,2025-11-10T17:17:00,2025-11-10T19:17:00,Monday,False,False,clear,35.63,completed
B1853,U211,S595,P111,2025-12-05T18:19:00,2025-12-05T19:19:00,Friday,False,False,clear,59.71,completed
B1854,U133,S1101,P122,2026-01-27T05:25:00,2026-01-27T09:25:00,Tuesday,False,False,clear,43.26,completed
B1855,U222,S290,P104,2026-01-23T19:02:00,2026-01-23T20:32:00,Friday,False,False,cloudy,57.21,completed
B1856,U121,S1487,P131,2026-01-21T15:53:00,2026-01-21T16:53:00,Wednesday,False,False,clear,24.55,completed
B1857,U233,S287,P104,2025-12-23T21:29:00,2025-12-23T23:29:00,Tuesday,False,False,clear,46.14,completed
B1858,U163,S285,P104,2025-10-11T20:01:00,2025-10-11T21:01:00,Saturday,True,False,clear,64.38,completed
B1859,U297,S1276,P126,2025-12-28T08:41:00,2025-12-28T09:11:00,Sunday,True,False,rain,23.91,cancelled
B1860,U232,S1442,P129,2026-01-26T17:19:00,2026-01-26T20:19:00,Monday,False,True,clear,23.17,completed
B1861,U197,S1030,P120,2025-11-20T04:31:00,2025-11-20T05:31:00,Thursday,False,False,fog,19.29,completed
B1862,U140,S434,P106,2025-10-25T18:47:00,2025-10-25T19:47:00,Saturday,True,False,fog,54.87,completed
B1863,U112,S1467,P130,2026-01-02T23:25:00,2026-01-03T01:25:00,Friday,False,False,fog,50.81,completed
B1864,U228,S438,P106,2025-11-26T12:08:00,2025-11-26T15:08:00,Wednesday,False,False,fog,39.91,completed
B1865,U128,S1452,P130,2025-11-20T14:37:00,2025-11-20T20:37:00,Thursday,False,False,clear,47.1,cancelled
B1866,U246,S1040,P120,2026-01-04T11:56:00,2026-01-04T13:26:00,Sunday,True,False,cloudy,21.68,cancelled
B1867,U216,S1464,P130,2025-11-02T21:15:00,2025-11-03T01:15:00,Sunday,True,False,rain,63.74,completed
B1868,U131,S769,P115,2025-11-15T17:59:00,2025-11-15T19:29:00,Saturday,True,False,rain,26.28,completed
B1869,U110,S904,P117,2026-01-04T19:01:00,2026-01-04T20:31:00,Sunday,True,False,clear,48.37,completed
B1870,U159,S1277,P126,2025-12-19T11:22:00,2025-12-19T11:52:00,Friday,False,False,clear,16.55,completed
B1871,U128,S1087,P122,2025-12-01T08:24:00,2025-12-01T09:24:00,Monday,False,False,clear,50.33,completed
B1872,U209,S1491,P132,2025-11-07T19:19:00,2025-11-07T20:19:00,Friday,False,False,clear,27.9,completed
B1873,U196,S1474,P131,2026-01-24T14:09:00,2026-01-24T16:09:00,Saturday,True,False,clear,30.14,completed
B1874,U281,S1480,P131,2025-10-04T14:25:00,2025-10-04T15:25:00,Saturday,True,False,fog,29.61,completed
B1875,U204,S995,P119,2025-12-08T17:22:00,2025-12-08T18:52:00,Monday,False,False,fog,35.4,completed
B1876,U171,S547,P109,2025-12-27T08:25:00,2025-12-27T09:25:00,Saturday,True,False,clear,22.71,completed
B1877,U187,S1267,P126,2025-10-04T19:32:00,2025-10-04T22:32:00,Saturday,True,False,cloudy,22.38,completed
B1878,U278,S358,P105,2025-11-21T19:11:00,2025-11-21T19:41:00,Friday,False,False,clear,25.29,completed
B1879,U147,S1461,P130,2026-01-04T11:51:00,2026-01-04T12:51:00,Sunday,True,False,rain,59.44,completed
B1880,U299,S1347,P127,2026-01-19T07:36:00,2026-01-19T09:36:00,Monday,False,False,fog,51.05,completed
B1881,U178,S863,P116,2025-10-18T08:20:00,2025-10-18T11:20:00,Saturday,True,False,rain,38.69,completed
B1882,U209,S1479,P131,2025-12-06T12:44:00,2025-12-06T13:14:00,Saturday,True,False,clear,29.54,completed
B1883,U214,S1080,P122,2025-12-05T13:30:00,2025-12-05T16:30:00,Friday,False,False,clear,43.3,completed
B1884,U193,S1417,P128,2025-10-27T15:47:00,2025-10-27T17:17:00,Monday,False,False,clear,38.73,completed
B1885,U214,S1101,P122,2025-10-01T19:17:00,2025-10-01T22:17:00,Wednesday,False,False,rain,52.81,completed
B1886,U136,S839,P116,2025-10-24T19:54:00,2025-10-24T21:24:00,Friday,False,False,clear,33.68,completed
B1887,U173,S384,P105,2025-12-10T02:07:00,2025-12-10T03:07:00,Wednesday,False,False,clear,21.43,completed
B1888,U147,S1502,P132,2026-01-09T21:21:00,2026-01-09T22:21:00,Friday,False,False,clear,22.57,completed
B1889,U117,S1459,P130,2025-11-27T00:38:00,2025-11-27T02:38:00,Thursday,False,False,cloudy,48.09,completed
B1890,U283,S471,P107,2025-11-01T17:58:00,2025-11-01T18:28:00,Saturday,True,True,clear,59.71,completed
B1891,U200,S1032,P120,2026-01-03T21:05:00,2026-01-03T23:05:00,Saturday,True,False,rain,23.33,completed
B1892,U157,S486,P107,2025-11-23T20:12:00,2025-11-23T21:12:00,Sunday,True,False,clear,55.34,completed
B1893,U126,S1240,P125,2025-10-10T09:45:00,2025-10-10T11:15:00,Friday,False,False,clear,23.21,completed
B1894,U141,S285,P104,2025-10-31T21:22:00,2025-10-31T23:22:00,Friday,False,False,fog,48.35,completed
B1895,U181,S531,P109,2025-12-21T08:32:00,2025-12-21T10:32:00,Sunday,True,False,rain,25.55,completed
B1896,U205,S590,P110,2026-01-11T12:10:00,2026-01-11T14:10:00,Sunday,True,False,clear,47.16,completed
B1897,U253,S1440,P129,2025-10-07T20:14:00,2025-10-07T21:44:00,Tuesday,False,False,clear,19.96,completed
B1898,U197,S1248,P125,2026-01-25T19:11:00,2026-01-25T20:41:00,Sunday,True,False,clear,26.81,completed
B1899,U251,S747,P114,2025-10-13T17:13:00,2025-10-13T20:13:00,Monday,False,False,clear,28.11,completed
B1900,U107,S1038,P120,2025-11-05T03:56:00,2025-11-05T04:56:00,Wednesday,False,False,clear,18.97,completed
B1901,U229,S1033,P120,2025-12-22T08:42:00,2025-12-22T10:42:00,Monday,False,False,rain,24.0,completed
B1902,U256,S1116,P123,2025-10-02T17:33:00,2025-10-02T23:33:00,Thursday,False,False,cloudy,50.0,completed
B1903,U191,S166,P101,2025-12-24T15:38:00,2025-12-24T16:38:00,Wednesday,False,False,clear,20.34,completed
B1904,U249,S540,P109,2025-12-08T08:59:00,2025-12-08T11:59:00,Monday,False,False,clear,20.4,completed
B1905,U143,S1159,P124,2025-11-18T08:48:00,2025-11-18T14:48:00,Tuesday,False,False,clear,36.57,completed
B1906,U267,S1118,P123,2025-11-13T17:05:00,2025-11-13T19:05:00,Thursday,False,False,clear,49.4,completed
B1907,U166,S182,P102,2025-10-31T18:15:00,2025-10-31T20:15:00,Friday,False,False,clear,40.89,completed
B1908,U153,S1294,P126,2026-01-19T09:52:00,2026-01-19T10:22:00,Monday,False,False,rain,21.9,completed
B1909,U101,S1245,P125,2025-12-21T09:06:00,2025-12-21T10:36:00,Sunday,True,False,fog,26.28,completed
B1910,U277,S1401,P128,2025-11-24T18:12:00,2025-11-24T19:42:00,Monday,False,False,clear,47.37,completed
B1911,U186,S647,P112,2025-10-23T13:34:00,2025-10-23T14:34:00,Thursday,False,False,clear,48.9,completed
B1912,U233,S724,P113,2025-11-07T08:11:00,2025-11-07T11:11:00,Friday,False,False,clear,26.85,completed
B1913,U198,S1206,P124,2025-12-30T03:36:00,2025-12-30T04:36:00,Tuesday,False,False,clear,29.92,completed
B1914,U145,S1015,P119,2025-10-11T13:44:00,2025-10-11T14:14:00,Saturday,True,False,clear,38.36,completed
B1915,U243,S531,P109,2026-01-10T17:35:00,2026-01-10T18:05:00,Saturday,True,False,fog,19.34,completed
B1916,U160,S176,P102,2026-01-28T06:15:00,2026-01-28T07:45:00,Wednesday,False,False,clear,33.37,completed
B1917,U271,S1543,P132,2025-10-05T18:38:00,2025-10-06T00:38:00,Sunday,True,False,fog,32.54,completed
B1918,U150,S394,P106,2025-10-16T02:16:00,2025-10-16T03:16:00,Thursday,False,False,clear,41.28,completed
B1919,U228,S1361,P127,2025-10-11T10:03:00,2025-10-11T11:03:00,Saturday,True,False,clear,57.42,completed
B1920,U175,S1406,P128,2025-11-01T17:42:00,2025-11-01T19:12:00,Saturday,True,True,fog,61.61,completed
B1921,U182,S1465,P130,2025-11-20T07:06:00,2025-11-20T08:36:00,Thursday,False,False,cloudy,49.45,completed
B1922,U169,S1435,P129,2025-11-25T06:35:00,2025-11-25T12:35:00,Tuesday,False,False,clear,16.69,completed
B1923,U182,S774,P115,2025-11-12T16:21:00,2025-11-12T20:21:00,Wednesday,False,False,haze,20.64,completed
B1924,U227,S164,P101,2025-11-30T08:57:00,2025-11-30T10:57:00,Sunday,True,False,clear,29.07,completed
B1925,U148,S873,P116,2025-10-03T10:30:00,2025-10-03T16:30:00,Friday,False,False,cloudy,25.99,completed
B1926,U225,S958,P118,2025-12-23T20:24:00,2025-12-24T00:24:00,Tuesday,False,False,clear,28.86,completed
B1927,U289,S1157,P124,2025-12-26T05:53:00,2025-12-26T09:53:00,Friday,False,False,clear,29.71,completed
B1928,U120,S1484,P131,2025-12-08T11:39:00,2025-12-08T14:39:00,Monday,False,False,cloudy,26.04,completed
B1929,U234,S524,P108,2025-10-10T08:50:00,2025-10-10T09:50:00,Friday,False,False,clear,29.42,completed
B1930,U149,S395,P106,2025-10-27T17:00:00,2025-10-27T18:00:00,Monday,False,False,clear,40.67,completed
B1931,U220,S965,P118,2026-01-02T07:04:00,2026-01-02T09:04:00,Friday,False,False,haze,22.5,completed
B1932,U215,S419,P106,2025-10-17T08:12:00,2025-10-17T09:12:00,Friday,False,False,cloudy,49.12,completed
B1933,U217,S401,P106,2026-01-25T10:10:00,2026-01-25T12:10:00,Sunday,True,False,cloudy,46.57,completed
B1934,U288,S382,P105,2025-11-30T08:35:00,2025-11-30T12:35:00,Sunday,True,False,clear,28.49,completed
B1935,U180,S1039,P120,2026-01-14T20:17:00,2026-01-14T22:17:00,Wednesday,False,True,clear,30.42,completed
B1936,U235,S1101,P122,2025-11-04T05:53:00,2025-11-04T08:53:00,Tuesday,False,False,fog,42.33,completed
B1937,U128,S161,P101,2025-11-15T08:21:00,2025-11-15T09:21:00,Saturday,True,False,clear,29.39,completed
B1938,U227,S1482,P131,2025-12-24T08:08:00,2025-12-24T10:08:00,Wednesday,False,False,clear,31.66,completed
B1939,U169,S1093,P122,2025-11-28T19:09:00,2025-11-28T20:39:00,Friday,False,False,clear,51.65,completed
B1940,U245,S991,P119,2026-01-06T04:05:00,2026-01-06T06:05:00,Tuesday,False,False,haze,33.23,cancelled
B1941,U157,S262,P103,2025-11-28T01:31:00,2025-11-28T04:31:00,Friday,False,False,clear,24.96,completed
B1942,U279,S1038,P120,2026-01-06T21:50:00,2026-01-07T01:50:00,Tuesday,False,False,rain,20.56,completed
B1943,U203,S334,P104,2025-12-22T20:23:00,2025-12-23T00:23:00,Monday,False,False,clear,58.73,completed
B1944,U180,S627,P111,2025-12-12T08:46:00,2025-12-12T12:46:00,Friday,False,False,rain,70.12,completed
B1945,U122,S1012,P119,2026-01-10T19:39:00,2026-01-10T21:39:00,Saturday,True,False,rain,52.16,cancelled
B1946,U221,S1004,P119,2025-11-02T19:05:00,2025-11-02T19:35:00,Sunday,True,False,rain,49.13,completed
B1947,U202,S547,P109,2025-11-11T13:08:00,2025-11-11T14:08:00,Tuesday,False,False,fog,18.42,completed
B1948,U112,S938,P118,2026-01-28T20:33:00,2026-01-28T21:33:00,Wednesday,False,False,clear,26.23,completed
B1949,U164,S941,P118,2026-01-05T17:46:00,2026-01-05T19:16:00,Monday,False,False,haze,23.67,completed
B1950,U204,S115,P101,2025-11-18T16:50:00,2025-11-18T22:50:00,Tuesday,False,False,clear,21.31,completed
B1951,U167,S650,P112,2025-10-11T10:40:00,2025-10-11T11:10:00,Saturday,True,False,rain,57.85,completed
B1952,U146,S590,P110,2025-12-01T18:45:00,2025-12-01T19:45:00,Monday,False,False,clear,48.69,completed
B1953,U279,S1175,P124,2025-12-18T08:11:00,2025-12-18T12:11:00,Thursday,False,False,haze,35.59,cancelled
B1954,U175,S859,P116,2025-11-22T13:14:00,2025-11-22T14:44:00,Saturday,True,False,rain,34.47,completed
B1955,U221,S239,P103,2025-11-09T16:57:00,2025-11-09T18:57:00,Sunday,True,False,rain,29.59,completed
B1956,U198,S586,P110,2025-10-18T09:33:00,2025-10-18T10:03:00,Saturday,True,False,cloudy,56.07,completed
B1957,U199,S1540,P132,2026-01-02T13:25:00,2026-01-02T13:55:00,Friday,False,False,clear,23.85,completed
B1958,U136,S1235,P125,2025-12-08T12:10:00,2025-12-08T15:10:00,Monday,False,False,clear,19.81,completed
B1959,U137,S1446,P129,2025-11-20T08:55:00,2025-11-20T10:55:00,Thursday,False,False,clear,21.4,completed
B1960,U254,S604,P111,2025-11-05T17:32:00,2025-11-05T19:02:00,Wednesday,False,False,fog,52.93,completed
B1961,U150,S1114,P123,2026-01-23T18:54:00,2026-01-23T22:54:00,Friday,False,False,clear,60.8,completed
B1962,U115,S899,P117,2025-10-05T09:34:00,2025-10-05T11:34:00,Sunday,True,False,fog,49.36,completed
B1963,U123,S295,P104,2025-10-12T08:38:00,2025-10-12T10:08:00,Sunday,True,False,cloudy,64.7,cancelled
B1964,U185,S1314,P126,2025-11-22T07:56:00,2025-11-22T08:56:00,Saturday,True,False,cloudy,19.02,completed
B1965,U231,S1484,P131,2026-01-11T22:07:00,2026-01-11T23:37:00,Sunday,True,False,rain,32.41,completed
B1966,U244,S799,P115,2026-01-25T12:13:00,2026-01-25T18:13:00,Sunday,True,False,haze,23.33,completed
B1967,U292,S1250,P125,2025-12-30T08:00:00,2025-12-30T14:00:00,Tuesday,False,False,cloudy,25.04,completed
B1968,U193,S581,P110,2025-12-12T16:12:00,2025-12-12T16:42:00,Friday,False,False,cloudy,40.38,completed
B1969,U146,S137,P101,2026-01-01T19:07:00,2026-01-01T23:07:00,Thursday,False,False,rain,26.22,completed
B1970,U291,S1240,P125,2025-12-09T06:27:00,2025-12-09T07:27:00,Tuesday,False,False,rain,20.93,completed
B1971,U278,S224,P103,2025-10-13T23:15:00,2025-10-13T23:45:00,Monday,False,False,clear,24.86,completed
B1972,U215,S1138,P123,2025-11-23T14:04:00,2025-11-23T15:34:00,Sunday,True,False,clear,60.25,completed
B1973,U113,S948,P118,2026-01-03T08:11:00,2026-01-03T10:11:00,Saturday,True,False,clear,31.68,completed
B1974,U164,S918,P118,2025-10-28T02:41:00,2025-10-28T03:41:00,Tuesday,False,False,clear,23.73,cancelled
B1975,U199,S1313,P126,2025-10-24T16:36:00,2025-10-24T17:36:00,Friday,False,False,clear,16.28,completed
B1976,U121,S874,P116,2026-01-17T18:56:00,2026-01-17T19:56:00,Saturday,True,False,rain,40.8,completed
B1977,U162,S719,P113,2025-10-28T10:34:00,2025-10-28T12:04:00,Tuesday,False,False,rain,24.58,completed
B1978,U258,S642,P112,2025-11-14T15:22:00,2025-11-14T17:22:00,Friday,False,False,rain,50.67,completed
B1979,U200,S102,P101,2026-01-21T10:56:00,2026-01-21T12:26:00,Wednesday,False,False,clear,21.26,completed
B1980,U274,S153,P101,2025-10-26T12:36:00,2025-10-26T14:36:00,Sunday,True,False,clear,24.94,completed
B1981,U146,S486,P107,2025-10-03T19:48:00,2025-10-03T20:48:00,Friday,False,False,clear,47.8,completed
B1982,U276,S1125,P123,2025-11-06T04:33:00,2025-11-06T07:33:00,Thursday,False,False,cloudy,49.33,completed
B1983,U268,S989,P119,2025-10-20T08:16:00,2025-10-20T09:16:00,Monday,False,True,clear,54.21,completed
B1984,U299,S219,P103,2025-12-30T15:36:00,2025-12-30T16:36:00,Tuesday,False,False,rain,25.62,completed
B1985,U157,S389,P106,2025-10-17T06:49:00,2025-10-17T08:19:00,Friday,False,False,cloudy,40.52,cancelled
B1986,U137,S745,P114,2025-12-22T20:34:00,2025-12-22T22:34:00,Monday,False,False,cloudy,35.91,completed
B1987,U238,S501,P108,2025-10-31T08:52:00,2025-10-31T09:52:00,Friday,False,False,fog,29.13,completed
B1988,U103,S543,P109,2025-12-21T15:23:00,2025-12-21T16:23:00,Sunday,True,False,clear,19.7,cancelled
B1989,U228,S635,P112,2026-01-19T17:22:00,2026-01-19T19:22:00,Monday,False,False,rain,54.75,completed
B1990,U102,S640,P112,2026-01-16T11:12:00,2026-01-16T17:12:00,Friday,False,False,fog,48.41,completed
B1991,U202,S1470,P130,2025-10-29T14:35:00,2025-10-29T15:05:00,Wednesday,False,False,haze,50.61,completed
B1992,U218,S1457,P130,2025-12-22T15:37:00,2025-12-22T17:07:00,Monday,False,False,clear,48.16,completed
B1993,U183,S1411,P128,2026-01-09T18:15:00,2026-01-09T19:45:00,Friday,False,False,clear,43.68,completed
B1994,U269,S1049,P121,2025-12-04T20:23:00,2025-12-04T21:53:00,Thursday,False,False,clear,35.5,completed
B1995,U142,S356,P105,2025-11-29T19:37:00,2025-11-29T21:37:00,Saturday,True,False,clear,29.75,completed
B1996,U226,S322,P104,2025-10-06T20:06:00,2025-10-07T00:06:00,Monday,False,False,rain,60.87,completed
B1997,U279,S1070,P122,2025-12-27T08:37:00,2025-12-27T10:07:00,Saturday,True,False,fog,54.48,completed
B1998,U109,S880,P117,2025-11-09T22:01:00,2025-11-09T23:01:00,Sunday,True,False,clear,40.88,completed
B1999,U219,S370,P105,2026-01-17T11:18:00,2026-01-17T12:48:00,Saturday,True,False,clear,24.08,completed
B2000,U284,S1276,P126,2026-01-10T21:38:00,2026-01-10T23:08:00,Saturday,True,False,haze,20.09,completed
B2001,U116,S1501,P132,2025-12-30T16:40:00,2025-12-30T17:40:00,Tuesday,False,False,clear,22.06,completed
B2002,U131,S1380,P128,2025-12-27T15:51:00,2025-12-27T17:21:00,Saturday,True,False,clear,45.28,completed
B2003,U229,S471,P107,2026-01-22T18:18:00,2026-01-22T19:18:00,Thursday,False,False,rain,54.41,completed
B2004,U132,S878,P117,2025-10-25T07:16:00,2025-10-25T09:16:00,Saturday,True,False,cloudy,39.14,completed
B2005,U173,S343,P105,2025-10-03T17:56:00,2025-10-03T18:56:00,Friday,False,False,clear,20.67,completed
B2006,U146,S899,P117,2025-12-13T16:55:00,2025-12-13T20:55:00,Saturday,True,False,clear,38.92,completed
B2007,U205,S198,P102,2026-01-27T14:55:00,2026-01-27T16:55:00,Tuesday,False,False,clear,34.23,completed
B2008,U183,S105,P101,2026-01-15T21:03:00,2026-01-16T03:03:00,Thursday,False,False,clear,20.57,completed
B2009,U205,S1237,P125,2025-10-04T07:56:00,2025-10-04T08:56:00,Saturday,True,False,clear,21.9,completed
B2010,U254,S1092,P122,2025-11-29T05:23:00,2025-11-29T06:53:00,Saturday,True,False,clear,46.1,completed
B2011,U246,S166,P101,2026-01-05T19:43:00,2026-01-05T21:43:00,Monday,False,False,clear,24.27,completed
B2012,U193,S1549,P132,2025-12-04T08:46:00,2025-12-04T11:46:00,Thursday,False,False,cloudy,27.87,cancelled
B2013,U240,S1262,P126,2025-11-30T06:22:00,2025-11-30T09:22:00,Sunday,True,False,clear,20.03,completed
B2014,U233,S751,P115,2026-01-20T21:39:00,2026-01-21T01:39:00,Tuesday,False,False,rain,21.66,completed
B2015,U179,S1474,P131,2025-12-19T10:43:00,2025-12-19T12:13:00,Friday,False,False,fog,24.95,completed
B2016,U244,S1132,P123,2025-11-08T18:58:00,2025-11-08T19:58:00,Saturday,True,False,rain,71.88,completed
B2017,U184,S1032,P120,2026-01-10T18:25:00,2026-01-10T22:25:00,Saturday,True,False,rain,26.77,completed
B2018,U278,S409,P106,2025-12-02T16:28:00,2025-12-02T17:58:00,Tuesday,False,False,rain,44.5,completed
B2019,U192,S1072,P122,2025-12-09T07:06:00,2025-12-09T08:36:00,Tuesday,False,False,clear,43.32,completed
B2020,U219,S1014,P119,2025-10-09T08:20:00,2025-10-09T10:20:00,Thursday,False,False,fog,43.18,completed
B2021,U247,S649,P112,2025-10-14T00:27:00,2025-10-14T02:27:00,Tuesday,False,False,clear,47.11,completed
B2022,U265,S1232,P125,2026-01-12T09:40:00,2026-01-12T10:10:00,Monday,False,False,clear,23.5,completed
B2023,U201,S1226,P125,2026-01-28T11:42:00,2026-01-28T12:42:00,Wednesday,False,False,cloudy,19.82,completed
B2024,U221,S1142,P123,2025-12-31T07:45:00,2025-12-31T09:45:00,Wednesday,False,False,cloudy,51.06,completed
B2025,U294,S1446,P129,2025-12-16T22:22:00,2025-12-17T02:22:00,Tuesday,False,False,clear,16.71,completed
B2026,U268,S532,P109,2025-11-08T09:01:00,2025-11-08T10:01:00,Saturday,True,False,rain,25.67,completed
B2027,U147,S213,P102,2025-11-13T19:55:00,2025-11-13T20:55:00,Thursday,False,False,fog,41.31,completed
B2028,U226,S859,P116,2026-01-25T14:02:00,2026-01-25T14:32:00,Sunday,True,False,clear,32.36,completed
B2029,U150,S373,P105,2025-11-28T08:52:00,2025-11-28T10:52:00,Friday,False,False,clear,25.72,completed
B2030,U278,S1035,P120,2025-12-18T13:48:00,2025-12-18T14:48:00,Thursday,False,False,clear,19.06,completed
B2031,U289,S1423,P129,2026-01-24T16:04:00,2026-01-24T17:04:00,Saturday,True,False,clear,19.93,cancelled
B2032,U162,S1070,P122,2025-11-05T07:49:00,2025-11-05T09:19:00,Wednesday,False,False,clear,42.56,completed
B2033,U273,S243,P103,2025-11-27T15:09:00,2025-11-27T17:09:00,Thursday,False,False,clear,23.65,completed
B2034,U183,S746,P114,2025-12-06T14:49:00,2025-12-06T16:49:00,Saturday,True,False,clear,31.68,completed
B2035,U119,S1470,P130,2025-10-23T05:01:00,2025-10-23T09:01:00,Thursday,False,False,cloudy,50.55,completed
B2036,U216,S585,P110,2025-12-27T08:48:00,2025-12-27T10:18:00,Saturday,True,False,rain,59.82,completed
B2037,U262,S341,P105,2025-10-14T07:40:00,2025-10-14T11:40:00,Tuesday,False,False,clear,20.57,completed
B2038,U130,S579,P110,2026-01-05T20:10:00,2026-01-05T21:40:00,Monday,False,False,clear,47.47,completed
B2039,U299,S197,P102,2025-11-15T22:33:00,2025-11-15T23:33:00,Saturday,True,False,haze,40.89,completed
B2040,U159,S233,P103,2025-12-05T07:20:00,2025-12-05T08:50:00,Friday,False,False,haze,24.12,completed
B2041,U144,S531,P109,2025-11-02T11:12:00,2025-11-02T13:12:00,Sunday,True,False,clear,20.42,cancelled
B2042,U285,S313,P104,2025-10-27T19:43:00,2025-10-27T21:13:00,Monday,False,False,cloudy,55.64,completed
B2043,U281,S1468,P130,2025-12-19T15:29:00,2025-12-19T16:29:00,Friday,False,False,clear,47.78,completed
B2044,U115,S345,P105,2025-12-11T11:10:00,2025-12-11T17:10:00,Thursday,False,False,fog,21.47,completed
B2045,U209,S1516,P132,2025-12-07T15:25:00,2025-12-07T17:25:00,Sunday,True,False,clear,26.36,completed
B2046,U162,S707,P113,2025-11-13T17:26:00,2025-11-13T17:56:00,Thursday,False,False,cloudy,21.94,completed
B2047,U273,S1295,P126,2025-12-19T18:32:00,2025-12-20T00:32:00,Friday,False,False,cloudy,20.61,completed
B2048,U277,S541,P109,2025-11-21T07:30:00,2025-11-21T09:30:00,Friday,False,False,fog,18.21,completed
B2049,U144,S255,P103,2025-12-22T19:55:00,2025-12-22T20:55:00,Monday,False,False,rain,31.86,completed
B2050,U273,S1071,P122,2026-01-12T17:52:00,2026-01-12T19:52:00,Monday,False,False,cloudy,41.59,cancelled
B2051,U181,S924,P118,2025-11-13T09:38:00,2025-11-13T10:08:00,Thursday,False,False,clear,28.44,completed
B2052,U228,S1342,P127,2025-12-18T19:56:00,2025-12-18T20:56:00,Thursday,False,False,fog,59.14,completed
B2053,U109,S1174,P124,2025-10-28T19:16:00,2025-10-28T21:16:00,Tuesday,False,False,clear,37.58,completed
B2054,U247,S865,P116,2025-10-18T15:20:00,2025-10-18T18:20:00,Saturday,True,False,clear,30.18,completed
B2055,U201,S534,P109,2025-12-07T16:57:00,2025-12-07T17:27:00,Sunday,True,False,clear,19.3,completed
B2056,U189,S1230,P125,2025-11-24T17:52:00,2025-11-24T20:52:00,Monday,False,False,cloudy,20.45,completed
B2057,U290,S1498,P132,2025-11-03T19:25:00,2025-11-03T23:25:00,Monday,False,False,clear,26.78,completed
B2058,U238,S123,P101,2025-12-25T09:45:00,2025-12-25T10:45:00,Thursday,False,True,rain,35.14,completed
B2059,U214,S999,P119,2026-01-19T02:51:00,2026-01-19T04:21:00,Monday,False,False,cloudy,35.06,completed
B2060,U145,S1484,P131,2025-11-05T19:06:00,2025-11-05T23:06:00,Wednesday,False,False,clear,29.74,completed
B2061,U137,S730,P114,2026-01-25T22:09:00,2026-01-25T23:09:00,Sunday,True,False,clear,31.47,cancelled
B2062,U161,S972,P118,2025-11-07T20:57:00,2025-11-07T22:57:00,Friday,False,False,clear,27.68,completed
B2063,U144,S1347,P127,2025-10-05T17:55:00,2025-10-05T19:55:00,Sunday,True,False,haze,61.11,completed
B2064,U175,S256,P103,2025-10-27T13:39:00,2025-10-27T15:09:00,Monday,False,False,cloudy,24.01,completed
B2065,U108,S1499,P132,2025-12-22T10:31:00,2025-12-22T12:01:00,Monday,False,False,clear,23.77,cancelled
B2066,U177,S1031,P120,2026-01-06T02:24:00,2026-01-06T03:24:00,Tuesday,False,False,fog,18.3,completed
B2067,U268,S131,P101,2025-12-01T12:47:00,2025-12-01T13:47:00,Monday,False,False,clear,21.5,completed
B2068,U285,S527,P108,2025-10-13T07:01:00,2025-10-13T10:01:00,Monday,False,False,cloudy,24.78,completed
B2069,U106,S1217,P124,2025-11-15T19:46:00,2025-11-15T23:46:00,Saturday,True,False,rain,41.49,completed
B2070,U103,S1469,P130,2025-11-05T18:47:00,2025-11-05T19:47:00,Wednesday,False,False,cloudy,60.95,completed
B2071,U180,S734,P114,2026-01-16T20:24:00,2026-01-16T22:24:00,Friday,False,False,clear,34.38,completed
B2072,U205,S667,P113,2025-10-02T20:09:00,2025-10-02T22:09:00,Thursday,False,False,clear,24.92,completed
B2073,U283,S1480,P131,2026-01-19T18:01:00,2026-01-19T19:01:00,Monday,False,False,haze,31.31,completed
B2074,U180,S593,P111,2025-11-18T09:40:00,2025-11-18T11:40:00,Tuesday,False,False,rain,65.38,completed
B2075,U248,S1189,P124,2025-10-30T19:56:00,2025-10-30T20:56:00,Thursday,False,False,rain,39.01,completed
B2076,U138,S1383,P128,2026-01-02T21:30:00,2026-01-02T23:00:00,Friday,False,False,clear,38.42,completed
B2077,U171,S1450,P130,2025-12-14T07:55:00,2025-12-14T09:55:00,Sunday,True,False,rain,58.46,completed
B2078,U178,S296,P104,2025-11-27T10:37:00,2025-11-27T16:37:00,Thursday,False,False,rain,50.97,completed
B2079,U224,S198,P102,2025-11-13T19:08:00,2025-11-13T22:08:00,Thursday,False,False,clear,42.41,completed
B2080,U127,S498,P108,2026-01-23T08:44:00,2026-01-23T10:44:00,Friday,False,False,cloudy,28.22,completed
B2081,U203,S1441,P129,2026-01-18T21:11:00,2026-01-18T23:11:00,Sunday,True,False,clear,19.05,completed
B2082,U197,S1054,P121,2026-01-06T21:06:00,2026-01-06T22:06:00,Tuesday,False,False,clear,29.12,completed
B2083,U235,S1048,P121,2025-10-09T00:10:00,2025-10-09T01:10:00,Thursday,False,False,rain,34.38,completed
B2084,U280,S514,P108,2026-01-10T13:20:00,2026-01-10T15:20:00,Saturday,True,False,clear,28.5,completed
B2085,U262,S458,P107,2026-01-19T17:44:00,2026-01-19T19:44:00,Monday,False,False,clear,40.76,completed
B2086,U263,S1344,P127,2025-10-31T18:47:00,2025-10-31T21:47:00,Friday,False,False,rain,64.41,completed
B2087,U217,S760,P115,2025-11-12T18:40:00,2025-11-12T19:40:00,Wednesday,False,False,clear,25.28,completed
B2088,U193,S1494,P132,2026-01-16T08:18:00,2026-01-16T11:18:00,Friday,False,False,clear,26.98,completed
B2089,U215,S561,P110,2025-12-06T11:24:00,2025-12-06T15:24:00,Saturday,True,False,fog,45.87,completed
B2090,U226,S1454,P130,2026-01-08T19:41:00,2026-01-08T21:41:00,Thursday,False,False,fog,61.02,completed
B2091,U192,S1170,P124,2026-01-22T11:48:00,2026-01-22T17:48:00,Thursday,False,False,clear,29.99,completed
B2092,U113,S698,P113,2025-12-21T08:01:00,2025-12-21T10:01:00,Sunday,True,False,rain,30.6,completed
B2093,U145,S695,P113,2025-11-24T10:35:00,2025-11-24T12:05:00,Monday,False,False,clear,20.76,completed
B2094,U179,S262,P103,2025-12-03T10:50:00,2025-12-03T11:50:00,Wednesday,False,False,rain,26.24,cancelled
B2095,U271,S309,P104,2025-12-11T17:29:00,2025-12-11T18:59:00,Thursday,False,False,clear,44.6,completed
B2096,U192,S523,P108,2025-11-16T13:52:00,2025-11-16T14:22:00,Sunday,True,False,clear,29.13,completed
B2097,U298,S1342,P127,2026-01-26T17:39:00,2026-01-26T19:09:00,Monday,False,True,clear,71.27,completed
B2098,U102,S1081,P122,2026-01-12T05:32:00,2026-01-12T06:32:00,Monday,False,False,clear,43.62,completed
B2099,U215,S631,P111,2025-11-25T12:39:00,2025-11-25T13:39:00,Tuesday,False,False,clear,52.9,completed
B2100,U241,S627,P111,2025-12-18T07:15:00,2025-12-18T08:15:00,Thursday,False,False,clear,52.81,completed
B2101,U242,S762,P115,2025-12-24T06:38:00,2025-12-24T07:38:00,Wednesday,False,False,clear,20.58,completed
B2102,U147,S1515,P132,2025-12-31T17:34:00,2025-12-31T18:34:00,Wednesday,False,False,clear,23.59,completed
B2103,U123,S1486,P131,2025-10-11T16:56:00,2025-10-11T17:56:00,Saturday,True,False,clear,30.25,completed
B2104,U149,S907,P118,2025-12-22T04:20:00,2025-12-22T05:20:00,Monday,False,False,fog,23.88,completed
B2105,U206,S1414,P128,2025-10-31T19:24:00,2025-10-31T20:54:00,Friday,False,False,clear,45.89,completed
B2106,U193,S848,P116,2025-11-15T17:00:00,2025-11-15T18:00:00,Saturday,True,False,fog,30.94,completed
B2107,U205,S826,P115,2025-12-17T11:15:00,2025-12-17T12:45:00,Wednesday,False,False,clear,19.32,completed
B2108,U125,S154,P101,2025-10-16T22:17:00,2025-10-16T22:47:00,Thursday,False,False,clear,20.47,cancelled
B2109,U227,S248,P103,2025-10-25T11:19:00,2025-10-25T13:19:00,Saturday,True,False,clear,26.9,completed
B2110,U291,S245,P103,2025-11-19T17:27:00,2025-11-19T18:27:00,Wednesday,False,False,clear,25.08,completed
B2111,U228,S1315,P126,2026-01-12T07:58:00,2026-01-12T08:58:00,Monday,False,False,fog,16.19,completed
B2112,U126,S471,P107,2025-10-19T13:11:00,2025-10-19T15:11:00,Sunday,True,False,fog,45.84,completed
B2113,U117,S833,P116,2025-11-08T09:16:00,2025-11-08T15:16:00,Saturday,True,False,clear,37.94,completed
B2114,U141,S153,P101,2026-01-11T17:04:00,2026-01-11T18:34:00,Sunday,True,False,rain,26.55,completed
B2115,U102,S542,P109,2025-11-05T20:35:00,2025-11-05T21:05:00,Wednesday,False,False,clear,20.83,completed
B2116,U165,S869,P116,2025-12-12T08:59:00,2025-12-12T09:59:00,Friday,False,False,clear,33.09,completed
B2117,U168,S197,P102,2025-10-05T17:46:00,2025-10-05T20:46:00,Sunday,True,False,rain,44.18,completed
B2118,U297,S1025,P120,2025-10-23T16:08:00,2025-10-23T19:08:00,Thursday,False,False,clear,19.49,completed
B2119,U176,S1467,P130,2025-11-23T07:14:00,2025-11-23T10:14:00,Sunday,True,False,clear,54.63,completed
B2120,U123,S196,P102,2025-10-20T19:01:00,2025-10-20T20:31:00,Monday,False,True,clear,54.51,completed
B2121,U237,S543,P109,2025-10-24T03:00:00,2025-10-24T06:00:00,Friday,False,False,clear,17.6,completed
B2122,U297,S1212,P124,2025-10-27T10:08:00,2025-10-27T11:08:00,Monday,False,False,clear,28.76,completed
B2123,U233,S110,P101,2025-11-20T15:16:00,2025-11-20T16:16:00,Thursday,False,False,cloudy,20.52,completed
B2124,U132,S1100,P122,2025-11-10T12:28:00,2025-11-10T13:28:00,Monday,False,False,cloudy,39.67,completed
B2125,U231,S1000,P119,2025-12-12T10:02:00,2025-12-12T12:02:00,Friday,False,False,clear,33.17,completed
B2126,U152,S932,P118,2025-11-16T18:47:00,2025-11-16T19:17:00,Sunday,True,False,cloudy,29.52,completed
B2127,U138,S425,P106,2025-11-14T05:11:00,2025-11-14T06:41:00,Friday,False,False,fog,38.58,completed
B2128,U180,S320,P104,2025-11-25T13:48:00,2025-11-25T15:48:00,Tuesday,False,False,clear,47.9,completed
B2129,U110,S518,P108,2025-12-21T20:30:00,2025-12-22T02:30:00,Sunday,True,False,haze,32.82,completed
B2130,U247,S1468,P130,2025-10-14T10:07:00,2025-10-14T11:07:00,Tuesday,False,False,cloudy,48.84,completed
B2131,U144,S1199,P124,2025-12-10T13:22:00,2025-12-10T16:22:00,Wednesday,False,False,fog,29.24,completed
B2132,U246,S374,P105,2025-12-30T10:32:00,2025-12-30T13:32:00,Tuesday,False,False,clear,21.59,completed
B2133,U138,S730,P114,2025-11-18T17:00:00,2025-11-18T18:00:00,Tuesday,False,False,rain,32.13,completed
B2134,U115,S862,P116,2026-01-11T11:34:00,2026-01-11T13:34:00,Sunday,True,False,rain,34.9,completed
B2135,U231,S1484,P131,2025-10-01T15:46:00,2025-10-01T17:46:00,Wednesday,False,False,clear,25.62,completed
B2136,U194,S750,P114,2026-01-05T19:47:00,2026-01-05T20:47:00,Monday,False,False,rain,36.17,completed
B2137,U169,S792,P115,2025-10-25T07:16:00,2025-10-25T08:46:00,Saturday,True,False,rain,24.61,completed
B2138,U244,S970,P118,2026-01-18T06:35:00,2026-01-18T07:35:00,Sunday,True,False,cloudy,26.83,completed
B2139,U180,S1384,P128,2026-01-09T12:23:00,2026-01-09T15:23:00,Friday,False,False,cloudy,40.03,completed
B2140,U239,S362,P105,2025-10-13T06:33:00,2025-10-13T07:33:00,Monday,False,False,clear,22.29,completed
B2141,U148,S1438,P129,2025-12-06T18:40:00,2025-12-06T20:40:00,Saturday,True,False,rain,23.89,completed
B2142,U246,S524,P108,2025-11-30T19:26:00,2025-11-30T22:26:00,Sunday,True,False,clear,32.42,completed
B2143,U299,S1001,P119,2025-11-05T07:35:00,2025-11-05T13:35:00,Wednesday,False,False,clear,33.59,completed
B2144,U294,S1161,P124,2025-11-27T08:43:00,2025-11-27T10:43:00,Thursday,False,False,clear,36.48,completed
B2145,U154,S1451,P130,2025-11-21T19:19:00,2025-11-21T23:19:00,Friday,False,False,clear,60.5,completed
B2146,U105,S1276,P126,2025-10-22T18:19:00,2025-10-22T20:19:00,Wednesday,False,False,clear,20.2,completed
B2147,U245,S345,P105,2025-11-27T16:28:00,2025-11-27T17:28:00,Thursday,False,False,clear,21.1,completed
B2148,U228,S920,P118,2025-10-20T09:10:00,2025-10-20T10:10:00,Monday,False,True,clear,35.66,cancelled
B2149,U205,S579,P110,2025-11-17T15:46:00,2025-11-17T16:16:00,Monday,False,False,fog,41.23,completed
B2150,U108,S742,P114,2025-11-01T20:54:00,2025-11-01T23:54:00,Saturday,True,True,cloudy,52.46,completed
B2151,U111,S185,P102,2025-11-11T21:35:00,2025-11-12T01:35:00,Tuesday,False,False,clear,34.02,completed
B2152,U239,S546,P109,2025-12-02T19:51:00,2025-12-02T22:51:00,Tuesday,False,False,clear,21.98,completed
B2153,U262,S1360,P127,2025-10-07T11:23:00,2025-10-07T13:23:00,Tuesday,False,False,clear,52.59,cancelled
B2154,U294,S185,P102,2026-01-28T20:52:00,2026-01-28T22:52:00,Wednesday,False,False,rain,47.13,completed
B2155,U216,S340,P105,2025-11-30T21:10:00,2025-11-30T21:40:00,Sunday,True,False,clear,24.62,completed
B2156,U203,S1093,P122,2025-12-05T15:05:00,2025-12-05T16:35:00,Friday,False,False,clear,39.85,completed
B2157,U284,S1108,P122,2025-12-08T18:38:00,2025-12-08T19:38:00,Monday,False,False,clear,50.88,completed
B2158,U147,S1056,P121,2025-10-03T07:10:00,2025-10-03T08:10:00,Friday,False,False,cloudy,30.14,cancelled
B2159,U185,S1437,P129,2025-11-09T16:46:00,2025-11-09T19:46:00,Sunday,True,False,clear,19.75,completed
B2160,U281,S540,P109,2026-01-01T22:47:00,2026-01-02T00:17:00,Thursday,False,False,rain,18.7,completed
B2161,U114,S882,P117,2025-10-31T16:08:00,2025-10-31T17:38:00,Friday,False,False,clear,34.11,completed
B2162,U199,S1189,P124,2025-11-05T21:52:00,2025-11-05T22:52:00,Wednesday,False,False,cloudy,29.04,completed
B2163,U169,S292,P104,2025-12-07T11:12:00,2025-12-07T14:12:00,Sunday,True,False,clear,54.26,completed
B2164,U245,S1002,P119,2025-10-03T13:04:00,2025-10-03T13:34:00,Friday,False,False,rain,37.53,completed
B2165,U105,S625,P111,2025-11-26T17:24:00,2025-11-26T18:54:00,Wednesday,False,False,clear,53.56,completed
B2166,U246,S637,P112,2025-11-04T18:00:00,2025-11-04T18:30:00,Tuesday,False,False,clear,55.9,completed
B2167,U127,S558,P110,2026-01-26T17:52:00,2026-01-26T18:52:00,Monday,False,True,clear,56.05,completed
B2168,U251,S496,P108,2025-10-18T21:43:00,2025-10-18T23:43:00,Saturday,True,False,clear,27.01,completed
B2169,U279,S545,P109,2025-10-18T07:29:00,2025-10-18T07:59:00,Saturday,True,False,rain,22.24,completed
B2170,U250,S1176,P124,2026-01-08T03:46:00,2026-01-08T06:46:00,Thursday,False,False,cloudy,30.54,completed
B2171,U251,S260,P103,2025-12-24T08:45:00,2025-12-24T10:15:00,Wednesday,False,False,clear,27.7,completed
B2172,U208,S1120,P123,2025-12-08T09:14:00,2025-12-08T10:14:00,Monday,False,False,clear,58.31,completed
B2173,U269,S1440,P129,2025-10-11T20:11:00,2025-10-11T23:11:00,Saturday,True,False,clear,22.62,completed
B2174,U122,S1023,P120,2025-11-10T08:56:00,2025-11-10T10:26:00,Monday,False,False,clear,23.27,completed
B2175,U218,S1317,P126,2026-01-13T08:26:00,2026-01-13T09:56:00,Tuesday,False,False,cloudy,20.02,cancelled
B2176,U251,S577,P110,2025-11-02T11:37:00,2025-11-02T13:07:00,Sunday,True,False,clear,44.99,completed
B2177,U167,S548,P110,2025-12-24T08:32:00,2025-12-24T11:32:00,Wednesday,False,False,clear,49.27,completed
B2178,U297,S1108,P122,2025-11-26T18:24:00,2025-11-26T18:54:00,Wednesday,False,False,cloudy,49.13,completed
B2179,U253,S1003,P119,2025-12-21T13:26:00,2025-12-21T15:26:00,Sunday,True,False,clear,41.44,completed
B2180,U149,S584,P110,2026-01-08T10:22:00,2026-01-08T12:22:00,Thursday,False,False,rain,43.11,completed
B2181,U234,S1433,P129,2025-10-02T21:08:00,2025-10-03T00:08:00,Thursday,False,False,cloudy,17.8,completed
B2182,U247,S524,P108,2026-01-21T01:13:00,2026-01-21T02:43:00,Wednesday,False,False,cloudy,25.73,completed
B2183,U255,S534,P109,2025-12-19T07:08:00,2025-12-19T07:38:00,Friday,False,False,clear,18.09,completed
B2184,U299,S192,P102,2026-01-13T17:47:00,2026-01-13T18:17:00,Tuesday,False,False,haze,35.44,completed
B2185,U232,S808,P115,2025-11-16T07:26:00,2025-11-16T08:26:00,Sunday,True,False,clear,23.36,completed
B2186,U184,S406,P106,2025-11-27T21:19:00,2025-11-27T22:49:00,Thursday,False,False,fog,39.92,completed
B2187,U106,S720,P113,2025-10-26T17:40:00,2025-10-26T18:10:00,Sunday,True,False,clear,25.43,completed
B2188,U296,S931,P118,2025-11-19T11:14:00,2025-11-19T13:14:00,Wednesday,False,False,haze,23.08,completed
B2189,U146,S420,P106,2025-12-17T07:22:00,2025-12-17T08:52:00,Wednesday,False,False,clear,39.71,completed
B2190,U260,S418,P106,2025-12-26T14:54:00,2025-12-26T17:54:00,Friday,False,False,haze,40.0,completed
B2191,U251,S715,P113,2026-01-24T05:49:00,2026-01-24T06:49:00,Saturday,True,False,clear,24.07,completed
B2192,U118,S320,P104,2025-10-10T20:01:00,2025-10-10T22:01:00,Friday,False,False,clear,56.78,completed
B2193,U120,S575,P110,2026-01-02T15:31:00,2026-01-02T17:31:00,Friday,False,False,fog,41.38,completed
B2194,U287,S1243,P125,2025-11-29T18:35:00,2025-11-29T19:35:00,Saturday,True,False,clear,28.13,completed
B2195,U196,S995,P119,2025-10-09T11:01:00,2025-10-09T15:01:00,Thursday,False,False,fog,33.34,completed
B2196,U174,S1034,P120,2026-01-08T10:08:00,2026-01-08T11:38:00,Thursday,False,False,clear,19.61,completed
B2197,U149,S399,P106,2025-10-15T13:50:00,2025-10-15T19:50:00,Wednesday,False,False,clear,41.02,completed
B2198,U111,S1446,P129,2025-12-27T08:52:00,2025-12-27T10:22:00,Saturday,True,False,clear,21.9,completed
B2199,U269,S1432,P129,2025-12-19T18:00:00,2025-12-19T19:00:00,Friday,False,False,rain,22.23,completed
B2200,U111,S1413,P128,2026-01-12T03:41:00,2026-01-12T05:11:00,Monday,False,False,clear,38.88,completed
B2201,U116,S533,P109,2025-10-09T09:53:00,2025-10-09T15:53:00,Thursday,False,False,haze,21.87,completed
B2202,U230,S735,P114,2025-10-27T11:39:00,2025-10-27T13:39:00,Monday,False,False,clear,29.47,completed
B2203,U147,S1071,P122,2025-12-02T23:18:00,2025-12-03T03:18:00,Tuesday,False,False,clear,41.53,completed
B2204,U290,S1225,P125,2026-01-08T14:43:00,2026-01-08T17:43:00,Thursday,False,False,haze,20.54,completed
B2205,U111,S1349,P127,2026-01-20T06:01:00,2026-01-20T07:01:00,Tuesday,False,False,clear,53.52,completed
B2206,U123,S649,P112,2025-11-25T20:23:00,2025-11-25T21:53:00,Tuesday,False,False,fog,55.81,completed
B2207,U237,S537,P109,2025-12-06T15:54:00,2025-12-06T17:24:00,Saturday,True,False,clear,19.34,completed
B2208,U241,S1238,P125,2026-01-17T07:06:00,2026-01-17T08:36:00,Saturday,True,False,clear,23.12,completed
B2209,U185,S1493,P132,2025-10-02T05:18:00,2025-10-02T06:18:00,Thursday,False,False,clear,22.86,completed
B2210,U174,S1035,P120,2025-11-24T11:59:00,2025-11-24T12:29:00,Monday,False,False,clear,18.95,completed
B2211,U122,S1456,P130,2025-10-03T18:55:00,2025-10-03T21:55:00,Friday,False,False,cloudy,60.93,completed
B2212,U292,S120,P101,2025-12-02T23:38:00,2025-12-03T00:08:00,Tuesday,False,False,clear,21.55,completed
B2213,U288,S1040,P120,2026-01-19T20:51:00,2026-01-19T22:21:00,Monday,False,False,rain,25.14,completed
B2214,U130,S1474,P131,2025-11-07T16:11:00,2025-11-07T17:41:00,Friday,False,False,fog,26.09,completed
B2215,U283,S999,P119,2025-12-25T10:40:00,2025-12-25T11:40:00,Thursday,False,True,fog,47.36,completed
B2216,U222,S1519,P132,2025-12-21T17:39:00,2025-12-21T19:39:00,Sunday,True,False,cloudy,25.54,completed
B2217,U126,S511,P108,2025-11-12T17:49:00,2025-11-12T18:19:00,Wednesday,False,False,clear,24.25,completed
B2218,U194,S377,P105,2026-01-04T10:28:00,2026-01-04T11:28:00,Sunday,True,False,haze,23.77,completed
B2219,U139,S1214,P124,2026-01-14T06:01:00,2026-01-14T07:01:00,Wednesday,False,True,clear,43.23,completed
B2220,U279,S1422,P128,2025-10-04T12:31:00,2025-10-04T14:31:00,Saturday,True,False,rain,47.92,completed
B2221,U273,S1484,P131,2025-11-16T08:07:00,2025-11-16T09:07:00,Sunday,True,False,clear,35.23,completed
B2222,U227,S1218,P124,2026-01-07T11:27:00,2026-01-07T13:27:00,Wednesday,False,False,clear,31.33,completed
B2223,U269,S183,P102,2025-11-15T14:18:00,2025-11-15T15:48:00,Saturday,True,False,clear,40.73,completed
B2224,U251,S292,P104,2025-12-08T18:43:00,2025-12-08T19:43:00,Monday,False,False,clear,55.79,completed
B2225,U271,S1471,P130,2025-11-07T11:48:00,2025-11-07T17:48:00,Friday,False,False,fog,48.03,completed
B2226,U180,S1121,P123,2025-12-28T13:29:00,2025-12-28T14:59:00,Sunday,True,False,rain,64.94,completed
B2227,U177,S952,P118,2025-10-18T15:09:00,2025-10-18T17:09:00,Saturday,True,False,clear,27.32,completed
B2228,U253,S1114,P123,2025-12-12T21:36:00,2025-12-13T00:36:00,Friday,False,False,clear,49.46,completed
B2229,U137,S1006,P119,2025-10-18T21:51:00,2025-10-18T22:51:00,Saturday,True,False,haze,40.04,completed
B2230,U268,S371,P105,2025-11-17T17:16:00,2025-11-17T17:46:00,Monday,False,False,cloudy,21.79,completed
B2231,U170,S635,P112,2025-10-04T16:25:00,2025-10-04T16:55:00,Saturday,True,False,clear,55.7,completed
B2232,U266,S625,P111,2025-10-14T16:29:00,2025-10-14T17:29:00,Tuesday,False,False,haze,49.8,completed
B2233,U185,S1062,P121,2025-12-12T21:26:00,2025-12-12T22:26:00,Friday,False,False,clear,30.36,completed
B2234,U285,S952,P118,2025-12-05T18:02:00,2025-12-05T19:02:00,Friday,False,False,fog,27.41,completed
B2235,U287,S1120,P123,2025-10-07T07:22:00,2025-10-07T08:22:00,Tuesday,False,False,cloudy,49.47,completed
B2236,U267,S547,P109,2025-12-22T22:31:00,2025-12-23T00:01:00,Monday,False,False,clear,18.35,completed
B2237,U242,S1215,P124,2025-12-29T06:27:00,2025-12-29T07:27:00,Monday,False,False,clear,29.64,completed
B2238,U171,S1077,P122,2025-10-06T19:19:00,2025-10-06T21:19:00,Monday,False,False,cloudy,50.3,completed
B2239,U148,S730,P114,2025-11-16T11:29:00,2025-11-16T13:29:00,Sunday,True,False,rain,34.37,completed
B2240,U174,S775,P115,2026-01-17T09:09:00,2026-01-17T10:09:00,Saturday,True,False,fog,27.9,cancelled
B2241,U192,S520,P108,2025-11-19T07:01:00,2025-11-19T11:01:00,Wednesday,False,False,cloudy,25.89,completed
B2242,U112,S346,P105,2025-10-14T13:29:00,2025-10-14T16:29:00,Tuesday,False,False,clear,20.3,completed
B2243,U196,S197,P102,2025-11-24T06:25:00,2025-11-24T07:55:00,Monday,False,False,clear,36.35,completed
B2244,U186,S1031,P120,2025-10-28T22:45:00,2025-10-29T00:45:00,Tuesday,False,False,cloudy,19.0,completed
B2245,U272,S1442,P129,2025-11-16T17:45:00,2025-11-16T19:15:00,Sunday,True,False,clear,19.17,completed
B2246,U246,S1078,P122,2026-01-21T08:31:00,2026-01-21T10:01:00,Wednesday,False,False,clear,48.14,completed
B2247,U194,S1020,P120,2025-11-17T08:33:00,2025-11-17T09:33:00,Monday,False,False,clear,22.56,completed
B2248,U145,S508,P108,2025-11-26T21:09:00,2025-11-26T22:39:00,Wednesday,False,False,cloudy,24.3,completed
B2249,U255,S562,P110,2025-10-04T19:01:00,2025-10-04T21:01:00,Saturday,True,False,rain,57.62,completed
B2250,U112,S537,P109,2025-10-31T18:14:00,2025-10-31T22:14:00,Friday,False,False,rain,22.63,completed
B2251,U234,S413,P106,2025-12-24T07:08:00,2025-12-24T07:38:00,Wednesday,False,False,clear,41.43,cancelled
B2252,U189,S498,P108,2026-01-16T23:58:00,2026-01-17T02:58:00,Friday,False,False,clear,23.83,completed
B2253,U166,S1485,P131,2025-10-17T10:58:00,2025-10-17T11:58:00,Friday,False,False,clear,26.32,completed
B2254,U172,S230,P103,2025-11-15T19:02:00,2025-11-16T01:02:00,Saturday,True,False,fog,33.29,completed
B2255,U103,S268,P103,2026-01-03T11:46:00,2026-01-03T12:16:00,Saturday,True,False,clear,28.41,completed
B2256,U273,S334,P104,2026-01-04T20:35:00,2026-01-04T21:35:00,Sunday,True,False,clear,61.86,completed
B2257,U209,S876,P117,2025-11-11T17:21:00,2025-11-11T20:21:00,Tuesday,False,False,fog,36.84,completed
B2258,U181,S1020,P120,2025-10-01T13:17:00,2025-10-01T13:47:00,Wednesday,False,False,rain,20.17,completed
B2259,U135,S493,P107,2026-01-24T16:22:00,2026-01-24T17:52:00,Saturday,True,False,clear,45.56,completed
B2260,U219,S744,P114,2025-11-17T19:37:00,2025-11-17T20:37:00,Monday,False,False,clear,33.75,completed
B2261,U222,S643,P112,2025-12-09T18:42:00,2025-12-09T21:42:00,Tuesday,False,False,clear,55.35,completed
B2262,U176,S395,P106,2025-11-12T20:32:00,2025-11-12T22:02:00,Wednesday,False,False,rain,52.2,completed
B2263,U169,S950,P118,2025-11-18T07:59:00,2025-11-18T09:59:00,Tuesday,False,False,clear,23.75,completed
B2264,U235,S623,P111,2025-11-17T18:09:00,2025-11-17T19:39:00,Monday,False,False,cloudy,64.14,completed
B2265,U179,S860,P116,2025-11-28T20:54:00,2025-11-28T21:24:00,Friday,False,False,haze,33.18,completed
B2266,U203,S345,P105,2026-01-20T16:55:00,2026-01-20T18:55:00,Tuesday,False,False,rain,22.35,completed
B2267,U229,S128,P101,2025-12-20T04:51:00,2025-12-20T05:51:00,Saturday,True,False,clear,25.0,completed
B2268,U281,S689,P113,2025-12-06T23:56:00,2025-12-07T01:26:00,Saturday,True,False,clear,24.32,completed
B2269,U277,S113,P101,2025-10-24T06:29:00,2025-10-24T09:29:00,Friday,False,False,fog,20.98,completed
B2270,U228,S1478,P131,2026-01-24T06:24:00,2026-01-24T07:54:00,Saturday,True,False,cloudy,30.8,completed
B2271,U121,S646,P112,2026-01-05T06:42:00,2026-01-05T07:42:00,Monday,False,False,clear,47.0,completed
B2272,U169,S454,P107,2025-12-31T21:06:00,2025-12-31T23:06:00,Wednesday,False,False,clear,38.53,completed
B2273,U277,S1247,P125,2025-11-05T11:47:00,2025-11-05T12:47:00,Wednesday,False,False,rain,22.03,completed
B2274,U295,S803,P115,2025-11-21T13:00:00,2025-11-21T16:00:00,Friday,False,False,clear,21.18,completed
B2275,U293,S1044,P121,2025-12-07T17:20:00,2025-12-07T18:20:00,Sunday,True,False,fog,34.52,completed
B2276,U271,S527,P108,2025-10-13T15:15:00,2025-10-13T16:15:00,Monday,False,False,cloudy,25.75,completed
B2277,U297,S1534,P132,2025-11-20T10:53:00,2025-11-20T13:53:00,Thursday,False,False,clear,22.14,completed
B2278,U160,S1008,P119,2025-10-16T09:44:00,2025-10-16T10:44:00,Thursday,False,False,clear,42.06,completed
B2279,U187,S223,P103,2026-01-25T14:28:00,2026-01-25T15:58:00,Sunday,True,False,clear,26.38,completed
B2280,U233,S1502,P132,2025-12-01T16:03:00,2025-12-01T18:03:00,Monday,False,False,rain,24.23,completed
B2281,U170,S1002,P119,2026-01-26T16:22:00,2026-01-26T18:22:00,Monday,False,True,clear,49.8,completed
B2282,U213,S1034,P120,2025-11-20T15:25:00,2025-11-20T17:25:00,Thursday,False,False,rain,20.29,completed
B2283,U163,S1350,P127,2025-10-22T00:03:00,2025-10-22T03:03:00,Wednesday,False,False,clear,49.83,completed
B2284,U230,S661,P113,2025-12-25T15:37:00,2025-12-25T17:07:00,Thursday,False,True,cloudy,31.61,completed
B2285,U287,S1175,P124,2026-01-26T02:41:00,2026-01-26T05:41:00,Monday,False,True,clear,41.92,completed
B2286,U118,S1501,P132,2025-12-23T18:20:00,2025-12-23T20:20:00,Tuesday,False,False,cloudy,27.16,completed
B2287,U103,S1439,P129,2026-01-02T17:58:00,2026-01-02T19:58:00,Friday,False,False,haze,16.29,completed
B2288,U116,S393,P106,2025-12-28T12:16:00,2025-12-28T14:16:00,Sunday,True,False,clear,46.57,completed
B2289,U214,S1305,P126,2025-10-04T08:45:00,2025-10-04T10:45:00,Saturday,True,False,fog,23.23,completed
B2290,U281,S490,P107,2026-01-21T18:45:00,2026-01-21T22:45:00,Wednesday,False,False,clear,46.19,completed
B2291,U197,S362,P105,2025-10-12T21:41:00,2025-10-12T23:41:00,Sunday,True,False,fog,23.79,completed
B2292,U157,S1079,P122,2025-12-06T07:59:00,2025-12-06T08:59:00,Saturday,True,False,clear,46.26,completed
B2293,U216,S1269,P126,2026-01-11T12:27:00,2026-01-11T13:57:00,Sunday,True,False,clear,20.0,completed
B2294,U188,S1413,P128,2025-10-05T14:28:00,2025-10-05T18:28:00,Sunday,True,False,clear,45.3,completed
B2295,U181,S940,P118,2025-10-30T01:14:00,2025-10-30T03:14:00,Thursday,False,False,clear,23.74,cancelled
B2296,U230,S1299,P126,2025-10-31T08:33:00,2025-10-31T10:33:00,Friday,False,False,clear,20.36,completed
B2297,U195,S1316,P126,2025-11-11T19:33:00,2025-11-11T22:33:00,Tuesday,False,False,rain,22.05,completed
B2298,U218,S924,P118,2025-10-23T17:39:00,2025-10-23T19:09:00,Thursday,False,False,clear,22.87,completed
B2299,U135,S1452,P130,2026-01-01T16:42:00,2026-01-01T18:12:00,Thursday,False,False,haze,46.87,completed
B2300,U188,S890,P117,2025-11-16T17:42:00,2025-11-16T18:42:00,Sunday,True,False,cloudy,39.92,completed
B2301,U222,S768,P115,2025-10-07T21:14:00,2025-10-08T00:14:00,Tuesday,False,False,clear,20.43,completed
B2302,U180,S490,P107,2026-01-05T18:24:00,2026-01-05T19:54:00,Monday,False,False,clear,50.49,completed
B2303,U107,S370,P105,2025-10-08T03:03:00,2025-10-08T05:03:00,Wednesday,False,False,rain,22.72,completed
B2304,U101,S178,P102,2025-11-04T18:36:00,2025-11-04T19:36:00,Tuesday,False,False,clear,41.36,completed
B2305,U185,S1045,P121,2025-10-30T19:41:00,2025-10-30T21:11:00,Thursday,False,False,cloudy,34.76,completed
B2306,U202,S491,P107,2025-12-31T12:35:00,2025-12-31T15:35:00,Wednesday,False,False,clear,40.38,completed
B2307,U219,S1547,P132,2026-01-17T18:16:00,2026-01-17T19:46:00,Saturday,True,False,clear,30.14,completed
B2308,U188,S1015,P119,2025-10-22T21:33:00,2025-10-22T23:33:00,Wednesday,False,False,fog,33.75,completed
B2309,U279,S1552,P132,2025-11-28T09:42:00,2025-11-28T11:12:00,Friday,False,False,fog,27.76,completed
B2310,U225,S1101,P122,2025-10-31T10:14:00,2025-10-31T14:14:00,Friday,False,False,clear,40.55,completed
B2311,U132,S215,P102,2025-12-12T17:48:00,2025-12-12T19:18:00,Friday,False,False,clear,33.41,completed
B2312,U233,S1374,P128,2025-12-11T08:12:00,2025-12-11T10:12:00,Thursday,False,False,clear,47.98,completed
B2313,U263,S1433,P129,2025-11-16T02:52:00,2025-11-16T03:52:00,Sunday,True,False,clear,18.9,completed
B2314,U289,S1437,P129,2025-11-16T08:58:00,2025-11-16T09:58:00,Sunday,True,False,fog,23.25,completed
B2315,U117,S229,P103,2026-01-20T08:33:00,2026-01-20T10:33:00,Tuesday,False,False,rain,29.94,completed
B2316,U286,S1025,P120,2025-10-19T06:01:00,2025-10-19T07:31:00,Sunday,True,False,clear,22.65,completed
B2317,U211,S1375,P128,2025-12-26T18:32:00,2025-12-26T19:32:00,Friday,False,False,rain,50.72,completed
B2318,U140,S1251,P125,2026-01-22T10:57:00,2026-01-22T16:57:00,Thursday,False,False,clear,20.17,completed
B2319,U121,S530,P108,2025-12-12T08:44:00,2025-12-12T10:44:00,Friday,False,False,clear,29.62,completed
B2320,U152,S1558,P132,2025-10-17T20:57:00,2025-10-17T22:27:00,Friday,False,False,cloudy,28.92,completed
B2321,U174,S1480,P131,2025-10-19T16:53:00,2025-10-19T17:23:00,Sunday,True,False,clear,28.71,completed
B2322,U184,S623,P111,2026-01-02T06:04:00,2026-01-02T12:04:00,Friday,False,False,cloudy,50.14,completed
B2323,U126,S1287,P126,2025-11-23T17:41:00,2025-11-23T19:41:00,Sunday,True,False,fog,18.62,completed
B2324,U218,S1242,P125,2026-01-20T16:34:00,2026-01-20T18:34:00,Tuesday,False,False,cloudy,19.27,completed
B2325,U249,S993,P119,2025-11-25T06:43:00,2025-11-25T08:43:00,Tuesday,False,False,clear,34.22,completed
B2326,U125,S204,P102,2025-10-17T19:15:00,2025-10-17T20:15:00,Friday,False,False,clear,43.41,completed
B2327,U196,S542,P109,2026-01-07T10:53:00,2026-01-07T11:53:00,Wednesday,False,False,fog,16.98,completed
B2328,U108,S215,P102,2026-01-11T16:54:00,2026-01-11T17:24:00,Sunday,True,False,fog,39.91,completed
B2329,U285,S1091,P122,2026-01-24T15:05:00,2026-01-24T16:35:00,Saturday,True,False,rain,49.82,completed
B2330,U232,S1389,P128,2025-12-03T08:48:00,2025-12-03T10:18:00,Wednesday,False,False,cloudy,46.45,completed
B2331,U184,S1354,P127,2025-11-29T13:57:00,2025-11-29T17:57:00,Saturday,True,False,rain,63.28,completed
B2332,U127,S843,P116,2025-11-25T08:51:00,2025-11-25T10:51:00,Tuesday,False,False,clear,31.02,completed
B2333,U221,S1038,P120,2025-10-20T21:59:00,2025-10-20T23:29:00,Monday,False,True,fog,26.38,completed
B2334,U115,S358,P105,2025-10-04T09:35:00,2025-10-04T11:35:00,Saturday,True,False,clear,29.31,completed
B2335,U296,S1077,P122,2025-11-22T07:31:00,2025-11-22T11:31:00,Saturday,True,False,fog,45.99,completed
B2336,U192,S1042,P121,2025-10-20T06:37:00,2025-10-20T07:37:00,Monday,False,True,rain,42.61,completed
B2337,U224,S1403,P128,2025-12-24T17:21:00,2025-12-24T18:51:00,Wednesday,False,False,fog,38.85,completed
B2338,U296,S1349,P127,2025-12-14T07:40:00,2025-12-14T08:10:00,Sunday,True,False,clear,59.82,completed
B2339,U296,S1482,P131,2026-01-07T15:39:00,2026-01-07T16:39:00,Wednesday,False,False,clear,26.64,completed
B2340,U173,S1053,P121,2025-11-08T16:04:00,2025-11-08T17:04:00,Saturday,True,False,clear,34.85,completed
B2341,U173,S1240,P125,2025-11-17T18:25:00,2025-11-17T18:55:00,Monday,False,False,rain,26.0,completed
B2342,U274,S474,P107,2025-12-12T17:08:00,2025-12-12T18:08:00,Friday,False,False,clear,38.45,completed
B2343,U188,S736,P114,2025-10-28T05:42:00,2025-10-28T06:42:00,Tuesday,False,False,haze,29.5,completed
B2344,U131,S1077,P122,2026-01-27T19:48:00,2026-01-27T20:48:00,Tuesday,False,False,clear,50.05,completed
B2345,U193,S1031,P120,2026-01-15T07:46:00,2026-01-15T09:46:00,Thursday,False,False,fog,18.04,cancelled
B2346,U288,S716,P113,2025-10-13T17:54:00,2025-10-13T19:24:00,Monday,False,False,fog,21.82,completed
B2347,U277,S373,P105,2025-10-28T10:10:00,2025-10-28T12:10:00,Tuesday,False,False,clear,21.38,completed
B2348,U257,S989,P119,2025-10-22T08:31:00,2025-10-22T10:31:00,Wednesday,False,False,cloudy,40.88,completed
B2349,U270,S1038,P120,2026-01-08T21:10:00,2026-01-08T22:40:00,Thursday,False,False,clear,18.85,completed
B2350,U229,S762,P115,2025-12-10T11:58:00,2025-12-10T15:58:00,Wednesday,False,False,clear,20.71,completed
B2351,U162,S480,P107,2026-01-14T08:37:00,2026-01-14T09:07:00,Wednesday,False,True,rain,67.85,completed
B2352,U179,S914,P118,2025-10-17T06:00:00,2025-10-17T08:00:00,Friday,False,False,rain,25.81,completed
B2353,U248,S1479,P131,2025-10-04T18:10:00,2025-10-04T22:10:00,Saturday,True,False,clear,35.73,completed
B2354,U236,S1115,P123,2025-12-29T17:47:00,2025-12-29T18:47:00,Monday,False,False,clear,49.52,completed
B2355,U265,S1036,P120,2025-11-02T17:56:00,2025-11-02T20:56:00,Sunday,True,False,rain,24.6,completed
B2356,U240,S1409,P128,2025-12-22T09:13:00,2025-12-22T11:13:00,Monday,False,False,clear,43.64,completed
B2357,U111,S1047,P121,2026-01-28T19:34:00,2026-01-28T21:34:00,Wednesday,False,False,cloudy,35.08,completed
B2358,U300,S1286,P126,2026-01-08T07:43:00,2026-01-08T11:43:00,Thursday,False,False,cloudy,16.01,completed
B2359,U140,S1470,P130,2026-01-16T13:51:00,2026-01-16T15:21:00,Friday,False,False,rain,53.56,completed
B2360,U108,S632,P112,2025-10-29T13:12:00,2025-10-29T16:12:00,Wednesday,False,False,clear,48.94,completed
B2361,U188,S650,P112,2025-11-06T17:09:00,2025-11-06T20:09:00,Thursday,False,False,clear,49.03,completed
B2362,U194,S747,P114,2025-10-10T04:25:00,2025-10-10T08:25:00,Friday,False,False,clear,28.27,completed
B2363,U137,S1457,P130,2025-12-16T18:21:00,2025-12-16T19:21:00,Tuesday,False,False,clear,60.38,cancelled
B2364,U149,S1403,P128,2025-12-03T18:04:00,2025-12-04T00:04:00,Wednesday,False,False,rain,52.09,cancelled
B2365,U110,S299,P104,2025-11-15T19:55:00,2025-11-15T20:55:00,Saturday,True,False,clear,66.03,completed
B2366,U223,S1453,P130,2025-11-30T14:55:00,2025-11-30T16:25:00,Sunday,True,False,clear,53.81,completed
B2367,U193,S567,P110,2025-10-20T17:35:00,2025-10-20T19:05:00,Monday,False,True,rain,59.54,completed
B2368,U209,S1352,P127,2025-12-05T02:34:00,2025-12-05T08:34:00,Friday,False,False,clear,50.29,completed
B2369,U252,S739,P114,2025-12-12T00:08:00,2025-12-12T03:08:00,Friday,False,False,clear,29.61,completed
B2370,U269,S1014,P119,2025-11-29T07:05:00,2025-11-29T08:35:00,Saturday,True,False,clear,38.36,completed
B2371,U170,S896,P117,2025-11-20T05:44:00,2025-11-20T07:14:00,Thursday,False,False,haze,34.81,completed
B2372,U223,S853,P116,2026-01-10T12:27:00,2026-01-10T13:27:00,Saturday,True,False,clear,30.14,completed
B2373,U268,S503,P108,2025-11-11T07:03:00,2025-11-11T13:03:00,Tuesday,False,False,clear,24.12,cancelled
B2374,U211,S182,P102,2025-11-30T07:18:00,2025-11-30T10:18:00,Sunday,True,False,haze,41.56,completed
B2375,U174,S1464,P130,2025-12-23T16:47:00,2025-12-23T19:47:00,Tuesday,False,False,clear,48.22,completed
B2376,U284,S1394,P128,2025-10-09T19:51:00,2025-10-09T20:21:00,Thursday,False,False,rain,49.57,completed
B2377,U178,S230,P103,2025-10-29T06:15:00,2025-10-29T09:15:00,Wednesday,False,False,clear,22.82,completed
B2378,U222,S923,P118,2025-10-08T22:43:00,2025-10-09T00:13:00,Wednesday,False,False,clear,22.65,completed
B2379,U264,S900,P117,2025-11-06T19:36:00,2025-11-06T20:36:00,Thursday,False,False,clear,41.21,completed
B2380,U247,S652,P112,2025-11-12T21:36:00,2025-11-12T22:36:00,Wednesday,False,False,cloudy,46.92,completed
B2381,U184,S1490,P132,2026-01-04T07:59:00,2026-01-04T08:29:00,Sunday,True,False,rain,29.1,completed
B2382,U204,S406,P106,2025-12-17T08:01:00,2025-12-17T10:01:00,Wednesday,False,False,fog,49.3,completed
B2383,U124,S1022,P120,2025-11-04T11:30:00,2025-11-04T13:30:00,Tuesday,False,False,clear,19.07,completed
B2384,U118,S1164,P124,2025-12-29T19:48:00,2025-12-29T21:48:00,Monday,False,False,clear,37.32,completed
B2385,U295,S538,P109,2025-11-19T07:50:00,2025-11-19T13:50:00,Wednesday,False,False,clear,18.31,completed
B2386,U183,S527,P108,2025-11-16T02:19:00,2025-11-16T04:19:00,Sunday,True,False,clear,28.18,completed
B2387,U165,S890,P117,2026-01-26T14:44:00,2026-01-26T15:14:00,Monday,False,True,clear,48.05,completed
B2388,U135,S866,P116,2025-11-30T03:52:00,2025-11-30T05:52:00,Sunday,True,False,clear,30.36,completed
B2389,U256,S1051,P121,2026-01-21T14:27:00,2026-01-21T15:27:00,Wednesday,False,False,clear,30.29,completed
B2390,U182,S1235,P125,2025-11-17T06:41:00,2025-11-17T08:11:00,Monday,False,False,clear,20.38,completed
B2391,U172,S730,P114,2025-10-10T15:43:00,2025-10-10T18:43:00,Friday,False,False,haze,27.45,completed
B2392,U156,S638,P112,2025-11-19T17:07:00,2025-11-19T19:07:00,Wednesday,False,False,clear,49.0,completed
B2393,U164,S1436,P129,2025-11-18T14:10:00,2025-11-18T16:10:00,Tuesday,False,False,clear,16.55,completed
B2394,U278,S336,P104,2025-10-15T17:31:00,2025-10-15T18:31:00,Wednesday,False,False,clear,46.15,completed
B2395,U251,S1167,P124,2025-11-16T20:12:00,2025-11-16T21:12:00,Sunday,True,False,clear,38.86,completed
B2396,U244,S1397,P128,2025-11-04T04:02:00,2025-11-04T05:02:00,Tuesday,False,False,clear,38.59,completed
B2397,U155,S845,P116,2026-01-05T09:01:00,2026-01-05T09:31:00,Monday,False,False,rain,34.71,completed
B2398,U229,S1213,P124,2025-11-09T16:02:00,2025-11-09T18:02:00,Sunday,True,False,fog,35.2,completed
B2399,U296,S1192,P124,2025-11-01T19:13:00,2025-11-01T21:13:00,Saturday,True,True,cloudy,50.04,completed
B2400,U167,S271,P103,2025-10-05T18:26:00,2025-10-05T19:26:00,Sunday,True,False,cloudy,32.02,completed
B2401,U210,S304,P104,2025-12-21T05:37:00,2025-12-21T11:37:00,Sunday,True,False,clear,51.99,completed
B2402,U137,S1239,P125,2025-10-24T00:01:00,2025-10-24T01:31:00,Friday,False,False,clear,20.65,completed
B2403,U278,S1168,P124,2025-12-29T20:49:00,2025-12-29T22:19:00,Monday,False,False,fog,35.72,completed
B2404,U226,S856,P116,2025-10-22T04:23:00,2025-10-22T08:23:00,Wednesday,False,False,clear,26.95,completed
B2405,U164,S151,P101,2026-01-09T14:27:00,2026-01-09T17:27:00,Friday,False,False,rain,22.3,completed
B2406,U181,S1022,P120,2025-12-22T18:42:00,2025-12-22T21:42:00,Monday,False,False,clear,21.45,completed
B2407,U248,S847,P116,2025-12-09T13:10:00,2025-12-09T16:10:00,Tuesday,False,False,cloudy,28.21,completed
B2408,U201,S619,P111,2025-11-25T08:35:00,2025-11-25T09:35:00,Tuesday,False,False,clear,62.82,completed
B2409,U218,S1066,P121,2025-12-02T15:12:00,2025-12-02T18:12:00,Tuesday,False,False,clear,29.51,completed
B2410,U156,S1334,P127,2025-11-16T03:22:00,2025-11-16T04:22:00,Sunday,True,False,cloudy,60.25,completed
B2411,U235,S438,P106,2025-12-12T07:21:00,2025-12-12T08:21:00,Friday,False,False,rain,42.68,completed
B2412,U262,S1548,P132,2026-01-21T16:39:00,2026-01-21T18:09:00,Wednesday,False,False,clear,23.07,completed
B2413,U229,S1353,P127,2025-10-13T13:09:00,2025-10-13T13:39:00,Monday,False,False,cloudy,53.56,completed
B2414,U274,S1419,P128,2025-12-24T12:03:00,2025-12-24T12:33:00,Wednesday,False,False,clear,39.27,completed
B2415,U158,S607,P111,2025-11-09T20:09:00,2025-11-09T20:39:00,Sunday,True,False,clear,71.94,completed
B2416,U177,S361,P105,2025-11-13T08:39:00,2025-11-13T09:39:00,Thursday,False,False,clear,25.18,completed
B2417,U214,S1055,P121,2025-10-19T19:49:00,2025-10-19T20:49:00,Sunday,True,False,cloudy,39.69,completed
B2418,U180,S215,P102,2026-01-22T07:14:00,2026-01-22T09:14:00,Thursday,False,False,clear,34.14,completed
B2419,U133,S652,P112,2025-11-12T19:13:00,2025-11-12T21:13:00,Wednesday,False,False,clear,58.57,completed
B2420,U270,S531,P109,2026-01-01T20:02:00,2026-01-01T22:02:00,Thursday,False,False,rain,22.91,completed
B2421,U190,S692,P113,2025-10-01T20:00:00,2025-10-01T21:30:00,Wednesday,False,False,clear,27.07,completed
B2422,U178,S393,P106,2025-12-04T19:39:00,2025-12-04T21:39:00,Thursday,False,False,clear,50.57,completed
B2423,U153,S861,P116,2025-10-12T08:13:00,2025-10-12T10:13:00,Sunday,True,False,clear,36.4,completed
B2424,U251,S544,P109,2025-12-14T18:35:00,2025-12-14T20:05:00,Sunday,True,False,rain,26.28,completed
B2425,U262,S1438,P129,2025-11-30T19:19:00,2025-11-30T20:19:00,Sunday,True,False,clear,23.28,completed
B2426,U144,S539,P109,2026-01-21T08:53:00,2026-01-21T09:53:00,Wednesday,False,False,clear,20.73,completed
B2427,U267,S1066,P121,2025-11-17T12:33:00,2025-11-17T13:33:00,Monday,False,False,clear,31.01,completed
B2428,U111,S663,P113,2025-11-29T14:12:00,2025-11-29T16:12:00,Saturday,True,False,cloudy,23.97,completed
B2429,U260,S1176,P124,2025-10-12T22:05:00,2025-10-13T00:05:00,Sunday,True,False,clear,32.8,cancelled
B2430,U296,S1234,P125,2025-10-26T14:47:00,2025-10-26T15:17:00,Sunday,True,False,cloudy,23.29,completed
B2431,U284,S202,P102,2025-11-18T08:29:00,2025-11-18T11:29:00,Tuesday,False,False,fog,40.74,completed
B2432,U123,S762,P115,2025-10-16T09:17:00,2025-10-16T12:17:00,Thursday,False,False,rain,26.95,completed
B2433,U159,S686,P113,2025-12-14T08:54:00,2025-12-14T11:54:00,Sunday,True,False,clear,29.71,completed
B2434,U270,S594,P111,2025-11-18T03:18:00,2025-11-18T06:18:00,Tuesday,False,False,clear,50.29,completed
B2435,U279,S1405,P128,2025-10-03T15:37:00,2025-10-03T16:07:00,Friday,False,False,clear,40.07,completed
B2436,U120,S553,P110,2025-11-10T13:48:00,2025-11-10T15:48:00,Monday,False,False,cloudy,39.98,completed
B2437,U273,S627,P111,2025-10-24T07:44:00,2025-10-24T09:14:00,Friday,False,False,clear,50.78,completed
B2438,U199,S156,P101,2025-10-30T12:27:00,2025-10-30T13:27:00,Thursday,False,False,clear,21.84,completed
B2439,U126,S1470,P130,2025-12-14T01:00:00,2025-12-14T02:30:00,Sunday,True,False,clear,56.67,completed
B2440,U153,S508,P108,2026-01-03T14:10:00,2026-01-03T16:10:00,Saturday,True,False,clear,27.21,cancelled
B2441,U252,S732,P114,2026-01-14T10:59:00,2026-01-14T12:59:00,Wednesday,False,True,clear,38.44,completed
B2442,U101,S1004,P119,2025-12-01T19:42:00,2025-12-01T20:42:00,Monday,False,False,clear,39.78,completed
B2443,U250,S544,P109,2025-11-20T01:16:00,2025-11-20T07:16:00,Thursday,False,False,clear,17.79,completed
B2444,U149,S735,P114,2026-01-27T21:36:00,2026-01-28T00:36:00,Tuesday,False,False,haze,29.47,completed
B2445,U175,S706,P113,2025-12-17T10:20:00,2025-12-17T11:20:00,Wednesday,False,False,clear,21.52,completed
B2446,U222,S1341,P127,2025-12-15T07:22:00,2025-12-15T08:52:00,Monday,False,False,fog,51.1,completed
B2447,U127,S989,P119,2025-10-03T07:18:00,2025-10-03T08:48:00,Friday,False,False,cloudy,34.37,completed
B2448,U120,S1430,P129,2025-10-05T18:43:00,2025-10-05T19:43:00,Sunday,True,False,rain,23.54,completed
B2449,U104,S1451,P130,2025-12-24T07:18:00,2025-12-24T08:48:00,Wednesday,False,False,clear,51.02,completed
B2450,U266,S1475,P131,2025-11-03T09:10:00,2025-11-03T11:10:00,Monday,False,False,clear,31.04,completed
B2451,U153,S1281,P126,2025-10-03T07:02:00,2025-10-03T11:02:00,Friday,False,False,clear,16.02,completed
B2452,U262,S1247,P125,2026-01-27T19:38:00,2026-01-27T20:38:00,Tuesday,False,False,cloudy,24.41,completed
B2453,U285,S877,P117,2025-12-21T09:10:00,2025-12-21T10:10:00,Sunday,True,False,cloudy,49.91,completed
B2454,U138,S280,P104,2025-12-10T07:12:00,2025-12-10T11:12:00,Wednesday,False,False,haze,45.15,completed
B2455,U169,S858,P116,2026-01-09T17:52:00,2026-01-09T19:52:00,Friday,False,False,haze,27.64,cancelled
B2456,U210,S218,P103,2026-01-14T07:43:00,2026-01-14T13:43:00,Wednesday,False,True,fog,35.08,completed
B2457,U118,S1239,P125,2025-11-11T16:53:00,2025-11-11T18:23:00,Tuesday,False,False,clear,19.96,completed
B2458,U174,S1169,P124,2026-01-24T13:00:00,2026-01-24T15:00:00,Saturday,True,False,clear,34.95,completed
B2459,U283,S255,P103,2025-10-13T13:19:00,2025-10-13T15:19:00,Monday,False,False,clear,23.83,completed
B2460,U148,S880,P117,2026-01-24T18:57:00,2026-01-24T19:27:00,Saturday,True,False,rain,48.63,completed
B2461,U293,S1531,P132,2025-11-08T12:41:00,2025-11-08T15:41:00,Saturday,True,False,clear,25.66,completed
B2462,U251,S533,P109,2025-12-19T11:00:00,2025-12-19T13:00:00,Friday,False,False,clear,18.45,completed
B2463,U279,S1376,P128,2026-01-04T13:53:00,2026-01-04T16:53:00,Sunday,True,False,clear,42.02,completed
B2464,U125,S514,P108,2025-11-03T20:34:00,2025-11-03T22:04:00,Monday,False,False,rain,33.53,completed
B2465,U264,S546,P109,2025-10-20T06:13:00,2025-10-20T07:43:00,Monday,False,True,fog,25.67,completed
B2466,U267,S1208,P124,2025-11-21T19:18:00,2025-11-21T20:18:00,Friday,False,False,clear,36.79,completed
B2467,U298,S894,P117,2025-10-30T07:33:00,2025-10-30T09:33:00,Thursday,False,False,cloudy,35.97,completed
B2468,U190,S891,P117,2025-11-15T08:30:00,2025-11-15T09:30:00,Saturday,True,False,clear,49.72,completed
B2469,U190,S1377,P128,2025-10-16T19:39:00,2025-10-16T21:39:00,Thursday,False,False,clear,47.33,completed
B2470,U117,S1507,P132,2025-12-26T13:09:00,2025-12-26T15:09:00,Friday,False,False,clear,22.16,completed
B2471,U294,S1424,P129,2025-10-21T17:08:00,2025-10-21T20:08:00,Tuesday,False,True,clear,24.21,completed
B2472,U280,S551,P110,2025-12-30T22:02:00,2025-12-30T23:02:00,Tuesday,False,False,clear,39.0,completed
B2473,U217,S633,P112,2025-11-24T18:58:00,2025-11-24T22:58:00,Monday,False,False,fog,58.76,completed
B2474,U297,S880,P117,2026-01-06T09:39:00,2026-01-06T10:39:00,Tuesday,False,False,rain,47.83,completed
B2475,U115,S1462,P130,2025-11-28T10:51:00,2025-11-28T12:21:00,Friday,False,False,clear,47.7,completed
B2476,U133,S1493,P132,2026-01-06T19:19:00,2026-01-06T19:49:00,Tuesday,False,False,clear,27.51,completed
B2477,U282,S1146,P123,2025-12-17T14:56:00,2025-12-17T16:26:00,Wednesday,False,False,fog,49.28,completed
B2478,U295,S1464,P130,2025-10-03T08:04:00,2025-10-03T08:34:00,Friday,False,False,fog,56.25,completed
B2479,U196,S555,P110,2025-11-15T09:09:00,2025-11-15T09:39:00,Saturday,True,False,fog,56.53,completed
B2480,U267,S399,P106,2025-12-20T11:07:00,2025-12-20T14:07:00,Saturday,True,False,fog,44.68,completed
B2481,U176,S637,P112,2025-11-28T19:29:00,2025-11-28T21:29:00,Friday,False,False,clear,55.36,completed
B2482,U256,S933,P118,2025-11-07T17:44:00,2025-11-07T19:14:00,Friday,False,False,clear,21.91,completed
B2483,U111,S124,P101,2026-01-16T19:00:00,2026-01-16T20:00:00,Friday,False,False,clear,24.11,completed
B2484,U218,S354,P105,2025-12-20T20:31:00,2025-12-20T21:01:00,Saturday,True,False,clear,27.47,completed
B2485,U261,S1500,P132,2025-11-19T17:25:00,2025-11-19T18:55:00,Wednesday,False,False,cloudy,23.99,completed
B2486,U244,S185,P102,2025-11-05T10:02:00,2025-11-05T11:32:00,Wednesday,False,False,haze,34.12,cancelled
B2487,U208,S519,P108,2025-11-04T18:29:00,2025-11-04T19:29:00,Tuesday,False,False,fog,30.32,completed
B2488,U198,S463,P107,2025-10-17T15:08:00,2025-10-17T16:38:00,Friday,False,False,clear,40.32,completed
B2489,U192,S172,P102,2025-10-01T21:06:00,2025-10-02T01:06:00,Wednesday,False,False,clear,35.8,completed
B2490,U108,S1480,P131,2026-01-14T07:53:00,2026-01-14T09:23:00,Wednesday,False,True,clear,35.52,completed
B2491,U261,S906,P118,2026-01-08T08:53:00,2026-01-08T09:53:00,Thursday,False,False,clear,28.05,completed
B2492,U300,S259,P103,2025-11-18T18:05:00,2025-11-18T19:05:00,Tuesday,False,False,cloudy,29.26,completed
B2493,U227,S1433,P129,2025-12-10T16:52:00,2025-12-10T17:52:00,Wednesday,False,False,clear,16.25,completed
B2494,U257,S537,P109,2025-11-14T06:02:00,2025-11-14T08:02:00,Friday,False,False,rain,19.09,completed
B2495,U184,S993,P119,2025-11-11T08:14:00,2025-11-11T12:14:00,Tuesday,False,False,clear,39.75,completed
B2496,U204,S374,P105,2025-12-14T13:18:00,2025-12-14T13:48:00,Sunday,True,False,fog,25.51,completed
B2497,U270,S1225,P125,2025-11-17T17:05:00,2025-11-17T19:05:00,Monday,False,False,clear,20.5,completed
B2498,U223,S880,P117,2026-01-02T18:39:00,2026-01-02T20:09:00,Friday,False,False,clear,42.22,completed
B2499,U296,S1265,P126,2025-12-16T15:42:00,2025-12-16T17:12:00,Tuesday,False,False,clear,16.19,completed
B2500,U226,S731,P114,2026-01-27T10:15:00,2026-01-27T10:45:00,Tuesday,False,False,cloudy,28.33,completed
B2501,U284,S1290,P126,2026-01-12T15:00:00,2026-01-12T17:00:00,Monday,False,False,clear,16.78,completed
B2502,U265,S555,P110,2025-10-05T00:41:00,2025-10-05T01:11:00,Sunday,True,False,clear,47.0,completed
B2503,U262,S1543,P132,2025-11-21T18:48:00,2025-11-21T20:48:00,Friday,False,False,rain,30.61,completed
B2504,U112,S1039,P120,2025-12-29T18:44:00,2025-12-29T20:44:00,Monday,False,False,clear,21.6,completed
B2505,U120,S1117,P123,2025-11-22T10:03:00,2025-11-22T11:33:00,Saturday,True,False,clear,59.27,completed
B2506,U146,S715,P113,2025-11-20T09:20:00,2025-11-20T12:20:00,Thursday,False,False,fog,25.56,completed
B2507,U252,S1250,P125,2025-12-14T07:49:00,2025-12-14T09:19:00,Sunday,True,False,fog,22.65,completed
B2508,U181,S1372,P128,2026-01-28T00:17:00,2026-01-28T01:17:00,Wednesday,False,False,clear,37.56,completed
B2509,U120,S1418,P128,2025-10-25T18:18:00,2025-10-25T18:48:00,Saturday,True,False,rain,54.75,completed
B2510,U201,S645,P112,2026-01-05T20:02:00,2026-01-05T23:02:00,Monday,False,False,clear,59.76,completed
B2511,U247,S1372,P128,2025-12-29T09:54:00,2025-12-29T11:54:00,Monday,False,False,clear,44.93,completed
B2512,U107,S1096,P122,2025-10-12T12:53:00,2025-10-12T14:23:00,Sunday,True,False,clear,49.81,completed
B2513,U126,S770,P115,2025-12-08T21:50:00,2025-12-08T22:20:00,Monday,False,False,cloudy,19.79,completed
B2514,U293,S404,P106,2026-01-09T12:18:00,2026-01-09T13:48:00,Friday,False,False,fog,39.6,completed
B2515,U151,S1372,P128,2025-12-02T08:47:00,2025-12-02T10:47:00,Tuesday,False,False,fog,47.43,completed
B2516,U145,S1024,P120,2026-01-10T10:36:00,2026-01-10T11:36:00,Saturday,True,False,rain,22.64,completed
B2517,U272,S1027,P120,2025-10-19T13:44:00,2025-10-19T14:14:00,Sunday,True,False,clear,22.67,completed
B2518,U179,S1385,P128,2025-12-16T19:40:00,2025-12-16T21:10:00,Tuesday,False,False,haze,47.9,completed
B2519,U125,S283,P104,2025-12-12T08:11:00,2025-12-12T12:11:00,Friday,False,False,clear,58.27,completed
B2520,U182,S475,P107,2025-11-04T07:29:00,2025-11-04T08:29:00,Tuesday,False,False,rain,45.3,completed
B2521,U123,S1338,P127,2025-12-05T10:50:00,2025-12-05T11:20:00,Friday,False,False,clear,52.22,completed
B2522,U164,S886,P117,2025-11-25T12:44:00,2025-11-25T14:44:00,Tuesday,False,False,clear,36.94,completed
B2523,U148,S435,P106,2026-01-06T15:14:00,2026-01-06T17:14:00,Tuesday,False,False,clear,40.64,completed
B2524,U167,S174,P102,2025-11-12T16:52:00,2025-11-12T18:22:00,Wednesday,False,False,rain,36.7,completed
B2525,U175,S1454,P130,2025-10-26T07:42:00,2025-10-26T08:12:00,Sunday,True,False,cloudy,55.93,completed
B2526,U221,S1259,P126,2025-12-14T23:34:00,2025-12-15T01:34:00,Sunday,True,False,clear,19.85,completed
B2527,U190,S1351,P127,2025-11-13T14:20:00,2025-11-13T20:20:00,Thursday,False,False,fog,50.95,completed
B2528,U161,S1470,P130,2026-01-17T14:48:00,2026-01-17T15:48:00,Saturday,True,False,clear,56.44,completed
B2529,U237,S885,P117,2025-11-11T00:13:00,2025-11-11T01:13:00,Tuesday,False,False,rain,37.55,completed
B2530,U154,S731,P114,2025-11-25T20:22:00,2025-11-25T21:52:00,Tuesday,False,False,cloudy,35.47,completed
B2531,U121,S902,P117,2025-12-23T00:33:00,2025-12-23T01:33:00,Tuesday,False,False,clear,36.74,completed
B2532,U278,S470,P107,2025-12-03T20:36:00,2025-12-03T21:36:00,Wednesday,False,False,clear,49.24,completed
B2533,U118,S167,P102,2025-11-23T22:46:00,2025-11-23T23:16:00,Sunday,True,False,cloudy,41.67,completed
B2534,U281,S494,P108,2025-10-06T19:23:00,2025-10-06T20:53:00,Monday,False,False,fog,29.78,cancelled
B2535,U214,S1480,P131,2025-12-19T19:21:00,2025-12-19T20:21:00,Friday,False,False,rain,33.57,completed
B2536,U276,S1331,P126,2025-11-01T18:33:00,2025-11-01T20:03:00,Saturday,True,True,clear,29.72,completed
B2537,U299,S1526,P132,2025-12-30T17:29:00,2025-12-30T19:29:00,Tuesday,False,False,clear,23.55,completed
B2538,U185,S1203,P124,2025-11-22T14:49:00,2025-11-22T15:49:00,Saturday,True,False,rain,38.07,completed
B2539,U271,S394,P106,2025-12-03T08:04:00,2025-12-03T11:04:00,Wednesday,False,False,clear,48.21,completed
B2540,U295,S125,P101,2025-10-04T22:29:00,2025-10-04T23:29:00,Saturday,True,False,cloudy,22.83,completed
B2541,U294,S211,P102,2025-12-05T08:06:00,2025-12-05T10:06:00,Friday,False,False,clear,42.75,completed
B2542,U114,S180,P102,2025-12-28T08:33:00,2025-12-28T10:03:00,Sunday,True,False,cloudy,44.53,completed
B2543,U223,S589,P110,2025-11-24T16:40:00,2025-11-24T17:10:00,Monday,False,False,cloudy,41.34,completed
B2544,U108,S1420,P128,2025-11-20T09:45:00,2025-11-20T11:45:00,Thursday,False,False,fog,46.28,completed
B2545,U185,S664,P113,2025-12-25T08:08:00,2025-12-25T10:08:00,Thursday,False,True,clear,36.48,completed
B2546,U230,S1453,P130,2025-12-11T15:34:00,2025-12-11T17:34:00,Thursday,False,False,rain,53.24,completed
B2547,U115,S1368,P128,2025-10-24T11:03:00,2025-10-24T15:03:00,Friday,False,False,fog,39.34,completed
B2548,U167,S600,P111,2025-12-09T07:55:00,2025-12-09T09:25:00,Tuesday,False,False,clear,52.07,completed
B2549,U217,S1438,P129,2025-10-02T08:12:00,2025-10-02T11:12:00,Thursday,False,False,clear,20.77,cancelled
B2550,U256,S195,P102,2026-01-28T08:38:00,2026-01-28T10:08:00,Wednesday,False,False,rain,42.92,completed
B2551,U102,S840,P116,2025-10-20T14:07:00,2025-10-20T15:07:00,Monday,False,True,clear,39.5,completed
B2552,U138,S1260,P126,2026-01-28T06:28:00,2026-01-28T06:58:00,Wednesday,False,False,cloudy,17.06,completed
B2553,U201,S114,P101,2026-01-25T08:10:00,2026-01-25T09:40:00,Sunday,True,False,clear,27.48,completed
B2554,U126,S1393,P128,2026-01-25T13:36:00,2026-01-25T14:36:00,Sunday,True,False,clear,45.16,completed
B2555,U282,S975,P119,2025-11-20T16:25:00,2025-11-20T16:55:00,Thursday,False,False,clear,34.88,completed
B2556,U224,S1316,P126,2025-12-15T13:16:00,2025-12-15T14:16:00,Monday,False,False,clear,17.51,completed
B2557,U153,S1517,P132,2025-10-27T20:13:00,2025-10-28T00:13:00,Monday,False,False,clear,27.47,completed
B2558,U182,S276,P104,2025-10-07T11:18:00,2025-10-07T17:18:00,Tuesday,False,False,rain,52.01,completed
B2559,U209,S1058,P121,2026-01-22T03:32:00,2026-01-22T06:32:00,Thursday,False,False,clear,28.6,completed
B2560,U230,S959,P118,2025-10-28T09:02:00,2025-10-28T10:32:00,Tuesday,False,False,rain,31.01,cancelled
B2561,U300,S525,P108,2025-11-08T08:47:00,2025-11-08T10:17:00,Saturday,True,False,rain,36.76,completed
B2562,U228,S1139,P123,2026-01-10T07:31:00,2026-01-10T09:01:00,Saturday,True,False,fog,58.48,completed
B2563,U269,S1368,P128,2026-01-20T17:58:00,2026-01-20T18:28:00,Tuesday,False,False,clear,38.96,completed
B2564,U268,S1019,P119,2025-12-29T19:15:00,2025-12-29T20:45:00,Monday,False,False,cloudy,40.09,completed
B2565,U109,S1478,P131,2025-11-08T08:28:00,2025-11-08T09:28:00,Saturday,True,False,clear,35.14,cancelled
B2566,U106,S815,P115,2025-10-02T19:46:00,2025-10-02T21:16:00,Thursday,False,False,cloudy,23.32,completed
B2567,U229,S1105,P122,2025-11-28T12:29:00,2025-11-28T13:29:00,Friday,False,False,rain,47.56,completed
B2568,U102,S1453,P130,2025-10-22T05:58:00,2025-10-22T08:58:00,Wednesday,False,False,clear,49.4,completed
B2569,U121,S1246,P125,2026-01-06T17:15:00,2026-01-06T18:15:00,Tuesday,False,False,clear,19.03,completed
B2570,U269,S1213,P124,2025-11-03T17:59:00,2025-11-03T18:59:00,Monday,False,False,fog,29.77,completed
B2571,U234,S735,P114,2025-11-04T12:57:00,2025-11-04T16:57:00,Tuesday,False,False,clear,29.62,completed
B2572,U114,S428,P106,2025-11-08T17:20:00,2025-11-08T19:20:00,Saturday,True,False,clear,47.77,completed
B2573,U219,S536,P109,2025-10-22T05:21:00,2025-10-22T06:21:00,Wednesday,False,False,cloudy,17.83,completed
B2574,U286,S629,P111,2026-01-10T18:46:00,2026-01-10T20:46:00,Saturday,True,False,clear,66.81,completed
B2575,U111,S493,P107,2025-11-12T18:01:00,2025-11-12T19:31:00,Wednesday,False,False,clear,49.55,completed
B2576,U127,S1526,P132,2025-10-27T12:09:00,2025-10-27T16:09:00,Monday,False,False,cloudy,22.31,cancelled
B2577,U257,S743,P114,2025-12-23T17:03:00,2025-12-23T19:03:00,Tuesday,False,False,cloudy,29.86,completed
B2578,U279,S189,P102,2025-11-04T18:54:00,2025-11-04T19:24:00,Tuesday,False,False,clear,41.52,completed
B2579,U144,S1121,P123,2025-11-07T12:53:00,2025-11-07T18:53:00,Friday,False,False,fog,50.99,completed
B2580,U209,S269,P103,2025-10-14T14:06:00,2025-10-14T16:06:00,Tuesday,False,False,rain,25.25,completed
B2581,U115,S1094,P122,2026-01-08T18:20:00,2026-01-08T19:20:00,Thursday,False,False,clear,49.15,completed
B2582,U174,S766,P115,2025-10-21T18:41:00,2025-10-21T20:11:00,Tuesday,False,True,cloudy,33.98,completed
B2583,U279,S813,P115,2025-12-02T13:55:00,2025-12-02T14:55:00,Tuesday,False,False,fog,20.86,completed
B2584,U218,S1089,P122,2025-12-21T19:14:00,2025-12-21T21:14:00,Sunday,True,False,fog,55.55,completed
B2585,U117,S267,P103,2025-10-19T14:33:00,2025-10-19T18:33:00,Sunday,True,False,cloudy,26.81,completed
B2586,U234,S925,P118,2025-10-26T03:55:00,2025-10-26T06:55:00,Sunday,True,False,clear,27.5,completed
B2587,U257,S488,P107,2025-10-25T06:23:00,2025-10-25T09:23:00,Saturday,True,False,clear,47.77,completed
B2588,U192,S1448,P129,2025-11-23T14:20:00,2025-11-23T17:20:00,Sunday,True,False,cloudy,18.97,completed
B2589,U215,S500,P108,2025-12-21T12:37:00,2025-12-21T13:37:00,Sunday,True,False,clear,29.3,completed
B2590,U247,S478,P107,2026-01-21T21:19:00,2026-01-21T23:19:00,Wednesday,False,False,rain,44.24,completed
B2591,U201,S453,P107,2025-12-14T11:25:00,2025-12-14T14:25:00,Sunday,True,False,clear,47.0,completed
B2592,U134,S507,P108,2025-11-19T12:46:00,2025-11-19T13:46:00,Wednesday,False,False,clear,23.64,completed
B2593,U246,S609,P111,2025-10-27T12:46:00,2025-10-27T14:16:00,Monday,False,False,clear,51.47,completed
B2594,U158,S1447,P129,2025-10-21T17:25:00,2025-10-21T19:25:00,Tuesday,False,True,cloudy,24.95,completed
B2595,U198,S1500,P132,2025-12-16T15:08:00,2025-12-16T15:38:00,Tuesday,False,False,rain,26.16,completed
B2596,U186,S1195,P124,2025-11-26T12:36:00,2025-11-26T15:36:00,Wednesday,False,False,rain,32.76,cancelled
B2597,U109,S506,P108,2026-01-11T13:13:00,2026-01-11T13:43:00,Sunday,True,False,clear,29.49,completed
B2598,U275,S1332,P127,2025-10-27T18:43:00,2025-10-27T21:43:00,Monday,False,False,clear,63.44,completed
B2599,U105,S1478,P131,2026-01-08T07:25:00,2026-01-08T08:55:00,Thursday,False,False,clear,26.96,completed
B2600,U252,S596,P111,2026-01-03T18:56:00,2026-01-03T19:56:00,Saturday,True,False,fog,67.57,completed
B2601,U134,S1206,P124,2025-10-23T07:52:00,2025-10-23T09:52:00,Thursday,False,False,clear,29.56,completed
B2602,U231,S837,P116,2025-10-28T17:18:00,2025-10-28T23:18:00,Tuesday,False,False,clear,27.71,completed
B2603,U186,S1346,P127,2026-01-18T12:29:00,2026-01-18T16:29:00,Sunday,True,False,rain,64.71,completed
B2604,U124,S1393,P128,2026-01-27T17:29:00,2026-01-27T18:29:00,Tuesday,False,False,clear,36.51,completed
B2605,U244,S1465,P130,2025-11-08T16:51:00,2025-11-08T17:51:00,Saturday,True,False,clear,54.86,completed
B2606,U133,S1156,P124,2026-01-03T17:59:00,2026-01-03T19:59:00,Saturday,True,False,clear,32.94,completed
B2607,U229,S548,P110,2025-12-20T20:58:00,2025-12-20T22:28:00,Saturday,True,False,clear,53.06,completed
B2608,U162,S344,P105,2025-12-26T19:41:00,2025-12-26T22:41:00,Friday,False,False,fog,26.77,cancelled
B2609,U199,S1053,P121,2025-12-06T09:38:00,2025-12-06T11:08:00,Saturday,True,False,clear,41.56,completed
B2610,U249,S618,P111,2025-11-09T08:15:00,2025-11-09T10:15:00,Sunday,True,False,clear,69.31,completed
B2611,U136,S1258,P126,2025-10-27T07:48:00,2025-10-27T08:48:00,Monday,False,False,haze,16.29,completed
B2612,U184,S584,P110,2026-01-12T18:41:00,2026-01-12T20:11:00,Monday,False,False,haze,47.98,completed
B2613,U270,S999,P119,2025-12-13T17:07:00,2025-12-13T23:07:00,Saturday,True,False,clear,40.71,completed
B2614,U239,S1030,P120,2025-11-21T16:13:00,2025-11-21T17:13:00,Friday,False,False,clear,17.92,completed
B2615,U291,S136,P101,2025-10-14T06:10:00,2025-10-14T07:10:00,Tuesday,False,False,clear,21.47,completed
B2616,U146,S573,P110,2026-01-14T18:17:00,2026-01-14T22:17:00,Wednesday,False,True,clear,64.59,completed
B2617,U300,S743,P114,2025-10-15T18:29:00,2025-10-15T18:59:00,Wednesday,False,False,clear,34.04,completed
B2618,U239,S1445,P129,2025-12-20T19:29:00,2025-12-20T22:29:00,Saturday,True,False,rain,25.54,completed
B2619,U185,S1279,P126,2026-01-23T14:41:00,2026-01-23T17:41:00,Friday,False,False,clear,17.3,completed
B2620,U119,S388,P106,2025-12-24T22:28:00,2025-12-25T01:28:00,Wednesday,False,False,cloudy,40.48,completed
B2621,U276,S1091,P122,2025-10-05T08:04:00,2025-10-05T11:04:00,Sunday,True,False,fog,53.96,completed
B2622,U240,S547,P109,2025-11-29T16:28:00,2025-11-29T19:28:00,Saturday,True,False,clear,20.97,completed
B2623,U165,S986,P119,2025-10-01T12:45:00,2025-10-01T13:45:00,Wednesday,False,False,cloudy,35.02,completed
B2624,U212,S1036,P120,2025-12-26T15:10:00,2025-12-26T21:10:00,Friday,False,False,clear,18.89,completed
B2625,U222,S592,P111,2025-12-11T17:38:00,2025-12-11T20:38:00,Thursday,False,False,rain,56.42,completed
B2626,U142,S882,P117,2025-11-24T07:29:00,2025-11-24T09:29:00,Monday,False,False,clear,34.5,completed
B2627,U158,S1033,P120,2025-10-15T18:30:00,2025-10-15T19:00:00,Wednesday,False,False,cloudy,22.7,completed
B2628,U208,S497,P108,2025-10-01T09:10:00,2025-10-01T09:40:00,Wednesday,False,False,clear,28.61,completed
B2629,U158,S895,P117,2025-11-22T23:59:00,2025-11-23T01:59:00,Saturday,True,False,clear,40.96,completed
B2630,U257,S1118,P123,2025-11-09T20:46:00,2025-11-09T22:16:00,Sunday,True,False,rain,69.43,completed
B2631,U265,S522,P108,2025-11-07T22:42:00,2025-11-07T23:42:00,Friday,False,False,clear,24.57,completed
B2632,U162,S159,P101,2025-11-17T11:21:00,2025-11-17T13:21:00,Monday,False,False,rain,22.66,completed
B2633,U139,S865,P116,2025-12-15T18:56:00,2025-12-15T19:26:00,Monday,False,False,clear,33.38,completed
B2634,U265,S795,P115,2026-01-10T14:46:00,2026-01-10T16:16:00,Saturday,True,False,clear,24.14,completed
B2635,U229,S1015,P119,2026-01-02T07:25:00,2026-01-02T08:25:00,Friday,False,False,cloudy,33.63,completed
B2636,U272,S543,P109,2026-01-28T08:40:00,2026-01-28T10:40:00,Wednesday,False,False,rain,22.83,completed
B2637,U187,S834,P116,2025-12-06T13:50:00,2025-12-06T17:50:00,Saturday,True,False,cloudy,32.25,completed
B2638,U128,S699,P113,2025-12-12T17:11:00,2025-12-12T18:11:00,Friday,False,False,clear,22.56,completed
B2639,U153,S452,P107,2025-10-06T09:38:00,2025-10-06T10:38:00,Monday,False,False,clear,47.85,cancelled
B2640,U242,S1420,P128,2025-12-09T19:48:00,2025-12-09T20:18:00,Tuesday,False,False,rain,48.65,completed
B2641,U249,S391,P106,2025-10-23T16:25:00,2025-10-23T17:25:00,Thursday,False,False,rain,43.75,cancelled
B2642,U230,S1375,P128,2026-01-01T13:53:00,2026-01-01T15:53:00,Thursday,False,False,clear,38.12,completed
B2643,U202,S740,P114,2026-01-10T16:27:00,2026-01-10T17:27:00,Saturday,True,False,clear,32.03,completed
B2644,U129,S1204,P124,2026-01-20T19:59:00,2026-01-20T21:59:00,Tuesday,False,False,clear,34.6,cancelled
B2645,U256,S1287,P126,2025-10-09T07:01:00,2025-10-09T11:01:00,Thursday,False,False,rain,18.93,completed
B2646,U109,S1542,P132,2026-01-24T21:31:00,2026-01-24T22:31:00,Saturday,True,False,clear,26.69,completed
B2647,U269,S1541,P132,2026-01-03T09:10:00,2026-01-03T13:10:00,Saturday,True,False,clear,32.29,completed
B2648,U145,S580,P110,2025-10-07T08:06:00,2025-10-07T10:06:00,Tuesday,False,False,clear,45.97,completed
B2649,U112,S1546,P132,2025-11-18T16:33:00,2025-11-18T17:33:00,Tuesday,False,False,haze,22.59,completed
B2650,U128,S507,P108,2025-12-07T21:13:00,2025-12-07T22:43:00,Sunday,True,False,clear,28.6,completed
B2651,U176,S1473,P131,2025-12-26T17:18:00,2025-12-26T18:18:00,Friday,False,False,clear,24.73,completed
B2652,U120,S626,P111,2025-12-17T18:44:00,2025-12-17T19:44:00,Wednesday,False,False,clear,61.06,completed
B2653,U295,S520,P108,2026-01-26T06:57:00,2026-01-26T07:57:00,Monday,False,True,cloudy,34.28,completed
B2654,U173,S517,P108,2025-12-29T17:16:00,2025-12-29T19:16:00,Monday,False,False,cloudy,24.73,completed
B2655,U272,S975,P119,2026-01-20T12:36:00,2026-01-20T15:36:00,Tuesday,False,False,clear,32.86,completed
B2656,U208,S555,P110,2025-10-17T17:18:00,2025-10-17T18:18:00,Friday,False,False,cloudy,38.38,completed
B2657,U185,S1031,P120,2026-01-22T18:20:00,2026-01-22T19:20:00,Thursday,False,False,clear,23.07,completed
B2658,U222,S1004,P119,2025-10-31T17:46:00,2025-10-31T18:46:00,Friday,False,False,clear,35.49,completed
B2659,U129,S557,P110,2025-10-02T20:12:00,2025-10-02T22:12:00,Thursday,False,False,clear,45.94,completed
B2660,U255,S1335,P127,2025-12-31T14:47:00,2025-12-31T16:17:00,Wednesday,False,False,clear,50.96,completed
B2661,U175,S986,P119,2025-10-17T18:36:00,2025-10-17T22:36:00,Friday,False,False,rain,43.76,completed
B2662,U135,S1488,P132,2025-10-30T17:37:00,2025-10-30T19:37:00,Thursday,False,False,clear,23.05,completed
B2663,U125,S1115,P123,2025-12-04T18:23:00,2025-12-04T19:23:00,Thursday,False,False,fog,58.5,completed
B2664,U173,S1362,P127,2025-11-18T09:32:00,2025-11-18T10:02:00,Tuesday,False,False,rain,63.79,completed
B2665,U161,S1038,P120,2025-10-25T22:41:00,2025-10-26T00:11:00,Saturday,True,False,clear,20.86,completed
B2666,U230,S1091,P122,2025-12-15T08:49:00,2025-12-15T14:49:00,Monday,False,False,clear,50.22,completed
B2667,U158,S535,P109,2025-10-07T13:13:00,2025-10-07T14:13:00,Tuesday,False,False,clear,18.11,completed
B2668,U183,S1463,P130,2026-01-22T19:06:00,2026-01-22T22:06:00,Thursday,False,False,fog,60.54,completed
B2669,U149,S1427,P129,2025-11-14T08:53:00,2025-11-14T10:23:00,Friday,False,False,clear,21.14,completed
B2670,U300,S1043,P121,2025-10-18T05:22:00,2025-10-18T06:22:00,Saturday,True,False,clear,33.43,completed
B2671,U216,S1356,P127,2025-12-29T13:52:00,2025-12-29T15:52:00,Monday,False,False,cloudy,53.74,completed
B2672,U240,S1297,P126,2025-11-12T18:17:00,2025-11-12T18:47:00,Wednesday,False,False,cloudy,19.22,completed
B2673,U133,S260,P103,2026-01-20T09:09:00,2026-01-20T10:39:00,Tuesday,False,False,fog,28.73,completed
B2674,U245,S917,P118,2026-01-25T05:14:00,2026-01-25T07:14:00,Sunday,True,False,rain,27.32,cancelled
B2675,U201,S203,P102,2026-01-03T20:48:00,2026-01-03T22:48:00,Saturday,True,False,cloudy,47.25,completed
B2676,U284,S1037,P120,2025-11-09T17:39:00,2025-11-09T21:39:00,Sunday,True,False,clear,22.62,completed
B2677,U221,S529,P108,2026-01-07T16:25:00,2026-01-07T19:25:00,Wednesday,False,False,haze,23.43,completed
B2678,U254,S722,P113,2025-10-30T17:31:00,2025-10-30T19:31:00,Thursday,False,False,clear,21.56,completed
B2679,U231,S298,P104,2026-01-01T08:17:00,2026-01-01T10:17:00,Thursday,False,False,clear,58.43,completed
B2680,U189,S1481,P131,2025-11-04T10:53:00,2025-11-04T11:53:00,Tuesday,False,False,clear,26.59,completed
B2681,U175,S528,P108,2025-12-13T14:43:00,2025-12-13T16:13:00,Saturday,True,False,clear,27.29,completed
B2682,U250,S184,P102,2026-01-26T16:47:00,2026-01-26T18:17:00,Monday,False,True,fog,50.57,completed
B2683,U203,S873,P116,2025-10-13T20:39:00,2025-10-13T22:09:00,Monday,False,False,clear,32.21,completed
B2684,U278,S1425,P129,2025-11-21T21:56:00,2025-11-22T03:56:00,Friday,False,False,clear,17.56,completed
B2685,U129,S1053,P121,2025-11-28T08:27:00,2025-11-28T09:57:00,Friday,False,False,clear,37.38,completed
B2686,U296,S249,P103,2025-12-22T18:21:00,2025-12-22T22:21:00,Monday,False,False,clear,30.15,completed
B2687,U175,S1094,P122,2025-10-12T15:56:00,2025-10-12T17:26:00,Sunday,True,False,fog,50.16,completed
B2688,U291,S1333,P127,2025-11-10T08:13:00,2025-11-10T14:13:00,Monday,False,False,cloudy,62.81,completed
B2689,U164,S1053,P121,2026-01-04T07:32:00,2026-01-04T09:02:00,Sunday,True,False,clear,35.84,completed
B2690,U274,S393,P106,2026-01-07T11:36:00,2026-01-07T13:36:00,Wednesday,False,False,clear,42.0,cancelled
B2691,U116,S609,P111,2026-01-01T11:54:00,2026-01-01T13:54:00,Thursday,False,False,clear,50.49,completed
B2692,U218,S640,P112,2025-12-24T08:27:00,2025-12-24T09:57:00,Wednesday,False,False,clear,57.46,completed
B2693,U255,S395,P106,2025-10-09T09:20:00,2025-10-09T10:20:00,Thursday,False,False,cloudy,46.78,completed
B2694,U249,S1342,P127,2025-11-14T08:42:00,2025-11-14T09:42:00,Friday,False,False,clear,64.72,completed
B2695,U122,S1046,P121,2025-11-06T20:15:00,2025-11-06T22:15:00,Thursday,False,False,clear,36.58,completed
B2696,U226,S312,P104,2025-12-11T08:33:00,2025-12-11T11:33:00,Thursday,False,False,clear,57.92,completed
B2697,U116,S463,P107,2025-12-07T18:20:00,2025-12-07T19:50:00,Sunday,True,False,cloudy,56.43,completed
B2698,U279,S1352,P127,2025-10-22T04:48:00,2025-10-22T07:48:00,Wednesday,False,False,clear,53.78,completed
B2699,U180,S1227,P125,2026-01-04T07:44:00,2026-01-04T10:44:00,Sunday,True,False,fog,23.21,completed
B2700,U231,S683,P113,2026-01-02T20:20:00,2026-01-02T22:20:00,Friday,False,False,clear,27.15,completed
B2701,U195,S859,P116,2026-01-01T09:40:00,2026-01-01T15:40:00,Thursday,False,False,haze,32.58,completed
B2702,U252,S1227,P125,2025-12-21T11:31:00,2025-12-21T12:31:00,Sunday,True,False,rain,25.33,completed
B2703,U123,S314,P104,2025-12-09T21:25:00,2025-12-10T03:25:00,Tuesday,False,False,clear,47.98,completed
B2704,U114,S1336,P127,2025-12-06T18:14:00,2025-12-06T18:44:00,Saturday,True,False,cloudy,71.61,completed
B2705,U288,S193,P102,2025-11-12T21:29:00,2025-11-12T22:59:00,Wednesday,False,False,rain,37.23,completed
B2706,U252,S753,P115,2025-12-16T14:59:00,2025-12-16T17:59:00,Tuesday,False,False,rain,23.26,completed
B2707,U140,S458,P107,2025-11-17T13:31:00,2025-11-17T15:31:00,Monday,False,False,clear,41.56,completed
B2708,U179,S540,P109,2025-11-27T10:57:00,2025-11-27T12:57:00,Thursday,False,False,cloudy,17.24,completed
B2709,U221,S1360,P127,2026-01-18T19:36:00,2026-01-18T23:36:00,Sunday,True,False,clear,68.99,completed
B2710,U208,S730,P114,2025-10-16T08:22:00,2025-10-16T09:22:00,Thursday,False,False,clear,33.82,completed
B2711,U119,S606,P111,2025-10-28T12:52:00,2025-10-28T13:52:00,Tuesday,False,False,clear,52.86,completed
B2712,U161,S1402,P128,2025-10-20T08:12:00,2025-10-20T12:12:00,Monday,False,True,clear,58.53,completed
B2713,U123,S218,P103,2025-10-06T15:24:00,2025-10-06T16:24:00,Monday,False,False,clear,23.47,completed
B2714,U245,S1014,P119,2025-11-13T10:13:00,2025-11-13T14:13:00,Thursday,False,False,clear,34.2,completed
B2715,U114,S108,P101,2025-11-04T11:25:00,2025-11-04T17:25:00,Tuesday,False,False,rain,22.06,completed
B2716,U244,S938,P118,2025-10-15T10:52:00,2025-10-15T16:52:00,Wednesday,False,False,cloudy,22.53,completed
B2717,U201,S1242,P125,2026-01-12T14:04:00,2026-01-12T15:04:00,Monday,False,False,haze,20.39,completed
B2718,U195,S744,P114,2025-10-24T17:39:00,2025-10-24T18:39:00,Friday,False,False,clear,29.17,completed
B2719,U269,S975,P119,2025-10-14T23:18:00,2025-10-15T01:18:00,Tuesday,False,False,haze,34.75,completed
B2720,U238,S358,P105,2025-12-01T16:52:00,2025-12-01T18:52:00,Monday,False,False,clear,20.73,completed
B2721,U186,S1269,P126,2026-01-22T11:40:00,2026-01-22T12:10:00,Thursday,False,False,clear,17.21,completed
B2722,U248,S961,P118,2025-11-05T17:03:00,2025-11-05T18:03:00,Wednesday,False,False,clear,22.8,completed
B2723,U212,S1062,P121,2025-12-26T06:51:00,2025-12-26T08:51:00,Friday,False,False,cloudy,30.18,completed
B2724,U246,S899,P117,2026-01-17T07:52:00,2026-01-17T10:52:00,Saturday,True,False,cloudy,40.3,completed
B2725,U275,S1431,P129,2026-01-03T10:25:00,2026-01-03T11:55:00,Saturday,True,False,clear,19.61,completed
B2726,U248,S1051,P121,2025-12-20T12:06:00,2025-12-20T14:06:00,Saturday,True,False,clear,34.31,completed
B2727,U261,S1468,P130,2025-11-20T10:09:00,2025-11-20T11:39:00,Thursday,False,False,clear,49.51,completed
B2728,U271,S211,P102,2025-12-16T15:54:00,2025-12-16T17:54:00,Tuesday,False,False,clear,33.2,completed
B2729,U290,S161,P101,2025-10-19T09:57:00,2025-10-19T11:27:00,Sunday,True,False,cloudy,27.37,completed
B2730,U242,S123,P101,2025-10-22T18:05:00,2025-10-22T19:05:00,Wednesday,False,False,rain,26.52,cancelled
B2731,U119,S1538,P132,2025-12-07T22:10:00,2025-12-08T01:10:00,Sunday,True,False,clear,27.67,completed
B2732,U236,S436,P106,2025-12-23T20:51:00,2025-12-23T22:21:00,Tuesday,False,False,rain,50.84,completed
B2733,U222,S373,P105,2026-01-01T09:19:00,2026-01-01T11:19:00,Thursday,False,False,rain,26.36,cancelled
B2734,U135,S1444,P129,2025-12-26T17:08:00,2025-12-26T18:08:00,Friday,False,False,haze,16.25,completed
B2735,U170,S1135,P123,2025-10-28T17:06:00,2025-10-28T18:06:00,Tuesday,False,False,cloudy,48.44,completed
B2736,U283,S1135,P123,2025-11-11T18:13:00,2025-11-11T19:13:00,Tuesday,False,False,fog,57.46,completed
B2737,U123,S116,P101,2026-01-10T20:54:00,2026-01-10T21:54:00,Saturday,True,False,clear,27.49,completed
B2738,U133,S1177,P124,2025-12-31T18:11:00,2025-12-31T19:11:00,Wednesday,False,False,rain,40.57,completed
B2739,U194,S129,P101,2025-12-06T16:49:00,2025-12-06T17:19:00,Saturday,True,False,rain,27.06,completed
B2740,U264,S215,P102,2025-10-17T18:43:00,2025-10-17T19:13:00,Friday,False,False,clear,42.47,completed
B2741,U165,S1123,P123,2026-01-19T21:48:00,2026-01-19T23:48:00,Monday,False,False,clear,50.26,completed
B2742,U216,S1027,P120,2026-01-04T17:25:00,2026-01-04T21:25:00,Sunday,True,False,cloudy,21.84,completed
B2743,U289,S1534,P132,2025-10-24T01:13:00,2025-10-24T03:13:00,Friday,False,False,rain,26.3,completed
B2744,U297,S969,P118,2025-12-02T11:03:00,2025-12-02T15:03:00,Tuesday,False,False,haze,22.95,completed
B2745,U197,S726,P114,2025-12-04T10:13:00,2025-12-04T11:43:00,Thursday,False,False,rain,30.22,completed
B2746,U264,S1268,P126,2026-01-02T16:39:00,2026-01-02T18:39:00,Friday,False,False,clear,16.86,completed
B2747,U241,S1509,P132,2025-10-07T07:01:00,2025-10-07T08:01:00,Tuesday,False,False,rain,24.36,completed
B2748,U121,S725,P113,2026-01-15T07:44:00,2026-01-15T09:44:00,Thursday,False,False,clear,21.15,completed
B2749,U129,S634,P112,2025-11-13T07:07:00,2025-11-13T08:37:00,Thursday,False,False,cloudy,48.2,completed
B2750,U145,S533,P109,2025-12-30T07:48:00,2025-12-30T09:48:00,Tuesday,False,False,clear,18.1,completed
B2751,U179,S904,P117,2025-12-27T06:18:00,2025-12-27T07:18:00,Saturday,True,False,fog,38.85,completed
B2752,U149,S817,P115,2025-11-13T11:53:00,2025-11-13T13:23:00,Thursday,False,False,clear,20.86,completed
B2753,U107,S930,P118,2025-12-02T17:22:00,2025-12-02T17:52:00,Tuesday,False,False,cloudy,22.91,completed
B2754,U107,S211,P102,2025-10-18T08:05:00,2025-10-18T09:05:00,Saturday,True,False,clear,47.82,completed
B2755,U174,S896,P117,2025-10-26T18:40:00,2025-10-26T19:10:00,Sunday,True,False,clear,49.9,completed
B2756,U163,S1449,P130,2025-12-06T19:03:00,2025-12-06T21:03:00,Saturday,True,False,clear,66.33,completed
B2757,U166,S315,P104,2026-01-18T18:26:00,2026-01-18T20:26:00,Sunday,True,False,clear,60.8,completed
B2758,U135,S1349,P127,2025-10-14T06:47:00,2025-10-14T08:17:00,Tuesday,False,False,clear,52.12,completed
B2759,U134,S1464,P130,2026-01-18T13:49:00,2026-01-18T14:49:00,Sunday,True,False,haze,55.94,completed
B2760,U213,S264,P103,2025-12-02T14:15:00,2025-12-02T15:45:00,Tuesday,False,False,clear,24.67,completed
B2761,U177,S309,P104,2025-11-09T08:14:00,2025-11-09T09:44:00,Sunday,True,False,cloudy,60.25,completed
B2762,U290,S1433,P129,2026-01-01T10:13:00,2026-01-01T11:43:00,Thursday,False,False,clear,16.63,completed
B2763,U138,S1278,P126,2025-12-26T20:33:00,2025-12-26T22:03:00,Friday,False,False,rain,21.22,completed
B2764,U173,S442,P106,2025-12-26T07:03:00,2025-12-26T09:03:00,Friday,False,False,rain,45.3,completed
B2765,U213,S214,P102,2025-10-27T08:02:00,2025-10-27T09:02:00,Monday,False,False,clear,40.85,completed
B2766,U206,S1371,P128,2025-10-19T08:57:00,2025-10-19T09:27:00,Sunday,True,False,clear,50.79,completed
B2767,U261,S674,P113,2026-01-02T07:08:00,2026-01-02T08:38:00,Friday,False,False,clear,21.43,completed
B2768,U108,S1022,P120,2025-12-30T16:05:00,2025-12-30T17:35:00,Tuesday,False,False,rain,19.81,completed
B2769,U151,S444,P107,2025-12-23T09:51:00,2025-12-23T15:51:00,Tuesday,False,False,clear,50.27,completed
B2770,U122,S1418,P128,2026-01-18T08:26:00,2026-01-18T11:26:00,Sunday,True,False,fog,50.83,completed
B2771,U206,S1083,P122,2026-01-11T15:09:00,2026-01-11T16:39:00,Sunday,True,False,rain,53.81,completed
B2772,U223,S473,P107,2026-01-28T20:43:00,2026-01-28T22:43:00,Wednesday,False,False,clear,48.88,completed
B2773,U138,S1070,P122,2025-10-29T22:30:00,2025-10-30T04:30:00,Wednesday,False,False,cloudy,43.04,completed
B2774,U142,S832,P116,2025-10-21T15:46:00,2025-10-21T16:46:00,Tuesday,False,True,rain,41.96,completed
B2775,U285,S1447,P129,2025-12-08T08:00:00,2025-12-08T09:30:00,Monday,False,False,clear,20.6,completed
B2776,U135,S1441,P129,2026-01-23T07:33:00,2026-01-23T08:33:00,Friday,False,False,rain,18.2,completed
B2777,U132,S389,P106,2025-10-17T01:20:00,2025-10-17T03:20:00,Friday,False,False,rain,43.36,completed
B2778,U214,S1240,P125,2025-12-17T10:21:00,2025-12-17T11:51:00,Wednesday,False,False,rain,22.67,completed
B2779,U249,S347,P105,2025-12-18T10:08:00,2025-12-18T12:08:00,Thursday,False,False,clear,20.32,completed
B2780,U185,S1424,P129,2025-11-18T21:49:00,2025-11-18T23:49:00,Tuesday,False,False,cloudy,17.8,completed
B2781,U171,S1371,P128,2025-12-16T12:24:00,2025-12-16T13:24:00,Tuesday,False,False,fog,36.41,completed
B2782,U102,S280,P104,2025-10-15T13:14:00,2025-10-15T14:44:00,Wednesday,False,False,cloudy,45.41,completed
B2783,U285,S1245,P125,2025-11-26T08:36:00,2025-11-26T09:36:00,Wednesday,False,False,clear,23.14,completed
B2784,U170,S1346,P127,2025-11-02T14:41:00,2025-11-02T16:41:00,Sunday,True,False,clear,56.46,completed
B2785,U233,S159,P101,2025-12-08T21:25:00,2025-12-08T21:55:00,Monday,False,False,rain,22.75,completed
B2786,U299,S1462,P130,2026-01-05T07:02:00,2026-01-05T08:32:00,Monday,False,False,clear,47.02,completed
B2787,U236,S464,P107,2026-01-10T20:31:00,2026-01-10T21:31:00,Saturday,True,False,cloudy,52.09,completed
B2788,U220,S196,P102,2026-01-13T13:49:00,2026-01-13T17:49:00,Tuesday,False,False,clear,34.0,completed
B2789,U268,S1104,P122,2025-11-26T20:37:00,2025-11-26T21:37:00,Wednesday,False,False,cloudy,51.41,completed
B2790,U287,S449,P107,2025-11-25T19:37:00,2025-11-25T20:37:00,Tuesday,False,False,clear,47.87,completed
B2791,U268,S376,P105,2026-01-06T21:07:00,2026-01-06T21:37:00,Tuesday,False,False,clear,20.36,completed
B2792,U164,S547,P109,2025-10-15T09:53:00,2025-10-15T11:53:00,Wednesday,False,False,clear,20.69,completed
B2793,U114,S1137,P123,2025-11-09T08:38:00,2025-11-09T10:08:00,Sunday,True,False,clear,68.02,completed
B2794,U275,S1428,P129,2025-11-09T08:20:00,2025-11-09T09:20:00,Sunday,True,False,cloudy,23.45,completed
B2795,U249,S532,P109,2025-12-21T09:10:00,2025-12-21T10:10:00,Sunday,True,False,clear,23.68,completed
B2796,U256,S540,P109,2025-12-31T12:42:00,2025-12-31T15:42:00,Wednesday,False,False,rain,19.73,completed
B2797,U236,S1399,P128,2026-01-18T18:50:00,2026-01-18T19:50:00,Sunday,True,False,clear,54.01,cancelled
B2798,U256,S1130,P123,2026-01-23T15:47:00,2026-01-23T16:47:00,Friday,False,False,clear,48.58,completed
B2799,U217,S557,P110,2026-01-21T12:36:00,2026-01-21T14:36:00,Wednesday,False,False,rain,43.51,completed
B2800,U212,S1039,P120,2025-11-08T08:30:00,2025-11-08T09:30:00,Saturday,True,False,rain,26.1,completed
B2801,U104,S996,P119,2025-10-07T15:49:00,2025-10-07T19:49:00,Tuesday,False,False,rain,38.83,completed
B2802,U127,S551,P110,2025-12-16T14:46:00,2025-12-16T17:46:00,Tuesday,False,False,rain,46.03,completed
B2803,U239,S328,P104,2026-01-27T06:43:00,2026-01-27T08:43:00,Tuesday,False,False,clear,44.96,cancelled
B2804,U137,S678,P113,2026-01-05T17:04:00,2026-01-05T20:04:00,Monday,False,False,clear,21.1,completed
B2805,U212,S661,P113,2025-10-31T20:04:00,2025-10-31T21:04:00,Friday,False,False,haze,25.0,completed
B2806,U214,S713,P113,2025-11-28T19:43:00,2025-11-28T21:13:00,Friday,False,False,clear,26.32,completed
B2807,U214,S1468,P130,2025-11-27T08:20:00,2025-11-27T11:20:00,Thursday,False,False,clear,60.47,completed
B2808,U139,S1104,P122,2025-11-09T09:19:00,2025-11-09T10:19:00,Sunday,True,False,fog,53.62,completed
B2809,U265,S1106,P122,2025-11-19T02:16:00,2025-11-19T05:16:00,Wednesday,False,False,rain,44.63,cancelled
B2810,U269,S1353,P127,2025-11-21T14:41:00,2025-11-21T17:41:00,Friday,False,False,fog,53.73,completed
B2811,U247,S472,P107,2026-01-02T06:22:00,2026-01-02T08:22:00,Friday,False,False,clear,38.24,completed
B2812,U143,S1516,P132,2026-01-08T05:13:00,2026-01-08T09:13:00,Thursday,False,False,clear,21.93,completed
B2813,U293,S780,P115,2025-10-13T12:29:00,2025-10-13T14:29:00,Monday,False,False,cloudy,19.88,completed
B2814,U114,S733,P114,2025-12-21T18:52:00,2025-12-21T20:22:00,Sunday,True,False,clear,38.02,completed
B2815,U250,S1091,P122,2025-10-24T18:48:00,2025-10-24T20:18:00,Friday,False,False,rain,53.21,completed
B2816,U290,S1277,P126,2026-01-05T06:02:00,2026-01-05T06:32:00,Monday,False,False,rain,17.48,completed
B2817,U243,S1154,P124,2025-12-30T19:09:00,2025-12-30T22:09:00,Tuesday,False,False,rain,40.24,completed
B2818,U117,S1112,P123,2025-12-06T16:37:00,2025-12-06T17:37:00,Saturday,True,False,clear,58.9,completed
B2819,U253,S503,P108,2025-12-24T14:16:00,2025-12-24T20:16:00,Wednesday,False,False,clear,25.57,completed
B2820,U201,S1429,P129,2025-11-26T18:13:00,2025-11-26T19:13:00,Wednesday,False,False,clear,19.46,completed
B2821,U222,S1158,P124,2026-01-02T07:01:00,2026-01-02T09:01:00,Friday,False,False,rain,32.46,completed
B2822,U267,S678,P113,2026-01-26T22:00:00,2026-01-26T23:30:00,Monday,False,True,rain,32.43,completed
B2823,U292,S639,P112,2026-01-01T14:31:00,2026-01-01T16:01:00,Thursday,False,False,clear,48.05,completed
B2824,U241,S642,P112,2026-01-05T09:53:00,2026-01-05T11:23:00,Monday,False,False,clear,54.18,completed
B2825,U197,S839,P116,2026-01-16T09:51:00,2026-01-16T10:51:00,Friday,False,False,clear,33.96,completed
B2826,U292,S178,P102,2026-01-19T07:35:00,2026-01-19T08:35:00,Monday,False,False,clear,34.16,completed
B2827,U107,S444,P107,2025-11-29T12:59:00,2025-11-29T13:59:00,Saturday,True,False,rain,50.55,completed
B2828,U130,S543,P109,2025-10-12T05:24:00,2025-10-12T08:24:00,Sunday,True,False,cloudy,19.28,cancelled
B2829,U248,S515,P108,2025-12-02T18:53:00,2025-12-02T19:23:00,Tuesday,False,False,clear,30.25,completed
B2830,U223,S1034,P120,2026-01-18T16:46:00,2026-01-18T18:46:00,Sunday,True,False,clear,20.65,completed
B2831,U136,S1200,P124,2025-10-26T18:03:00,2025-10-26T19:03:00,Sunday,True,False,rain,42.26,completed
B2832,U300,S624,P111,2025-12-02T07:29:00,2025-12-02T10:29:00,Tuesday,False,False,clear,53.22,completed
B2833,U209,S1412,P128,2026-01-18T05:50:00,2026-01-18T07:20:00,Sunday,True,False,haze,45.43,completed
B2834,U112,S503,P108,2025-12-16T17:21:00,2025-12-16T19:21:00,Tuesday,False,False,fog,24.28,completed
B2835,U278,S677,P113,2025-11-17T17:16:00,2025-11-17T18:16:00,Monday,False,False,cloudy,22.64,completed
B2836,U251,S1243,P125,2025-11-22T07:34:00,2025-11-22T09:34:00,Saturday,True,False,clear,22.72,completed
B2837,U275,S1407,P128,2025-12-24T21:12:00,2025-12-24T23:12:00,Wednesday,False,False,clear,38.54,completed
B2838,U131,S266,P103,2025-11-05T14:50:00,2025-11-05T16:20:00,Wednesday,False,False,clear,23.25,completed
B2839,U102,S721,P113,2025-11-18T12:09:00,2025-11-18T13:39:00,Tuesday,False,False,clear,22.36,completed
B2840,U206,S568,P110,2025-10-20T16:26:00,2025-10-20T19:26:00,Monday,False,True,clear,58.87,completed
B2841,U145,S309,P104,2025-12-24T20:19:00,2025-12-24T23:19:00,Wednesday,False,False,clear,53.65,completed
B2842,U149,S1514,P132,2025-12-22T08:20:00,2025-12-22T10:20:00,Monday,False,False,clear,27.84,completed
B2843,U217,S436,P106,2025-11-01T18:29:00,2025-11-01T19:29:00,Saturday,True,True,fog,69.94,cancelled
B2844,U195,S349,P105,2026-01-21T22:51:00,2026-01-22T01:51:00,Wednesday,False,False,cloudy,20.69,completed
B2845,U208,S1252,P125,2026-01-27T08:06:00,2026-01-27T09:36:00,Tuesday,False,False,clear,23.24,completed
B2846,U123,S1554,P132,2025-11-08T17:54:00,2025-11-08T19:24:00,Saturday,True,False,clear,25.93,completed
B2847,U153,S642,P112,2026-01-22T13:22:00,2026-01-22T15:22:00,Thursday,False,False,clear,45.56,completed
B2848,U229,S1214,P124,2025-10-20T07:50:00,2025-10-20T08:50:00,Monday,False,True,clear,43.96,completed
B2849,U252,S1548,P132,2025-12-16T06:11:00,2025-12-16T08:11:00,Tuesday,False,False,clear,22.82,completed
B2850,U236,S1328,P126,2026-01-04T00:05:00,2026-01-04T00:35:00,Sunday,True,False,rain,20.9,completed
B2851,U106,S231,P103,2025-10-26T18:13:00,2025-10-26T21:13:00,Sunday,True,False,fog,31.25,completed
B2852,U127,S710,P113,2026-01-17T07:20:00,2026-01-17T08:20:00,Saturday,True,False,cloudy,24.47,completed
B2853,U255,S1281,P126,2026-01-16T10:47:00,2026-01-16T12:17:00,Friday,False,False,clear,16.97,completed
B2854,U173,S1391,P128,2025-10-04T09:49:00,2025-10-04T10:49:00,Saturday,True,False,rain,58.01,completed
B2855,U164,S614,P111,2025-10-19T17:19:00,2025-10-19T19:19:00,Sunday,True,False,haze,59.46,completed
B2856,U231,S394,P106,2025-10-26T07:13:00,2025-10-26T08:43:00,Sunday,True,False,rain,50.61,completed
B2857,U133,S404,P106,2025-10-20T18:46:00,2025-10-20T22:46:00,Monday,False,True,cloudy,67.75,completed
B2858,U256,S1125,P123,2025-11-15T06:43:00,2025-11-15T08:13:00,Saturday,True,False,clear,58.38,cancelled
B2859,U224,S247,P103,2025-10-17T08:35:00,2025-10-17T10:35:00,Friday,False,False,cloudy,28.37,completed
B2860,U161,S1094,P122,2025-11-10T19:20:00,2025-11-10T20:50:00,Monday,False,False,cloudy,50.04,completed
B2861,U124,S1462,P130,2026-01-22T15:33:00,2026-01-22T16:33:00,Thursday,False,False,clear,49.17,completed
B2862,U251,S1216,P124,2026-01-15T17:20:00,2026-01-15T18:20:00,Thursday,False,False,clear,31.4,completed
B2863,U122,S954,P118,2026-01-15T12:46:00,2026-01-15T13:46:00,Thursday,False,False,clear,22.69,completed
B2864,U216,S646,P112,2025-10-21T17:43:00,2025-10-21T19:43:00,Tuesday,False,True,clear,69.1,completed
B2865,U202,S895,P117,2025-11-08T17:27:00,2025-11-08T18:57:00,Saturday,True,False,cloudy,41.06,completed
B2866,U102,S1116,P123,2025-10-15T18:28:00,2025-10-15T18:58:00,Wednesday,False,False,clear,58.55,completed
B2867,U156,S436,P106,2025-11-15T21:17:00,2025-11-15T22:47:00,Saturday,True,False,clear,45.88,completed
B2868,U273,S763,P115,2026-01-21T12:24:00,2026-01-21T15:24:00,Wednesday,False,False,cloudy,21.25,completed
B2869,U289,S362,P105,2025-10-15T19:50:00,2025-10-15T20:50:00,Wednesday,False,False,haze,24.96,completed
B2870,U197,S695,P113,2025-11-06T17:35:00,2025-11-06T18:35:00,Thursday,False,False,clear,22.39,completed
B2871,U185,S1083,P122,2025-10-22T08:11:00,2025-10-22T09:11:00,Wednesday,False,False,clear,51.63,completed
B2872,U297,S930,P118,2026-01-27T14:43:00,2026-01-27T17:43:00,Tuesday,False,False,cloudy,23.67,completed
B2873,U104,S539,P109,2026-01-28T18:23:00,2026-01-28T19:23:00,Wednesday,False,False,clear,21.15,completed
B2874,U239,S1029,P120,2025-10-06T12:07:00,2025-10-06T13:37:00,Monday,False,False,clear,18.01,completed
B2875,U203,S1305,P126,2025-11-12T17:27:00,2025-11-12T19:27:00,Wednesday,False,False,cloudy,15.94,completed
B2876,U130,S161,P101,2026-01-27T10:05:00,2026-01-27T13:05:00,Tuesday,False,False,clear,21.62,completed
B2877,U280,S573,P110,2026-01-06T18:18:00,2026-01-06T20:18:00,Tuesday,False,False,clear,50.41,completed
B2878,U230,S777,P115,2025-10-06T15:05:00,2025-10-06T17:05:00,Monday,False,False,clear,19.92,completed
B2879,U129,S817,P115,2025-11-20T05:02:00,2025-11-20T06:32:00,Thursday,False,False,clear,20.7,completed
B2880,U123,S1472,P130,2025-11-27T08:42:00,2025-11-27T11:42:00,Thursday,False,False,clear,57.71,completed
B2881,U190,S1072,P122,2025-11-04T07:57:00,2025-11-04T10:57:00,Tuesday,False,False,cloudy,43.29,completed
B2882,U199,S707,P113,2025-10-01T19:49:00,2025-10-01T21:19:00,Wednesday,False,False,cloudy,26.78,completed
B2883,U109,S1345,P127,2025-10-09T12:34:00,2025-10-09T18:34:00,Thursday,False,False,rain,55.32,completed
B2884,U222,S1440,P129,2026-01-09T20:24:00,2026-01-09T21:24:00,Friday,False,False,clear,19.71,completed
B2885,U254,S1170,P124,2025-12-11T18:18:00,2025-12-11T21:18:00,Thursday,False,False,cloudy,34.52,completed
B2886,U262,S540,P109,2025-12-26T15:37:00,2025-12-26T17:37:00,Friday,False,False,clear,17.92,completed
B2887,U103,S164,P101,2025-11-14T10:57:00,2025-11-14T11:57:00,Friday,False,False,rain,23.12,completed
B2888,U213,S1132,P123,2025-12-27T13:25:00,2025-12-27T13:55:00,Saturday,True,False,clear,55.72,completed
B2889,U152,S1359,P127,2025-10-20T05:56:00,2025-10-20T07:56:00,Monday,False,True,cloudy,73.75,completed
B2890,U265,S1322,P126,2025-12-20T08:00:00,2025-12-20T09:30:00,Saturday,True,False,clear,22.53,completed
B2891,U296,S1059,P121,2025-11-23T17:20:00,2025-11-23T18:20:00,Sunday,True,False,clear,32.69,completed
B2892,U198,S226,P103,2026-01-15T10:00:00,2026-01-15T11:30:00,Thursday,False,False,clear,25.08,completed
B2893,U201,S1103,P122,2025-12-31T14:02:00,2025-12-31T16:02:00,Wednesday,False,False,clear,42.42,completed
B2894,U250,S1302,P126,2025-11-21T00:38:00,2025-11-21T02:38:00,Friday,False,False,clear,16.38,completed
B2895,U278,S1262,P126,2025-10-10T08:46:00,2025-10-10T10:46:00,Friday,False,False,fog,20.27,cancelled
B2896,U230,S1232,P125,2026-01-24T07:39:00,2026-01-24T09:39:00,Saturday,True,False,clear,23.42,completed
B2897,U179,S464,P107,2025-11-11T10:29:00,2025-11-11T11:29:00,Tuesday,False,False,haze,39.32,completed
B2898,U185,S1443,P129,2025-11-28T12:45:00,2025-11-28T14:45:00,Friday,False,False,clear,17.43,completed
B2899,U171,S396,P106,2025-12-06T17:40:00,2025-12-06T19:40:00,Saturday,True,False,haze,46.59,completed
B2900,U234,S633,P112,2025-12-25T19:11:00,2025-12-26T01:11:00,Thursday,False,True,clear,75.76,completed
B2901,U237,S1491,P132,2026-01-15T23:55:00,2026-01-16T01:25:00,Thursday,False,False,clear,23.59,completed
B2902,U233,S661,P113,2025-11-02T08:38:00,2025-11-02T09:08:00,Sunday,True,False,fog,29.36,completed
B2903,U216,S986,P119,2025-10-08T09:47:00,2025-10-08T12:47:00,Wednesday,False,False,cloudy,41.97,completed
B2904,U207,S1015,P119,2025-10-09T09:41:00,2025-10-09T11:11:00,Thursday,False,False,clear,40.01,completed
B2905,U184,S368,P105,2026-01-20T06:14:00,2026-01-20T07:14:00,Tuesday,False,False,haze,20.67,completed
B2906,U104,S1219,P124,2026-01-14T12:34:00,2026-01-14T13:34:00,Wednesday,False,True,clear,43.4,completed
B2907,U242,S611,P111,2026-01-15T20:31:00,2026-01-15T22:31:00,Thursday,False,False,clear,58.96,completed
B2908,U295,S1274,P126,2025-12-12T19:54:00,2025-12-12T21:54:00,Friday,False,False,fog,20.09,completed
B2909,U151,S544,P109,2025-11-19T13:27:00,2025-11-19T16:27:00,Wednesday,False,False,clear,17.64,completed
B2910,U250,S363,P105,2025-10-26T05:10:00,2025-10-26T06:10:00,Sunday,True,False,clear,23.87,cancelled
B2911,U211,S537,P109,2025-10-25T20:22:00,2025-10-25T21:22:00,Saturday,True,False,clear,23.36,completed
B2912,U246,S1419,P128,2026-01-04T15:13:00,2026-01-04T17:13:00,Sunday,True,False,clear,44.05,completed
B2913,U204,S1475,P131,2025-11-24T23:57:00,2025-11-25T02:57:00,Monday,False,False,clear,26.63,completed
B2914,U219,S1038,P120,2025-12-29T15:21:00,2025-12-29T16:51:00,Monday,False,False,fog,19.33,completed
B2915,U219,S1457,P130,2026-01-09T08:10:00,2026-01-09T08:40:00,Friday,False,False,clear,59.06,completed
B2916,U146,S119,P101,2025-12-05T00:41:00,2025-12-05T02:11:00,Friday,False,False,rain,22.65,completed
B2917,U204,S364,P105,2026-01-15T03:47:00,2026-01-15T04:17:00,Thursday,False,False,clear,21.55,completed
B2918,U261,S861,P116,2025-11-25T19:35:00,2025-11-25T21:35:00,Tuesday,False,False,clear,33.81,completed
B2919,U123,S1546,P132,2025-12-31T11:18:00,2025-12-31T17:18:00,Wednesday,False,False,haze,22.16,completed
B2920,U165,S265,P103,2025-10-25T01:47:00,2025-10-25T03:17:00,Saturday,True,False,clear,26.64,completed
B2921,U128,S1014,P119,2025-11-10T19:35:00,2025-11-10T20:05:00,Monday,False,False,cloudy,39.94,completed
B2922,U260,S1130,P123,2025-11-13T08:20:00,2025-11-13T09:50:00,Thursday,False,False,clear,62.99,completed
B2923,U206,S645,P112,2025-12-01T12:06:00,2025-12-01T13:36:00,Monday,False,False,rain,51.11,completed
B2924,U227,S651,P112,2026-01-27T18:16:00,2026-01-27T20:16:00,Tuesday,False,False,clear,58.8,completed
B2925,U233,S1396,P128,2025-10-04T16:24:00,2025-10-04T20:24:00,Saturday,True,False,cloudy,45.45,completed
B2926,U285,S650,P112,2025-11-11T09:55:00,2025-11-11T15:55:00,Tuesday,False,False,clear,58.82,completed
B2927,U223,S1259,P126,2025-12-06T17:47:00,2025-12-06T23:47:00,Saturday,True,False,clear,19.07,completed
B2928,U108,S608,P111,2025-12-18T17:44:00,2025-12-18T19:44:00,Thursday,False,False,rain,58.22,completed
B2929,U200,S1015,P119,2026-01-15T10:11:00,2026-01-15T11:41:00,Thursday,False,False,clear,35.29,completed
B2930,U242,S741,P114,2025-12-04T19:42:00,2025-12-04T22:42:00,Thursday,False,False,clear,34.61,completed
B2931,U202,S517,P108,2025-12-10T17:08:00,2025-12-10T21:08:00,Wednesday,False,False,cloudy,25.01,completed
B2932,U218,S475,P107,2025-10-21T23:53:00,2025-10-22T01:23:00,Tuesday,False,True,clear,57.48,completed
B2933,U161,S1054,P121,2025-10-26T12:32:00,2025-10-26T13:32:00,Sunday,True,False,cloudy,33.44,completed
B2934,U248,S607,P111,2025-11-06T16:11:00,2025-11-06T17:11:00,Thursday,False,False,clear,51.28,completed
B2935,U122,S247,P103,2025-12-10T12:31:00,2025-12-10T15:31:00,Wednesday,False,False,rain,26.25,completed
B2936,U214,S379,P105,2025-11-10T23:04:00,2025-11-11T02:04:00,Monday,False,False,clear,21.63,completed
B2937,U212,S1461,P130,2025-12-07T07:45:00,2025-12-07T10:45:00,Sunday,True,False,clear,54.36,completed
B2938,U118,S1278,P126,2025-10-06T07:29:00,2025-10-06T10:29:00,Monday,False,False,cloudy,16.26,completed
B2939,U210,S218,P103,2025-11-29T07:15:00,2025-11-29T09:15:00,Saturday,True,False,clear,27.04,completed
B2940,U187,S502,P108,2026-01-13T10:31:00,2026-01-13T13:31:00,Tuesday,False,False,rain,26.38,completed
B2941,U123,S1464,P130,2025-12-17T09:56:00,2025-12-17T10:56:00,Wednesday,False,False,rain,61.65,completed
B2942,U258,S344,P105,2025-10-22T13:04:00,2025-10-22T14:04:00,Wednesday,False,False,clear,22.11,completed
B2943,U109,S873,P116,2025-12-20T08:31:00,2025-12-20T10:01:00,Saturday,True,False,clear,35.29,completed
B2944,U264,S546,P109,2025-11-21T09:10:00,2025-11-21T10:10:00,Friday,False,False,clear,20.49,completed
B2945,U189,S601,P111,2025-12-15T17:56:00,2025-12-15T21:56:00,Monday,False,False,cloudy,50.37,completed
B2946,U102,S454,P107,2025-11-30T10:51:00,2025-11-30T11:51:00,Sunday,True,False,haze,47.59,completed
B2947,U167,S528,P108,2025-12-06T11:03:00,2025-12-06T14:03:00,Saturday,True,False,rain,31.19,completed
B2948,U202,S1275,P126,2026-01-19T10:31:00,2026-01-19T11:01:00,Monday,False,False,clear,17.5,completed
B2949,U198,S135,P101,2025-11-28T08:10:00,2025-11-28T09:10:00,Friday,False,False,cloudy,26.04,completed
B2950,U283,S1434,P129,2025-10-10T13:45:00,2025-10-10T19:45:00,Friday,False,False,fog,16.26,completed
B2951,U132,S748,P114,2025-12-30T05:53:00,2025-12-30T07:23:00,Tuesday,False,False,clear,27.3,completed
B2952,U228,S740,P114,2025-11-08T20:59:00,2025-11-08T22:59:00,Saturday,True,False,rain,40.26,completed
B2953,U226,S287,P104,2026-01-27T12:16:00,2026-01-27T13:16:00,Tuesday,False,False,fog,44.49,completed
B2954,U180,S1034,P120,2025-12-19T16:39:00,2025-12-19T20:39:00,Friday,False,False,clear,18.76,completed
B2955,U199,S107,P101,2025-12-07T14:20:00,2025-12-07T15:20:00,Sunday,True,False,clear,24.28,completed
B2956,U206,S1232,P125,2025-11-21T07:46:00,2025-11-21T08:46:00,Friday,False,False,haze,20.62,completed
B2957,U219,S1183,P124,2025-11-26T14:30:00,2025-11-26T16:30:00,Wednesday,False,False,clear,30.15,completed
B2958,U177,S387,P106,2025-11-10T19:04:00,2025-11-10T23:04:00,Monday,False,False,cloudy,46.36,completed
B2959,U162,S167,P102,2025-12-15T17:07:00,2025-12-15T19:07:00,Monday,False,False,clear,34.26,completed
B2960,U106,S661,P113,2025-12-13T18:32:00,2025-12-13T20:02:00,Saturday,True,False,clear,28.44,completed
B2961,U245,S485,P107,2025-10-26T12:05:00,2025-10-26T16:05:00,Sunday,True,False,rain,50.49,completed
B2962,U111,S593,P111,2025-10-25T20:21:00,2025-10-25T21:51:00,Saturday,True,False,clear,69.76,completed
B2963,U266,S463,P107,2025-10-07T18:06:00,2025-10-07T20:06:00,Tuesday,False,False,clear,49.61,completed
B2964,U240,S679,P113,2025-10-14T12:19:00,2025-10-14T13:19:00,Tuesday,False,False,clear,22.86,completed
B2965,U273,S1308,P126,2025-10-06T17:05:00,2025-10-06T19:05:00,Monday,False,False,cloudy,16.11,completed
B2966,U172,S778,P115,2025-12-01T04:21:00,2025-12-01T06:21:00,Monday,False,False,fog,21.32,completed
B2967,U144,S1131,P123,2025-12-11T22:25:00,2025-12-11T23:25:00,Thursday,False,False,clear,49.68,completed
B2968,U130,S152,P101,2025-11-29T20:54:00,2025-11-29T21:54:00,Saturday,True,False,clear,28.65,completed
B2969,U226,S1041,P121,2026-01-12T18:53:00,2026-01-12T20:53:00,Monday,False,False,rain,37.44,completed
B2970,U106,S740,P114,2025-10-14T16:04:00,2025-10-14T17:34:00,Tuesday,False,False,clear,27.82,completed
B2971,U264,S381,P105,2025-12-12T11:17:00,2025-12-12T12:47:00,Friday,False,False,clear,21.06,completed
B2972,U200,S1158,P124,2025-12-14T07:23:00,2025-12-14T10:23:00,Sunday,True,False,rain,37.81,completed
B2973,U185,S739,P114,2025-12-28T12:08:00,2025-12-28T13:38:00,Sunday,True,False,clear,33.19,completed
B2974,U153,S1501,P132,2025-10-23T17:36:00,2025-10-23T19:36:00,Thursday,False,False,rain,24.37,completed
B2975,U285,S607,P111,2025-11-04T01:18:00,2025-11-04T02:48:00,Tuesday,False,False,clear,51.27,completed
B2976,U228,S1061,P121,2025-12-23T07:44:00,2025-12-23T09:44:00,Tuesday,False,False,clear,29.26,completed
B2977,U138,S1228,P125,2025-10-14T18:22:00,2025-10-14T18:52:00,Tuesday,False,False,cloudy,23.49,completed
B2978,U298,S652,P112,2025-12-13T18:23:00,2025-12-13T19:23:00,Saturday,True,False,haze,67.01,completed
B2979,U114,S1062,P121,2025-11-23T19:59:00,2025-11-23T20:59:00,Sunday,True,False,clear,40.94,completed
B2980,U189,S360,P105,2026-01-13T19:04:00,2026-01-13T20:34:00,Tuesday,False,False,clear,24.72,completed
B2981,U195,S1435,P129,2025-11-28T19:19:00,2025-11-28T22:19:00,Friday,False,False,clear,20.46,completed
B2982,U129,S815,P115,2025-12-27T18:28:00,2025-12-27T21:28:00,Saturday,True,False,cloudy,28.14,completed
B2983,U296,S130,P101,2025-11-20T17:23:00,2025-11-20T20:23:00,Thursday,False,False,clear,20.12,completed
B2984,U127,S513,P108,2026-01-22T05:23:00,2026-01-22T06:53:00,Thursday,False,False,clear,25.33,completed
B2985,U275,S1415,P128,2026-01-16T14:11:00,2026-01-16T14:41:00,Friday,False,False,rain,43.67,completed
B2986,U186,S389,P106,2025-10-20T14:49:00,2025-10-20T16:49:00,Monday,False,True,clear,54.37,completed
B2987,U102,S1216,P124,2025-11-05T18:50:00,2025-11-05T19:50:00,Wednesday,False,False,clear,37.63,cancelled
B2988,U263,S672,P113,2025-10-04T16:01:00,2025-10-04T17:01:00,Saturday,True,False,clear,25.68,completed
B2989,U289,S746,P114,2025-10-28T06:04:00,2025-10-28T07:34:00,Tuesday,False,False,clear,29.98,completed
B2990,U170,S874,P116,2025-12-15T16:16:00,2025-12-15T17:46:00,Monday,False,False,rain,30.67,completed
B2991,U261,S1446,P129,2025-10-08T15:17:00,2025-10-08T21:17:00,Wednesday,False,False,cloudy,16.74,cancelled
B2992,U251,S539,P109,2025-11-18T20:26:00,2025-11-18T21:26:00,Tuesday,False,False,clear,20.89,completed
B2993,U111,S251,P103,2025-10-28T19:18:00,2025-10-28T23:18:00,Tuesday,False,False,clear,29.18,completed
B2994,U280,S974,P119,2025-12-07T11:37:00,2025-12-07T12:07:00,Sunday,True,False,rain,41.65,completed
B2995,U275,S1088,P122,2025-10-17T07:08:00,2025-10-17T09:08:00,Friday,False,False,clear,40.08,completed
B2996,U180,S743,P114,2025-12-08T11:05:00,2025-12-08T12:05:00,Monday,False,False,clear,27.56,completed
B2997,U228,S871,P116,2025-12-06T08:08:00,2025-12-06T09:38:00,Saturday,True,False,clear,37.34,completed
B2998,U272,S799,P115,2025-12-07T18:51:00,2025-12-07T20:51:00,Sunday,True,False,cloudy,28.54,completed
B2999,U133,S1046,P121,2025-11-02T16:31:00,2025-11-02T18:01:00,Sunday,True,False,clear,33.72,completed
B3000,U286,S109,P101,2025-11-28T07:19:00,2025-11-28T10:19:00,Friday,False,False,cloudy,19.92,completed
B3001,U180,S351,P105,2025-10-08T19:40:00,2025-10-08T21:10:00,Wednesday,False,False,clear,24.45,completed
B3002,U145,S561,P110,2025-12-31T10:25:00,2025-12-31T16:25:00,Wednesday,False,False,clear,40.84,completed
B3003,U147,S397,P106,2025-11-16T14:43:00,2025-11-16T16:43:00,Sunday,True,False,rain,51.68,completed
B3004,U158,S733,P114,2025-12-12T08:03:00,2025-12-12T08:33:00,Friday,False,False,clear,34.32,completed
B3005,U276,S413,P106,2025-11-13T16:52:00,2025-11-13T18:22:00,Thursday,False,False,clear,42.16,completed
B3006,U245,S1458,P130,2025-12-12T06:10:00,2025-12-12T10:10:00,Friday,False,False,clear,50.65,completed
B3007,U182,S684,P113,2025-11-12T08:40:00,2025-11-12T14:40:00,Wednesday,False,False,cloudy,26.92,completed
B3008,U206,S651,P112,2025-11-23T08:40:00,2025-11-23T10:10:00,Sunday,True,False,clear,66.21,completed
B3009,U254,S1029,P120,2025-11-02T15:51:00,2025-11-02T17:21:00,Sunday,True,False,clear,22.05,completed
B3010,U219,S1443,P129,2025-11-26T12:31:00,2025-11-26T13:01:00,Wednesday,False,False,fog,16.38,cancelled
B3011,U154,S967,P118,2026-01-13T02:45:00,2026-01-13T03:15:00,Tuesday,False,False,clear,23.88,completed
B3012,U263,S1203,P124,2025-12-31T00:42:00,2025-12-31T01:42:00,Wednesday,False,False,clear,30.71,completed
B3013,U109,S621,P111,2025-12-22T13:25:00,2025-12-22T14:55:00,Monday,False,False,cloudy,50.09,completed
B3014,U215,S1399,P128,2025-11-16T06:43:00,2025-11-16T08:13:00,Sunday,True,False,clear,42.46,completed
B3015,U198,S1415,P128,2025-11-08T07:02:00,2025-11-08T10:02:00,Saturday,True,False,clear,42.49,completed
B3016,U140,S1473,P131,2026-01-19T07:16:00,2026-01-19T09:16:00,Monday,False,False,clear,25.7,completed
B3017,U221,S1247,P125,2025-11-10T17:56:00,2025-11-10T19:26:00,Monday,False,False,clear,20.2,completed
B3018,U119,S1039,P120,2026-01-06T21:02:00,2026-01-07T03:02:00,Tuesday,False,False,clear,18.38,completed
B3019,U149,S583,P110,2025-12-12T08:37:00,2025-12-12T10:07:00,Friday,False,False,rain,53.5,completed
B3020,U101,S640,P112,2025-10-14T10:56:00,2025-10-14T12:56:00,Tuesday,False,False,clear,48.54,completed
B3021,U128,S1458,P130,2025-12-06T16:13:00,2025-12-06T18:13:00,Saturday,True,False,clear,57.47,completed
B3022,U174,S997,P119,2025-11-29T04:59:00,2025-11-29T05:59:00,Saturday,True,False,clear,38.2,completed
B3023,U138,S1474,P131,2025-12-04T12:09:00,2025-12-04T15:09:00,Thursday,False,False,cloudy,25.71,completed
B3024,U197,S546,P109,2025-12-25T11:40:00,2025-12-25T12:40:00,Thursday,False,True,fog,25.49,completed
B3025,U290,S560,P110,2026-01-20T10:39:00,2026-01-20T14:39:00,Tuesday,False,False,rain,44.07,completed
B3026,U149,S165,P101,2025-11-07T13:11:00,2025-11-07T15:11:00,Friday,False,False,clear,20.57,completed
B3027,U191,S1215,P124,2025-10-21T14:50:00,2025-10-21T16:20:00,Tuesday,False,True,rain,46.49,completed
B3028,U194,S1357,P127,2025-11-30T12:27:00,2025-11-30T13:27:00,Sunday,True,False,clear,58.26,completed
B3029,U286,S1202,P124,2026-01-11T08:23:00,2026-01-11T10:23:00,Sunday,True,False,clear,38.95,completed
B3030,U129,S1040,P120,2025-11-30T15:13:00,2025-11-30T16:13:00,Sunday,True,False,cloudy,21.92,completed
B3031,U289,S365,P105,2025-11-12T09:41:00,2025-11-12T10:11:00,Wednesday,False,False,clear,25.52,completed
B3032,U139,S518,P108,2025-10-18T14:05:00,2025-10-18T16:05:00,Saturday,True,False,clear,28.7,completed
B3033,U140,S603,P111,2026-01-12T21:26:00,2026-01-12T22:26:00,Monday,False,False,clear,53.59,completed
B3034,U199,S1383,P128,2025-12-09T12:48:00,2025-12-09T13:48:00,Tuesday,False,False,fog,36.87,completed
B3035,U246,S1143,P123,2025-12-18T08:55:00,2025-12-18T11:55:00,Thursday,False,False,clear,60.28,completed
B3036,U228,S1535,P132,2025-10-21T16:27:00,2025-10-21T17:27:00,Tuesday,False,True,rain,34.36,completed
B3037,U182,S323,P104,2025-11-26T08:56:00,2025-11-26T12:56:00,Wednesday,False,False,fog,58.85,completed
B3038,U151,S843,P116,2025-10-26T14:03:00,2025-10-26T15:03:00,Sunday,True,False,fog,31.38,completed
B3039,U134,S270,P103,2025-12-12T20:59:00,2025-12-13T00:59:00,Friday,False,False,cloudy,27.97,completed
B3040,U183,S211,P102,2025-10-26T08:32:00,2025-10-26T12:32:00,Sunday,True,False,clear,45.36,completed
B3041,U204,S564,P110,2025-12-27T01:09:00,2025-12-27T02:09:00,Saturday,True,False,cloudy,44.65,completed
B3042,U155,S1470,P130,2025-10-23T19:04:00,2025-10-23T22:04:00,Thursday,False,False,clear,56.99,completed
B3043,U204,S882,P117,2025-10-08T12:46:00,2025-10-08T15:46:00,Wednesday,False,False,clear,34.6,completed
B3044,U115,S591,P111,2025-11-07T11:33:00,2025-11-07T12:33:00,Friday,False,False,fog,52.07,completed
B3045,U153,S427,P106,2025-12-28T18:45:00,2025-12-28T20:15:00,Sunday,True,False,cloudy,54.7,completed
B3046,U297,S1245,P125,2025-11-06T05:45:00,2025-11-06T06:15:00,Thursday,False,False,clear,19.64,completed
B3047,U294,S419,P106,2025-10-01T11:13:00,2025-10-01T11:43:00,Wednesday,False,False,clear,40.81,completed
B3048,U163,S1377,P128,2025-12-17T18:40:00,2025-12-17T20:40:00,Wednesday,False,False,cloudy,45.34,completed
B3049,U185,S897,P117,2025-12-24T18:56:00,2025-12-24T20:26:00,Wednesday,False,False,clear,41.03,completed
B3050,U227,S1239,P125,2026-01-23T16:38:00,2026-01-23T18:38:00,Friday,False,False,cloudy,20.45,completed
B3051,U172,S1337,P127,2025-12-27T21:54:00,2025-12-27T23:54:00,Saturday,True,False,clear,61.83,completed
B3052,U252,S1120,P123,2025-12-05T00:54:00,2025-12-05T02:54:00,Friday,False,False,clear,48.61,completed
B3053,U118,S749,P114,2026-01-19T09:17:00,2026-01-19T10:47:00,Monday,False,False,clear,32.61,cancelled
B3054,U281,S1020,P120,2026-01-26T02:14:00,2026-01-26T04:14:00,Monday,False,True,rain,29.3,completed
B3055,U285,S1488,P132,2025-11-05T12:59:00,2025-11-05T13:59:00,Wednesday,False,False,clear,23.88,completed
B3056,U111,S383,P105,2025-10-13T22:06:00,2025-10-14T00:06:00,Monday,False,False,clear,21.3,completed
B3057,U227,S1350,P127,2026-01-22T01:05:00,2026-01-22T02:35:00,Thursday,False,False,clear,50.93,completed
B3058,U283,S1377,P128,2026-01-03T17:50:00,2026-01-03T19:20:00,Saturday,True,False,clear,42.7,completed
B3059,U297,S1176,P124,2025-10-15T07:28:00,2025-10-15T09:28:00,Wednesday,False,False,fog,30.24,completed
B3060,U282,S537,P109,2025-12-03T12:48:00,2025-12-03T13:48:00,Wednesday,False,False,clear,18.21,completed
B3061,U295,S648,P112,2025-11-30T18:41:00,2025-11-30T20:11:00,Sunday,True,False,rain,71.48,completed
B3062,U277,S1441,P129,2025-10-20T11:13:00,2025-10-20T14:13:00,Monday,False,True,clear,22.95,completed
B3063,U249,S638,P112,2025-10-12T10:48:00,2025-10-12T11:48:00,Sunday,True,False,clear,52.34,completed
B3064,U279,S638,P112,2025-12-16T18:50:00,2025-12-16T19:50:00,Tuesday,False,False,cloudy,54.82,completed
B3065,U108,S1360,P127,2025-11-03T08:14:00,2025-11-03T10:14:00,Monday,False,False,rain,64.88,completed
B3066,U245,S483,P107,2025-12-24T03:12:00,2025-12-24T05:12:00,Wednesday,False,False,cloudy,40.92,completed
B3067,U221,S404,P106,2025-11-15T15:39:00,2025-11-15T21:39:00,Saturday,True,False,clear,46.38,completed
B3068,U156,S1227,P125,2025-11-27T17:51:00,2025-11-27T18:21:00,Thursday,False,False,clear,20.51,completed
B3069,U222,S360,P105,2025-12-25T17:35:00,2025-12-25T18:35:00,Thursday,False,True,clear,29.62,completed
B3070,U282,S858,P116,2026-01-13T08:52:00,2026-01-13T09:22:00,Tuesday,False,False,haze,31.57,cancelled
B3071,U249,S443,P107,2025-12-14T19:29:00,2025-12-14T21:29:00,Sunday,True,False,cloudy,56.49,completed
B3072,U183,S906,P118,2025-10-08T11:27:00,2025-10-08T12:27:00,Wednesday,False,False,cloudy,22.3,completed
B3073,U277,S224,P103,2026-01-18T06:44:00,2026-01-18T07:44:00,Sunday,True,False,cloudy,28.67,completed
B3074,U204,S149,P101,2025-10-15T04:34:00,2025-10-15T06:34:00,Wednesday,False,False,clear,20.86,completed
B3075,U230,S968,P118,2025-11-09T17:51:00,2025-11-09T18:21:00,Sunday,True,False,clear,25.62,completed
B3076,U163,S1105,P122,2025-11-27T17:15:00,2025-11-27T18:45:00,Thursday,False,False,clear,42.62,completed
B3077,U244,S1090,P122,2026-01-24T10:30:00,2026-01-24T11:30:00,Saturday,True,False,clear,46.41,completed
B3078,U223,S1087,P122,2026-01-25T15:24:00,2026-01-25T19:24:00,Sunday,True,False,clear,46.58,completed
B3079,U263,S1204,P124,2025-11-03T07:39:00,2025-11-03T09:39:00,Monday,False,False,clear,28.46,completed
B3080,U261,S319,P104,2025-12-28T07:39:00,2025-12-28T08:39:00,Sunday,True,False,clear,54.06,completed
B3081,U128,S443,P107,2025-10-27T13:22:00,2025-10-27T14:22:00,Monday,False,False,rain,46.18,completed
B3082,U122,S1271,P126,2025-10-29T14:17:00,2025-10-29T17:17:00,Wednesday,False,False,rain,18.65,completed
B3083,U264,S527,P108,2025-10-23T15:19:00,2025-10-23T15:49:00,Thursday,False,False,clear,24.77,completed
B3084,U161,S851,P116,2025-11-09T18:25:00,2025-11-09T21:25:00,Sunday,True,False,clear,35.3,cancelled
B3085,U242,S1481,P131,2025-11-18T11:04:00,2025-11-18T12:34:00,Tuesday,False,False,cloudy,25.52,completed
B3086,U137,S653,P113,2026-01-25T14:37:00,2026-01-25T18:37:00,Sunday,True,False,fog,24.9,completed
B3087,U288,S1041,P121,2026-01-19T09:04:00,2026-01-19T11:04:00,Monday,False,False,fog,34.93,completed
B3088,U262,S1158,P124,2025-11-30T10:16:00,2025-11-30T12:16:00,Sunday,True,False,clear,35.92,cancelled
B3089,U133,S1062,P121,2025-12-19T08:21:00,2025-12-19T09:51:00,Friday,False,False,rain,38.22,completed
B3090,U270,S813,P115,2025-11-16T13:59:00,2025-11-16T15:59:00,Sunday,True,False,clear,24.32,completed
B3091,U163,S408,P106,2026-01-22T08:37:00,2026-01-22T10:37:00,Thursday,False,False,clear,48.05,completed
B3092,U159,S1483,P131,2025-12-25T22:25:00,2025-12-25T23:25:00,Thursday,False,True,fog,36.06,completed
B3093,U233,S489,P107,2026-01-27T08:09:00,2026-01-27T10:09:00,Tuesday,False,False,clear,49.4,completed
B3094,U268,S1011,P119,2025-11-18T10:38:00,2025-11-18T11:08:00,Tuesday,False,False,clear,34.34,completed
B3095,U173,S581,P110,2025-11-18T18:30:00,2025-11-18T20:30:00,Tuesday,False,False,rain,54.02,completed
B3096,U188,S226,P103,2025-11-08T10:46:00,2025-11-08T12:46:00,Saturday,True,False,clear,28.28,completed
B3097,U121,S405,P106,2026-01-02T12:57:00,2026-01-02T14:57:00,Friday,False,False,clear,40.01,completed
B3098,U146,S1454,P130,2025-11-07T20:44:00,2025-11-08T00:44:00,Friday,False,False,rain,61.13,completed
B3099,U136,S524,P108,2025-10-01T18:12:00,2025-10-01T20:12:00,Wednesday,False,False,clear,30.79,completed
B3100,U277,S843,P116,2025-10-19T19:18:00,2025-10-19T21:18:00,Sunday,True,False,clear,35.29,completed
B3101,U172,S596,P111,2026-01-24T17:07:00,2026-01-24T18:07:00,Saturday,True,False,clear,61.12,completed
B3102,U222,S1412,P128,2025-10-14T13:33:00,2025-10-14T14:33:00,Tuesday,False,False,clear,40.03,completed
B3103,U233,S611,P111,2025-12-12T18:43:00,2025-12-12T21:43:00,Friday,False,False,fog,62.48,cancelled
B3104,U160,S934,P118,2025-11-06T15:56:00,2025-11-06T17:26:00,Thursday,False,False,rain,24.67,completed
B3105,U230,S896,P117,2026-01-08T18:16:00,2026-01-08T19:16:00,Thursday,False,False,rain,46.83,completed
B3106,U278,S502,P108,2026-01-03T12:57:00,2026-01-03T13:27:00,Saturday,True,False,rain,31.34,cancelled
B3107,U214,S1499,P132,2025-12-22T18:00:00,2025-12-22T19:30:00,Monday,False,False,clear,27.66,completed
B3108,U254,S1081,P122,2025-12-17T14:34:00,2025-12-17T15:34:00,Wednesday,False,False,clear,40.68,completed
B3109,U212,S380,P105,2025-11-28T20:24:00,2025-11-28T21:24:00,Friday,False,False,clear,25.1,completed
B3110,U130,S1244,P125,2025-10-06T12:11:00,2025-10-06T13:11:00,Monday,False,False,clear,20.41,completed
B3111,U216,S1418,P128,2025-11-12T17:06:00,2025-11-12T18:06:00,Wednesday,False,False,haze,38.07,completed
B3112,U115,S784,P115,2025-10-21T18:11:00,2025-10-21T22:11:00,Tuesday,False,True,clear,31.59,completed
B3113,U295,S978,P119,2025-10-25T09:57:00,2025-10-25T11:57:00,Saturday,True,False,clear,47.43,completed
B3114,U167,S407,P106,2025-10-15T12:11:00,2025-10-15T12:41:00,Wednesday,False,False,clear,41.24,completed
B3115,U173,S667,P113,2025-10-25T20:24:00,2025-10-25T21:24:00,Saturday,True,False,clear,30.75,cancelled
B3116,U190,S1169,P124,2025-11-11T16:08:00,2025-11-11T17:08:00,Tuesday,False,False,clear,28.97,completed
B3117,U211,S1220,P125,2025-11-19T17:05:00,2025-11-19T18:05:00,Wednesday,False,False,clear,20.03,completed
B3118,U226,S298,P104,2025-12-20T09:58:00,2025-12-20T10:28:00,Saturday,True,False,cloudy,60.83,completed
B3119,U199,S1387,P128,2025-10-14T13:07:00,2025-10-14T15:07:00,Tuesday,False,False,cloudy,37.4,completed
B3120,U272,S1169,P124,2025-10-16T17:08:00,2025-10-16T18:08:00,Thursday,False,False,cloudy,30.14,completed
B3121,U118,S764,P115,2025-10-29T09:56:00,2025-10-29T11:26:00,Wednesday,False,False,cloudy,25.12,completed
B3122,U190,S159,P101,2025-10-28T18:41:00,2025-10-28T21:41:00,Tuesday,False,False,rain,27.21,completed
B3123,U106,S566,P110,2025-10-08T18:32:00,2025-10-08T20:32:00,Wednesday,False,False,fog,48.9,completed
B3124,U155,S1546,P132,2025-11-20T19:22:00,2025-11-20T20:22:00,Thursday,False,False,fog,26.73,completed
B3125,U176,S982,P119,2026-01-19T08:20:00,2026-01-19T10:20:00,Monday,False,False,fog,40.22,completed
B3126,U251,S256,P103,2026-01-13T14:39:00,2026-01-13T15:39:00,Tuesday,False,False,fog,23.42,completed
B3127,U234,S1036,P120,2025-10-04T18:31:00,2025-10-04T20:01:00,Saturday,True,False,rain,26.53,cancelled
B3128,U297,S511,P108,2026-01-07T06:17:00,2026-01-07T06:47:00,Wednesday,False,False,rain,28.41,completed
B3129,U141,S1483,P131,2025-10-14T07:05:00,2025-10-14T10:05:00,Tuesday,False,False,haze,26.26,completed
B3130,U297,S1525,P132,2025-11-15T17:26:00,2025-11-15T21:26:00,Saturday,True,False,clear,25.47,completed
B3131,U138,S1223,P125,2025-11-17T19:14:00,2025-11-17T22:14:00,Monday,False,False,haze,25.05,completed
B3132,U227,S561,P110,2025-12-19T21:18:00,2025-12-19T22:18:00,Friday,False,False,haze,40.93,completed
B3133,U142,S757,P115,2026-01-06T07:52:00,2026-01-06T08:52:00,Tuesday,False,False,clear,20.47,completed
B3134,U149,S647,P112,2026-01-11T06:50:00,2026-01-11T09:50:00,Sunday,True,False,clear,53.78,completed
B3135,U103,S1292,P126,2026-01-02T10:24:00,2026-01-02T14:24:00,Friday,False,False,haze,16.06,completed
B3136,U258,S592,P111,2025-12-09T07:34:00,2025-12-09T11:34:00,Tuesday,False,False,clear,53.17,completed
B3137,U182,S1297,P126,2025-10-16T09:14:00,2025-10-16T10:44:00,Thursday,False,False,haze,19.83,completed
B3138,U181,S1478,P131,2025-11-23T15:49:00,2025-11-23T17:19:00,Sunday,True,False,clear,30.37,completed
B3139,U243,S1304,P126,2026-01-15T07:27:00,2026-01-15T08:27:00,Thursday,False,False,clear,16.39,completed
B3140,U228,S991,P119,2025-11-04T07:36:00,2025-11-04T09:36:00,Tuesday,False,False,clear,33.65,completed
B3141,U260,S723,P113,2025-10-29T02:41:00,2025-10-29T04:11:00,Wednesday,False,False,clear,20.87,completed
B3142,U266,S451,P107,2026-01-14T01:19:00,2026-01-14T02:49:00,Wednesday,False,True,clear,57.73,cancelled
B3143,U192,S312,P104,2025-12-02T18:06:00,2025-12-02T20:06:00,Tuesday,False,False,clear,56.1,completed
B3144,U186,S627,P111,2026-01-28T10:35:00,2026-01-28T12:35:00,Wednesday,False,False,cloudy,53.07,completed
B3145,U114,S1445,P129,2025-12-19T09:46:00,2025-12-19T11:46:00,Friday,False,False,fog,19.71,completed
B3146,U248,S982,P119,2025-10-24T00:29:00,2025-10-24T01:29:00,Friday,False,False,clear,34.89,completed
B3147,U197,S749,P114,2025-12-27T04:52:00,2025-12-27T06:52:00,Saturday,True,False,rain,36.2,cancelled
B3148,U276,S147,P101,2025-11-01T17:55:00,2025-11-01T18:55:00,Saturday,True,True,clear,31.18,completed
B3149,U155,S486,P107,2025-12-04T08:38:00,2025-12-04T12:38:00,Thursday,False,False,clear,50.22,completed
B3150,U107,S1247,P125,2025-12-04T09:56:00,2025-12-04T11:56:00,Thursday,False,False,clear,24.26,completed
B3151,U285,S594,P111,2025-11-25T08:02:00,2025-11-25T09:02:00,Tuesday,False,False,haze,61.16,completed
B3152,U283,S1141,P123,2026-01-16T19:57:00,2026-01-16T20:57:00,Friday,False,False,cloudy,60.44,completed
B3153,U224,S289,P104,2025-11-11T09:11:00,2025-11-11T09:41:00,Tuesday,False,False,cloudy,56.88,completed
B3154,U193,S1104,P122,2025-12-02T19:39:00,2025-12-02T22:39:00,Tuesday,False,False,cloudy,48.21,completed
B3155,U160,S588,P110,2025-11-13T07:44:00,2025-11-13T09:14:00,Thursday,False,False,clear,40.13,completed
B3156,U132,S1285,P126,2025-10-17T07:02:00,2025-10-17T08:02:00,Friday,False,False,cloudy,16.06,completed
B3157,U118,S509,P108,2025-11-23T09:56:00,2025-11-23T11:26:00,Sunday,True,False,clear,34.94,completed
B3158,U234,S1526,P132,2026-01-21T12:33:00,2026-01-21T16:33:00,Wednesday,False,False,rain,24.67,completed
B3159,U194,S652,P112,2025-12-01T14:10:00,2025-12-01T15:40:00,Monday,False,False,rain,53.81,completed
B3160,U235,S1225,P125,2025-11-30T16:02:00,2025-11-30T18:02:00,Sunday,True,False,clear,23.95,completed
B3161,U101,S1469,P130,2026-01-27T08:08:00,2026-01-27T12:08:00,Tuesday,False,False,cloudy,59.19,completed
B3162,U120,S962,P118,2025-10-30T06:02:00,2025-10-30T09:02:00,Thursday,False,False,rain,25.42,cancelled
B3163,U115,S116,P101,2025-10-25T20:33:00,2025-10-25T21:33:00,Saturday,True,False,fog,27.19,completed
B3164,U286,S393,P106,2025-10-16T20:36:00,2025-10-16T21:36:00,Thursday,False,False,fog,49.41,completed
B3165,U129,S753,P115,2025-11-21T07:09:00,2025-11-21T11:09:00,Friday,False,False,cloudy,19.53,completed
B3166,U214,S1477,P131,2025-12-28T18:01:00,2025-12-28T19:31:00,Sunday,True,False,haze,34.52,completed
B3167,U147,S493,P107,2026-01-09T08:47:00,2026-01-09T10:47:00,Friday,False,False,clear,47.29,cancelled
B3168,U114,S644,P112,2025-11-27T17:06:00,2025-11-27T18:06:00,Thursday,False,False,cloudy,49.25,completed
B3169,U173,S1386,P128,2025-12-12T19:55:00,2025-12-12T20:55:00,Friday,False,False,rain,48.33,completed
B3170,U187,S534,P109,2026-01-27T12:53:00,2026-01-27T14:53:00,Tuesday,False,False,cloudy,18.2,completed
B3171,U119,S384,P105,2025-10-24T07:16:00,2025-10-24T09:16:00,Friday,False,False,rain,23.63,completed
B3172,U159,S644,P112,2025-11-23T16:16:00,2025-11-23T19:16:00,Sunday,True,False,clear,53.82,completed
B3173,U117,S192,P102,2025-10-04T18:14:00,2025-10-04T21:14:00,Saturday,True,False,cloudy,48.93,completed
B3174,U220,S1496,P132,2026-01-03T20:08:00,2026-01-03T23:08:00,Saturday,True,False,clear,31.77,completed
B3175,U103,S507,P108,2025-11-02T02:18:00,2025-11-02T03:48:00,Sunday,True,False,clear,27.75,completed
B3176,U170,S505,P108,2026-01-27T20:17:00,2026-01-27T21:17:00,Tuesday,False,False,rain,33.45,completed
B3177,U117,S632,P112,2025-10-01T19:30:00,2025-10-01T20:30:00,Wednesday,False,False,clear,57.78,completed
B3178,U190,S1448,P129,2026-01-24T20:33:00,2026-01-24T21:33:00,Saturday,True,False,rain,23.95,completed
B3179,U145,S496,P108,2025-12-26T06:56:00,2025-12-26T08:56:00,Friday,False,False,fog,23.58,completed
B3180,U269,S746,P114,2026-01-25T16:04:00,2026-01-25T18:04:00,Sunday,True,False,cloudy,33.1,completed
B3181,U164,S421,P106,2025-11-13T18:28:00,2025-11-14T00:28:00,Thursday,False,False,fog,47.44,completed
B3182,U135,S223,P103,2025-11-11T09:19:00,2025-11-11T12:19:00,Tuesday,False,False,clear,28.36,completed
B3183,U225,S1031,P120,2025-11-01T12:40:00,2025-11-01T14:40:00,Saturday,True,True,clear,30.1,completed
B3184,U103,S618,P111,2025-11-02T13:30:00,2025-11-02T14:30:00,Sunday,True,False,rain,64.64,completed
B3185,U265,S132,P101,2025-10-26T19:15:00,2025-10-26T20:45:00,Sunday,True,False,clear,27.1,cancelled
B3186,U102,S251,P103,2025-12-05T14:14:00,2025-12-05T18:14:00,Friday,False,False,cloudy,23.52,completed
B3187,U254,S1427,P129,2025-10-15T12:15:00,2025-10-15T18:15:00,Wednesday,False,False,clear,17.61,completed
B3188,U272,S1528,P132,2025-10-16T16:08:00,2025-10-16T19:08:00,Thursday,False,False,clear,23.69,completed
B3189,U119,S1149,P123,2026-01-14T18:29:00,2026-01-14T20:29:00,Wednesday,False,True,cloudy,77.95,completed
B3190,U274,S748,P114,2025-11-12T11:03:00,2025-11-12T11:33:00,Wednesday,False,False,fog,28.27,completed
B3191,U289,S233,P103,2025-10-11T19:49:00,2025-10-11T20:19:00,Saturday,True,False,rain,33.3,completed
B3192,U265,S671,P113,2026-01-13T13:40:00,2026-01-13T14:40:00,Tuesday,False,False,clear,22.52,completed
B3193,U204,S730,P114,2025-12-04T06:12:00,2025-12-04T08:12:00,Thursday,False,False,cloudy,28.88,completed
B3194,U232,S744,P114,2026-01-28T17:23:00,2026-01-28T21:23:00,Wednesday,False,False,rain,29.96,completed
B3195,U149,S922,P118,2025-10-23T08:37:00,2025-10-23T10:07:00,Thursday,False,False,fog,27.33,completed
B3196,U258,S1371,P128,2025-11-24T08:23:00,2025-11-24T11:23:00,Monday,False,False,fog,45.26,completed
B3197,U101,S883,P117,2026-01-11T10:53:00,2026-01-11T13:53:00,Sunday,True,False,clear,40.68,completed
B3198,U128,S616,P111,2025-10-29T18:23:00,2025-10-29T21:23:00,Wednesday,False,False,clear,61.85,completed
B3199,U107,S402,P106,2026-01-23T15:25:00,2026-01-23T17:25:00,Friday,False,False,clear,40.14,completed
B3200,U116,S1411,P128,2025-11-06T11:45:00,2025-11-06T13:15:00,Thursday,False,False,rain,42.44,completed
B3201,U201,S728,P114,2026-01-15T08:59:00,2026-01-15T09:59:00,Thursday,False,False,clear,33.18,completed
B3202,U153,S930,P118,2026-01-13T12:41:00,2026-01-13T14:11:00,Tuesday,False,False,fog,22.27,completed
B3203,U204,S1218,P124,2025-10-19T12:53:00,2025-10-19T14:53:00,Sunday,True,False,clear,33.07,cancelled
B3204,U198,S617,P111,2025-12-04T05:06:00,2025-12-04T06:36:00,Thursday,False,False,clear,51.49,completed
B3205,U193,S1066,P121,2025-10-25T10:14:00,2025-10-25T10:44:00,Saturday,True,False,fog,33.8,completed
B3206,U204,S1221,P125,2025-12-26T07:07:00,2025-12-26T07:37:00,Friday,False,False,clear,20.28,completed
B3207,U113,S832,P116,2026-01-09T16:55:00,2026-01-09T17:25:00,Friday,False,False,fog,28.28,completed
B3208,U295,S528,P108,2025-11-15T13:58:00,2025-11-15T14:58:00,Saturday,True,False,clear,28.98,completed
B3209,U261,S1336,P127,2025-11-18T18:57:00,2025-11-18T20:57:00,Tuesday,False,False,fog,62.33,completed
B3210,U138,S409,P106,2025-12-21T06:58:00,2025-12-21T07:58:00,Sunday,True,False,rain,52.22,completed
B3211,U213,S924,P118,2025-10-24T11:08:00,2025-10-24T12:08:00,Friday,False,False,clear,22.36,completed
B3212,U274,S907,P118,2026-01-05T15:01:00,2026-01-05T16:31:00,Monday,False,False,clear,23.07,completed
B3213,U263,S1234,P125,2025-11-02T21:18:00,2025-11-02T23:18:00,Sunday,True,False,clear,23.93,completed
B3214,U135,S493,P107,2026-01-22T00:21:00,2026-01-22T03:21:00,Thursday,False,False,clear,41.47,completed
B3215,U149,S648,P112,2025-10-17T16:03:00,2025-10-17T18:03:00,Friday,False,False,clear,45.83,completed
B3216,U286,S1038,P120,2025-12-28T08:33:00,2025-12-28T09:03:00,Sunday,True,False,clear,26.31,completed
B3217,U196,S476,P107,2025-10-03T18:29:00,2025-10-03T20:29:00,Friday,False,False,rain,54.79,completed
B3218,U113,S1008,P119,2026-01-20T12:26:00,2026-01-20T13:26:00,Tuesday,False,False,clear,34.87,completed
B3219,U281,S446,P107,2025-10-08T18:29:00,2025-10-08T19:59:00,Wednesday,False,False,clear,46.41,completed
B3220,U226,S1065,P121,2025-12-31T19:51:00,2025-12-31T21:21:00,Wednesday,False,False,rain,39.53,completed
B3221,U167,S643,P112,2026-01-18T18:29:00,2026-01-18T19:59:00,Sunday,True,False,cloudy,64.37,completed
B3222,U147,S1315,P126,2025-10-17T07:03:00,2025-10-17T10:03:00,Friday,False,False,rain,18.13,completed
B3223,U104,S539,P109,2026-01-26T07:02:00,2026-01-26T08:32:00,Monday,False,True,clear,25.21,completed
B3224,U145,S590,P110,2025-10-18T18:21:00,2025-10-18T21:21:00,Saturday,True,False,cloudy,53.24,completed
B3225,U179,S572,P110,2025-11-10T07:48:00,2025-11-10T09:18:00,Monday,False,False,clear,38.46,completed
B3226,U276,S912,P118,2026-01-28T05:03:00,2026-01-28T06:03:00,Wednesday,False,False,clear,23.72,completed
B3227,U107,S1184,P124,2025-12-10T21:32:00,2025-12-10T23:02:00,Wednesday,False,False,clear,30.31,completed
B3228,U175,S1361,P127,2025-12-28T14:11:00,2025-12-28T15:41:00,Sunday,True,False,haze,61.62,completed
B3229,U293,S1434,P129,2026-01-07T08:56:00,2026-01-07T10:56:00,Wednesday,False,False,clear,20.71,completed
B3230,U163,S990,P119,2025-10-15T07:33:00,2025-10-15T09:33:00,Wednesday,False,False,clear,35.47,completed
B3231,U288,S790,P115,2025-10-16T14:20:00,2025-10-16T15:20:00,Thursday,False,False,clear,21.18,completed
B3232,U124,S405,P106,2025-10-06T08:06:00,2025-10-06T09:06:00,Monday,False,False,clear,50.11,completed
B3233,U288,S1043,P121,2025-11-06T00:42:00,2025-11-06T01:42:00,Thursday,False,False,clear,30.59,completed
B3234,U149,S390,P106,2026-01-10T02:24:00,2026-01-10T08:24:00,Saturday,True,False,rain,48.79,completed
B3235,U245,S833,P116,2025-12-24T08:30:00,2025-12-24T10:30:00,Wednesday,False,False,cloudy,33.25,completed
B3236,U194,S284,P104,2025-11-23T17:23:00,2025-11-23T21:23:00,Sunday,True,False,clear,55.43,completed
B3237,U126,S1008,P119,2025-11-26T12:24:00,2025-11-26T16:24:00,Wednesday,False,False,haze,32.84,completed
B3238,U107,S155,P101,2025-10-07T08:01:00,2025-10-07T11:01:00,Tuesday,False,False,cloudy,24.15,completed
B3239,U188,S546,P109,2025-10-10T16:17:00,2025-10-10T17:17:00,Friday,False,False,rain,19.0,completed
B3240,U287,S519,P108,2025-10-10T08:28:00,2025-10-10T14:28:00,Friday,False,False,rain,30.98,completed
B3241,U153,S653,P113,2025-11-04T13:50:00,2025-11-04T14:50:00,Tuesday,False,False,clear,21.02,completed
B3242,U278,S1411,P128,2025-10-07T10:30:00,2025-10-07T11:30:00,Tuesday,False,False,fog,39.93,completed
B3243,U167,S1126,P123,2025-12-17T20:27:00,2025-12-17T21:27:00,Wednesday,False,False,rain,63.22,completed
B3244,U146,S256,P103,2025-10-13T09:35:00,2025-10-13T10:35:00,Monday,False,False,clear,27.63,completed
B3245,U213,S624,P111,2025-12-13T18:04:00,2025-12-13T19:04:00,Saturday,True,False,cloudy,73.04,completed
B3246,U110,S634,P112,2025-12-27T10:10:00,2025-12-27T11:40:00,Saturday,True,False,clear,54.64,completed
B3247,U169,S547,P109,2026-01-27T19:52:00,2026-01-27T20:22:00,Tuesday,False,False,fog,20.95,completed
B3248,U126,S328,P104,2026-01-26T00:49:00,2026-01-26T02:19:00,Monday,False,True,clear,63.85,completed
B3249,U208,S1230,P125,2026-01-06T12:24:00,2026-01-06T13:54:00,Tuesday,False,False,cloudy,20.67,completed
B3250,U107,S515,P108,2025-10-03T20:32:00,2025-10-03T22:32:00,Friday,False,False,fog,29.15,completed
B3251,U218,S862,P116,2025-12-29T11:29:00,2025-12-29T14:29:00,Monday,False,False,clear,26.12,completed
B3252,U265,S512,P108,2026-01-15T15:56:00,2026-01-15T17:56:00,Thursday,False,False,clear,24.7,completed
B3253,U292,S1477,P131,2025-12-18T17:33:00,2025-12-18T19:33:00,Thursday,False,False,fog,25.1,completed
B3254,U262,S726,P114,2026-01-08T10:34:00,2026-01-08T12:34:00,Thursday,False,False,haze,28.71,completed
B3255,U255,S1281,P126,2025-10-06T18:10:00,2025-10-06T19:40:00,Monday,False,False,rain,21.8,completed
B3256,U299,S247,P103,2025-12-28T17:40:00,2025-12-28T19:40:00,Sunday,True,False,rain,29.12,completed
B3257,U232,S1495,P132,2025-12-20T17:06:00,2025-12-20T18:06:00,Saturday,True,False,clear,25.51,completed
B3258,U261,S159,P101,2025-12-15T09:07:00,2025-12-15T15:07:00,Monday,False,False,cloudy,24.16,completed
B3259,U172,S1031,P120,2025-12-27T20:17:00,2025-12-28T02:17:00,Saturday,True,False,cloudy,24.69,completed
B3260,U160,S145,P101,2025-11-30T07:52:00,2025-11-30T10:52:00,Sunday,True,False,fog,22.81,completed
B3261,U169,S644,P112,2025-11-30T08:24:00,2025-11-30T10:24:00,Sunday,True,False,clear,61.03,completed
B3262,U166,S113,P101,2025-11-11T17:27:00,2025-11-11T17:57:00,Tuesday,False,False,clear,21.68,completed
B3263,U221,S1513,P132,2025-10-21T07:21:00,2025-10-21T08:21:00,Tuesday,False,True,clear,31.78,completed
B3264,U135,S574,P110,2025-12-20T14:11:00,2025-12-20T16:11:00,Saturday,True,False,clear,45.77,completed
B3265,U198,S1488,P132,2025-10-17T18:25:00,2025-10-17T19:25:00,Friday,False,False,clear,28.02,completed
B3266,U217,S882,P117,2025-12-18T08:53:00,2025-12-18T10:53:00,Thursday,False,False,clear,44.16,completed
B3267,U265,S1301,P126,2025-12-13T22:31:00,2025-12-13T23:31:00,Saturday,True,False,clear,19.31,completed
B3268,U175,S1207,P124,2025-11-05T00:18:00,2025-11-05T06:18:00,Wednesday,False,False,rain,32.06,completed
B3269,U109,S919,P118,2025-11-01T17:58:00,2025-11-01T21:58:00,Saturday,True,True,clear,37.23,cancelled
B3270,U186,S1428,P129,2026-01-23T23:34:00,2026-01-24T02:34:00,Friday,False,False,clear,17.06,completed
B3271,U290,S1138,P123,2025-11-10T08:39:00,2025-11-10T09:09:00,Monday,False,False,cloudy,58.8,completed
B3272,U295,S1123,P123,2026-01-04T08:26:00,2026-01-04T09:56:00,Sunday,True,False,clear,68.87,completed
B3273,U247,S689,P113,2026-01-05T20:39:00,2026-01-06T02:39:00,Monday,False,False,clear,27.24,completed
B3274,U177,S543,P109,2025-10-24T08:37:00,2025-10-24T12:37:00,Friday,False,False,rain,22.16,completed
B3275,U269,S1069,P122,2025-12-12T09:09:00,2025-12-12T11:09:00,Friday,False,False,clear,50.81,completed
B3276,U183,S714,P113,2025-11-27T18:00:00,2025-11-27T19:00:00,Thursday,False,False,clear,25.69,completed
B3277,U177,S921,P118,2026-01-01T10:19:00,2026-01-01T13:19:00,Thursday,False,False,clear,21.9,completed
B3278,U126,S1558,P132,2025-10-10T02:11:00,2025-10-10T05:11:00,Friday,False,False,clear,24.19,completed
B3279,U231,S541,P109,2025-10-27T16:39:00,2025-10-27T20:39:00,Monday,False,False,fog,17.19,completed
B3280,U276,S1318,P126,2026-01-27T14:03:00,2026-01-27T15:03:00,Tuesday,False,False,clear,16.6,completed
B3281,U295,S1228,P125,2025-11-20T09:27:00,2025-11-20T10:57:00,Thursday,False,False,fog,23.58,completed
B3282,U296,S493,P107,2026-01-27T19:06:00,2026-01-27T21:06:00,Tuesday,False,False,clear,45.98,completed
B3283,U239,S535,P109,2026-01-12T06:06:00,2026-01-12T06:36:00,Monday,False,False,clear,16.84,cancelled
B3284,U180,S131,P101,2025-12-31T19:09:00,2025-12-31T22:09:00,Wednesday,False,False,clear,25.73,completed
B3285,U157,S1094,P122,2025-10-27T18:36:00,2025-10-27T20:36:00,Monday,False,False,clear,51.85,cancelled
B3286,U151,S156,P101,2025-12-28T18:43:00,2025-12-28T21:43:00,Sunday,True,False,clear,28.31,completed
B3287,U282,S991,P119,2025-11-10T06:12:00,2025-11-10T07:42:00,Monday,False,False,clear,33.03,completed
B3288,U163,S434,P106,2025-12-12T02:10:00,2025-12-12T03:10:00,Friday,False,False,cloudy,42.34,completed
B3289,U198,S867,P116,2025-12-03T08:22:00,2025-12-03T09:52:00,Wednesday,False,False,clear,31.71,completed
B3290,U264,S639,P112,2025-10-02T17:40:00,2025-10-02T18:10:00,Thursday,False,False,clear,47.56,completed
B3291,U159,S510,P108,2025-12-22T17:02:00,2025-12-22T21:02:00,Monday,False,False,clear,25.66,completed
B3292,U163,S870,P116,2026-01-07T18:12:00,2026-01-07T21:12:00,Wednesday,False,False,clear,33.53,cancelled
B3293,U297,S713,P113,2025-10-21T12:15:00,2025-10-21T13:15:00,Tuesday,False,True,clear,29.13,completed
B3294,U149,S487,P107,2025-11-09T12:39:00,2025-11-09T13:39:00,Sunday,True,False,rain,51.94,completed
B3295,U147,S638,P112,2026-01-25T23:29:00,2026-01-26T02:29:00,Sunday,True,False,rain,61.58,completed
B3296,U273,S562,P110,2025-12-03T06:46:00,2025-12-03T07:16:00,Wednesday,False,False,rain,45.91,completed
B3297,U289,S543,P109,2025-10-04T11:08:00,2025-10-04T13:08:00,Saturday,True,False,fog,19.68,completed
B3298,U155,S930,P118,2025-10-01T13:13:00,2025-10-01T14:43:00,Wednesday,False,False,clear,23.36,completed
B3299,U131,S1368,P128,2025-11-26T13:04:00,2025-11-26T14:04:00,Wednesday,False,False,clear,38.59,completed
B3300,U180,S664,P113,2025-11-26T08:06:00,2025-11-26T11:06:00,Wednesday,False,False,clear,25.53,completed
B3301,U207,S1246,P125,2025-10-17T09:44:00,2025-10-17T10:44:00,Friday,False,False,rain,25.34,completed
B3302,U216,S1040,P120,2025-10-12T11:52:00,2025-10-12T12:52:00,Sunday,True,False,clear,21.7,completed
B3303,U163,S794,P115,2025-12-12T18:23:00,2025-12-13T00:23:00,Friday,False,False,haze,24.44,completed
B3304,U195,S1473,P131,2025-11-20T10:27:00,2025-11-20T16:27:00,Thursday,False,False,clear,25.8,completed
B3305,U180,S1408,P128,2025-10-26T21:10:00,2025-10-27T03:10:00,Sunday,True,False,clear,43.62,completed
B3306,U252,S1023,P120,2026-01-17T17:20:00,2026-01-17T20:20:00,Saturday,True,False,rain,23.5,completed
B3307,U196,S1188,P124,2025-12-19T09:19:00,2025-12-19T10:19:00,Friday,False,False,clear,34.53,completed
B3308,U251,S1347,P127,2025-10-18T06:46:00,2025-10-18T08:16:00,Saturday,True,False,rain,66.36,completed
B3309,U247,S297,P104,2025-10-15T09:24:00,2025-10-15T13:24:00,Wednesday,False,False,cloudy,53.98,completed
B3310,U136,S107,P101,2025-10-24T05:53:00,2025-10-24T07:23:00,Friday,False,False,fog,21.12,completed
B3311,U105,S1047,P121,2025-10-19T14:22:00,2025-10-19T15:22:00,Sunday,True,False,haze,34.55,completed
B3312,U259,S1477,P131,2025-11-26T19:08:00,2025-11-26T21:08:00,Wednesday,False,False,rain,33.53,completed
B3313,U237,S470,P107,2025-11-03T13:03:00,2025-11-03T15:03:00,Monday,False,False,cloudy,39.22,completed
B3314,U286,S905,P117,2025-11-04T06:40:00,2025-11-04T07:40:00,Tuesday,False,False,clear,36.06,cancelled
B3315,U185,S1195,P124,2025-12-03T08:08:00,2025-12-03T10:08:00,Wednesday,False,False,cloudy,36.73,cancelled
B3316,U168,S500,P108,2025-12-24T07:03:00,2025-12-24T08:33:00,Wednesday,False,False,fog,24.89,completed
B3317,U261,S117,P101,2025-10-07T17:27:00,2025-10-07T20:27:00,Tuesday,False,False,clear,21.79,completed
B3318,U194,S1199,P124,2025-11-17T07:20:00,2025-11-17T08:20:00,Monday,False,False,rain,31.75,completed
B3319,U236,S1183,P124,2026-01-12T20:23:00,2026-01-12T21:23:00,Monday,False,False,clear,34.64,completed
B3320,U256,S932,P118,2025-10-13T23:31:00,2025-10-14T00:31:00,Monday,False,False,clear,23.59,completed
B3321,U172,S1225,P125,2025-12-02T11:49:00,2025-12-02T13:49:00,Tuesday,False,False,clear,19.76,completed
B3322,U247,S534,P109,2025-11-05T12:15:00,2025-11-05T12:45:00,Wednesday,False,False,clear,17.98,completed
B3323,U297,S677,P113,2026-01-19T09:49:00,2026-01-19T11:49:00,Monday,False,False,rain,27.64,completed
B3324,U202,S1426,P129,2025-10-04T17:07:00,2025-10-04T18:07:00,Saturday,True,False,clear,20.12,completed
B3325,U276,S1086,P122,2025-11-20T19:16:00,2025-11-20T20:46:00,Thursday,False,False,haze,49.25,completed
B3326,U219,S1485,P131,2025-11-12T14:45:00,2025-11-12T15:45:00,Wednesday,False,False,rain,29.42,completed
B3327,U145,S550,P110,2025-11-05T06:20:00,2025-11-05T07:50:00,Wednesday,False,False,clear,40.37,completed
B3328,U258,S706,P113,2025-12-09T19:36:00,2025-12-09T21:06:00,Tuesday,False,False,cloudy,25.5,completed
B3329,U298,S903,P117,2026-01-26T06:15:00,2026-01-26T08:15:00,Monday,False,True,clear,47.36,completed
B3330,U146,S1134,P123,2025-10-15T16:36:00,2025-10-15T19:36:00,Wednesday,False,False,clear,48.08,cancelled
B3331,U200,S521,P108,2025-11-14T20:12:00,2025-11-14T22:12:00,Friday,False,False,rain,31.92,completed
B3332,U207,S1479,P131,2025-10-19T20:44:00,2025-10-19T21:44:00,Sunday,True,False,rain,38.97,completed
B3333,U170,S177,P102,2025-10-12T22:06:00,2025-10-12T23:06:00,Sunday,True,False,clear,38.94,cancelled
B3334,U253,S922,P118,2025-12-22T19:05:00,2025-12-23T01:05:00,Monday,False,False,haze,26.98,completed
B3335,U249,S254,P103,2025-10-14T09:19:00,2025-10-14T10:19:00,Tuesday,False,False,fog,29.63,completed
B3336,U126,S703,P113,2025-10-07T21:03:00,2025-10-08T01:03:00,Tuesday,False,False,clear,21.02,completed
B3337,U109,S349,P105,2025-11-18T23:31:00,2025-11-19T02:31:00,Tuesday,False,False,fog,21.75,cancelled
B3338,U270,S1244,P125,2025-10-13T05:01:00,2025-10-13T08:01:00,Monday,False,False,cloudy,19.64,completed
B3339,U237,S932,P118,2025-11-04T18:40:00,2025-11-04T20:10:00,Tuesday,False,False,clear,26.56,completed
B3340,U173,S121,P101,2025-11-02T19:23:00,2025-11-02T20:23:00,Sunday,True,False,clear,26.92,completed
B3341,U228,S744,P114,2025-11-14T17:57:00,2025-11-14T19:27:00,Friday,False,False,clear,29.51,completed
B3342,U128,S166,P101,2026-01-08T22:24:00,2026-01-09T01:24:00,Thursday,False,False,rain,22.43,completed
B3343,U106,S884,P117,2025-10-21T09:22:00,2025-10-21T11:22:00,Tuesday,False,True,fog,57.14,completed
B3344,U252,S1018,P119,2025-12-24T21:31:00,2025-12-24T23:01:00,Wednesday,False,False,clear,35.42,completed
B3345,U213,S504,P108,2026-01-20T14:39:00,2026-01-20T15:09:00,Tuesday,False,False,cloudy,25.05,completed
B3346,U127,S252,P103,2025-12-04T07:38:00,2025-12-04T10:38:00,Thursday,False,False,haze,23.92,completed
B3347,U137,S975,P119,2026-01-28T19:19:00,2026-01-28T20:19:00,Wednesday,False,False,clear,41.83,completed
B3348,U271,S565,P110,2026-01-25T05:37:00,2026-01-25T07:07:00,Sunday,True,False,cloudy,44.8,completed
B3349,U150,S912,P118,2025-10-13T17:11:00,2025-10-13T17:41:00,Monday,False,False,rain,26.43,completed
B3350,U278,S841,P116,2026-01-19T09:23:00,2026-01-19T13:23:00,Monday,False,False,clear,32.31,completed
B3351,U236,S494,P108,2025-10-29T17:36:00,2025-10-29T20:36:00,Wednesday,False,False,clear,23.75,completed
B3352,U204,S1151,P123,2026-01-06T23:04:00,2026-01-06T23:34:00,Tuesday,False,False,clear,51.27,completed
B3353,U221,S1194,P124,2025-11-09T15:36:00,2025-11-09T18:36:00,Sunday,True,False,clear,36.1,completed
B3354,U271,S898,P117,2026-01-24T16:02:00,2026-01-24T18:02:00,Saturday,True,False,fog,39.72,completed
B3355,U187,S1350,P127,2025-10-12T13:53:00,2025-10-12T14:53:00,Sunday,True,False,fog,61.17,completed
B3356,U232,S275,P104,2025-11-04T06:56:00,2025-11-04T09:56:00,Tuesday,False,False,cloudy,45.4,completed
B3357,U283,S786,P115,2025-10-06T08:00:00,2025-10-06T11:00:00,Monday,False,False,clear,23.5,completed
B3358,U119,S875,P117,2025-10-10T18:07:00,2025-10-10T19:37:00,Friday,False,False,clear,40.78,completed
B3359,U194,S489,P107,2025-10-08T19:13:00,2025-10-08T21:13:00,Wednesday,False,False,haze,49.45,completed
B3360,U108,S1236,P125,2026-01-14T13:05:00,2026-01-14T16:05:00,Wednesday,False,True,clear,27.19,completed
B3361,U106,S740,P114,2025-10-03T11:10:00,2025-10-03T12:10:00,Friday,False,False,rain,30.44,completed
B3362,U250,S1049,P121,2025-12-10T13:57:00,2025-12-10T15:57:00,Wednesday,False,False,clear,28.71,completed
B3363,U146,S1273,P126,2026-01-21T15:36:00,2026-01-21T19:36:00,Wednesday,False,False,clear,16.53,completed
B3364,U120,S806,P115,2026-01-27T09:46:00,2026-01-27T11:46:00,Tuesday,False,False,haze,25.41,completed
B3365,U165,S578,P110,2025-11-15T18:37:00,2025-11-15T21:37:00,Saturday,True,False,rain,60.57,completed
B3366,U192,S1511,P132,2025-12-09T08:12:00,2025-12-09T10:12:00,Tuesday,False,False,clear,29.06,completed
B3367,U294,S637,P112,2025-12-21T10:29:00,2025-12-21T11:59:00,Sunday,True,False,rain,56.8,cancelled
B3368,U284,S1511,P132,2025-10-14T07:10:00,2025-10-14T07:40:00,Tuesday,False,False,rain,25.94,completed
B3369,U211,S974,P119,2025-10-19T07:19:00,2025-10-19T08:49:00,Sunday,True,False,clear,38.91,completed
B3370,U260,S602,P111,2025-11-08T09:23:00,2025-11-08T09:53:00,Saturday,True,False,fog,71.01,completed
B3371,U116,S661,P113,2025-10-17T08:06:00,2025-10-17T09:06:00,Friday,False,False,clear,25.78,completed
B3372,U275,S366,P105,2025-11-09T10:09:00,2025-11-09T11:09:00,Sunday,True,False,rain,25.44,completed
B3373,U191,S1469,P130,2025-10-07T09:52:00,2025-10-07T10:22:00,Tuesday,False,False,clear,58.55,completed
B3374,U207,S489,P107,2026-01-03T18:07:00,2026-01-03T18:37:00,Saturday,True,False,cloudy,54.02,completed
B3375,U204,S531,P109,2026-01-23T07:56:00,2026-01-23T08:56:00,Friday,False,False,clear,17.8,completed
B3376,U233,S467,P107,2025-11-12T11:58:00,2025-11-12T13:58:00,Wednesday,False,False,cloudy,38.76,completed
B3377,U287,S174,P102,2025-10-15T08:38:00,2025-10-15T10:38:00,Wednesday,False,False,cloudy,39.89,completed
B3378,U206,S226,P103,2025-12-16T08:31:00,2025-12-16T10:31:00,Tuesday,False,False,rain,31.97,completed
B3379,U116,S403,P106,2025-10-12T23:50:00,2025-10-13T01:20:00,Sunday,True,False,fog,47.3,completed
B3380,U172,S102,P101,2026-01-01T20:01:00,2026-01-01T22:01:00,Thursday,False,False,cloudy,24.82,completed
B3381,U219,S1072,P122,2025-11-17T18:26:00,2025-11-17T21:26:00,Monday,False,False,clear,51.44,completed
B3382,U298,S546,P109,2025-12-21T11:30:00,2025-12-21T15:30:00,Sunday,True,False,fog,20.53,completed
B3383,U255,S1428,P129,2026-01-27T16:32:00,2026-01-27T18:32:00,Tuesday,False,False,rain,19.12,completed
B3384,U198,S1097,P122,2026-01-10T20:33:00,2026-01-10T23:33:00,Saturday,True,False,clear,55.82,completed
B3385,U225,S831,P116,2026-01-01T15:10:00,2026-01-01T17:10:00,Thursday,False,False,cloudy,27.02,completed
B3386,U296,S921,P118,2025-12-06T06:53:00,2025-12-06T07:53:00,Saturday,True,False,clear,27.36,completed
B3387,U225,S224,P103,2026-01-11T12:56:00,2026-01-11T13:56:00,Sunday,True,False,clear,27.38,completed
B3388,U195,S979,P119,2025-12-15T14:27:00,2025-12-15T15:27:00,Monday,False,False,clear,33.79,completed
B3389,U143,S1341,P127,2025-11-05T16:39:00,2025-11-05T18:39:00,Wednesday,False,False,clear,50.74,completed
B3390,U280,S754,P115,2026-01-13T10:20:00,2026-01-13T16:20:00,Tuesday,False,False,clear,20.1,completed
B3391,U155,S1391,P128,2025-11-08T14:36:00,2025-11-08T17:36:00,Saturday,True,False,clear,43.33,completed
B3392,U105,S1152,P123,2025-10-30T19:26:00,2025-10-30T20:26:00,Thursday,False,False,clear,60.83,completed
B3393,U152,S800,P115,2025-10-28T22:23:00,2025-10-29T00:23:00,Tuesday,False,False,clear,19.32,completed
B3394,U281,S525,P108,2025-11-01T18:50:00,2025-11-01T20:50:00,Saturday,True,True,clear,42.02,completed
B3395,U171,S508,P108,2025-10-30T16:08:00,2025-10-30T17:38:00,Thursday,False,False,fog,25.55,completed
B3396,U202,S995,P119,2025-12-21T17:15:00,2025-12-21T18:15:00,Sunday,True,False,cloudy,40.15,completed
B3397,U134,S1074,P122,2025-10-31T11:02:00,2025-10-31T12:02:00,Friday,False,False,clear,42.03,completed
B3398,U204,S388,P106,2025-10-15T18:19:00,2025-10-15T19:19:00,Wednesday,False,False,fog,48.8,completed
B3399,U163,S559,P110,2025-12-23T02:35:00,2025-12-23T03:05:00,Tuesday,False,False,fog,39.3,completed
B3400,U175,S1105,P122,2025-10-09T21:36:00,2025-10-09T22:06:00,Thursday,False,False,cloudy,42.43,completed
B3401,U183,S1376,P128,2026-01-20T17:41:00,2026-01-20T19:11:00,Tuesday,False,False,clear,39.96,completed
B3402,U105,S1039,P120,2025-12-30T19:30:00,2025-12-30T20:30:00,Tuesday,False,False,rain,25.19,completed
B3403,U113,S1117,P123,2025-10-29T20:59:00,2025-10-29T21:59:00,Wednesday,False,False,clear,62.35,completed
B3404,U292,S1535,P132,2025-10-15T17:05:00,2025-10-15T18:05:00,Wednesday,False,False,fog,23.44,completed
B3405,U205,S339,P105,2025-11-13T00:24:00,2025-11-13T01:24:00,Thursday,False,False,cloudy,20.32,completed
B3406,U155,S568,P110,2026-01-27T19:25:00,2026-01-27T21:25:00,Tuesday,False,False,rain,53.6,completed
B3407,U160,S1248,P125,2026-01-24T11:48:00,2026-01-24T13:18:00,Saturday,True,False,clear,22.89,completed
B3408,U200,S1486,P131,2026-01-13T16:06:00,2026-01-13T18:06:00,Tuesday,False,False,clear,26.13,completed
B3409,U163,S530,P108,2025-11-30T07:44:00,2025-11-30T10:44:00,Sunday,True,False,rain,29.93,completed
B3410,U165,S924,P118,2025-11-12T08:52:00,2025-11-12T10:22:00,Wednesday,False,False,cloudy,27.5,completed
B3411,U175,S1045,P121,2025-12-12T10:16:00,2025-12-12T11:16:00,Friday,False,False,haze,30.05,completed
B3412,U251,S1242,P125,2025-10-17T09:54:00,2025-10-17T11:24:00,Friday,False,False,cloudy,24.73,completed
B3413,U114,S1542,P132,2025-10-13T19:27:00,2025-10-13T20:57:00,Monday,False,False,clear,27.52,cancelled
B3414,U186,S1353,P127,2025-10-23T07:09:00,2025-10-23T09:09:00,Thursday,False,False,cloudy,53.05,completed
B3415,U177,S852,P116,2025-12-22T20:08:00,2025-12-22T21:38:00,Monday,False,False,clear,32.11,completed
B3416,U278,S1556,P132,2025-11-25T20:53:00,2025-11-25T22:23:00,Tuesday,False,False,clear,27.07,completed
B3417,U119,S1556,P132,2025-12-10T09:10:00,2025-12-10T12:10:00,Wednesday,False,False,rain,29.46,completed
B3418,U221,S800,P115,2025-10-24T08:41:00,2025-10-24T10:11:00,Friday,False,False,clear,24.01,completed
B3419,U254,S1365,P127,2025-12-02T15:30:00,2025-12-02T21:30:00,Tuesday,False,False,rain,58.77,completed
B3420,U127,S762,P115,2025-11-11T07:41:00,2025-11-11T11:41:00,Tuesday,False,False,fog,21.11,completed
B3421,U250,S1153,P124,2025-11-20T13:53:00,2025-11-20T14:53:00,Thursday,False,False,fog,30.68,completed
B3422,U117,S190,P102,2025-11-26T10:23:00,2025-11-26T11:53:00,Wednesday,False,False,cloudy,34.87,completed
B3423,U295,S1475,P131,2025-12-17T17:20:00,2025-12-17T19:20:00,Wednesday,False,False,clear,25.86,completed
B3424,U134,S318,P104,2026-01-22T21:03:00,2026-01-22T22:33:00,Thursday,False,False,clear,46.49,completed
B3425,U192,S540,P109,2026-01-28T10:27:00,2026-01-28T12:27:00,Wednesday,False,False,cloudy,16.76,completed
B3426,U177,S583,P110,2025-10-21T06:52:00,2025-10-21T12:52:00,Tuesday,False,True,clear,56.82,completed
B3427,U213,S841,P116,2025-12-30T15:03:00,2025-12-30T16:03:00,Tuesday,False,False,clear,28.18,completed
B3428,U273,S291,P104,2025-12-13T14:45:00,2025-12-13T16:15:00,Saturday,True,False,clear,56.4,completed
B3429,U227,S572,P110,2026-01-02T14:40:00,2026-01-02T16:10:00,Friday,False,False,haze,39.37,completed
B3430,U182,S211,P102,2025-10-23T16:42:00,2025-10-23T19:42:00,Thursday,False,False,haze,34.86,completed
B3431,U159,S1159,P124,2025-10-07T13:34:00,2025-10-07T16:34:00,Tuesday,False,False,cloudy,29.67,completed
B3432,U203,S485,P107,2025-11-27T10:51:00,2025-11-27T12:51:00,Thursday,False,False,cloudy,41.74,cancelled
B3433,U157,S369,P105,2026-01-02T10:46:00,2026-01-02T12:46:00,Friday,False,False,clear,20.67,completed
B3434,U155,S592,P111,2025-10-02T18:03:00,2025-10-02T21:03:00,Thursday,False,False,fog,59.0,cancelled
B3435,U154,S1171,P124,2026-01-15T12:56:00,2026-01-15T16:56:00,Thursday,False,False,rain,33.86,completed
B3436,U287,S832,P116,2026-01-24T19:54:00,2026-01-25T01:54:00,Saturday,True,False,cloudy,36.87,completed
B3437,U140,S1341,P127,2026-01-07T11:13:00,2026-01-07T14:13:00,Wednesday,False,False,clear,49.61,completed
B3438,U194,S647,P112,2025-11-09T08:55:00,2025-11-09T11:55:00,Sunday,True,False,clear,64.03,completed
B3439,U228,S547,P109,2025-12-13T21:50:00,2025-12-13T23:20:00,Saturday,True,False,rain,22.46,completed
B3440,U242,S1035,P120,2025-10-09T19:13:00,2025-10-09T22:13:00,Thursday,False,False,clear,22.1,completed
B3441,U284,S1095,P122,2025-11-07T12:01:00,2025-11-07T13:01:00,Friday,False,False,clear,42.91,completed
B3442,U295,S137,P101,2025-10-19T21:15:00,2025-10-20T03:15:00,Sunday,True,False,clear,24.96,completed
B3443,U150,S551,P110,2026-01-23T09:35:00,2026-01-23T12:35:00,Friday,False,False,clear,49.05,cancelled
B3444,U231,S256,P103,2025-11-02T11:58:00,2025-11-02T12:28:00,Sunday,True,False,clear,28.98,completed
B3445,U269,S648,P112,2026-01-06T08:50:00,2026-01-06T10:50:00,Tuesday,False,False,cloudy,54.17,completed
B3446,U182,S151,P101,2025-10-03T10:33:00,2025-10-03T12:03:00,Friday,False,False,haze,20.32,completed
B3447,U153,S1466,P130,2025-12-12T12:16:00,2025-12-12T13:16:00,Friday,False,False,clear,48.53,completed
B3448,U173,S904,P117,2025-11-02T18:34:00,2025-11-02T20:34:00,Sunday,True,False,cloudy,46.32,cancelled
B3449,U182,S1027,P120,2025-10-28T19:02:00,2025-10-28T22:02:00,Tuesday,False,False,clear,23.64,completed
B3450,U165,S608,P111,2026-01-19T17:57:00,2026-01-19T21:57:00,Monday,False,False,rain,56.5,completed
B3451,U194,S1228,P125,2025-12-11T21:47:00,2025-12-12T00:47:00,Thursday,False,False,fog,19.72,completed
B3452,U299,S738,P114,2026-01-18T09:22:00,2026-01-18T10:52:00,Sunday,True,False,fog,39.81,completed
B3453,U260,S302,P104,2026-01-01T08:42:00,2026-01-01T10:42:00,Thursday,False,False,rain,60.02,completed
B3454,U204,S649,P112,2025-11-09T11:33:00,2025-11-09T13:03:00,Sunday,True,False,rain,60.75,completed
B3455,U293,S383,P105,2025-12-02T18:43:00,2025-12-02T20:13:00,Tuesday,False,False,clear,26.03,completed
B3456,U130,S1478,P131,2025-10-29T13:14:00,2025-10-29T15:14:00,Wednesday,False,False,haze,26.32,completed
B3457,U245,S1302,P126,2025-12-20T09:54:00,2025-12-20T12:54:00,Saturday,True,False,clear,22.09,completed
B3458,U284,S321,P104,2025-10-14T19:33:00,2025-10-14T21:33:00,Tuesday,False,False,clear,58.11,completed
B3459,U113,S1379,P128,2026-01-26T09:48:00,2026-01-26T15:48:00,Monday,False,True,fog,63.76,completed
B3460,U202,S449,P107,2026-01-03T04:25:00,2026-01-03T05:25:00,Saturday,True,False,clear,47.74,cancelled
B3461,U222,S1195,P124,2025-11-27T19:57:00,2025-11-27T21:27:00,Thursday,False,False,fog,34.31,completed
B3462,U269,S846,P116,2026-01-27T11:31:00,2026-01-27T12:31:00,Tuesday,False,False,haze,25.9,completed
B3463,U277,S447,P107,2025-11-16T08:09:00,2025-11-16T11:09:00,Sunday,True,False,cloudy,53.57,completed
B3464,U294,S140,P101,2025-12-07T16:26:00,2025-12-07T22:26:00,Sunday,True,False,haze,24.59,completed
B3465,U223,S657,P113,2025-10-29T18:38:00,2025-10-29T20:38:00,Wednesday,False,False,clear,26.72,completed
B3466,U179,S916,P118,2025-12-30T15:29:00,2025-12-30T16:59:00,Tuesday,False,False,clear,22.71,completed
B3467,U114,S254,P103,2026-01-28T10:16:00,2026-01-28T11:46:00,Wednesday,False,False,clear,24.19,completed
B3468,U190,S221,P103,2025-12-08T06:29:00,2025-12-08T07:29:00,Monday,False,False,rain,26.07,completed
B3469,U104,S405,P106,2026-01-11T10:42:00,2026-01-11T11:12:00,Sunday,True,False,rain,48.45,completed
B3470,U118,S1129,P123,2025-11-11T08:29:00,2025-11-11T09:59:00,Tuesday,False,False,clear,60.71,completed
B3471,U231,S693,P113,2025-11-15T17:56:00,2025-11-15T18:26:00,Saturday,True,False,rain,26.99,completed
B3472,U112,S1299,P126,2025-11-04T08:47:00,2025-11-04T12:47:00,Tuesday,False,False,fog,20.07,completed
B3473,U124,S464,P107,2026-01-25T08:05:00,2026-01-25T12:05:00,Sunday,True,False,clear,56.88,completed
B3474,U142,S475,P107,2025-11-30T09:51:00,2025-11-30T12:51:00,Sunday,True,False,rain,56.61,completed
B3475,U129,S549,P110,2025-10-21T17:23:00,2025-10-21T23:23:00,Tuesday,False,True,cloudy,55.76,completed
B3476,U129,S1250,P125,2025-11-30T08:29:00,2025-11-30T09:59:00,Sunday,True,False,clear,25.68,completed
B3477,U269,S236,P103,2025-12-02T02:51:00,2025-12-02T04:51:00,Tuesday,False,False,clear,23.46,completed
B3478,U154,S577,P110,2026-01-16T09:28:00,2026-01-16T10:58:00,Friday,False,False,clear,48.31,completed
B3479,U216,S431,P106,2025-11-08T21:38:00,2025-11-08T22:38:00,Saturday,True,False,rain,50.98,completed
B3480,U130,S747,P114,2025-11-10T09:54:00,2025-11-10T12:54:00,Monday,False,False,clear,35.85,completed
B3481,U148,S558,P110,2025-10-29T15:50:00,2025-10-29T17:50:00,Wednesday,False,False,clear,39.99,completed
B3482,U112,S1095,P122,2025-11-24T22:35:00,2025-11-24T23:35:00,Monday,False,False,clear,42.81,completed
B3483,U134,S1085,P122,2025-11-11T07:30:00,2025-11-11T09:30:00,Tuesday,False,False,haze,42.81,completed
B3484,U153,S1369,P128,2025-11-18T19:34:00,2025-11-18T21:04:00,Tuesday,False,False,clear,47.71,completed
B3485,U248,S1235,P125,2026-01-02T19:38:00,2026-01-02T20:38:00,Friday,False,False,rain,25.72,completed
B3486,U179,S348,P105,2025-11-05T05:54:00,2025-11-05T07:24:00,Wednesday,False,False,clear,21.89,completed
B3487,U287,S1500,P132,2025-12-11T19:44:00,2025-12-11T21:44:00,Thursday,False,False,clear,28.92,completed
B3488,U258,S567,P110,2025-10-18T16:29:00,2025-10-18T19:29:00,Saturday,True,False,clear,47.01,cancelled
B3489,U285,S417,P106,2026-01-16T11:06:00,2026-01-16T13:06:00,Friday,False,False,clear,41.47,completed
B3490,U281,S1459,P130,2025-10-30T18:32:00,2025-10-30T21:32:00,Thursday,False,False,cloudy,57.06,completed
B3491,U200,S983,P119,2026-01-11T15:36:00,2026-01-11T16:36:00,Sunday,True,False,rain,43.01,completed
B3492,U169,S952,P118,2026-01-10T19:32:00,2026-01-10T21:02:00,Saturday,True,False,fog,29.68,completed
B3493,U283,S390,P106,2025-10-10T19:29:00,2025-10-10T21:29:00,Friday,False,False,clear,47.65,completed
B3494,U230,S1457,P130,2025-10-20T07:55:00,2025-10-20T08:55:00,Monday,False,True,clear,67.74,completed
B3495,U133,S899,P117,2026-01-06T19:44:00,2026-01-06T20:14:00,Tuesday,False,False,cloudy,43.5,completed
B3496,U179,S534,P109,2025-11-10T20:43:00,2025-11-11T00:43:00,Monday,False,False,fog,21.73,completed
B3497,U110,S1493,P132,2025-12-02T09:11:00,2025-12-02T13:11:00,Tuesday,False,False,fog,27.96,completed
B3498,U124,S998,P119,2025-12-08T20:32:00,2025-12-08T23:32:00,Monday,False,False,clear,42.27,completed
B3499,U110,S545,P109,2025-10-23T07:52:00,2025-10-23T10:52:00,Thursday,False,False,clear,18.44,completed
B3500,U221,S1052,P121,2025-10-14T08:02:00,2025-10-14T11:02:00,Tuesday,False,False,clear,35.88,completed
B3501,U161,S1364,P127,2026-01-27T09:05:00,2026-01-27T10:05:00,Tuesday,False,False,clear,60.54,completed
B3502,U244,S903,P117,2025-12-07T17:52:00,2025-12-07T19:52:00,Sunday,True,False,cloudy,38.53,completed
B3503,U150,S257,P103,2025-11-13T09:25:00,2025-11-13T12:25:00,Thursday,False,False,clear,30.11,completed
B3504,U159,S305,P104,2025-10-05T22:25:00,2025-10-05T22:55:00,Sunday,True,False,clear,52.8,completed
B3505,U171,S120,P101,2026-01-12T10:46:00,2026-01-12T14:46:00,Monday,False,False,fog,20.26,completed
B3506,U178,S997,P119,2025-11-16T08:47:00,2025-11-16T09:47:00,Sunday,True,False,clear,46.24,completed
B3507,U213,S1263,P126,2025-12-05T16:56:00,2025-12-05T18:56:00,Friday,False,False,cloudy,15.86,completed
B3508,U168,S1249,P125,2025-11-11T05:03:00,2025-11-11T08:03:00,Tuesday,False,False,clear,19.37,completed
B3509,U293,S408,P106,2025-12-23T16:19:00,2025-12-23T18:19:00,Tuesday,False,False,clear,40.08,completed
B3510,U278,S1469,P130,2025-11-04T12:00:00,2025-11-04T14:00:00,Tuesday,False,False,clear,47.4,completed
B3511,U221,S1452,P130,2026-01-27T01:42:00,2026-01-27T05:42:00,Tuesday,False,False,cloudy,50.88,completed
B3512,U118,S635,P112,2026-01-05T13:00:00,2026-01-05T14:30:00,Monday,False,False,clear,49.13,completed
B3513,U270,S1379,P128,2026-01-25T16:32:00,2026-01-25T17:32:00,Sunday,True,False,fog,42.05,completed
B3514,U251,S1071,P122,2025-11-18T16:41:00,2025-11-18T19:41:00,Tuesday,False,False,rain,47.33,completed
B3515,U282,S1105,P122,2025-11-10T14:37:00,2025-11-10T18:37:00,Monday,False,False,clear,42.84,completed
B3516,U167,S748,P114,2025-12-07T23:52:00,2025-12-08T01:22:00,Sunday,True,False,rain,36.49,completed
B3517,U264,S1474,P131,2026-01-10T07:41:00,2026-01-10T09:41:00,Saturday,True,False,clear,29.5,completed
B3518,U225,S1450,P130,2026-01-23T08:27:00,2026-01-23T10:27:00,Friday,False,False,clear,59.58,completed
B3519,U155,S578,P110,2026-01-28T07:31:00,2026-01-28T09:31:00,Wednesday,False,False,clear,38.47,completed
B3520,U179,S736,P114,2025-11-24T11:20:00,2025-11-24T15:20:00,Monday,False,False,rain,31.16,completed
B3521,U142,S256,P103,2025-11-16T20:35:00,2025-11-16T22:05:00,Sunday,True,False,clear,33.64,completed
B3522,U134,S1223,P125,2025-11-26T10:08:00,2025-11-26T10:38:00,Wednesday,False,False,fog,20.01,completed
B3523,U277,S1397,P128,2025-11-29T17:57:00,2025-11-29T19:57:00,Saturday,True,False,clear,42.93,completed
B3524,U296,S301,P104,2025-11-14T13:55:00,2025-11-14T14:55:00,Friday,False,False,clear,49.01,completed
B3525,U210,S1384,P128,2026-01-05T11:25:00,2026-01-05T11:55:00,Monday,False,False,clear,36.95,completed
B3526,U116,S634,P112,2025-10-29T13:48:00,2025-10-29T19:48:00,Wednesday,False,False,fog,45.53,completed
B3527,U191,S356,P105,2025-11-04T18:36:00,2025-11-04T20:36:00,Tuesday,False,False,cloudy,25.62,completed
B3528,U153,S405,P106,2025-10-23T17:34:00,2025-10-23T20:34:00,Thursday,False,False,clear,39.78,completed
B3529,U207,S1436,P129,2026-01-25T17:27:00,2026-01-25T18:27:00,Sunday,True,False,clear,18.94,completed
B3530,U279,S747,P114,2026-01-02T08:57:00,2026-01-02T09:57:00,Friday,False,False,clear,34.69,completed
B3531,U165,S633,P112,2026-01-12T03:04:00,2026-01-12T03:34:00,Monday,False,False,rain,50.29,completed
B3532,U231,S1388,P128,2025-11-19T19:25:00,2025-11-19T20:25:00,Wednesday,False,False,clear,45.48,completed
B3533,U197,S1025,P120,2025-10-15T09:36:00,2025-10-15T11:06:00,Wednesday,False,False,fog,22.3,completed
B3534,U114,S1137,P123,2025-11-21T11:20:00,2025-11-21T11:50:00,Friday,False,False,cloudy,52.16,completed
B3535,U234,S1481,P131,2026-01-16T19:58:00,2026-01-16T20:28:00,Friday,False,False,clear,31.79,completed
B3536,U169,S618,P111,2025-12-11T06:34:00,2025-12-11T10:34:00,Thursday,False,False,cloudy,53.06,completed
B3537,U174,S1220,P125,2025-12-02T21:08:00,2025-12-02T22:08:00,Tuesday,False,False,haze,19.8,completed
B3538,U276,S662,P113,2025-12-15T07:09:00,2025-12-15T13:09:00,Monday,False,False,clear,22.01,completed
B3539,U183,S568,P110,2025-11-22T18:15:00,2025-11-22T21:15:00,Saturday,True,False,haze,56.35,completed
B3540,U205,S1041,P121,2026-01-24T20:55:00,2026-01-24T22:55:00,Saturday,True,False,clear,39.65,completed
B3541,U188,S1453,P130,2026-01-09T07:55:00,2026-01-09T08:55:00,Friday,False,False,clear,48.37,completed
B3542,U121,S1044,P121,2026-01-08T16:17:00,2026-01-08T20:17:00,Thursday,False,False,clear,29.81,completed
B3543,U272,S1348,P127,2026-01-22T12:33:00,2026-01-22T14:33:00,Thursday,False,False,clear,49.32,completed
B3544,U145,S158,P101,2026-01-25T17:02:00,2026-01-25T18:32:00,Sunday,True,False,fog,23.76,completed
B3545,U203,S1443,P129,2026-01-26T05:20:00,2026-01-26T07:20:00,Monday,False,True,clear,23.64,cancelled
B3546,U141,S445,P107,2025-12-22T20:26:00,2025-12-22T22:26:00,Monday,False,False,clear,46.84,completed
B3547,U228,S706,P113,2025-12-10T07:39:00,2025-12-10T08:39:00,Wednesday,False,False,clear,22.32,completed
B3548,U263,S629,P111,2025-11-01T09:07:00,2025-11-01T13:07:00,Saturday,True,True,clear,92.51,completed
B3549,U248,S737,P114,2025-10-27T20:55:00,2025-10-27T21:55:00,Monday,False,False,clear,34.74,completed
B3550,U120,S654,P113,2025-12-20T17:22:00,2025-12-20T18:22:00,Saturday,True,False,clear,23.87,completed
B3551,U185,S1155,P124,2025-10-01T18:05:00,2025-10-01T18:35:00,Wednesday,False,False,clear,36.26,completed
B3552,U135,S1036,P120,2026-01-04T18:51:00,2026-01-04T20:21:00,Sunday,True,False,clear,24.64,completed
B3553,U242,S1546,P132,2025-10-23T15:55:00,2025-10-23T17:25:00,Thursday,False,False,clear,24.09,completed
B3554,U169,S1354,P127,2026-01-27T12:12:00,2026-01-27T13:12:00,Tuesday,False,False,haze,49.44,completed
B3555,U140,S1400,P128,2026-01-06T17:23:00,2026-01-06T18:23:00,Tuesday,False,False,rain,42.79,completed
B3556,U283,S1074,P122,2025-11-28T20:48:00,2025-11-28T21:18:00,Friday,False,False,clear,51.27,completed
B3557,U208,S1462,P130,2026-01-06T17:08:00,2026-01-06T18:38:00,Tuesday,False,False,clear,49.7,completed
B3558,U157,S649,P112,2025-10-31T17:12:00,2025-10-31T18:12:00,Friday,False,False,clear,45.94,completed
B3559,U193,S625,P111,2025-10-27T10:36:00,2025-10-27T12:36:00,Monday,False,False,rain,57.84,completed
B3560,U103,S1238,P125,2025-10-28T18:37:00,2025-10-28T21:37:00,Tuesday,False,False,rain,26.92,completed
B3561,U267,S1407,P128,2025-11-22T15:04:00,2025-11-22T17:04:00,Saturday,True,False,clear,42.66,completed
B3562,U171,S448,P107,2025-12-14T08:15:00,2025-12-14T10:15:00,Sunday,True,False,clear,53.49,completed
B3563,U189,S427,P106,2026-01-12T16:39:00,2026-01-12T18:39:00,Monday,False,False,cloudy,39.44,completed
B3564,U188,S1338,P127,2025-10-06T17:46:00,2025-10-06T18:46:00,Monday,False,False,clear,49.83,completed
B3565,U133,S483,P107,2025-12-14T21:18:00,2025-12-14T22:18:00,Sunday,True,False,clear,43.97,completed
B3566,U253,S260,P103,2025-12-01T03:08:00,2025-12-01T04:38:00,Monday,False,False,cloudy,24.71,completed
B3567,U213,S1345,P127,2025-12-09T19:27:00,2025-12-09T19:57:00,Tuesday,False,False,rain,66.58,completed
B3568,U101,S1466,P130,2026-01-02T17:47:00,2026-01-02T20:47:00,Friday,False,False,cloudy,47.59,completed
B3569,U217,S506,P108,2025-10-28T17:30:00,2025-10-28T18:30:00,Tuesday,False,False,clear,25.44,completed
B3570,U123,S516,P108,2026-01-08T06:18:00,2026-01-08T09:18:00,Thursday,False,False,clear,25.17,completed
B3571,U290,S1357,P127,2025-11-29T20:53:00,2025-11-29T21:53:00,Saturday,True,False,clear,70.33,completed
B3572,U158,S1181,P124,2025-10-29T08:59:00,2025-10-29T10:29:00,Wednesday,False,False,cloudy,37.38,completed
B3573,U103,S990,P119,2025-10-29T20:06:00,2025-10-29T21:36:00,Wednesday,False,False,clear,42.95,completed
B3574,U111,S884,P117,2025-10-21T17:37:00,2025-10-21T20:37:00,Tuesday,False,True,rain,50.54,completed
B3575,U111,S828,P116,2025-12-16T20:37:00,2025-12-17T02:37:00,Tuesday,False,False,rain,36.69,completed
B3576,U122,S218,P103,2025-10-17T16:38:00,2025-10-17T18:38:00,Friday,False,False,clear,24.26,completed
B3577,U220,S571,P110,2025-11-04T04:36:00,2025-11-04T05:06:00,Tuesday,False,False,clear,40.55,completed
B3578,U281,S1051,P121,2026-01-14T09:18:00,2026-01-14T10:18:00,Wednesday,False,True,clear,49.18,completed
B3579,U117,S1382,P128,2025-10-10T16:57:00,2025-10-10T20:57:00,Friday,False,False,rain,43.61,completed
B3580,U131,S1278,P126,2025-11-04T07:13:00,2025-11-04T08:13:00,Tuesday,False,False,fog,16.01,completed
B3581,U254,S1260,P126,2025-12-27T09:34:00,2025-12-27T13:34:00,Saturday,True,False,clear,22.77,completed
B3582,U288,S1375,P128,2025-11-08T22:21:00,2025-11-09T04:21:00,Saturday,True,False,clear,45.13,completed
B3583,U191,S1231,P125,2026-01-03T22:47:00,2026-01-04T00:47:00,Saturday,True,False,cloudy,23.74,cancelled
B3584,U178,S1057,P121,2025-10-19T15:03:00,2025-10-19T16:33:00,Sunday,True,False,cloudy,32.73,cancelled
B3585,U274,S1381,P128,2025-11-04T02:05:00,2025-11-04T03:05:00,Tuesday,False,False,rain,40.12,cancelled
B3586,U273,S547,P109,2025-10-04T19:25:00,2025-10-04T21:25:00,Saturday,True,False,clear,24.2,completed
B3587,U241,S1287,P126,2025-12-28T19:01:00,2025-12-28T20:01:00,Sunday,True,False,clear,22.07,completed
B3588,U250,S611,P111,2025-12-01T20:31:00,2025-12-02T02:31:00,Monday,False,False,clear,63.71,completed
B3589,U122,S391,P106,2025-11-20T14:43:00,2025-11-20T16:43:00,Thursday,False,False,clear,39.0,completed
B3590,U108,S1367,P128,2025-10-10T22:16:00,2025-10-11T04:16:00,Friday,False,False,clear,37.5,completed
B3591,U299,S549,P110,2026-01-22T08:14:00,2026-01-22T09:44:00,Thursday,False,False,rain,50.65,completed
B3592,U101,S422,P106,2025-11-14T06:38:00,2025-11-14T07:38:00,Friday,False,False,cloudy,39.54,completed
B3593,U227,S214,P102,2026-01-11T09:46:00,2026-01-11T11:16:00,Sunday,True,False,fog,47.54,completed
B3594,U288,S545,P109,2025-11-25T09:47:00,2025-11-25T11:47:00,Tuesday,False,False,clear,20.69,completed
B3595,U223,S1122,P123,2025-11-07T12:38:00,2025-11-07T16:38:00,Friday,False,False,fog,52.64,completed
B3596,U268,S789,P115,2025-12-12T20:46:00,2025-12-12T21:46:00,Friday,False,False,clear,24.75,completed
B3597,U235,S874,P116,2025-12-15T09:11:00,2025-12-15T10:41:00,Monday,False,False,fog,33.13,completed
B3598,U103,S1236,P125,2026-01-20T19:43:00,2026-01-20T21:43:00,Tuesday,False,False,cloudy,24.89,completed
B3599,U221,S309,P104,2026-01-25T19:53:00,2026-01-25T20:53:00,Sunday,True,False,cloudy,63.28,completed
B3600,U296,S588,P110,2025-11-20T22:44:00,2025-11-20T23:14:00,Thursday,False,False,clear,39.38,completed
B3601,U192,S450,P107,2025-12-16T09:20:00,2025-12-16T12:20:00,Tuesday,False,False,clear,46.0,completed
B3602,U116,S500,P108,2025-11-09T18:21:00,2025-11-09T19:51:00,Sunday,True,False,clear,32.11,completed
B3603,U175,S989,P119,2025-10-22T14:36:00,2025-10-22T20:36:00,Wednesday,False,False,clear,35.3,completed
B3604,U126,S390,P106,2026-01-16T08:59:00,2026-01-16T11:59:00,Friday,False,False,clear,48.78,completed
B3605,U260,S1179,P124,2025-10-20T13:42:00,2025-10-20T14:42:00,Monday,False,True,fog,39.99,completed
B3606,U296,S474,P107,2026-01-09T19:50:00,2026-01-09T20:50:00,Friday,False,False,cloudy,48.89,completed
B3607,U282,S1336,P127,2026-01-22T15:44:00,2026-01-22T16:44:00,Thursday,False,False,clear,53.33,completed
B3608,U152,S352,P105,2026-01-12T18:38:00,2026-01-12T20:38:00,Monday,False,False,haze,26.11,completed
B3609,U190,S1356,P127,2025-10-27T20:08:00,2025-10-27T21:08:00,Monday,False,False,clear,63.72,completed
B3610,U269,S1448,P129,2025-11-13T17:53:00,2025-11-13T19:53:00,Thursday,False,False,clear,16.35,completed
B3611,U104,S641,P112,2026-01-08T16:26:00,2026-01-08T16:56:00,Thursday,False,False,clear,45.66,completed
B3612,U201,S650,P112,2026-01-13T10:59:00,2026-01-13T11:59:00,Tuesday,False,False,clear,46.33,completed
B3613,U212,S225,P103,2025-12-05T13:38:00,2025-12-05T16:38:00,Friday,False,False,clear,24.03,completed
B3614,U131,S1141,P123,2025-10-19T13:00:00,2025-10-19T13:30:00,Sunday,True,False,cloudy,59.64,completed
B3615,U272,S121,P101,2026-01-21T08:06:00,2026-01-21T09:36:00,Wednesday,False,False,rain,26.28,completed
B3616,U135,S904,P117,2025-11-17T13:32:00,2025-11-17T19:32:00,Monday,False,False,clear,33.77,completed
B3617,U119,S656,P113,2026-01-13T18:34:00,2026-01-13T19:34:00,Tuesday,False,False,clear,26.58,completed
B3618,U224,S200,P102,2025-12-10T18:51:00,2025-12-10T22:51:00,Wednesday,False,False,clear,42.52,completed
B3619,U110,S561,P110,2025-11-29T20:23:00,2025-11-29T21:23:00,Saturday,True,False,rain,58.59,completed
B3620,U222,S507,P108,2025-10-13T20:45:00,2025-10-14T00:45:00,Monday,False,False,cloudy,28.36,completed
B3621,U106,S1045,P121,2026-01-01T08:43:00,2026-01-01T11:43:00,Thursday,False,False,clear,36.53,completed
B3622,U214,S432,P106,2025-10-29T19:10:00,2025-10-29T20:40:00,Wednesday,False,False,clear,48.74,completed
B3623,U156,S539,P109,2025-12-21T17:58:00,2025-12-21T19:58:00,Sunday,True,False,clear,19.28,completed
B3624,U165,S1476,P131,2025-12-12T02:11:00,2025-12-12T03:11:00,Friday,False,False,clear,25.44,completed
B3625,U236,S1146,P123,2025-11-20T17:31:00,2025-11-20T18:31:00,Thursday,False,False,fog,50.73,completed
B3626,U194,S1002,P119,2025-11-07T08:55:00,2025-11-07T10:55:00,Friday,False,False,clear,39.45,completed
B3627,U224,S1543,P132,2025-12-15T18:31:00,2025-12-15T19:01:00,Monday,False,False,clear,27.22,completed
B3628,U210,S1278,P126,2025-12-06T08:52:00,2025-12-06T10:52:00,Saturday,True,False,clear,22.77,completed
B3629,U152,S638,P112,2025-10-07T18:09:00,2025-10-07T19:39:00,Tuesday,False,False,fog,54.8,completed
B3630,U171,S956,P118,2026-01-02T13:56:00,2026-01-02T15:56:00,Friday,False,False,clear,22.3,completed
B3631,U250,S1025,P120,2026-01-23T18:08:00,2026-01-23T20:08:00,Friday,False,False,clear,22.05,completed
B3632,U146,S1543,P132,2025-10-11T14:44:00,2025-10-11T15:44:00,Saturday,True,False,clear,27.29,completed
B3633,U176,S1405,P128,2025-11-21T14:37:00,2025-11-21T17:37:00,Friday,False,False,cloudy,38.35,completed
B3634,U300,S946,P118,2025-12-14T19:56:00,2025-12-14T21:26:00,Sunday,True,False,clear,30.87,completed
B3635,U233,S481,P107,2025-11-21T20:57:00,2025-11-21T21:57:00,Friday,False,False,clear,47.1,completed
B3636,U179,S1379,P128,2025-12-18T20:21:00,2025-12-19T00:21:00,Thursday,False,False,rain,51.13,completed
B3637,U201,S1134,P123,2025-10-08T20:16:00,2025-10-08T20:46:00,Wednesday,False,False,cloudy,59.8,completed
B3638,U245,S367,P105,2026-01-16T14:22:00,2026-01-16T16:22:00,Friday,False,False,clear,20.71,completed
B3639,U210,S250,P103,2025-12-21T19:12:00,2025-12-21T19:42:00,Sunday,True,False,haze,32.38,completed
B3640,U204,S1350,P127,2025-12-27T09:11:00,2025-12-27T10:11:00,Saturday,True,False,clear,70.8,completed
B3641,U222,S1136,P123,2025-11-24T09:27:00,2025-11-24T12:27:00,Monday,False,False,clear,57.77,completed
B3642,U266,S505,P108,2025-10-31T08:45:00,2025-10-31T12:45:00,Friday,False,False,haze,28.13,completed
B3643,U237,S1417,P128,2026-01-09T16:33:00,2026-01-09T18:33:00,Friday,False,False,cloudy,39.38,completed
B3644,U243,S1126,P123,2025-11-30T12:06:00,2025-11-30T15:06:00,Sunday,True,False,clear,60.0,completed
B3645,U208,S747,P114,2025-10-07T15:29:00,2025-10-07T18:29:00,Tuesday,False,False,rain,32.31,completed
B3646,U235,S1171,P124,2025-12-08T19:53:00,2025-12-08T21:23:00,Monday,False,False,rain,39.48,completed
B3647,U104,S1044,P121,2026-01-03T07:28:00,2026-01-03T10:28:00,Saturday,True,False,clear,34.67,completed
B3648,U104,S1063,P121,2025-11-11T17:03:00,2025-11-11T18:03:00,Tuesday,False,False,haze,28.55,completed
B3649,U293,S1080,P122,2025-12-21T18:36:00,2025-12-21T20:06:00,Sunday,True,False,rain,57.32,completed
B3650,U174,S1048,P121,2026-01-04T00:34:00,2026-01-04T04:34:00,Sunday,True,False,rain,36.43,completed
B3651,U267,S363,P105,2025-12-14T01:52:00,2025-12-14T02:22:00,Sunday,True,False,rain,26.48,completed
B3652,U141,S742,P114,2025-12-04T21:45:00,2025-12-04T23:15:00,Thursday,False,False,clear,28.16,completed
B3653,U264,S478,P107,2026-01-08T15:02:00,2026-01-08T16:32:00,Thursday,False,False,haze,41.8,completed
B3654,U284,S375,P105,2025-10-29T18:28:00,2025-10-29T21:28:00,Wednesday,False,False,cloudy,24.52,completed
B3655,U251,S1359,P127,2025-11-15T20:26:00,2025-11-15T21:56:00,Saturday,True,False,rain,74.97,completed
B3656,U197,S1047,P121,2025-12-18T08:52:00,2025-12-18T12:52:00,Thursday,False,False,cloudy,35.44,completed
B3657,U188,S337,P104,2025-10-04T10:35:00,2025-10-04T12:05:00,Saturday,True,False,clear,51.32,completed
B3658,U177,S235,P103,2025-11-16T12:03:00,2025-11-16T13:03:00,Sunday,True,False,clear,27.92,completed
B3659,U161,S501,P108,2025-12-16T07:02:00,2025-12-16T08:02:00,Tuesday,False,False,clear,24.51,completed
B3660,U187,S629,P111,2026-01-21T07:14:00,2026-01-21T09:14:00,Wednesday,False,False,clear,52.89,completed
B3661,U254,S1235,P125,2026-01-15T09:41:00,2026-01-15T12:41:00,Thursday,False,False,clear,24.13,completed
B3662,U189,S185,P102,2026-01-01T08:36:00,2026-01-01T09:36:00,Thursday,False,False,rain,44.96,completed
B3663,U267,S160,P101,2025-12-14T17:14:00,2025-12-14T18:14:00,Sunday,True,False,clear,23.14,completed
B3664,U289,S543,P109,2025-12-09T07:09:00,2025-12-09T08:39:00,Tuesday,False,False,clear,16.74,completed
B3665,U284,S239,P103,2025-12-01T09:32:00,2025-12-01T11:32:00,Monday,False,False,haze,30.05,completed
B3666,U217,S171,P102,2025-11-18T15:52:00,2025-11-18T17:22:00,Tuesday,False,False,fog,35.36,completed
B3667,U276,S469,P107,2025-11-02T13:55:00,2025-11-02T14:25:00,Sunday,True,False,clear,47.41,completed
B3668,U251,S1028,P120,2025-11-01T18:00:00,2025-11-01T18:30:00,Saturday,True,True,clear,31.61,completed
B3669,U154,S1136,P123,2025-12-30T17:46:00,2025-12-30T19:46:00,Tuesday,False,False,clear,51.83,completed
B3670,U215,S1056,P121,2025-11-28T13:51:00,2025-11-28T19:51:00,Friday,False,False,clear,29.42,completed
B3671,U265,S324,P104,2025-12-17T19:10:00,2025-12-17T20:40:00,Wednesday,False,False,cloudy,58.18,completed
B3672,U150,S1464,P130,2025-10-25T07:03:00,2025-10-25T07:33:00,Saturday,True,False,rain,61.48,completed
B3673,U299,S517,P108,2025-12-13T11:49:00,2025-12-13T12:19:00,Saturday,True,False,clear,28.0,completed
B3674,U213,S444,P107,2026-01-16T17:20:00,2026-01-16T19:20:00,Friday,False,False,clear,38.57,completed
B3675,U186,S275,P104,2025-10-02T17:25:00,2025-10-02T18:25:00,Thursday,False,False,clear,46.3,completed
B3676,U234,S463,P107,2025-10-17T11:36:00,2025-10-17T12:06:00,Friday,False,False,clear,39.05,completed
B3677,U281,S1381,P128,2025-12-21T08:46:00,2025-12-21T11:46:00,Sunday,True,False,clear,51.37,completed
B3678,U276,S398,P106,2026-01-10T18:28:00,2026-01-10T19:58:00,Saturday,True,False,cloudy,53.17,completed
B3679,U234,S1153,P124,2025-10-03T17:06:00,2025-10-03T18:36:00,Friday,False,False,clear,30.85,completed
B3680,U125,S307,P104,2025-12-03T12:27:00,2025-12-03T13:27:00,Wednesday,False,False,fog,45.33,completed
B3681,U185,S497,P108,2025-12-18T06:49:00,2025-12-18T10:49:00,Thursday,False,False,haze,23.49,completed
B3682,U261,S355,P105,2025-10-10T05:31:00,2025-10-10T08:31:00,Friday,False,False,fog,20.68,completed
B3683,U228,S1237,P125,2025-10-01T20:33:00,2025-10-01T22:33:00,Wednesday,False,False,rain,25.03,completed
B3684,U256,S599,P111,2025-10-31T12:47:00,2025-10-31T13:17:00,Friday,False,False,clear,51.56,completed
B3685,U145,S1452,P130,2025-11-11T12:48:00,2025-11-11T15:48:00,Tuesday,False,False,clear,49.69,completed
B3686,U231,S1045,P121,2025-10-13T09:27:00,2025-10-13T11:27:00,Monday,False,False,clear,35.34,completed
B3687,U168,S1360,P127,2026-01-13T09:10:00,2026-01-13T12:10:00,Tuesday,False,False,cloudy,60.31,completed
B3688,U291,S527,P108,2025-10-02T07:14:00,2025-10-02T07:44:00,Thursday,False,False,clear,25.84,completed
B3689,U151,S864,P116,2025-11-10T18:32:00,2025-11-10T21:32:00,Monday,False,False,clear,31.87,completed
B3690,U266,S1523,P132,2025-12-26T21:47:00,2025-12-26T23:47:00,Friday,False,False,clear,23.56,completed
B3691,U165,S1476,P131,2025-12-11T19:25:00,2025-12-11T19:55:00,Thursday,False,False,clear,31.78,completed
B3692,U102,S899,P117,2026-01-13T15:21:00,2026-01-13T19:21:00,Tuesday,False,False,cloudy,35.59,completed
B3693,U117,S408,P106,2025-11-04T18:01:00,2025-11-04T22:01:00,Tuesday,False,False,haze,49.22,completed
B3694,U284,S870,P116,2026-01-05T19:51:00,2026-01-05T22:51:00,Monday,False,False,clear,31.85,completed
B3695,U202,S748,P114,2026-01-15T19:28:00,2026-01-15T23:28:00,Thursday,False,False,clear,33.07,completed
B3696,U249,S370,P105,2025-12-01T10:10:00,2025-12-01T13:10:00,Monday,False,False,clear,22.09,completed
B3697,U168,S726,P114,2025-10-19T07:34:00,2025-10-19T08:34:00,Sunday,True,False,clear,34.03,completed
B3698,U233,S740,P114,2025-10-28T06:20:00,2025-10-28T07:20:00,Tuesday,False,False,clear,29.45,completed
B3699,U171,S715,P113,2025-12-07T07:29:00,2025-12-07T08:29:00,Sunday,True,False,clear,26.27,completed
B3700,U147,S1080,P122,2025-12-17T12:25:00,2025-12-17T13:25:00,Wednesday,False,False,cloudy,40.78,completed
B3701,U211,S1065,P121,2025-11-27T18:48:00,2025-11-27T20:18:00,Thursday,False,False,clear,37.22,completed
B3702,U198,S1469,P130,2026-01-04T19:22:00,2026-01-04T19:52:00,Sunday,True,False,fog,64.73,completed
B3703,U106,S451,P107,2026-01-21T20:51:00,2026-01-21T23:51:00,Wednesday,False,False,clear,49.01,completed
B3704,U161,S1202,P124,2026-01-13T18:48:00,2026-01-13T19:48:00,Tuesday,False,False,clear,35.78,completed
B3705,U294,S704,P113,2025-10-27T16:39:00,2025-10-27T20:39:00,Monday,False,False,rain,23.97,completed
B3706,U182,S356,P105,2025-12-25T08:10:00,2025-12-25T11:10:00,Thursday,False,True,clear,32.39,completed
B3707,U254,S610,P111,2025-12-28T05:52:00,2025-12-28T07:22:00,Sunday,True,False,clear,61.16,completed
B3708,U123,S452,P107,2026-01-04T19:24:00,2026-01-04T20:24:00,Sunday,True,False,cloudy,54.28,completed
B3709,U295,S490,P107,2025-10-10T20:34:00,2025-10-10T21:04:00,Friday,False,False,fog,47.41,completed
B3710,U192,S829,P116,2025-11-01T22:39:00,2025-11-02T01:39:00,Saturday,True,True,rain,46.03,completed
B3711,U222,S640,P112,2026-01-22T15:31:00,2026-01-22T18:31:00,Thursday,False,False,rain,54.19,completed
B3712,U291,S1483,P131,2025-10-14T19:48:00,2025-10-14T22:48:00,Tuesday,False,False,haze,29.81,completed
B3713,U292,S1434,P129,2025-11-09T22:17:00,2025-11-09T23:47:00,Sunday,True,False,haze,18.94,completed
B3714,U221,S529,P108,2025-12-19T17:30:00,2025-12-19T20:30:00,Friday,False,False,clear,25.43,completed
B3715,U277,S1138,P123,2025-11-26T12:02:00,2025-11-26T12:32:00,Wednesday,False,False,fog,52.17,completed
B3716,U148,S573,P110,2026-01-20T16:10:00,2026-01-20T18:10:00,Tuesday,False,False,haze,40.57,completed
B3717,U138,S1399,P128,2025-10-11T18:33:00,2025-10-11T20:33:00,Saturday,True,False,clear,49.43,completed
B3718,U113,S330,P104,2026-01-04T15:22:00,2026-01-04T16:22:00,Sunday,True,False,cloudy,55.14,completed
B3719,U257,S1165,P124,2025-12-16T19:19:00,2025-12-16T20:19:00,Tuesday,False,False,cloudy,36.87,completed
B3720,U268,S1247,P125,2025-10-15T14:11:00,2025-10-15T15:11:00,Wednesday,False,False,clear,20.16,completed
B3721,U191,S985,P119,2026-01-05T19:12:00,2026-01-05T21:12:00,Monday,False,False,clear,43.22,completed
B3722,U156,S651,P112,2026-01-23T16:42:00,2026-01-23T19:42:00,Friday,False,False,clear,46.18,completed
B3723,U166,S1554,P132,2025-10-25T11:37:00,2025-10-25T13:37:00,Saturday,True,False,cloudy,25.27,completed
B3724,U257,S486,P107,2025-12-22T17:25:00,2025-12-22T18:55:00,Monday,False,False,clear,39.11,completed
B3725,U106,S835,P116,2026-01-15T19:27:00,2026-01-15T20:27:00,Thursday,False,False,clear,31.92,completed
B3726,U289,S497,P108,2026-01-18T20:59:00,2026-01-18T21:29:00,Sunday,True,False,cloudy,33.39,completed
B3727,U209,S936,P118,2025-10-06T20:03:00,2025-10-06T21:33:00,Monday,False,False,clear,27.32,completed
B3728,U213,S460,P107,2025-11-08T15:16:00,2025-11-08T16:16:00,Saturday,True,False,clear,47.56,cancelled
B3729,U260,S1304,P126,2025-12-08T15:29:00,2025-12-08T18:29:00,Monday,False,False,fog,16.15,completed
B3730,U227,S457,P107,2026-01-07T12:10:00,2026-01-07T15:10:00,Wednesday,False,False,clear,38.39,completed
B3731,U250,S969,P118,2025-11-29T13:47:00,2025-11-29T15:47:00,Saturday,True,False,clear,26.56,completed
B3732,U239,S604,P111,2025-12-21T08:03:00,2025-12-21T11:03:00,Sunday,True,False,clear,69.09,completed
B3733,U157,S1018,P119,2025-12-14T21:33:00,2025-12-14T22:03:00,Sunday,True,False,clear,39.41,completed
B3734,U143,S1019,P119,2025-11-26T06:21:00,2025-11-26T12:21:00,Wednesday,False,False,clear,36.03,completed
B3735,U148,S454,P107,2025-11-10T21:18:00,2025-11-10T21:48:00,Monday,False,False,haze,42.09,completed
B3736,U255,S1484,P131,2025-10-19T08:50:00,2025-10-19T10:50:00,Sunday,True,False,fog,35.92,completed
B3737,U190,S838,P116,2025-10-08T10:19:00,2025-10-08T12:19:00,Wednesday,False,False,clear,26.01,completed
B3738,U237,S349,P105,2026-01-04T08:07:00,2026-01-04T10:07:00,Sunday,True,False,clear,28.36,completed
B3739,U116,S1096,P122,2025-11-12T08:30:00,2025-11-12T09:30:00,Wednesday,False,False,clear,50.66,completed
B3740,U163,S161,P101,2025-11-26T17:06:00,2025-11-26T18:36:00,Wednesday,False,False,clear,21.21,completed
B3741,U283,S1068,P122,2025-12-24T19:22:00,2025-12-24T19:52:00,Wednesday,False,False,rain,56.19,completed
B3742,U202,S903,P117,2026-01-22T04:16:00,2026-01-22T06:16:00,Thursday,False,False,haze,34.25,completed
B3743,U157,S591,P111,2025-11-05T19:27:00,2025-11-05T22:27:00,Wednesday,False,False,rain,67.79,completed
B3744,U256,S1141,P123,2025-11-13T13:58:00,2025-11-13T14:28:00,Thursday,False,False,clear,51.82,completed
B3745,U206,S163,P101,2025-12-23T07:13:00,2025-12-23T07:43:00,Tuesday,False,False,clear,20.49,completed
B3746,U125,S1474,P131,2026-01-04T09:19:00,2026-01-04T11:19:00,Sunday,True,False,clear,35.76,completed
B3747,U244,S203,P102,2026-01-13T06:56:00,2026-01-13T07:56:00,Tuesday,False,False,clear,34.98,completed
B3748,U207,S987,P119,2025-11-03T11:05:00,2025-11-03T13:05:00,Monday,False,False,haze,35.41,completed
B3749,U142,S600,P111,2025-11-01T17:13:00,2025-11-01T19:13:00,Saturday,True,True,clear,82.9,completed
B3750,U185,S449,P107,2025-11-30T18:18:00,2025-11-30T21:18:00,Sunday,True,False,cloudy,52.8,completed
B3751,U286,S1095,P122,2026-01-08T17:37:00,2026-01-08T18:37:00,Thursday,False,False,clear,41.39,completed
B3752,U164,S1145,P123,2026-01-16T18:26:00,2026-01-16T18:56:00,Friday,False,False,clear,60.27,completed
B3753,U110,S1520,P132,2025-12-08T17:11:00,2025-12-08T19:11:00,Monday,False,False,clear,23.07,completed
B3754,U169,S1449,P130,2025-11-21T09:32:00,2025-11-21T10:32:00,Friday,False,False,cloudy,59.86,cancelled
B3755,U220,S1030,P120,2026-01-23T18:07:00,2026-01-23T20:07:00,Friday,False,False,clear,23.43,completed
B3756,U113,S1474,P131,2025-10-28T14:15:00,2025-10-28T14:45:00,Tuesday,False,False,clear,26.91,completed
B3757,U242,S176,P102,2025-12-13T16:40:00,2025-12-13T18:40:00,Saturday,True,False,clear,39.01,completed
B3758,U232,S769,P115,2025-12-17T19:36:00,2025-12-17T20:06:00,Wednesday,False,False,cloudy,25.49,cancelled
B3759,U275,S1491,P132,2025-11-27T21:53:00,2025-11-28T00:53:00,Thursday,False,False,cloudy,22.6,completed
B3760,U250,S1390,P128,2025-11-06T07:34:00,2025-11-06T10:34:00,Thursday,False,False,clear,36.86,completed
B3761,U263,S398,P106,2026-01-15T08:52:00,2026-01-15T09:52:00,Thursday,False,False,haze,46.45,completed
B3762,U108,S460,P107,2025-11-29T08:42:00,2025-11-29T09:42:00,Saturday,True,False,haze,52.43,completed
B3763,U144,S1439,P129,2025-11-03T21:18:00,2025-11-03T22:48:00,Monday,False,False,cloudy,16.61,completed
B3764,U107,S904,P117,2025-11-26T01:10:00,2025-11-26T02:40:00,Wednesday,False,False,clear,33.85,completed
B3765,U260,S1132,P123,2026-01-28T06:01:00,2026-01-28T07:01:00,Wednesday,False,False,rain,56.63,completed
B3766,U211,S1349,P127,2025-10-07T17:04:00,2025-10-07T19:04:00,Tuesday,False,False,clear,53.33,cancelled
B3767,U203,S658,P113,2025-11-03T19:11:00,2025-11-03T22:11:00,Monday,False,False,haze,27.47,completed
B3768,U135,S1106,P122,2026-01-16T07:48:00,2026-01-16T11:48:00,Friday,False,False,clear,42.9,completed
B3769,U128,S1417,P128,2025-11-12T07:12:00,2025-11-12T11:12:00,Wednesday,False,False,cloudy,36.87,completed
B3770,U295,S1129,P123,2026-01-22T11:46:00,2026-01-22T13:46:00,Thursday,False,False,clear,48.17,completed
B3771,U152,S164,P101,2025-12-03T14:43:00,2025-12-03T18:43:00,Wednesday,False,False,clear,20.2,completed
B3772,U244,S577,P110,2025-12-02T08:06:00,2025-12-02T08:36:00,Tuesday,False,False,rain,54.59,completed
B3773,U253,S581,P110,2025-11-16T08:07:00,2025-11-16T11:07:00,Sunday,True,False,clear,52.72,completed
B3774,U282,S610,P111,2025-10-29T17:13:00,2025-10-29T18:43:00,Wednesday,False,False,clear,53.36,completed
B3775,U102,S977,P119,2025-12-19T09:38:00,2025-12-19T11:38:00,Friday,False,False,cloudy,42.84,completed
B3776,U247,S159,P101,2025-12-02T18:21:00,2025-12-02T19:51:00,Tuesday,False,False,rain,27.22,completed
B3777,U147,S735,P114,2025-11-26T05:44:00,2025-11-26T07:14:00,Wednesday,False,False,clear,27.41,completed
B3778,U286,S497,P108,2026-01-20T16:43:00,2026-01-20T17:43:00,Tuesday,False,False,fog,23.62,completed
B3779,U166,S1020,P120,2026-01-25T09:55:00,2026-01-25T10:55:00,Sunday,True,False,rain,26.17,completed
B3780,U257,S1111,P123,2025-11-07T08:34:00,2025-11-07T11:34:00,Friday,False,False,clear,61.37,completed
B3781,U196,S879,P117,2025-11-20T15:00:00,2025-11-20T16:00:00,Thursday,False,False,clear,33.51,completed
B3782,U183,S1005,P119,2025-10-30T08:37:00,2025-10-30T12:37:00,Thursday,False,False,clear,41.63,completed
B3783,U153,S553,P110,2025-10-07T22:12:00,2025-10-07T23:42:00,Tuesday,False,False,cloudy,38.73,completed
B3784,U227,S924,P118,2026-01-27T21:31:00,2026-01-27T23:01:00,Tuesday,False,False,clear,22.78,completed
B3785,U256,S708,P113,2025-11-02T09:27:00,2025-11-02T10:27:00,Sunday,True,False,clear,29.73,completed
B3786,U106,S404,P106,2026-01-26T18:53:00,2026-01-26T19:23:00,Monday,False,True,rain,68.07,completed
B3787,U169,S248,P103,2026-01-28T09:00:00,2026-01-28T11:00:00,Wednesday,False,False,rain,30.55,completed
B3788,U137,S871,P116,2026-01-16T13:50:00,2026-01-16T15:50:00,Friday,False,False,cloudy,27.99,completed
B3789,U270,S1247,P125,2025-10-03T20:40:00,2025-10-03T23:40:00,Friday,False,False,clear,24.03,completed
B3790,U185,S459,P107,2026-01-12T09:17:00,2026-01-12T12:17:00,Monday,False,False,clear,46.04,completed
B3791,U139,S1025,P120,2026-01-08T10:56:00,2026-01-08T12:56:00,Thursday,False,False,cloudy,18.48,completed
B3792,U266,S1410,P128,2026-01-27T03:57:00,2026-01-27T05:27:00,Tuesday,False,False,clear,39.58,completed
B3793,U210,S537,P109,2026-01-10T09:16:00,2026-01-10T13:16:00,Saturday,True,False,clear,24.57,cancelled
B3794,U241,S544,P109,2025-12-18T15:06:00,2025-12-18T16:06:00,Thursday,False,False,clear,17.12,completed
B3795,U255,S691,P113,2025-12-09T07:36:00,2025-12-09T09:06:00,Tuesday,False,False,clear,21.32,completed
B3796,U179,S405,P106,2025-10-05T15:51:00,2025-10-05T16:51:00,Sunday,True,False,cloudy,48.49,completed
B3797,U175,S1466,P130,2025-10-11T08:49:00,2025-10-11T14:49:00,Saturday,True,False,clear,64.2,cancelled
B3798,U285,S1247,P125,2025-12-10T11:17:00,2025-12-10T12:17:00,Wednesday,False,False,clear,20.26,completed
B3799,U133,S547,P109,2025-11-02T20:33:00,2025-11-02T21:33:00,Sunday,True,False,clear,23.0,completed
B3800,U152,S1057,P121,2025-10-17T07:21:00,2025-10-17T11:21:00,Friday,False,False,cloudy,30.49,completed
B3801,U169,S1140,P123,2025-10-08T18:47:00,2025-10-08T19:47:00,Wednesday,False,False,clear,58.1,completed
B3802,U177,S1396,P128,2026-01-08T19:25:00,2026-01-08T20:25:00,Thursday,False,False,clear,43.57,completed
B3803,U222,S1361,P127,2026-01-27T08:39:00,2026-01-27T10:09:00,Tuesday,False,False,rain,63.54,completed
B3804,U177,S216,P102,2025-11-26T11:30:00,2025-11-26T15:30:00,Wednesday,False,False,clear,35.44,completed
B3805,U186,S434,P106,2025-10-06T18:02:00,2025-10-06T21:02:00,Monday,False,False,rain,53.43,completed
B3806,U203,S1027,P120,2026-01-27T19:55:00,2026-01-27T20:55:00,Tuesday,False,False,cloudy,22.29,completed
B3807,U299,S1169,P124,2025-11-27T13:20:00,2025-11-27T19:20:00,Thursday,False,False,clear,30.27,completed
B3808,U181,S976,P119,2026-01-11T21:18:00,2026-01-11T23:18:00,Sunday,True,False,clear,38.68,completed
B3809,U191,S1270,P126,2025-11-19T10:54:00,2025-11-19T12:24:00,Wednesday,False,False,rain,18.31,completed
B3810,U140,S160,P101,2025-11-17T08:55:00,2025-11-17T09:55:00,Monday,False,False,cloudy,25.42,completed
B3811,U221,S1450,P130,2025-10-17T07:53:00,2025-10-17T08:53:00,Friday,False,False,rain,55.96,completed
B3812,U236,S308,P104,2025-12-23T10:46:00,2025-12-23T12:16:00,Tuesday,False,False,rain,51.25,completed
B3813,U157,S464,P107,2025-11-29T15:40:00,2025-11-29T18:40:00,Saturday,True,False,cloudy,44.12,completed
B3814,U139,S461,P107,2025-10-24T05:49:00,2025-10-24T09:49:00,Friday,False,False,clear,38.33,completed
B3815,U261,S1484,P131,2025-10-17T08:07:00,2025-10-17T09:07:00,Friday,False,False,fog,30.7,completed
B3816,U167,S289,P104,2025-12-18T20:39:00,2025-12-18T22:09:00,Thursday,False,False,clear,56.26,completed
B3817,U220,S300,P104,2025-10-17T19:19:00,2025-10-17T20:19:00,Friday,False,False,cloudy,54.96,completed
B3818,U167,S583,P110,2025-11-09T08:05:00,2025-11-09T10:05:00,Sunday,True,False,clear,52.07,completed
B3819,U213,S1505,P132,2025-10-07T19:06:00,2025-10-07T20:06:00,Tuesday,False,False,clear,27.98,completed
B3820,U108,S567,P110,2025-11-12T20:21:00,2025-11-12T22:21:00,Wednesday,False,False,cloudy,45.97,completed
B3821,U282,S1020,P120,2025-10-30T12:53:00,2025-10-30T13:53:00,Thursday,False,False,rain,21.04,completed
B3822,U200,S667,P113,2025-10-10T09:43:00,2025-10-10T11:13:00,Friday,False,False,rain,27.43,completed
B3823,U204,S120,P101,2026-01-14T21:35:00,2026-01-14T23:05:00,Wednesday,False,True,clear,30.64,completed
B3824,U285,S527,P108,2026-01-10T19:10:00,2026-01-10T23:10:00,Saturday,True,False,fog,33.92,completed
B3825,U171,S841,P116,2025-10-22T09:06:00,2025-10-22T09:36:00,Wednesday,False,False,rain,35.4,completed
B3826,U158,S1473,P131,2026-01-14T11:59:00,2026-01-14T12:59:00,Wednesday,False,True,clear,35.34,completed
B3827,U184,S1435,P129,2025-10-31T15:34:00,2025-10-31T16:34:00,Friday,False,False,cloudy,17.45,completed
B3828,U191,S513,P108,2025-12-13T16:05:00,2025-12-13T17:35:00,Saturday,True,False,fog,27.3,completed
B3829,U127,S1475,P131,2025-11-09T17:38:00,2025-11-09T19:08:00,Sunday,True,False,clear,30.6,completed
B3830,U215,S901,P117,2025-11-12T09:30:00,2025-11-12T15:30:00,Wednesday,False,False,clear,44.14,completed
B3831,U131,S1444,P129,2025-10-14T21:05:00,2025-10-15T00:05:00,Tuesday,False,False,fog,16.35,completed
B3832,U155,S521,P108,2025-12-10T03:31:00,2025-12-10T05:31:00,Wednesday,False,False,fog,25.73,completed
B3833,U116,S178,P102,2025-12-08T14:22:00,2025-12-08T15:22:00,Monday,False,False,fog,34.81,completed
B3834,U195,S838,P116,2026-01-11T08:48:00,2026-01-11T10:48:00,Sunday,True,False,clear,35.87,completed
B3835,U151,S713,P113,2026-01-19T17:44:00,2026-01-19T19:44:00,Monday,False,False,cloudy,21.58,completed
B3836,U183,S991,P119,2025-11-21T17:35:00,2025-11-21T19:35:00,Friday,False,False,clear,34.7,completed
B3837,U126,S480,P107,2025-12-14T08:52:00,2025-12-14T09:22:00,Sunday,True,False,haze,56.72,completed
B3838,U260,S1188,P124,2025-12-13T20:03:00,2025-12-13T22:03:00,Saturday,True,False,cloudy,42.08,completed
B3839,U123,S1226,P125,2025-12-01T19:33:00,2025-12-01T21:33:00,Monday,False,False,clear,23.93,completed
B3840,U155,S1359,P127,2025-12-25T00:21:00,2025-12-25T01:21:00,Thursday,False,True,clear,75.17,completed
B3841,U192,S185,P102,2026-01-14T18:16:00,2026-01-14T19:46:00,Wednesday,False,True,clear,54.41,completed
B3842,U226,S530,P108,2025-12-08T04:59:00,2025-12-08T06:59:00,Monday,False,False,cloudy,24.57,completed
B3843,U132,S139,P101,2026-01-23T08:04:00,2026-01-23T10:04:00,Friday,False,False,fog,24.04,completed
B3844,U169,S1424,P129,2025-10-11T16:48:00,2025-10-11T17:48:00,Saturday,True,False,cloudy,19.16,completed
B3845,U276,S545,P109,2025-12-01T19:08:00,2025-12-01T20:38:00,Monday,False,False,cloudy,20.09,completed
B3846,U104,S1457,P130,2025-12-26T13:32:00,2025-12-26T15:32:00,Friday,False,False,haze,46.43,completed
B3847,U148,S613,P111,2026-01-03T10:02:00,2026-01-03T12:02:00,Saturday,True,False,clear,60.36,cancelled
B3848,U297,S737,P114,2025-11-15T08:16:00,2025-11-15T10:16:00,Saturday,True,False,cloudy,36.75,completed
B3849,U209,S1252,P125,2025-12-10T12:33:00,2025-12-10T13:33:00,Wednesday,False,False,haze,19.93,completed
B3850,U205,S652,P112,2026-01-22T15:13:00,2026-01-22T16:13:00,Thursday,False,False,rain,51.77,completed
B3851,U160,S1152,P123,2025-10-19T03:30:00,2025-10-19T05:30:00,Sunday,True,False,clear,59.2,completed
B3852,U229,S1096,P122,2026-01-10T08:57:00,2026-01-10T09:57:00,Saturday,True,False,fog,55.05,completed
B3853,U140,S539,P109,2025-11-09T12:53:00,2025-11-09T13:53:00,Sunday,True,False,rain,22.56,completed
B3854,U200,S1032,P120,2025-11-01T15:02:00,2025-11-01T16:32:00,Saturday,True,True,clear,29.5,completed
B3855,U217,S1479,P131,2025-12-30T09:43:00,2025-12-30T11:43:00,Tuesday,False,False,clear,31.08,completed
B3856,U246,S650,P112,2025-11-11T20:08:00,2025-11-11T23:08:00,Tuesday,False,False,clear,59.42,completed
B3857,U228,S879,P117,2025-10-28T08:43:00,2025-10-28T10:13:00,Tuesday,False,False,clear,41.79,completed
B3858,U203,S1059,P121,2025-10-17T12:02:00,2025-10-17T13:02:00,Friday,False,False,clear,28.36,completed
B3859,U299,S1148,P123,2025-11-27T07:50:00,2025-11-27T09:20:00,Thursday,False,False,clear,51.65,completed
B3860,U125,S1262,P126,2025-11-08T07:36:00,2025-11-08T09:36:00,Saturday,True,False,clear,19.68,completed
B3861,U178,S213,P102,2025-12-14T09:51:00,2025-12-14T10:21:00,Sunday,True,False,rain,50.81,completed
B3862,U183,S763,P115,2025-12-04T18:13:00,2025-12-04T20:13:00,Thursday,False,False,clear,25.04,completed
B3863,U107,S474,P107,2025-10-29T16:58:00,2025-10-29T20:58:00,Wednesday,False,False,clear,40.73,completed
B3864,U298,S1478,P131,2025-10-19T19:10:00,2025-10-19T21:10:00,Sunday,True,False,clear,36.55,completed
B3865,U171,S781,P115,2025-11-06T10:14:00,2025-11-06T13:14:00,Thursday,False,False,fog,19.42,completed
B3866,U181,S644,P112,2026-01-11T14:37:00,2026-01-11T15:37:00,Sunday,True,False,cloudy,52.81,completed
B3867,U249,S1336,P127,2025-12-09T01:48:00,2025-12-09T03:48:00,Tuesday,False,False,rain,57.82,completed
B3868,U289,S878,P117,2025-11-14T12:38:00,2025-11-14T13:08:00,Friday,False,False,clear,36.28,cancelled
B3869,U140,S367,P105,2025-10-27T09:07:00,2025-10-27T13:07:00,Monday,False,False,haze,25.04,completed
B3870,U144,S1156,P124,2026-01-14T22:15:00,2026-01-14T22:45:00,Wednesday,False,True,clear,40.47,completed
B3871,U228,S1044,P121,2025-12-21T18:26:00,2025-12-21T22:26:00,Sunday,True,False,clear,41.31,completed
B3872,U271,S1435,P129,2026-01-17T01:58:00,2026-01-17T03:58:00,Saturday,True,False,clear,18.82,completed
B3873,U210,S678,P113,2025-11-17T21:54:00,2025-11-17T22:54:00,Monday,False,False,fog,22.57,completed
B3874,U107,S1544,P132,2025-12-30T06:37:00,2025-12-30T08:37:00,Tuesday,False,False,rain,26.59,completed
B3875,U219,S987,P119,2025-12-08T00:18:00,2025-12-08T06:18:00,Monday,False,False,clear,34.14,completed
B3876,U291,S618,P111,2025-12-19T18:25:00,2025-12-19T20:25:00,Friday,False,False,clear,60.73,completed
B3877,U256,S664,P113,2025-10-19T19:05:00,2025-10-19T20:35:00,Sunday,True,False,clear,30.01,completed
B3878,U168,S207,P102,2025-10-08T01:51:00,2025-10-08T04:51:00,Wednesday,False,False,clear,35.54,completed
B3879,U132,S456,P107,2025-11-10T08:56:00,2025-11-10T09:56:00,Monday,False,False,clear,48.97,completed
B3880,U134,S531,P109,2025-10-20T23:55:00,2025-10-21T01:25:00,Monday,False,True,clear,24.76,completed
B3881,U243,S1366,P127,2025-10-01T17:10:00,2025-10-01T20:10:00,Wednesday,False,False,clear,52.9,completed
B3882,U244,S1078,P122,2026-01-02T21:20:00,2026-01-02T22:20:00,Friday,False,False,fog,41.56,completed
B3883,U248,S1512,P132,2025-12-16T14:33:00,2025-12-16T17:33:00,Tuesday,False,False,fog,23.32,completed
B3884,U169,S1481,P131,2025-12-06T08:04:00,2025-12-06T09:34:00,Saturday,True,False,clear,35.56,completed
B3885,U174,S1150,P123,2025-11-03T10:30:00,2025-11-03T11:00:00,Monday,False,False,rain,56.82,cancelled
B3886,U109,S533,P109,2025-10-15T14:29:00,2025-10-15T15:59:00,Wednesday,False,False,rain,18.93,completed
B3887,U263,S1407,P128,2025-12-06T05:16:00,2025-12-06T07:16:00,Saturday,True,False,clear,42.91,completed
B3888,U154,S375,P105,2025-10-31T23:17:00,2025-11-01T00:47:00,Friday,False,False,clear,21.31,completed
B3889,U265,S547,P109,2025-12-06T09:23:00,2025-12-06T09:53:00,Saturday,True,False,haze,24.63,completed
B3890,U188,S450,P107,2026-01-28T18:28:00,2026-01-29T00:28:00,Wednesday,False,False,clear,45.8,completed
B3891,U170,S757,P115,2026-01-17T07:40:00,2026-01-17T09:10:00,Saturday,True,False,rain,26.27,completed
B3892,U213,S1068,P122,2025-10-23T22:04:00,2025-10-24T00:04:00,Thursday,False,False,rain,45.27,completed
B3893,U226,S989,P119,2025-12-06T16:01:00,2025-12-06T17:31:00,Saturday,True,False,cloudy,38.48,completed
B3894,U178,S1115,P123,2025-10-20T01:29:00,2025-10-20T07:29:00,Monday,False,True,fog,69.13,completed
B3895,U278,S977,P119,2025-12-28T18:28:00,2025-12-28T20:28:00,Sunday,True,False,fog,48.3,completed
B3896,U215,S861,P116,2025-12-26T08:56:00,2025-12-26T10:26:00,Friday,False,False,clear,32.96,completed
B3897,U299,S1032,P120,2025-11-29T18:02:00,2025-11-29T18:32:00,Saturday,True,False,rain,28.39,completed
B3898,U256,S288,P104,2025-12-15T15:43:00,2025-12-15T17:13:00,Monday,False,False,clear,49.01,completed
B3899,U292,S1487,P131,2026-01-16T19:44:00,2026-01-16T22:44:00,Friday,False,False,clear,29.53,completed
B3900,U162,S169,P102,2025-11-23T08:03:00,2025-11-23T10:03:00,Sunday,True,False,rain,50.89,completed
B3901,U219,S1348,P127,2025-12-27T22:19:00,2025-12-27T22:49:00,Saturday,True,False,cloudy,60.71,cancelled
B3902,U186,S1070,P122,2025-11-23T12:28:00,2025-11-23T12:58:00,Sunday,True,False,rain,53.17,completed
B3903,U227,S743,P114,2025-10-17T09:46:00,2025-10-17T11:16:00,Friday,False,False,fog,34.65,completed
B3904,U249,S1109,P122,2025-12-15T16:22:00,2025-12-15T17:52:00,Monday,False,False,cloudy,43.16,completed
B3905,U243,S859,P116,2025-11-15T07:43:00,2025-11-15T10:43:00,Saturday,True,False,cloudy,30.5,completed
B3906,U243,S240,P103,2026-01-04T16:56:00,2026-01-04T17:26:00,Sunday,True,False,clear,28.25,completed
B3907,U241,S1337,P127,2025-10-24T20:07:00,2025-10-25T00:07:00,Friday,False,False,cloudy,62.85,completed
B3908,U113,S1475,P131,2026-01-19T16:31:00,2026-01-19T18:01:00,Monday,False,False,clear,24.76,completed
B3909,U289,S224,P103,2025-12-11T10:55:00,2025-12-11T11:55:00,Thursday,False,False,rain,25.59,completed
B3910,U213,S1552,P132,2025-10-03T21:59:00,2025-10-03T22:59:00,Friday,False,False,rain,24.77,completed
B3911,U151,S1138,P123,2025-10-22T12:48:00,2025-10-22T18:48:00,Wednesday,False,False,cloudy,52.23,completed
B3912,U296,S1027,P120,2026-01-18T06:45:00,2026-01-18T08:45:00,Sunday,True,False,rain,24.65,completed
B3913,U142,S277,P104,2025-10-01T20:22:00,2025-10-01T21:52:00,Wednesday,False,False,fog,58.72,completed
B3914,U259,S721,P113,2026-01-18T06:39:00,2026-01-18T08:09:00,Sunday,True,False,clear,24.0,completed
B3915,U241,S1221,P125,2025-12-21T20:23:00,2025-12-21T21:23:00,Sunday,True,False,clear,28.06,completed
B3916,U226,S1473,P131,2026-01-07T17:05:00,2026-01-07T23:05:00,Wednesday,False,False,clear,26.24,completed
B3917,U166,S1228,P125,2025-11-12T23:53:00,2025-11-13T01:53:00,Wednesday,False,False,fog,20.45,completed
B3918,U186,S1402,P128,2025-10-29T12:01:00,2025-10-29T13:01:00,Wednesday,False,False,clear,39.42,completed
B3919,U273,S522,P108,2025-12-03T16:40:00,2025-12-03T20:40:00,Wednesday,False,False,fog,23.65,completed
B3920,U268,S1198,P124,2025-12-28T06:57:00,2025-12-28T07:57:00,Sunday,True,False,clear,34.86,completed
B3921,U184,S1094,P122,2026-01-25T17:20:00,2026-01-25T20:20:00,Sunday,True,False,cloudy,49.4,completed
B3922,U165,S842,P116,2025-10-16T08:10:00,2025-10-16T08:40:00,Thursday,False,False,cloudy,32.32,completed
B3923,U242,S130,P101,2025-10-06T09:08:00,2025-10-06T12:08:00,Monday,False,False,clear,26.14,completed
B3924,U287,S269,P103,2025-12-22T00:49:00,2025-12-22T02:49:00,Monday,False,False,clear,23.2,completed
B3925,U202,S831,P116,2025-10-25T12:22:00,2025-10-25T16:22:00,Saturday,True,False,clear,31.42,completed
B3926,U109,S290,P104,2026-01-12T17:16:00,2026-01-12T23:16:00,Monday,False,False,clear,44.67,completed
B3927,U125,S641,P112,2025-11-08T08:48:00,2025-11-08T09:48:00,Saturday,True,False,clear,66.7,completed
B3928,U204,S1052,P121,2025-11-08T18:00:00,2025-11-08T18:30:00,Saturday,True,False,clear,40.76,completed
B3929,U112,S846,P116,2025-12-19T19:37:00,2025-12-19T22:37:00,Friday,False,False,fog,32.95,completed
B3930,U103,S1315,P126,2025-11-21T07:22:00,2025-11-21T09:22:00,Friday,False,False,clear,16.67,completed
B3931,U202,S498,P108,2025-11-26T21:04:00,2025-11-26T22:04:00,Wednesday,False,False,clear,23.43,completed
B3932,U225,S905,P117,2025-10-13T15:54:00,2025-10-13T17:54:00,Monday,False,False,clear,34.0,completed
B3933,U297,S741,P114,2025-12-26T17:24:00,2025-12-26T18:24:00,Friday,False,False,clear,29.15,completed
B3934,U133,S1125,P123,2025-12-29T08:14:00,2025-12-29T08:44:00,Monday,False,False,clear,58.95,completed
B3935,U235,S1031,P120,2025-11-28T18:14:00,2025-11-28T20:14:00,Friday,False,False,clear,21.83,completed
B3936,U275,S1014,P119,2025-12-22T08:34:00,2025-12-22T10:04:00,Monday,False,False,clear,42.93,completed
B3937,U228,S946,P118,2025-11-02T17:43:00,2025-11-02T18:43:00,Sunday,True,False,rain,27.61,completed
B3938,U239,S446,P107,2025-10-15T15:45:00,2025-10-15T17:45:00,Wednesday,False,False,clear,42.07,completed
B3939,U264,S1363,P127,2025-12-15T19:20:00,2025-12-15T21:20:00,Monday,False,False,clear,60.01,completed
B3940,U186,S399,P106,2025-10-27T16:03:00,2025-10-27T17:03:00,Monday,False,False,clear,41.23,completed
B3941,U167,S790,P115,2025-10-11T13:42:00,2025-10-11T15:12:00,Saturday,True,False,clear,23.65,completed
B3942,U208,S729,P114,2025-11-13T20:28:00,2025-11-13T20:58:00,Thursday,False,False,clear,35.93,completed
B3943,U127,S550,P110,2025-12-02T08:02:00,2025-12-02T10:02:00,Tuesday,False,False,rain,49.93,completed
B3944,U140,S1443,P129,2025-12-21T07:15:00,2025-12-21T09:15:00,Sunday,True,False,clear,19.73,completed
B3945,U296,S1452,P130,2026-01-21T13:03:00,2026-01-21T14:03:00,Wednesday,False,False,clear,50.97,completed
B3946,U113,S1492,P132,2025-11-11T16:06:00,2025-11-11T17:36:00,Tuesday,False,False,fog,23.25,completed
B3947,U265,S955,P118,2025-12-16T10:57:00,2025-12-16T12:57:00,Tuesday,False,False,clear,22.83,completed
B3948,U264,S389,P106,2025-12-23T10:39:00,2025-12-23T11:39:00,Tuesday,False,False,clear,38.76,completed
B3949,U189,S1251,P125,2025-12-30T21:06:00,2025-12-31T00:06:00,Tuesday,False,False,clear,19.38,completed
B3950,U133,S1244,P125,2026-01-27T18:31:00,2026-01-27T20:01:00,Tuesday,False,False,cloudy,23.72,completed
B3951,U250,S232,P103,2025-12-12T08:43:00,2025-12-12T10:13:00,Friday,False,False,clear,27.97,completed
B3952,U103,S1231,P125,2025-12-25T17:00:00,2025-12-25T19:00:00,Thursday,False,True,cloudy,29.23,completed
B3953,U180,S1401,P128,2025-12-29T18:10:00,2025-12-29T22:10:00,Monday,False,False,clear,46.48,completed
B3954,U240,S1021,P120,2025-12-20T23:57:00,2025-12-21T02:57:00,Saturday,True,False,rain,24.67,completed
B3955,U259,S1112,P123,2025-12-31T13:37:00,2025-12-31T17:37:00,Wednesday,False,False,clear,51.88,completed
B3956,U231,S1083,P122,2026-01-17T09:06:00,2026-01-17T10:06:00,Saturday,True,False,rain,62.45,completed
B3957,U222,S750,P114,2025-12-22T09:13:00,2025-12-22T10:43:00,Monday,False,False,clear,32.83,completed
B3958,U193,S1106,P122,2025-10-10T13:57:00,2025-10-10T14:57:00,Friday,False,False,clear,40.64,completed
B3959,U149,S1417,P128,2025-10-26T17:47:00,2025-10-26T19:17:00,Sunday,True,False,clear,43.17,completed
B3960,U241,S287,P104,2025-10-17T18:54:00,2025-10-17T20:54:00,Friday,False,False,haze,55.77,completed
B3961,U278,S1238,P125,2025-12-18T18:58:00,2025-12-18T20:28:00,Thursday,False,False,clear,24.97,completed
B3962,U173,S1462,P130,2025-11-07T18:53:00,2025-11-07T21:53:00,Friday,False,False,fog,57.98,completed
B3963,U101,S880,P117,2025-12-24T08:30:00,2025-12-24T10:30:00,Wednesday,False,False,clear,41.71,completed
B3964,U127,S1472,P130,2025-12-24T21:20:00,2025-12-24T22:20:00,Wednesday,False,False,clear,50.3,completed
B3965,U264,S531,P109,2025-11-09T02:16:00,2025-11-09T02:46:00,Sunday,True,False,rain,21.87,completed
B3966,U206,S916,P118,2025-10-27T09:27:00,2025-10-27T11:27:00,Monday,False,False,cloudy,27.5,completed
B3967,U173,S994,P119,2025-10-12T10:04:00,2025-10-12T11:04:00,Sunday,True,False,fog,37.87,completed
B3968,U131,S1258,P126,2026-01-17T17:12:00,2026-01-17T19:12:00,Saturday,True,False,haze,19.88,completed
B3969,U252,S952,P118,2025-11-07T14:45:00,2025-11-07T15:45:00,Friday,False,False,clear,21.82,completed
B3970,U130,S900,P117,2025-10-18T09:38:00,2025-10-18T10:38:00,Saturday,True,False,clear,49.8,completed
B3971,U255,S116,P101,2025-10-05T03:10:00,2025-10-05T07:10:00,Sunday,True,False,clear,23.51,completed
B3972,U283,S1049,P121,2025-10-01T06:23:00,2025-10-01T07:53:00,Wednesday,False,False,clear,31.25,completed
B3973,U189,S1437,P129,2026-01-16T13:41:00,2026-01-16T14:41:00,Friday,False,False,rain,18.47,completed
B3974,U293,S1423,P129,2025-11-26T08:36:00,2025-11-26T09:36:00,Wednesday,False,False,clear,20.82,completed
B3975,U151,S240,P103,2025-12-10T20:52:00,2025-12-10T23:52:00,Wednesday,False,False,clear,28.89,completed
B3976,U184,S739,P114,2026-01-22T20:47:00,2026-01-22T21:17:00,Thursday,False,False,haze,33.98,completed
B3977,U215,S403,P106,2025-10-05T23:12:00,2025-10-06T03:12:00,Sunday,True,False,clear,47.91,completed
B3978,U109,S1043,P121,2025-12-07T21:17:00,2025-12-07T21:47:00,Sunday,True,False,fog,33.25,cancelled
B3979,U218,S640,P112,2025-10-22T19:37:00,2025-10-22T23:37:00,Wednesday,False,False,clear,55.87,completed
B3980,U126,S939,P118,2025-12-26T12:23:00,2025-12-26T12:53:00,Friday,False,False,clear,23.79,completed
B3981,U201,S538,P109,2026-01-07T08:20:00,2026-01-07T09:50:00,Wednesday,False,False,rain,23.39,completed
B3982,U299,S636,P112,2025-10-09T08:52:00,2025-10-09T09:52:00,Thursday,False,False,clear,59.54,completed
B3983,U115,S303,P104,2026-01-17T10:33:00,2026-01-17T11:33:00,Saturday,True,False,clear,56.4,completed
B3984,U152,S229,P103,2026-01-11T08:43:00,2026-01-11T09:13:00,Sunday,True,False,rain,33.75,completed
B3985,U251,S1441,P129,2025-12-13T07:14:00,2025-12-13T08:14:00,Saturday,True,False,clear,18.82,completed
B3986,U229,S253,P103,2026-01-25T13:22:00,2026-01-25T14:52:00,Sunday,True,False,cloudy,28.51,completed
B3987,U153,S758,P115,2025-12-17T20:15:00,2025-12-18T00:15:00,Wednesday,False,False,clear,25.49,completed
B3988,U189,S883,P117,2025-12-19T08:10:00,2025-12-19T10:10:00,Friday,False,False,clear,40.75,completed
B3989,U229,S1145,P123,2025-12-16T06:05:00,2025-12-16T08:05:00,Tuesday,False,False,clear,51.75,completed
B3990,U127,S256,P103,2025-12-02T21:15:00,2025-12-03T00:15:00,Tuesday,False,False,fog,22.99,completed
B3991,U202,S1117,P123,2025-12-08T05:24:00,2025-12-08T09:24:00,Monday,False,False,rain,56.58,cancelled
B3992,U195,S1426,P129,2025-10-13T17:41:00,2025-10-13T18:41:00,Monday,False,False,clear,17.76,completed
B3993,U250,S354,P105,2025-12-08T18:55:00,2025-12-08T20:25:00,Monday,False,False,fog,24.39,completed
B3994,U208,S1059,P121,2026-01-22T07:01:00,2026-01-22T09:01:00,Thursday,False,False,rain,33.8,completed
B3995,U150,S1336,P127,2025-12-30T07:56:00,2025-12-30T08:56:00,Tuesday,False,False,clear,49.08,completed
B3996,U116,S1385,P128,2026-01-23T18:59:00,2026-01-23T20:29:00,Friday,False,False,rain,50.01,completed
B3997,U259,S187,P102,2025-11-08T08:33:00,2025-11-08T09:33:00,Saturday,True,False,clear,45.85,completed
B3998,U124,S1195,P124,2025-11-25T15:14:00,2025-11-25T16:14:00,Tuesday,False,False,clear,30.61,completed
B3999,U102,S1213,P124,2025-12-26T14:34:00,2025-12-26T20:34:00,Friday,False,False,clear,29.39,completed
B4000,U120,S177,P102,2025-12-29T00:38:00,2025-12-29T02:38:00,Monday,False,False,clear,34.68,completed
B4001,U205,S236,P103,2025-12-01T00:12:00,2025-12-01T02:12:00,Monday,False,False,clear,24.39,completed
B4002,U259,S173,P102,2026-01-05T12:39:00,2026-01-05T14:39:00,Monday,False,False,cloudy,34.92,completed
B4003,U195,S736,P114,2026-01-02T14:14:00,2026-01-02T15:44:00,Friday,False,False,clear,29.49,completed
B4004,U263,S1124,P123,2025-12-05T12:26:00,2025-12-05T18:26:00,Friday,False,False,clear,52.2,completed
B4005,U276,S260,P103,2025-12-02T20:14:00,2025-12-02T21:14:00,Tuesday,False,False,clear,29.82,completed
B4006,U140,S572,P110,2025-12-17T12:10:00,2025-12-17T18:10:00,Wednesday,False,False,cloudy,38.46,completed
B4007,U213,S390,P106,2025-11-11T13:50:00,2025-11-11T14:50:00,Tuesday,False,False,cloudy,42.27,completed
B4008,U227,S1366,P127,2025-10-12T20:32:00,2025-10-12T23:32:00,Sunday,True,False,cloudy,65.98,completed
B4009,U180,S527,P108,2025-11-25T10:15:00,2025-11-25T11:45:00,Tuesday,False,False,clear,23.6,cancelled
B4010,U207,S1483,P131,2025-12-06T19:23:00,2025-12-06T20:23:00,Saturday,True,False,haze,35.59,completed
B4011,U252,S1433,P129,2025-12-24T06:27:00,2025-12-24T07:27:00,Wednesday,False,False,clear,16.41,completed
B4012,U275,S690,P113,2025-12-22T06:37:00,2025-12-22T09:37:00,Monday,False,False,cloudy,22.52,completed
B4013,U218,S1082,P122,2025-11-04T20:04:00,2025-11-05T02:04:00,Tuesday,False,False,fog,47.63,completed
B4014,U128,S1182,P124,2025-12-08T09:57:00,2025-12-08T11:57:00,Monday,False,False,clear,34.74,completed
B4015,U115,S1064,P121,2026-01-26T19:49:00,2026-01-27T01:49:00,Monday,False,True,rain,53.23,completed
B4016,U227,S856,P116,2025-10-06T17:04:00,2025-10-06T18:04:00,Monday,False,False,clear,25.95,completed
B4017,U154,S1355,P127,2025-10-22T21:08:00,2025-10-22T23:08:00,Wednesday,False,False,clear,49.06,completed
B4018,U158,S1146,P123,2025-11-15T19:59:00,2025-11-15T20:59:00,Saturday,True,False,clear,67.6,completed
B4019,U130,S362,P105,2025-12-27T17:43:00,2025-12-27T19:13:00,Saturday,True,False,clear,24.51,completed
B4020,U280,S1482,P131,2025-11-08T13:02:00,2025-11-08T14:02:00,Saturday,True,False,clear,29.08,completed
B4021,U177,S1448,P129,2025-12-17T17:16:00,2025-12-17T18:46:00,Wednesday,False,False,cloudy,16.89,completed
B4022,U145,S823,P115,2026-01-05T21:09:00,2026-01-05T22:09:00,Monday,False,False,clear,20.12,completed
B4023,U121,S854,P116,2025-12-23T18:11:00,2025-12-23T19:41:00,Tuesday,False,False,clear,32.07,completed
B4024,U105,S539,P109,2025-12-17T18:52:00,2025-12-17T20:22:00,Wednesday,False,False,clear,21.08,completed
B4025,U273,S1087,P122,2026-01-19T21:57:00,2026-01-19T23:57:00,Monday,False,False,clear,42.67,completed
B4026,U177,S412,P106,2025-12-10T21:53:00,2025-12-10T22:23:00,Wednesday,False,False,clear,42.45,completed
B4027,U126,S584,P110,2025-12-18T16:42:00,2025-12-18T18:12:00,Thursday,False,False,clear,39.41,completed
B4028,U128,S676,P113,2025-12-26T17:48:00,2025-12-26T18:48:00,Friday,False,False,clear,22.09,completed
B4029,U273,S122,P101,2025-10-24T13:08:00,2025-10-24T15:08:00,Friday,False,False,rain,23.25,completed
B4030,U140,S1348,P127,2025-10-25T06:08:00,2025-10-25T07:08:00,Saturday,True,False,clear,59.71,completed
B4031,U274,S1484,P131,2025-10-31T18:55:00,2025-10-31T20:55:00,Friday,False,False,clear,30.48,completed
B4032,U166,S532,P109,2026-01-11T20:06:00,2026-01-11T21:36:00,Sunday,True,False,clear,22.84,completed
B4033,U245,S211,P102,2025-10-29T17:32:00,2025-10-29T18:32:00,Wednesday,False,False,clear,32.97,completed
B4034,U224,S347,P105,2025-11-16T04:37:00,2025-11-16T06:07:00,Sunday,True,False,clear,25.28,completed
B4035,U169,S1247,P125,2025-12-11T11:59:00,2025-12-11T12:29:00,Thursday,False,False,clear,19.88,completed
B4036,U228,S543,P109,2025-12-19T20:16:00,2025-12-19T22:16:00,Friday,False,False,clear,20.94,completed
B4037,U102,S873,P116,2025-11-20T10:45:00,2025-11-20T12:15:00,Thursday,False,False,clear,28.1,completed
B4038,U162,S515,P108,2025-12-05T09:12:00,2025-12-05T13:12:00,Friday,False,False,cloudy,29.48,completed
B4039,U125,S489,P107,2026-01-19T03:19:00,2026-01-19T04:49:00,Monday,False,False,cloudy,40.16,completed
B4040,U146,S361,P105,2025-11-22T09:24:00,2025-11-22T10:54:00,Saturday,True,False,clear,29.15,completed
B4041,U167,S1360,P127,2026-01-08T17:53:00,2026-01-08T19:53:00,Thursday,False,False,cloudy,53.0,completed
B4042,U181,S1385,P128,2025-12-04T09:09:00,2025-12-04T09:39:00,Thursday,False,False,clear,45.13,completed
B4043,U271,S1484,P131,2025-11-06T10:59:00,2025-11-06T13:59:00,Thursday,False,False,clear,24.77,completed
B4044,U195,S650,P112,2025-10-12T10:27:00,2025-10-12T11:27:00,Sunday,True,False,clear,53.94,completed
B4045,U290,S395,P106,2025-10-15T13:39:00,2025-10-15T16:39:00,Wednesday,False,False,clear,42.08,completed
B4046,U101,S1211,P124,2025-10-06T22:28:00,2025-10-06T22:58:00,Monday,False,False,rain,32.18,completed
B4047,U283,S1055,P121,2025-11-03T15:25:00,2025-11-03T16:55:00,Monday,False,False,clear,30.04,completed
B4048,U216,S918,P118,2025-12-14T09:53:00,2025-12-14T12:53:00,Sunday,True,False,clear,31.16,completed
B4049,U212,S1035,P120,2025-10-19T09:29:00,2025-10-19T10:29:00,Sunday,True,False,clear,25.1,completed
B4050,U105,S328,P104,2025-12-04T13:45:00,2025-12-04T14:45:00,Thursday,False,False,cloudy,47.94,cancelled
B4051,U251,S1053,P121,2026-01-19T21:39:00,2026-01-19T23:09:00,Monday,False,False,rain,33.33,completed
B4052,U247,S636,P112,2025-11-29T17:28:00,2025-11-29T18:58:00,Saturday,True,False,haze,52.66,completed
B4053,U220,S739,P114,2025-11-19T18:59:00,2025-11-19T20:59:00,Wednesday,False,False,cloudy,34.22,completed
B4054,U274,S946,P118,2026-01-08T07:42:00,2026-01-08T08:42:00,Thursday,False,False,clear,22.09,completed
B4055,U245,S1129,P123,2025-10-27T02:07:00,2025-10-27T05:07:00,Monday,False,False,clear,48.85,completed
B4056,U156,S512,P108,2025-11-20T20:49:00,2025-11-20T21:49:00,Thursday,False,False,clear,30.21,completed
B4057,U213,S1544,P132,2025-10-04T20:27:00,2025-10-04T21:57:00,Saturday,True,False,clear,30.77,completed
B4058,U279,S609,P111,2026-01-02T20:17:00,2026-01-02T21:17:00,Friday,False,False,clear,63.99,completed
B4059,U183,S457,P107,2025-12-16T17:11:00,2025-12-16T18:41:00,Tuesday,False,False,clear,38.57,completed
B4060,U285,S924,P118,2025-10-04T09:07:00,2025-10-04T12:07:00,Saturday,True,False,haze,31.69,completed
B4061,U195,S743,P114,2025-12-05T13:12:00,2025-12-05T13:42:00,Friday,False,False,rain,32.11,completed
B4062,U170,S592,P111,2025-10-30T20:47:00,2025-10-31T00:47:00,Thursday,False,False,clear,60.95,completed
B4063,U119,S252,P103,2025-11-12T20:15:00,2025-11-12T21:15:00,Wednesday,False,False,clear,27.53,completed
B4064,U286,S653,P113,2025-12-13T18:18:00,2025-12-13T20:18:00,Saturday,True,False,clear,30.93,completed
B4065,U250,S190,P102,2025-12-26T09:21:00,2025-12-26T10:51:00,Friday,False,False,clear,42.78,completed
B4066,U163,S1009,P119,2025-12-11T21:12:00,2025-12-11T22:42:00,Thursday,False,False,rain,38.96,completed
B4067,U145,S1439,P129,2025-11-16T13:49:00,2025-11-16T15:49:00,Sunday,True,False,rain,20.99,completed
B4068,U295,S1458,P130,2025-12-25T19:48:00,2025-12-25T21:48:00,Thursday,False,True,clear,75.71,completed
B4069,U166,S522,P108,2025-10-27T21:58:00,2025-10-27T23:58:00,Monday,False,False,fog,25.85,completed
B4070,U238,S1521,P132,2025-12-06T11:30:00,2025-12-06T13:00:00,Saturday,True,False,clear,25.33,completed
B4071,U227,S539,P109,2025-11-30T17:32:00,2025-11-30T18:32:00,Sunday,True,False,clear,19.77,completed
B4072,U154,S516,P108,2025-10-25T19:43:00,2025-10-26T01:43:00,Saturday,True,False,rain,34.87,completed
B4073,U187,S760,P115,2025-11-13T07:50:00,2025-11-13T08:50:00,Thursday,False,False,rain,22.85,completed
B4074,U138,S623,P111,2025-12-03T19:26:00,2025-12-03T20:26:00,Wednesday,False,False,clear,60.18,completed
B4075,U201,S964,P118,2026-01-05T07:32:00,2026-01-05T08:32:00,Monday,False,False,rain,24.4,cancelled
B4076,U234,S384,P105,2026-01-20T18:19:00,2026-01-20T19:19:00,Tuesday,False,False,clear,25.83,completed
B4077,U166,S1042,P121,2025-12-04T14:35:00,2025-12-04T16:05:00,Thursday,False,False,rain,33.36,completed
B4078,U272,S488,P107,2025-12-08T07:51:00,2025-12-08T10:51:00,Monday,False,False,clear,38.4,completed
B4079,U117,S1047,P121,2025-12-21T14:28:00,2025-12-21T15:28:00,Sunday,True,False,clear,32.91,completed
B4080,U108,S258,P103,2025-12-26T03:04:00,2025-12-26T05:04:00,Friday,False,False,cloudy,23.17,completed
B4081,U186,S132,P101,2026-01-19T20:48:00,2026-01-19T21:48:00,Monday,False,False,haze,24.18,completed
B4082,U121,S1234,P125,2026-01-09T20:24:00,2026-01-09T21:54:00,Friday,False,False,clear,22.93,completed
B4083,U217,S686,P113,2026-01-08T13:59:00,2026-01-08T14:59:00,Thursday,False,False,fog,22.71,cancelled
B4084,U237,S579,P110,2025-11-15T13:55:00,2025-11-15T14:55:00,Saturday,True,False,clear,46.0,completed
B4085,U112,S1524,P132,2026-01-14T13:13:00,2026-01-14T14:13:00,Wednesday,False,True,clear,32.69,completed
B4086,U220,S664,P113,2025-11-03T21:45:00,2025-11-04T00:45:00,Monday,False,False,clear,20.95,completed
B4087,U193,S726,P114,2025-12-24T14:12:00,2025-12-24T15:12:00,Wednesday,False,False,rain,29.9,completed
B4088,U117,S370,P105,2025-10-23T10:45:00,2025-10-23T11:15:00,Thursday,False,False,clear,21.31,completed
B4089,U283,S748,P114,2025-11-10T17:58:00,2025-11-10T18:58:00,Monday,False,False,clear,28.61,completed
B4090,U234,S244,P103,2026-01-09T05:54:00,2026-01-09T07:54:00,Friday,False,False,haze,24.53,completed
B4091,U101,S894,P117,2025-12-06T07:42:00,2025-12-06T11:42:00,Saturday,True,False,clear,39.78,completed
B4092,U196,S868,P116,2025-11-05T06:03:00,2025-11-05T07:33:00,Wednesday,False,False,cloudy,25.72,completed
B4093,U103,S1481,P131,2025-11-09T19:46:00,2025-11-09T20:16:00,Sunday,True,False,cloudy,35.97,completed
B4094,U216,S641,P112,2025-11-18T03:58:00,2025-11-18T05:58:00,Tuesday,False,False,rain,54.87,completed
B4095,U282,S1015,P119,2025-10-20T14:47:00,2025-10-20T18:47:00,Monday,False,True,rain,52.73,completed
B4096,U170,S1538,P132,2025-11-16T08:17:00,2025-11-16T09:47:00,Sunday,True,False,rain,33.03,completed
B4097,U114,S1145,P123,2025-12-11T07:19:00,2025-12-11T10:19:00,Thursday,False,False,clear,51.25,completed
B4098,U106,S979,P119,2025-12-17T08:19:00,2025-12-17T09:19:00,Wednesday,False,False,rain,43.04,completed
B4099,U177,S512,P108,2026-01-13T06:37:00,2026-01-13T12:37:00,Tuesday,False,False,rain,26.53,cancelled
B4100,U206,S1433,P129,2025-11-03T19:01:00,2025-11-03T20:31:00,Monday,False,False,clear,20.1,completed
B4101,U283,S1374,P128,2025-11-15T17:07:00,2025-11-15T18:37:00,Saturday,True,False,fog,45.33,completed
B4102,U136,S1459,P130,2025-11-12T20:37:00,2025-11-12T22:37:00,Wednesday,False,False,clear,60.06,cancelled
B4103,U228,S516,P108,2025-10-06T13:41:00,2025-10-06T15:41:00,Monday,False,False,clear,25.06,completed
B4104,U142,S1270,P126,2025-11-11T17:00:00,2025-11-11T18:00:00,Tuesday,False,False,clear,16.75,completed
B4105,U286,S1486,P131,2025-10-26T02:06:00,2025-10-26T02:36:00,Sunday,True,False,cloudy,28.7,completed
B4106,U222,S1347,P127,2025-11-09T07:01:00,2025-11-09T09:01:00,Sunday,True,False,clear,58.49,completed
B4107,U158,S990,P119,2025-10-17T19:58:00,2025-10-17T20:58:00,Friday,False,False,cloudy,40.98,completed
B4108,U249,S739,P114,2026-01-01T10:25:00,2026-01-01T11:55:00,Thursday,False,False,fog,29.06,completed
B4109,U121,S1049,P121,2025-10-13T10:38:00,2025-10-13T12:38:00,Monday,False,False,clear,29.21,completed
B4110,U260,S1054,P121,2026-01-06T21:50:00,2026-01-06T22:50:00,Tuesday,False,False,clear,30.69,completed
B4111,U270,S1436,P129,2025-11-04T13:48:00,2025-11-04T14:18:00,Tuesday,False,False,cloudy,17.51,completed
B4112,U180,S904,P117,2025-10-05T08:24:00,2025-10-05T10:24:00,Sunday,True,False,clear,47.25,completed
B4113,U149,S968,P118,2025-10-14T22:05:00,2025-10-14T23:05:00,Tuesday,False,False,clear,22.98,completed
B4114,U288,S794,P115,2025-10-17T07:40:00,2025-10-17T09:40:00,Friday,False,False,haze,20.61,cancelled
B4115,U146,S237,P103,2025-10-29T14:29:00,2025-10-29T20:29:00,Wednesday,False,False,clear,24.99,completed
B4116,U173,S1346,P127,2025-12-26T11:06:00,2025-12-26T12:36:00,Friday,False,False,clear,53.53,completed
B4117,U250,S625,P111,2025-10-15T11:48:00,2025-10-15T15:48:00,Wednesday,False,False,clear,51.0,completed
B4118,U112,S515,P108,2025-10-23T16:16:00,2025-10-23T17:46:00,Thursday,False,False,rain,27.46,completed
B4119,U296,S213,P102,2025-10-02T19:24:00,2025-10-03T01:24:00,Thursday,False,False,rain,44.04,completed
B4120,U235,S1225,P125,2025-11-25T18:30:00,2025-11-25T19:30:00,Tuesday,False,False,clear,24.57,cancelled
B4121,U218,S1089,P122,2025-12-30T07:34:00,2025-12-30T10:34:00,Tuesday,False,False,haze,41.29,completed
B4122,U257,S380,P105,2025-12-10T08:10:00,2025-12-10T11:10:00,Wednesday,False,False,clear,26.66,completed
B4123,U119,S737,P114,2026-01-04T06:22:00,2026-01-04T07:22:00,Sunday,True,False,cloudy,33.36,completed
B4124,U119,S673,P113,2026-01-19T12:22:00,2026-01-19T13:22:00,Monday,False,False,clear,21.77,completed
B4125,U253,S1283,P126,2025-11-27T14:38:00,2025-11-27T15:38:00,Thursday,False,False,cloudy,16.67,completed
B4126,U261,S614,P111,2026-01-25T15:27:00,2026-01-25T16:27:00,Sunday,True,False,haze,57.32,completed
B4127,U241,S1345,P127,2026-01-13T09:31:00,2026-01-13T11:31:00,Tuesday,False,False,clear,60.86,completed
B4128,U289,S828,P116,2025-11-07T17:13:00,2025-11-07T18:43:00,Friday,False,False,fog,26.04,completed
B4129,U207,S215,P102,2025-12-21T12:48:00,2025-12-21T16:48:00,Sunday,True,False,clear,38.65,completed
B4130,U118,S475,P107,2025-11-27T19:52:00,2025-11-27T20:52:00,Thursday,False,False,clear,48.34,completed
B4131,U178,S1493,P132,2025-11-04T13:39:00,2025-11-04T15:09:00,Tuesday,False,False,fog,24.09,completed
B4132,U122,S992,P119,2026-01-22T21:42:00,2026-01-23T00:42:00,Thursday,False,False,cloudy,35.53,completed
B4133,U132,S782,P115,2025-12-31T17:43:00,2025-12-31T21:43:00,Wednesday,False,False,cloudy,20.54,completed
B4134,U263,S921,P118,2025-12-29T15:04:00,2025-12-29T16:04:00,Monday,False,False,clear,23.98,completed
B4135,U167,S1270,P126,2025-12-23T15:38:00,2025-12-23T16:38:00,Tuesday,False,False,fog,16.71,completed
B4136,U202,S916,P118,2025-11-07T17:20:00,2025-11-07T19:20:00,Friday,False,False,clear,22.95,completed
B4137,U160,S371,P105,2025-12-07T14:15:00,2025-12-07T15:45:00,Sunday,True,False,cloudy,25.34,completed
B4138,U287,S1333,P127,2025-12-29T18:53:00,2025-12-29T19:53:00,Monday,False,False,clear,58.8,completed
B4139,U262,S554,P110,2025-12-31T23:55:00,2026-01-01T00:55:00,Wednesday,False,False,clear,40.81,completed
B4140,U259,S1278,P126,2026-01-21T07:25:00,2026-01-21T13:25:00,Wednesday,False,False,fog,17.4,completed
B4141,U182,S1030,P120,2025-11-17T07:58:00,2025-11-17T09:28:00,Monday,False,False,clear,19.54,completed
B4142,U156,S186,P102,2025-10-29T12:40:00,2025-10-29T14:10:00,Wednesday,False,False,clear,33.07,completed
B4143,U274,S1455,P130,2025-11-13T19:36:00,2025-11-13T20:06:00,Thursday,False,False,rain,61.14,completed
B4144,U254,S895,P117,2025-12-19T15:31:00,2025-12-19T16:31:00,Friday,False,False,clear,33.56,completed
B4145,U253,S1479,P131,2025-12-22T08:44:00,2025-12-22T10:44:00,Monday,False,False,clear,31.19,completed
B4146,U106,S1372,P128,2025-10-05T16:25:00,2025-10-05T18:25:00,Sunday,True,False,rain,48.07,completed
B4147,U114,S1349,P127,2025-12-08T12:33:00,2025-12-08T14:03:00,Monday,False,False,clear,51.32,completed
B4148,U278,S1017,P119,2026-01-23T12:27:00,2026-01-23T13:27:00,Friday,False,False,rain,38.74,completed
B4149,U189,S852,P116,2026-01-15T20:07:00,2026-01-15T22:07:00,Thursday,False,False,cloudy,30.89,completed
B4150,U208,S1538,P132,2025-12-03T10:39:00,2025-12-03T14:39:00,Wednesday,False,False,clear,24.08,completed
B4151,U213,S471,P107,2026-01-06T15:50:00,2026-01-06T19:50:00,Tuesday,False,False,clear,40.76,completed
B4152,U199,S192,P102,2025-10-04T07:52:00,2025-10-04T11:52:00,Saturday,True,False,rain,44.04,completed
B4153,U120,S808,P115,2025-12-13T23:18:00,2025-12-14T01:18:00,Saturday,True,False,clear,24.31,completed
B4154,U172,S1482,P131,2026-01-20T15:00:00,2026-01-20T17:00:00,Tuesday,False,False,clear,24.58,completed
B4155,U116,S1030,P120,2025-10-20T17:45:00,2025-10-20T18:45:00,Monday,False,True,clear,26.82,completed
B4156,U174,S392,P106,2025-11-30T19:07:00,2025-11-30T22:07:00,Sunday,True,False,rain,58.55,completed
B4157,U286,S604,P111,2026-01-22T11:30:00,2026-01-22T12:30:00,Thursday,False,False,cloudy,53.56,completed
B4158,U116,S833,P116,2025-11-22T11:18:00,2025-11-22T12:18:00,Saturday,True,False,fog,31.49,completed
B4159,U272,S1314,P126,2026-01-20T07:48:00,2026-01-20T08:48:00,Tuesday,False,False,cloudy,16.02,completed
B4160,U218,S758,P115,2026-01-01T12:09:00,2026-01-01T15:09:00,Thursday,False,False,fog,20.39,completed
B4161,U242,S1520,P132,2025-10-22T16:03:00,2025-10-22T19:03:00,Wednesday,False,False,clear,22.82,completed
B4162,U205,S1030,P120,2025-10-01T18:14:00,2025-10-01T18:44:00,Wednesday,False,False,clear,23.27,completed
B4163,U234,S238,P103,2025-10-28T20:48:00,2025-10-28T21:18:00,Tuesday,False,False,haze,27.67,completed
B4164,U252,S1332,P127,2025-11-01T13:52:00,2025-11-01T15:22:00,Saturday,True,True,cloudy,80.21,completed
B4165,U174,S750,P114,2025-11-20T17:03:00,2025-11-20T21:03:00,Thursday,False,False,fog,29.07,completed
B4166,U188,S1557,P132,2025-10-26T21:27:00,2025-10-26T23:27:00,Sunday,True,False,clear,25.36,completed
B4167,U127,S1061,P121,2026-01-21T05:40:00,2026-01-21T06:40:00,Wednesday,False,False,clear,30.19,completed
B4168,U246,S1055,P121,2025-10-02T03:12:00,2025-10-02T05:12:00,Thursday,False,False,fog,29.2,completed
B4169,U117,S1481,P131,2025-11-26T08:31:00,2025-11-26T10:31:00,Wednesday,False,False,clear,32.23,completed
B4170,U182,S392,P106,2026-01-28T18:05:00,2026-01-28T19:05:00,Wednesday,False,False,cloudy,47.7,completed
B4171,U145,S363,P105,2025-11-05T08:21:00,2025-11-05T08:51:00,Wednesday,False,False,clear,26.23,completed
B4172,U272,S121,P101,2025-11-16T23:47:00,2025-11-17T03:47:00,Sunday,True,False,clear,23.82,completed
B4173,U197,S504,P108,2025-10-17T01:08:00,2025-10-17T02:38:00,Friday,False,False,haze,25.55,completed
B4174,U289,S1426,P129,2026-01-25T08:16:00,2026-01-25T09:46:00,Sunday,True,False,clear,23.88,completed
B4175,U281,S1398,P128,2026-01-18T18:27:00,2026-01-18T19:57:00,Sunday,True,False,clear,50.89,completed
B4176,U176,S1505,P132,2025-11-26T18:26:00,2025-11-26T21:26:00,Wednesday,False,False,rain,29.79,completed
B4177,U104,S1357,P127,2025-10-07T07:16:00,2025-10-07T07:46:00,Tuesday,False,False,clear,49.38,cancelled
B4178,U193,S980,P119,2025-10-14T17:09:00,2025-10-14T20:09:00,Tuesday,False,False,rain,38.78,completed
B4179,U107,S1019,P119,2025-12-03T23:43:00,2025-12-04T05:43:00,Wednesday,False,False,rain,37.01,completed
B4180,U266,S972,P118,2026-01-21T07:08:00,2026-01-21T11:08:00,Wednesday,False,False,clear,22.04,completed
B4181,U116,S1174,P124,2025-11-02T14:20:00,2025-11-02T16:20:00,Sunday,True,False,cloudy,34.74,completed
B4182,U152,S1006,P119,2026-01-18T15:47:00,2026-01-18T18:47:00,Sunday,True,False,haze,37.96,completed
B4183,U153,S745,P114,2025-11-22T16:51:00,2025-11-22T17:51:00,Saturday,True,False,cloudy,34.43,completed
B4184,U204,S1219,P124,2025-12-11T19:56:00,2025-12-11T23:56:00,Thursday,False,False,clear,35.48,completed
B4185,U123,S890,P117,2025-10-05T08:13:00,2025-10-05T11:13:00,Sunday,True,False,fog,49.1,completed
B4186,U176,S736,P114,2026-01-06T19:58:00,2026-01-06T21:58:00,Tuesday,False,False,clear,33.06,completed
B4187,U207,S536,P109,2025-10-07T13:09:00,2025-10-07T16:09:00,Tuesday,False,False,cloudy,17.04,completed
B4188,U251,S1473,P131,2025-11-26T17:54:00,2025-11-26T18:54:00,Wednesday,False,False,clear,26.84,completed
B4189,U205,S1343,P127,2025-12-27T18:35:00,2025-12-27T20:05:00,Saturday,True,False,clear,68.61,completed
B4190,U290,S1474,P131,2025-12-08T14:00:00,2025-12-08T17:00:00,Monday,False,False,clear,27.05,completed
B4191,U219,S1026,P120,2025-11-03T06:53:00,2025-11-03T12:53:00,Monday,False,False,haze,18.14,completed
B4192,U192,S477,P107,2026-01-28T18:02:00,2026-01-28T22:02:00,Wednesday,False,False,cloudy,50.36,completed
B4193,U249,S1073,P122,2026-01-09T08:49:00,2026-01-09T09:49:00,Friday,False,False,rain,51.68,completed
B4194,U178,S1468,P130,2025-11-21T13:34:00,2025-11-21T14:34:00,Friday,False,False,clear,48.52,completed
B4195,U288,S361,P105,2025-12-11T18:34:00,2025-12-11T20:04:00,Thursday,False,False,cloudy,25.08,cancelled
B4196,U108,S795,P115,2025-12-23T17:39:00,2025-12-23T18:39:00,Tuesday,False,False,cloudy,19.33,completed
B4197,U156,S125,P101,2025-10-22T18:56:00,2025-10-22T19:56:00,Wednesday,False,False,clear,25.18,completed
B4198,U256,S1000,P119,2025-10-11T07:35:00,2025-10-11T08:35:00,Saturday,True,False,clear,41.41,completed
B4199,U300,S1031,P120,2026-01-05T08:30:00,2026-01-05T11:30:00,Monday,False,False,clear,22.49,cancelled
B4200,U174,S1286,P126,2025-10-04T09:38:00,2025-10-04T10:08:00,Saturday,True,False,clear,21.76,completed
B4201,U147,S662,P113,2026-01-06T16:58:00,2026-01-06T19:58:00,Tuesday,False,False,cloudy,20.8,completed
B4202,U227,S554,P110,2026-01-01T13:45:00,2026-01-01T15:45:00,Thursday,False,False,haze,39.5,completed
B4203,U283,S734,P114,2025-11-05T03:37:00,2025-11-05T04:07:00,Wednesday,False,False,clear,29.42,completed
B4204,U171,S893,P117,2025-12-22T01:07:00,2025-12-22T05:07:00,Monday,False,False,cloudy,34.39,completed
B4205,U129,S547,P109,2025-10-16T19:34:00,2025-10-16T21:34:00,Thursday,False,False,rain,21.87,completed
B4206,U254,S1241,P125,2026-01-19T14:33:00,2026-01-19T16:03:00,Monday,False,False,clear,20.39,completed
B4207,U248,S966,P118,2025-10-20T07:57:00,2025-10-20T08:57:00,Monday,False,True,clear,32.88,completed
B4208,U216,S591,P111,2025-11-21T19:27:00,2025-11-21T20:27:00,Friday,False,False,clear,59.11,completed
B4209,U131,S728,P114,2025-10-31T23:41:00,2025-11-01T00:11:00,Friday,False,False,cloudy,29.61,completed
B4210,U245,S557,P110,2025-10-13T01:23:00,2025-10-13T02:53:00,Monday,False,False,clear,39.18,completed
B4211,U143,S1486,P131,2026-01-01T09:41:00,2026-01-01T11:11:00,Thursday,False,False,clear,30.08,completed
B4212,U180,S1043,P121,2025-12-06T20:49:00,2025-12-06T22:19:00,Saturday,True,False,rain,43.05,completed
B4213,U109,S547,P109,2025-12-30T07:58:00,2025-12-30T10:58:00,Tuesday,False,False,cloudy,17.74,completed
B4214,U217,S1409,P128,2025-10-30T09:52:00,2025-10-30T10:52:00,Thursday,False,False,clear,45.02,completed
B4215,U148,S1050,P121,2025-12-20T07:00:00,2025-12-20T13:00:00,Saturday,True,False,fog,33.45,completed
B4216,U174,S509,P108,2025-12-01T09:01:00,2025-12-01T10:31:00,Monday,False,False,clear,29.73,completed
B4217,U142,S1302,P126,2026-01-21T18:04:00,2026-01-21T21:04:00,Wednesday,False,False,fog,19.44,completed
B4218,U169,S1250,P125,2025-10-01T10:47:00,2025-10-01T12:17:00,Wednesday,False,False,cloudy,20.76,completed
B4219,U251,S1036,P120,2025-11-09T11:53:00,2025-11-09T13:23:00,Sunday,True,False,rain,23.0,completed
B4220,U204,S442,P106,2026-01-10T17:30:00,2026-01-10T18:00:00,Saturday,True,False,fog,48.46,completed
B4221,U288,S731,P114,2025-10-16T06:43:00,2025-10-16T09:43:00,Thursday,False,False,rain,32.19,completed
B4222,U193,S924,P118,2026-01-04T14:18:00,2026-01-04T17:18:00,Sunday,True,False,rain,30.03,completed
B4223,U214,S1438,P129,2025-10-29T17:16:00,2025-10-29T20:16:00,Wednesday,False,False,cloudy,17.85,completed
B4224,U273,S896,P117,2026-01-24T13:04:00,2026-01-24T16:04:00,Saturday,True,False,cloudy,38.49,completed
B4225,U196,S1408,P128,2026-01-12T16:26:00,2026-01-12T17:56:00,Monday,False,False,clear,39.07,completed
B4226,U110,S632,P112,2025-12-15T18:03:00,2025-12-15T19:03:00,Monday,False,False,clear,58.86,completed
B4227,U239,S1470,P130,2025-12-10T04:25:00,2025-12-10T10:25:00,Wednesday,False,False,rain,55.06,completed
B4228,U131,S1380,P128,2025-12-21T09:20:00,2025-12-21T11:20:00,Sunday,True,False,cloudy,54.05,completed
B4229,U208,S701,P113,2025-10-29T21:17:00,2025-10-29T22:17:00,Wednesday,False,False,rain,24.53,completed
B4230,U197,S632,P112,2025-11-27T06:22:00,2025-11-27T10:22:00,Thursday,False,False,haze,45.91,completed
B4231,U207,S1434,P129,2026-01-12T06:56:00,2026-01-12T07:56:00,Monday,False,False,clear,17.74,completed
B4232,U129,S653,P113,2025-11-02T08:39:00,2025-11-02T10:39:00,Sunday,True,False,clear,28.55,completed
B4233,U285,S1030,P120,2026-01-15T05:52:00,2026-01-15T07:22:00,Thursday,False,False,clear,17.98,completed
B4234,U148,S1185,P124,2026-01-06T21:41:00,2026-01-07T00:41:00,Tuesday,False,False,clear,29.54,completed
B4235,U132,S135,P101,2025-11-05T07:14:00,2025-11-05T10:14:00,Wednesday,False,False,cloudy,19.98,completed
B4236,U118,S967,P118,2025-12-11T11:37:00,2025-12-11T17:37:00,Thursday,False,False,fog,22.97,completed
B4237,U297,S262,P103,2025-11-08T20:32:00,2025-11-09T02:32:00,Saturday,True,False,cloudy,32.67,completed
B4238,U108,S883,P117,2025-12-21T17:47:00,2025-12-21T19:17:00,Sunday,True,False,clear,38.71,completed
B4239,U229,S277,P104,2025-12-31T17:43:00,2025-12-31T18:43:00,Wednesday,False,False,cloudy,45.47,completed
B4240,U201,S1482,P131,2025-10-13T07:43:00,2025-10-13T09:43:00,Monday,False,False,clear,26.4,completed
B4241,U144,S1464,P130,2025-11-30T08:21:00,2025-11-30T09:51:00,Sunday,True,False,rain,69.61,completed
B4242,U284,S1484,P131,2025-12-03T18:36:00,2025-12-03T21:36:00,Wednesday,False,False,clear,29.55,completed
B4243,U120,S445,P107,2025-12-31T09:43:00,2025-12-31T12:43:00,Wednesday,False,False,clear,46.15,completed
B4244,U153,S206,P102,2025-12-09T15:33:00,2025-12-09T16:33:00,Tuesday,False,False,cloudy,36.3,completed
B4245,U112,S559,P110,2025-11-24T07:06:00,2025-11-24T09:06:00,Monday,False,False,clear,40.13,completed
B4246,U273,S412,P106,2026-01-28T09:15:00,2026-01-28T10:15:00,Wednesday,False,False,clear,50.31,completed
B4247,U137,S330,P104,2025-12-10T08:34:00,2025-12-10T10:04:00,Wednesday,False,False,clear,58.36,completed
B4248,U285,S314,P104,2025-10-06T05:53:00,2025-10-06T07:53:00,Monday,False,False,cloudy,45.11,completed
B4249,U130,S930,P118,2025-11-06T19:12:00,2025-11-06T23:12:00,Thursday,False,False,clear,26.39,completed
B4250,U121,S188,P102,2025-11-08T18:52:00,2025-11-08T21:52:00,Saturday,True,False,clear,48.17,completed
B4251,U281,S1063,P121,2025-12-06T21:30:00,2025-12-06T22:30:00,Saturday,True,False,fog,34.33,completed
B4252,U287,S1219,P124,2025-12-21T19:19:00,2025-12-21T19:49:00,Sunday,True,False,cloudy,40.12,completed
B4253,U183,S1307,P126,2025-12-31T09:46:00,2025-12-31T10:46:00,Wednesday,False,False,rain,21.17,completed
B4254,U268,S282,P104,2025-10-08T09:42:00,2025-10-08T11:12:00,Wednesday,False,False,fog,56.33,completed
B4255,U221,S565,P110,2025-11-25T19:56:00,2025-11-25T20:56:00,Tuesday,False,False,cloudy,49.93,completed
B4256,U125,S646,P112,2025-10-31T18:50:00,2025-10-31T20:20:00,Friday,False,False,clear,54.56,completed
B4257,U234,S931,P118,2025-12-23T14:42:00,2025-12-23T15:42:00,Tuesday,False,False,clear,21.83,completed
B4258,U288,S1343,P127,2025-10-26T16:13:00,2025-10-26T17:13:00,Sunday,True,False,clear,59.99,completed
B4259,U156,S140,P101,2026-01-21T09:49:00,2026-01-21T10:19:00,Wednesday,False,False,clear,24.12,completed
B4260,U212,S1118,P123,2025-10-23T19:21:00,2025-10-23T21:21:00,Thursday,False,False,clear,62.48,completed
B4261,U228,S1467,P130,2025-10-01T08:59:00,2025-10-01T10:59:00,Wednesday,False,False,clear,58.23,completed
B4262,U123,S422,P106,2025-10-08T09:29:00,2025-10-08T10:29:00,Wednesday,False,False,haze,49.38,completed
B4263,U165,S393,P106,2025-12-14T09:37:00,2025-12-14T10:37:00,Sunday,True,False,rain,59.1,completed
B4264,U237,S634,P112,2025-11-18T15:44:00,2025-11-18T16:14:00,Tuesday,False,False,rain,51.12,completed
B4265,U108,S1059,P121,2025-10-09T18:46:00,2025-10-09T19:16:00,Thursday,False,False,haze,35.7,completed
B4266,U281,S216,P102,2025-11-27T17:26:00,2025-11-27T18:26:00,Thursday,False,False,rain,38.6,completed
B4267,U137,S128,P101,2025-12-10T11:56:00,2025-12-10T12:56:00,Wednesday,False,False,rain,21.85,completed
B4268,U154,S1211,P124,2025-10-20T21:03:00,2025-10-21T03:03:00,Monday,False,True,fog,39.82,completed
B4269,U244,S847,P116,2025-10-02T07:54:00,2025-10-02T09:54:00,Thursday,False,False,cloudy,27.44,completed
B4270,U211,S669,P113,2025-10-25T14:21:00,2025-10-25T16:21:00,Saturday,True,False,rain,26.48,completed
B4271,U297,S322,P104,2025-12-05T08:59:00,2025-12-05T09:29:00,Friday,False,False,cloudy,58.57,completed
B4272,U264,S984,P119,2025-10-03T11:25:00,2025-10-03T12:25:00,Friday,False,False,fog,32.81,completed
B4273,U242,S541,P109,2025-10-16T11:15:00,2025-10-16T12:45:00,Thursday,False,False,fog,17.55,completed
B4274,U113,S775,P115,2025-10-11T20:52:00,2025-10-11T21:52:00,Saturday,True,False,haze,28.68,completed
B4275,U102,S675,P113,2025-11-23T20:51:00,2025-11-23T22:51:00,Sunday,True,False,clear,28.61,completed
B4276,U109,S897,P117,2025-12-28T20:11:00,2025-12-28T21:41:00,Sunday,True,False,clear,49.4,completed
B4277,U286,S877,P117,2025-11-08T08:43:00,2025-11-08T10:13:00,Saturday,True,False,rain,53.46,completed
B4278,U110,S1148,P123,2026-01-24T18:01:00,2026-01-25T00:01:00,Saturday,True,False,rain,69.94,completed
B4279,U272,S1152,P123,2025-12-29T15:16:00,2025-12-29T18:16:00,Monday,False,False,rain,55.28,cancelled
B4280,U152,S1443,P129,2026-01-06T07:03:00,2026-01-06T08:33:00,Tuesday,False,False,clear,16.72,completed
B4281,U256,S593,P111,2025-12-05T19:13:00,2025-12-05T19:43:00,Friday,False,False,clear,64.0,completed
B4282,U119,S1229,P125,2025-10-22T16:55:00,2025-10-22T18:55:00,Wednesday,False,False,clear,19.19,completed
B4283,U193,S748,P114,2025-11-12T11:34:00,2025-11-12T12:34:00,Wednesday,False,False,rain,31.69,completed
B4284,U244,S1152,P123,2025-10-12T09:00:00,2025-10-12T11:00:00,Sunday,True,False,cloudy,67.49,completed
B4285,U212,S986,P119,2025-11-22T00:08:00,2025-11-22T01:08:00,Saturday,True,False,fog,39.8,completed
B4286,U224,S917,P118,2025-11-16T07:32:00,2025-11-16T09:32:00,Sunday,True,False,cloudy,27.71,completed
B4287,U141,S734,P114,2026-01-17T14:35:00,2026-01-17T16:35:00,Saturday,True,False,fog,34.1,completed
B4288,U132,S1457,P130,2025-11-30T04:56:00,2025-11-30T05:56:00,Sunday,True,False,clear,53.84,completed
B4289,U103,S527,P108,2025-12-04T04:46:00,2025-12-04T08:46:00,Thursday,False,False,rain,25.83,completed
B4290,U186,S647,P112,2026-01-20T09:36:00,2026-01-20T11:06:00,Tuesday,False,False,rain,61.4,completed
B4291,U266,S1467,P130,2026-01-23T13:44:00,2026-01-23T15:14:00,Friday,False,False,clear,49.81,completed
B4292,U103,S1201,P124,2026-01-07T19:55:00,2026-01-07T21:55:00,Wednesday,False,False,clear,35.86,completed
B4293,U159,S238,P103,2026-01-24T13:54:00,2026-01-24T17:54:00,Saturday,True,False,clear,28.44,completed
B4294,U232,S483,P107,2026-01-09T04:09:00,2026-01-09T06:09:00,Friday,False,False,fog,40.91,completed
B4295,U177,S121,P101,2025-10-11T22:36:00,2025-10-12T00:06:00,Saturday,True,False,cloudy,23.61,completed
B4296,U162,S1478,P131,2025-12-16T02:33:00,2025-12-16T04:33:00,Tuesday,False,False,cloudy,26.88,completed
B4297,U232,S454,P107,2025-12-20T19:00:00,2025-12-20T22:00:00,Saturday,True,False,clear,52.08,completed
B4298,U293,S1025,P120,2025-10-26T18:50:00,2025-10-26T20:20:00,Sunday,True,False,clear,24.73,completed
B4299,U109,S632,P112,2025-10-04T16:17:00,2025-10-04T17:17:00,Saturday,True,False,clear,53.68,completed
B4300,U254,S1467,P130,2025-12-18T18:55:00,2025-12-18T20:55:00,Thursday,False,False,clear,61.09,completed
B4301,U270,S1413,P128,2025-12-08T08:00:00,2025-12-08T10:00:00,Monday,False,False,cloudy,45.53,cancelled
B4302,U275,S1486,P131,2025-10-07T18:06:00,2025-10-07T18:36:00,Tuesday,False,False,clear,31.14,completed
B4303,U208,S898,P117,2025-10-17T17:33:00,2025-10-17T18:33:00,Friday,False,False,clear,33.54,cancelled
B4304,U107,S1097,P122,2025-11-18T20:53:00,2025-11-18T22:23:00,Tuesday,False,False,clear,47.52,completed
B4305,U247,S1292,P126,2025-11-11T09:34:00,2025-11-11T10:34:00,Tuesday,False,False,clear,19.35,completed
B4306,U172,S815,P115,2026-01-12T10:10:00,2026-01-12T11:10:00,Monday,False,False,clear,20.99,completed
B4307,U142,S1359,P127,2025-11-26T12:29:00,2025-11-26T13:29:00,Wednesday,False,False,clear,53.3,completed
B4308,U147,S957,P118,2026-01-26T08:03:00,2026-01-26T10:03:00,Monday,False,True,clear,37.46,completed
B4309,U224,S177,P102,2026-01-07T12:48:00,2026-01-07T13:48:00,Wednesday,False,False,clear,33.94,completed
B4310,U157,S610,P111,2025-11-07T10:34:00,2025-11-07T11:34:00,Friday,False,False,clear,49.14,completed
B4311,U231,S725,P113,2025-12-31T05:56:00,2025-12-31T06:56:00,Wednesday,False,False,clear,22.77,completed
B4312,U136,S535,P109,2026-01-07T15:44:00,2026-01-07T17:44:00,Wednesday,False,False,clear,16.91,completed
B4313,U165,S1070,P122,2026-01-28T08:48:00,2026-01-28T14:48:00,Wednesday,False,False,clear,48.57,completed
B4314,U239,S1024,P120,2026-01-04T15:37:00,2026-01-04T16:37:00,Sunday,True,False,cloudy,21.32,completed
B4315,U245,S1461,P130,2025-10-25T08:46:00,2025-10-25T14:46:00,Saturday,True,False,rain,69.16,completed
B4316,U103,S1449,P130,2025-10-20T16:37:00,2025-10-20T18:07:00,Monday,False,True,rain,74.17,completed
B4317,U144,S560,P110,2026-01-04T16:44:00,2026-01-04T18:44:00,Sunday,True,False,haze,46.57,completed
B4318,U154,S1029,P120,2025-12-07T06:24:00,2025-12-07T07:24:00,Sunday,True,False,cloudy,21.85,completed
B4319,U250,S639,P112,2025-12-16T02:55:00,2025-12-16T04:25:00,Tuesday,False,False,clear,46.33,completed
B4320,U276,S1372,P128,2026-01-18T18:33:00,2026-01-18T20:33:00,Sunday,True,False,clear,52.7,completed
B4321,U152,S837,P116,2025-11-05T06:46:00,2025-11-05T08:16:00,Wednesday,False,False,clear,26.32,completed
B4322,U151,S1153,P124,2025-11-02T18:55:00,2025-11-02T19:55:00,Sunday,True,False,rain,42.27,completed
B4323,U274,S613,P111,2026-01-09T21:27:00,2026-01-09T22:27:00,Friday,False,False,clear,51.98,completed
B4324,U152,S1481,P131,2025-12-14T17:20:00,2025-12-14T19:20:00,Sunday,True,False,clear,28.95,completed
B4325,U217,S1281,P126,2025-10-25T06:47:00,2025-10-25T09:47:00,Saturday,True,False,fog,18.63,completed
B4326,U297,S1249,P125,2025-11-20T10:35:00,2025-11-20T12:35:00,Thursday,False,False,clear,19.43,completed
B4327,U226,S834,P116,2025-12-16T00:34:00,2025-12-16T02:04:00,Tuesday,False,False,cloudy,27.84,completed
B4328,U140,S541,P109,2026-01-13T13:27:00,2026-01-13T15:27:00,Tuesday,False,False,clear,17.5,completed
B4329,U199,S543,P109,2025-12-23T11:52:00,2025-12-23T15:52:00,Tuesday,False,False,clear,18.28,completed
B4330,U121,S1050,P121,2025-11-01T10:25:00,2025-11-01T12:25:00,Saturday,True,True,clear,47.43,completed
B4331,U260,S1405,P128,2025-10-24T08:11:00,2025-10-24T09:11:00,Friday,False,False,cloudy,47.01,completed
B4332,U286,S361,P105,2025-11-04T08:42:00,2025-11-04T10:12:00,Tuesday,False,False,fog,26.22,completed
B4333,U259,S181,P102,2026-01-11T08:56:00,2026-01-11T09:56:00,Sunday,True,False,rain,49.51,completed
B4334,U120,S639,P112,2025-10-27T07:37:00,2025-10-27T08:37:00,Monday,False,False,rain,53.73,completed
B4335,U148,S1196,P124,2025-12-03T07:32:00,2025-12-03T09:02:00,Wednesday,False,False,cloudy,28.83,completed
B4336,U202,S151,P101,2026-01-16T11:21:00,2026-01-16T12:21:00,Friday,False,False,clear,19.93,completed
B4337,U188,S768,P115,2025-12-29T20:52:00,2025-12-29T21:22:00,Monday,False,False,clear,24.72,completed
B4338,U277,S658,P113,2025-12-24T19:05:00,2025-12-24T22:05:00,Wednesday,False,False,rain,28.74,completed
B4339,U165,S1033,P120,2025-10-07T11:36:00,2025-10-07T12:36:00,Tuesday,False,False,clear,18.8,completed
B4340,U130,S1091,P122,2025-12-29T17:08:00,2025-12-29T18:38:00,Monday,False,False,haze,40.25,completed
B4341,U205,S645,P112,2025-11-30T19:35:00,2025-11-30T21:35:00,Sunday,True,False,clear,64.33,completed
B4342,U226,S992,P119,2026-01-07T01:50:00,2026-01-07T03:50:00,Wednesday,False,False,clear,34.13,completed
B4343,U279,S1473,P131,2025-10-12T22:11:00,2025-10-12T23:41:00,Sunday,True,False,clear,29.23,completed
B4344,U269,S1343,P127,2025-11-22T23:10:00,2025-11-23T02:10:00,Saturday,True,False,clear,56.54,completed
B4345,U172,S1320,P126,2025-12-06T07:33:00,2025-12-06T09:33:00,Saturday,True,False,clear,19.15,completed
B4346,U239,S1451,P130,2025-10-10T15:06:00,2025-10-10T19:06:00,Friday,False,False,clear,47.92,completed
B4347,U191,S484,P107,2026-01-11T21:03:00,2026-01-11T22:03:00,Sunday,True,False,clear,46.07,completed
B4348,U251,S121,P101,2026-01-27T08:32:00,2026-01-27T09:32:00,Tuesday,False,False,clear,24.05,completed
B4349,U233,S547,P109,2026-01-16T14:04:00,2026-01-16T17:04:00,Friday,False,False,rain,18.66,completed
B4350,U282,S1449,P130,2025-10-16T12:42:00,2025-10-16T13:12:00,Thursday,False,False,cloudy,48.87,completed
B4351,U199,S1308,P126,2025-11-13T16:15:00,2025-11-13T17:15:00,Thursday,False,False,cloudy,16.96,completed
B4352,U182,S312,P104,2025-10-07T08:55:00,2025-10-07T12:55:00,Tuesday,False,False,clear,54.42,completed
B4353,U288,S898,P117,2025-10-18T08:04:00,2025-10-18T11:04:00,Saturday,True,False,cloudy,48.39,completed
B4354,U148,S522,P108,2025-10-12T18:58:00,2025-10-12T20:28:00,Sunday,True,False,rain,37.16,completed
B4355,U153,S1213,P124,2025-10-09T18:57:00,2025-10-09T20:57:00,Thursday,False,False,clear,37.07,completed
B4356,U110,S1101,P122,2025-12-02T20:10:00,2025-12-03T02:10:00,Tuesday,False,False,rain,54.96,completed
B4357,U182,S505,P108,2025-12-16T07:11:00,2025-12-16T13:11:00,Tuesday,False,False,clear,25.58,completed
B4358,U205,S1225,P125,2025-12-21T21:44:00,2025-12-21T23:14:00,Sunday,True,False,rain,25.83,completed
B4359,U246,S144,P101,2025-12-24T08:09:00,2025-12-24T09:39:00,Wednesday,False,False,clear,24.6,completed
B4360,U224,S881,P117,2025-10-02T19:25:00,2025-10-02T19:55:00,Thursday,False,False,fog,43.2,completed
B4361,U257,S1462,P130,2025-12-06T19:05:00,2025-12-06T20:05:00,Saturday,True,False,haze,67.28,completed
B4362,U247,S1458,P130,2026-01-08T11:35:00,2026-01-08T12:35:00,Thursday,False,False,clear,46.54,completed
B4363,U192,S525,P108,2025-12-29T08:21:00,2025-12-29T09:21:00,Monday,False,False,clear,30.3,completed
B4364,U170,S1159,P124,2025-11-07T08:12:00,2025-11-07T09:12:00,Friday,False,False,cloudy,35.77,completed
B4365,U182,S1185,P124,2025-11-01T17:30:00,2025-11-01T19:30:00,Saturday,True,True,clear,46.29,completed
B4366,U102,S1110,P122,2025-11-23T08:23:00,2025-11-23T10:23:00,Sunday,True,False,fog,55.12,completed
B4367,U252,S201,P102,2025-11-28T16:50:00,2025-11-28T18:50:00,Friday,False,False,clear,34.7,completed
B4368,U232,S641,P112,2025-10-22T12:55:00,2025-10-22T14:25:00,Wednesday,False,False,fog,49.38,completed
B4369,U146,S1333,P127,2025-12-17T12:36:00,2025-12-17T13:36:00,Wednesday,False,False,clear,50.06,completed
B4370,U288,S1050,P121,2025-11-26T09:48:00,2025-11-26T10:18:00,Wednesday,False,False,clear,34.09,completed
B4371,U295,S256,P103,2025-10-16T15:58:00,2025-10-16T17:28:00,Thursday,False,False,cloudy,25.0,completed
B4372,U278,S1113,P123,2025-10-10T19:21:00,2025-10-10T21:21:00,Friday,False,False,clear,60.13,completed
B4373,U144,S1285,P126,2025-10-03T21:46:00,2025-10-03T22:46:00,Friday,False,False,clear,15.88,completed
B4374,U285,S420,P106,2025-10-08T11:49:00,2025-10-08T13:19:00,Wednesday,False,False,cloudy,39.32,completed
B4375,U288,S535,P109,2025-11-05T18:50:00,2025-11-06T00:50:00,Wednesday,False,False,clear,21.09,completed
B4376,U156,S1543,P132,2025-10-28T14:58:00,2025-10-28T16:58:00,Tuesday,False,False,cloudy,23.47,completed
B4377,U234,S1140,P123,2026-01-08T15:29:00,2026-01-08T16:29:00,Thursday,False,False,haze,49.53,completed
B4378,U207,S874,P116,2025-12-22T03:42:00,2025-12-22T05:42:00,Monday,False,False,rain,29.07,completed
B4379,U202,S1450,P130,2025-10-13T17:16:00,2025-10-13T18:16:00,Monday,False,False,rain,56.03,completed
B4380,U289,S1052,P121,2025-12-15T13:59:00,2025-12-15T15:29:00,Monday,False,False,fog,28.58,completed
B4381,U276,S586,P110,2025-10-04T07:46:00,2025-10-04T11:46:00,Saturday,True,False,clear,48.34,completed
B4382,U224,S467,P107,2025-10-20T17:07:00,2025-10-20T18:37:00,Monday,False,True,clear,56.46,completed
B4383,U137,S407,P106,2025-11-06T18:10:00,2025-11-06T19:10:00,Thursday,False,False,clear,50.4,completed
B4384,U270,S1033,P120,2026-01-07T17:27:00,2026-01-07T21:27:00,Wednesday,False,False,clear,19.25,completed
B4385,U176,S178,P102,2025-12-03T11:32:00,2025-12-03T13:02:00,Wednesday,False,False,clear,34.12,completed
B4386,U130,S898,P117,2025-11-25T08:56:00,2025-11-25T10:26:00,Tuesday,False,False,clear,43.44,cancelled
B4387,U166,S439,P106,2025-11-29T20:21:00,2025-11-29T21:21:00,Saturday,True,False,clear,52.04,completed
B4388,U173,S506,P108,2025-11-23T14:37:00,2025-11-23T18:37:00,Sunday,True,False,haze,28.14,completed
B4389,U131,S884,P117,2025-12-10T10:08:00,2025-12-10T11:38:00,Wednesday,False,False,rain,39.06,cancelled
B4390,U257,S872,P116,2026-01-24T15:16:00,2026-01-24T19:16:00,Saturday,True,False,rain,33.44,completed
B4391,U141,S1213,P124,2025-12-04T08:39:00,2025-12-04T11:39:00,Thursday,False,False,clear,35.08,completed
B4392,U176,S1384,P128,2025-10-29T09:34:00,2025-10-29T10:04:00,Wednesday,False,False,clear,44.99,completed
B4393,U148,S640,P112,2025-11-30T20:12:00,2025-11-30T21:12:00,Sunday,True,False,rain,72.16,completed
B4394,U270,S256,P103,2025-12-21T08:29:00,2025-12-21T09:59:00,Sunday,True,False,cloudy,31.37,completed
B4395,U113,S641,P112,2025-11-28T07:50:00,2025-11-28T10:50:00,Friday,False,False,clear,45.35,completed
B4396,U248,S153,P101,2025-12-04T07:17:00,2025-12-04T09:17:00,Thursday,False,False,clear,20.88,completed
B4397,U111,S217,P102,2025-10-27T10:56:00,2025-10-27T11:26:00,Monday,False,False,clear,35.58,completed
B4398,U252,S539,P109,2025-11-14T19:34:00,2025-11-14T21:04:00,Friday,False,False,haze,21.65,completed
B4399,U288,S1468,P130,2025-11-15T23:10:00,2025-11-16T00:10:00,Saturday,True,False,clear,57.84,completed
B4400,U106,S1044,P121,2025-10-15T18:12:00,2025-10-15T21:12:00,Wednesday,False,False,clear,37.16,completed
B4401,U246,S753,P115,2025-12-11T12:28:00,2025-12-11T15:28:00,Thursday,False,False,cloudy,20.47,completed
B4402,U209,S1048,P121,2025-10-01T08:37:00,2025-10-01T10:07:00,Wednesday,False,False,rain,38.29,completed
B4403,U153,S1019,P119,2025-12-12T08:39:00,2025-12-12T10:09:00,Friday,False,False,cloudy,42.77,completed
B4404,U177,S1467,P130,2025-10-17T20:32:00,2025-10-17T21:32:00,Friday,False,False,fog,58.08,completed
B4405,U226,S1101,P122,2025-10-02T11:30:00,2025-10-02T13:30:00,Thursday,False,False,clear,40.13,completed
B4406,U117,S1487,P131,2025-11-08T07:31:00,2025-11-08T09:31:00,Saturday,True,False,clear,30.7,completed
B4407,U212,S144,P101,2025-12-07T13:01:00,2025-12-07T14:31:00,Sunday,True,False,haze,24.51,completed
B4408,U133,S1052,P121,2025-10-24T12:04:00,2025-10-24T15:04:00,Friday,False,False,fog,29.94,completed
B4409,U194,S577,P110,2026-01-26T10:44:00,2026-01-26T14:44:00,Monday,False,True,clear,53.73,completed
B4410,U278,S1514,P132,2025-11-27T14:05:00,2025-11-27T15:35:00,Thursday,False,False,clear,23.39,completed
B4411,U164,S615,P111,2025-12-18T08:13:00,2025-12-18T10:13:00,Thursday,False,False,rain,65.72,completed
B4412,U136,S1258,P126,2025-10-20T17:43:00,2025-10-20T18:13:00,Monday,False,True,clear,23.85,completed
B4413,U282,S426,P106,2025-11-01T19:52:00,2025-11-01T20:22:00,Saturday,True,True,clear,71.05,completed
B4414,U248,S1116,P123,2026-01-03T16:54:00,2026-01-03T17:54:00,Saturday,True,False,rain,60.86,cancelled
B4415,U253,S1191,P124,2025-10-07T18:41:00,2025-10-07T22:41:00,Tuesday,False,False,clear,37.36,completed
B4416,U121,S1055,P121,2025-12-17T16:20:00,2025-12-17T17:20:00,Wednesday,False,False,clear,28.63,completed
B4417,U198,S1449,P130,2025-10-13T20:04:00,2025-10-13T21:04:00,Monday,False,False,clear,58.32,completed
B4418,U169,S630,P111,2025-12-11T09:25:00,2025-12-11T10:55:00,Thursday,False,False,cloudy,58.88,completed
B4419,U140,S1393,P128,2025-12-21T13:22:00,2025-12-21T16:22:00,Sunday,True,False,haze,44.79,completed
B4420,U267,S215,P102,2025-12-17T11:50:00,2025-12-17T12:50:00,Wednesday,False,False,clear,34.33,completed
B4421,U263,S1518,P132,2026-01-05T08:57:00,2026-01-05T09:57:00,Monday,False,False,clear,28.91,completed
B4422,U259,S543,P109,2026-01-26T07:56:00,2026-01-26T10:56:00,Monday,False,True,cloudy,24.49,completed
B4423,U118,S500,P108,2026-01-07T13:29:00,2026-01-07T19:29:00,Wednesday,False,False,cloudy,23.88,cancelled
B4424,U295,S732,P114,2025-12-16T00:46:00,2025-12-16T02:46:00,Tuesday,False,False,clear,29.01,completed
B4425,U178,S984,P119,2025-11-15T20:45:00,2025-11-15T23:45:00,Saturday,True,False,cloudy,47.57,completed
B4426,U124,S1324,P126,2025-12-27T23:15:00,2025-12-28T00:45:00,Saturday,True,False,clear,19.02,completed
B4427,U177,S1124,P123,2026-01-07T11:30:00,2026-01-07T13:30:00,Wednesday,False,False,clear,49.46,cancelled
B4428,U199,S946,P118,2025-10-08T20:14:00,2025-10-09T00:14:00,Wednesday,False,False,clear,27.53,completed
B4429,U183,S1166,P124,2025-10-21T12:57:00,2025-10-21T14:27:00,Tuesday,False,True,clear,43.63,completed
B4430,U119,S1057,P121,2025-10-09T18:37:00,2025-10-09T20:07:00,Thursday,False,False,clear,35.47,completed
B4431,U191,S1282,P126,2025-10-11T21:04:00,2025-10-11T22:04:00,Saturday,True,False,fog,19.17,completed
B4432,U105,S1547,P132,2025-11-13T17:06:00,2025-11-13T18:36:00,Thursday,False,False,clear,23.69,completed
B4433,U283,S1428,P129,2026-01-20T07:31:00,2026-01-20T08:01:00,Tuesday,False,False,haze,16.53,completed
B4434,U143,S1290,P126,2025-10-28T19:43:00,2025-10-28T20:43:00,Tuesday,False,False,clear,20.09,completed
B4435,U130,S1096,P122,2025-10-15T20:14:00,2025-10-16T02:14:00,Wednesday,False,False,clear,51.17,completed
B4436,U233,S635,P112,2026-01-27T12:05:00,2026-01-27T18:05:00,Tuesday,False,False,clear,46.22,completed
B4437,U242,S1358,P127,2025-11-05T21:40:00,2025-11-06T00:40:00,Wednesday,False,False,cloudy,51.93,completed
B4438,U299,S656,P113,2025-10-21T20:30:00,2025-10-21T22:00:00,Tuesday,False,True,clear,36.36,completed
B4439,U215,S768,P115,2026-01-20T18:25:00,2026-01-20T22:25:00,Tuesday,False,False,fog,24.5,completed
B4440,U173,S424,P106,2025-11-04T05:18:00,2025-11-04T08:18:00,Tuesday,False,False,rain,45.03,completed
B4441,U187,S1333,P127,2025-12-31T20:15:00,2026-01-01T00:15:00,Wednesday,False,False,clear,64.03,completed
B4442,U179,S838,P116,2025-11-17T22:36:00,2025-11-18T01:36:00,Monday,False,False,cloudy,25.89,completed
B4443,U165,S1483,P131,2025-12-18T15:58:00,2025-12-18T19:58:00,Thursday,False,False,clear,26.51,completed
B4444,U194,S1155,P124,2025-12-15T09:38:00,2025-12-15T10:08:00,Monday,False,False,clear,35.1,completed
B4445,U268,S1252,P125,2025-12-20T19:41:00,2025-12-20T20:11:00,Saturday,True,False,clear,26.07,completed
B4446,U120,S620,P111,2025-12-17T09:40:00,2025-12-17T10:40:00,Wednesday,False,False,clear,59.37,completed
B4447,U217,S839,P116,2025-10-21T16:38:00,2025-10-21T19:38:00,Tuesday,False,True,clear,37.05,completed
B4448,U112,S694,P113,2025-11-30T19:08:00,2025-12-01T01:08:00,Sunday,True,False,clear,29.09,completed
B4449,U222,S977,P119,2026-01-01T18:51:00,2026-01-01T22:51:00,Thursday,False,False,haze,41.02,completed
B4450,U123,S744,P114,2025-10-31T07:06:00,2025-10-31T10:06:00,Friday,False,False,clear,29.61,completed
B4451,U152,S1456,P130,2025-10-06T05:27:00,2025-10-06T05:57:00,Monday,False,False,clear,49.17,cancelled
B4452,U283,S1430,P129,2025-11-27T11:55:00,2025-11-27T13:55:00,Thursday,False,False,clear,17.09,completed
B4453,U150,S1465,P130,2025-11-03T19:53:00,2025-11-03T20:53:00,Monday,False,False,clear,59.47,completed
B4454,U178,S515,P108,2025-11-06T20:50:00,2025-11-06T22:50:00,Thursday,False,False,rain,31.02,completed
B4455,U160,S857,P116,2025-12-26T17:33:00,2025-12-26T18:33:00,Friday,False,False,rain,31.06,completed
B4456,U176,S339,P105,2025-11-27T20:13:00,2025-11-27T21:43:00,Thursday,False,False,rain,26.29,completed
B4457,U107,S261,P103,2025-11-07T16:32:00,2025-11-07T19:32:00,Friday,False,False,clear,24.1,completed
B4458,U217,S1365,P127,2026-01-21T20:05:00,2026-01-21T22:05:00,Wednesday,False,False,cloudy,60.24,completed
B4459,U111,S1224,P125,2025-12-05T07:53:00,2025-12-05T08:23:00,Friday,False,False,rain,21.96,completed
B4460,U229,S903,P117,2025-10-26T14:37:00,2025-10-26T18:37:00,Sunday,True,False,fog,39.54,completed
B4461,U153,S528,P108,2025-10-29T01:59:00,2025-10-29T02:59:00,Wednesday,False,False,cloudy,23.88,completed
B4462,U114,S195,P102,2025-10-31T12:04:00,2025-10-31T15:04:00,Friday,False,False,haze,35.78,completed
B4463,U118,S311,P104,2025-10-24T00:44:00,2025-10-24T03:44:00,Friday,False,False,cloudy,46.25,completed
B4464,U270,S241,P103,2025-10-24T18:43:00,2025-10-24T19:43:00,Friday,False,False,haze,28.84,completed
B4465,U135,S1436,P129,2026-01-11T08:55:00,2026-01-11T10:55:00,Sunday,True,False,cloudy,24.03,completed
B4466,U292,S452,P107,2025-10-30T11:21:00,2025-10-30T12:51:00,Thursday,False,False,clear,41.4,completed
B4467,U110,S504,P108,2025-11-28T13:26:00,2025-11-28T14:26:00,Friday,False,False,clear,25.86,completed
B4468,U116,S1353,P127,2025-12-30T16:53:00,2025-12-30T22:53:00,Tuesday,False,False,clear,52.33,completed
B4469,U248,S858,P116,2025-10-10T07:57:00,2025-10-10T08:57:00,Friday,False,False,clear,28.0,completed
B4470,U261,S878,P117,2025-11-25T11:25:00,2025-11-25T14:25:00,Tuesday,False,False,cloudy,35.68,completed
B4471,U246,S368,P105,2025-11-27T11:20:00,2025-11-27T12:50:00,Thursday,False,False,haze,20.49,completed
B4472,U181,S1519,P132,2025-12-29T14:13:00,2025-12-29T17:13:00,Monday,False,False,clear,22.88,completed
B4473,U102,S885,P117,2025-10-07T17:23:00,2025-10-07T18:23:00,Tuesday,False,False,cloudy,34.8,completed
B4474,U161,S1433,P129,2025-12-09T17:12:00,2025-12-09T18:12:00,Tuesday,False,False,rain,18.62,completed
B4475,U156,S893,P117,2025-12-20T19:35:00,2025-12-20T21:35:00,Saturday,True,False,cloudy,49.65,cancelled
B4476,U186,S266,P103,2025-11-18T10:40:00,2025-11-18T11:40:00,Tuesday,False,False,fog,22.94,completed
B4477,U105,S581,P110,2025-12-05T07:16:00,2025-12-05T08:46:00,Friday,False,False,rain,44.97,completed
B4478,U120,S181,P102,2025-12-25T09:41:00,2025-12-25T11:11:00,Thursday,False,True,rain,57.27,completed
B4479,U255,S1190,P124,2025-12-30T14:30:00,2025-12-30T15:30:00,Tuesday,False,False,rain,32.12,completed
B4480,U288,S627,P111,2026-01-04T14:58:00,2026-01-04T16:58:00,Sunday,True,False,haze,56.45,completed
B4481,U153,S1035,P120,2025-10-25T10:10:00,2025-10-25T16:10:00,Saturday,True,False,clear,20.92,completed
B4482,U102,S1444,P129,2025-11-13T23:18:00,2025-11-14T00:48:00,Thursday,False,False,fog,16.71,completed
B4483,U155,S556,P110,2025-11-20T13:38:00,2025-11-20T19:38:00,Thursday,False,False,clear,38.4,completed
B4484,U164,S997,P119,2025-12-05T09:47:00,2025-12-05T12:47:00,Friday,False,False,clear,42.77,completed
B4485,U277,S754,P115,2025-10-28T19:50:00,2025-10-28T21:50:00,Tuesday,False,False,fog,23.5,completed
B4486,U256,S1024,P120,2025-12-18T10:03:00,2025-12-18T11:33:00,Thursday,False,False,clear,18.43,completed
B4487,U110,S134,P101,2025-10-09T18:44:00,2025-10-10T00:44:00,Thursday,False,False,haze,24.77,completed
B4488,U299,S1315,P126,2025-12-28T18:47:00,2025-12-29T00:47:00,Sunday,True,False,clear,23.13,completed
B4489,U150,S613,P111,2025-11-11T01:17:00,2025-11-11T07:17:00,Tuesday,False,False,clear,52.75,completed
B4490,U148,S585,P110,2025-11-29T19:48:00,2025-11-29T21:48:00,Saturday,True,False,clear,55.45,completed
B4491,U208,S1057,P121,2025-12-12T20:55:00,2025-12-12T22:25:00,Friday,False,False,rain,36.97,completed
B4492,U284,S1251,P125,2025-10-03T12:02:00,2025-10-03T15:02:00,Friday,False,False,clear,20.58,completed
B4493,U114,S624,P111,2025-10-28T09:24:00,2025-10-28T10:54:00,Tuesday,False,False,fog,64.02,completed
B4494,U101,S647,P112,2025-10-06T07:38:00,2025-10-06T09:08:00,Monday,False,False,fog,47.77,completed
B4495,U212,S109,P101,2025-10-06T19:32:00,2025-10-06T23:32:00,Monday,False,False,clear,24.02,completed
B4496,U250,S790,P115,2025-12-01T11:13:00,2025-12-01T12:13:00,Monday,False,False,clear,20.12,completed
B4497,U264,S770,P115,2025-10-19T05:02:00,2025-10-19T08:02:00,Sunday,True,False,clear,22.43,completed
B4498,U232,S506,P108,2025-11-25T09:49:00,2025-11-25T10:49:00,Tuesday,False,False,cloudy,28.41,completed
B4499,U179,S1546,P132,2025-12-24T10:00:00,2025-12-24T13:00:00,Wednesday,False,False,clear,24.04,completed
B4500,U167,S130,P101,2025-11-28T03:03:00,2025-11-28T04:03:00,Friday,False,False,clear,21.41,completed
B4501,U183,S699,P113,2025-12-10T08:12:00,2025-12-10T12:12:00,Wednesday,False,False,clear,27.2,completed
B4502,U108,S243,P103,2025-11-02T07:40:00,2025-11-02T09:10:00,Sunday,True,False,haze,26.87,completed
B4503,U158,S464,P107,2026-01-26T18:40:00,2026-01-26T19:40:00,Monday,False,True,clear,66.81,completed
B4504,U241,S356,P105,2025-10-12T19:27:00,2025-10-12T19:57:00,Sunday,True,False,clear,28.34,completed
B4505,U184,S437,P106,2026-01-24T18:00:00,2026-01-24T18:30:00,Saturday,True,False,haze,53.71,completed
B4506,U272,S1441,P129,2025-10-05T18:46:00,2025-10-05T20:46:00,Sunday,True,False,clear,23.42,completed
B4507,U164,S843,P116,2025-11-24T17:39:00,2025-11-24T18:39:00,Monday,False,False,clear,25.69,completed
B4508,U275,S652,P112,2025-11-28T04:26:00,2025-11-28T05:56:00,Friday,False,False,clear,47.34,completed
B4509,U283,S809,P115,2025-12-16T18:10:00,2025-12-16T20:10:00,Tuesday,False,False,clear,24.52,completed
B4510,U252,S256,P103,2025-12-25T09:55:00,2025-12-25T10:55:00,Thursday,False,True,cloudy,37.18,completed
B4511,U194,S917,P118,2025-10-20T08:32:00,2025-10-20T11:32:00,Monday,False,True,haze,36.0,completed
B4512,U112,S661,P113,2025-12-06T14:29:00,2025-12-06T15:29:00,Saturday,True,False,fog,25.73,completed
B4513,U248,S1021,P120,2025-12-08T18:41:00,2025-12-08T20:41:00,Monday,False,False,cloudy,22.47,completed
B4514,U256,S782,P115,2025-11-01T18:26:00,2025-11-01T19:56:00,Saturday,True,True,clear,35.32,completed
B4515,U274,S1480,P131,2025-11-13T17:09:00,2025-11-13T17:39:00,Thursday,False,False,fog,27.11,completed
B4516,U288,S314,P104,2025-10-18T11:08:00,2025-10-18T12:08:00,Saturday,True,False,clear,52.61,completed
B4517,U151,S351,P105,2025-10-30T18:19:00,2025-10-30T19:19:00,Thursday,False,False,clear,24.94,completed
B4518,U221,S522,P108,2026-01-13T10:06:00,2026-01-13T14:06:00,Tuesday,False,False,clear,24.36,completed
B4519,U274,S1476,P131,2026-01-05T13:46:00,2026-01-05T15:16:00,Monday,False,False,cloudy,26.68,completed
B4520,U282,S745,P114,2026-01-28T19:01:00,2026-01-28T20:31:00,Wednesday,False,False,haze,33.77,completed
B4521,U104,S1038,P120,2025-10-29T10:54:00,2025-10-29T16:54:00,Wednesday,False,False,rain,21.58,completed
B4522,U295,S1422,P128,2025-11-07T10:16:00,2025-11-07T13:16:00,Friday,False,False,clear,37.02,completed
B4523,U150,S1447,P129,2026-01-22T07:43:00,2026-01-22T08:43:00,Thursday,False,False,clear,17.02,completed
B4524,U143,S711,P113,2025-11-13T18:44:00,2025-11-13T20:44:00,Thursday,False,False,clear,25.62,completed
B4525,U124,S899,P117,2026-01-26T08:24:00,2026-01-26T09:24:00,Monday,False,True,clear,55.36,completed
B4526,U201,S969,P118,2025-10-21T08:35:00,2025-10-21T09:05:00,Tuesday,False,True,clear,37.43,completed
B4527,U158,S642,P112,2025-11-23T22:01:00,2025-11-23T23:31:00,Sunday,True,False,clear,51.94,completed
B4528,U267,S1481,P131,2025-10-06T16:53:00,2025-10-06T19:53:00,Monday,False,False,rain,28.24,completed
B4529,U278,S1028,P120,2025-11-15T17:21:00,2025-11-15T18:51:00,Saturday,True,False,fog,21.74,completed
B4530,U156,S849,P116,2025-12-10T10:16:00,2025-12-10T10:46:00,Wednesday,False,False,rain,30.49,completed
B4531,U109,S1040,P120,2025-10-05T22:20:00,2025-10-05T23:20:00,Sunday,True,False,rain,23.44,completed
B4532,U282,S505,P108,2025-10-23T17:18:00,2025-10-23T20:18:00,Thursday,False,False,clear,24.63,completed
B4533,U195,S141,P101,2025-10-08T18:22:00,2025-10-08T19:22:00,Wednesday,False,False,clear,25.27,completed
B4534,U269,S1480,P131,2025-11-20T09:44:00,2025-11-20T11:44:00,Thursday,False,False,clear,31.74,completed
B4535,U298,S634,P112,2025-12-16T09:07:00,2025-12-16T10:37:00,Tuesday,False,False,cloudy,58.59,completed
B4536,U185,S1410,P128,2025-10-21T12:34:00,2025-10-21T13:34:00,Tuesday,False,True,fog,50.8,completed
B4537,U212,S471,P107,2025-11-19T08:01:00,2025-11-19T09:01:00,Wednesday,False,False,cloudy,46.36,completed
B4538,U235,S638,P112,2025-11-14T16:36:00,2025-11-14T17:06:00,Friday,False,False,clear,47.96,completed
B4539,U216,S491,P107,2025-12-02T11:08:00,2025-12-02T17:08:00,Tuesday,False,False,fog,40.25,completed
B4540,U148,S735,P114,2025-11-06T10:02:00,2025-11-06T12:02:00,Thursday,False,False,clear,27.78,completed
B4541,U218,S1030,P120,2025-11-16T12:57:00,2025-11-16T13:27:00,Sunday,True,False,clear,21.71,completed
B4542,U152,S1474,P131,2025-11-28T13:40:00,2025-11-28T17:40:00,Friday,False,False,clear,26.88,completed
B4543,U248,S1039,P120,2025-12-16T06:08:00,2025-12-16T07:08:00,Tuesday,False,False,clear,19.0,completed
B4544,U178,S568,P110,2025-11-19T09:36:00,2025-11-19T15:36:00,Wednesday,False,False,cloudy,47.16,completed
B4545,U281,S703,P113,2025-12-01T19:48:00,2025-12-01T20:18:00,Monday,False,False,rain,27.65,completed
B4546,U136,S630,P111,2025-10-03T20:12:00,2025-10-03T21:42:00,Friday,False,False,clear,64.04,completed
B4547,U220,S611,P111,2025-10-31T13:28:00,2025-10-31T17:28:00,Friday,False,False,fog,51.32,completed
B4548,U157,S1483,P131,2026-01-13T12:44:00,2026-01-13T13:44:00,Tuesday,False,False,clear,24.69,completed
B4549,U280,S1349,P127,2026-01-09T18:12:00,2026-01-09T19:42:00,Friday,False,False,cloudy,61.36,completed
B4550,U185,S890,P117,2026-01-13T16:06:00,2026-01-13T19:06:00,Tuesday,False,False,clear,35.66,completed
B4551,U255,S1171,P124,2025-12-14T01:59:00,2025-12-14T02:29:00,Sunday,True,False,clear,34.41,completed
B4552,U194,S1089,P122,2025-11-02T17:15:00,2025-11-02T20:15:00,Sunday,True,False,clear,45.93,completed
B4553,U255,S1055,P121,2025-10-20T03:55:00,2025-10-20T05:55:00,Monday,False,True,fog,41.29,completed
B4554,U260,S1403,P128,2025-10-11T06:40:00,2025-10-11T10:40:00,Saturday,True,False,clear,45.83,completed
B4555,U140,S1332,P127,2025-11-18T14:31:00,2025-11-18T16:31:00,Tuesday,False,False,clear,51.78,completed
B4556,U124,S1261,P126,2025-11-15T16:32:00,2025-11-15T19:32:00,Saturday,True,False,clear,19.4,completed
B4557,U186,S1152,P123,2025-11-04T20:11:00,2025-11-04T21:11:00,Tuesday,False,False,clear,58.25,completed
B4558,U189,S1457,P130,2025-10-07T08:59:00,2025-10-07T09:59:00,Tuesday,False,False,clear,58.79,cancelled
B4559,U136,S679,P113,2025-12-04T05:49:00,2025-12-04T07:19:00,Thursday,False,False,clear,20.91,completed
B4560,U208,S884,P117,2025-11-20T10:25:00,2025-11-20T11:25:00,Thursday,False,False,clear,36.74,completed
B4561,U163,S187,P102,2025-11-18T19:38:00,2025-11-18T23:38:00,Tuesday,False,False,fog,43.39,completed
B4562,U117,S1240,P125,2026-01-24T09:44:00,2026-01-24T12:44:00,Saturday,True,False,clear,26.91,completed
B4563,U299,S680,P113,2025-10-10T11:16:00,2025-10-10T12:16:00,Friday,False,False,clear,21.78,completed
B4564,U172,S1431,P129,2025-11-23T13:46:00,2025-11-23T14:46:00,Sunday,True,False,rain,20.4,completed
B4565,U269,S354,P105,2025-12-08T12:51:00,2025-12-08T14:21:00,Monday,False,False,clear,21.85,completed
B4566,U151,S1064,P121,2025-11-04T14:50:00,2025-11-04T16:50:00,Tuesday,False,False,cloudy,29.06,completed
B4567,U235,S1473,P131,2025-12-29T15:56:00,2025-12-29T17:56:00,Monday,False,False,clear,24.84,completed
B4568,U206,S1251,P125,2025-12-01T11:38:00,2025-12-01T13:08:00,Monday,False,False,clear,20.25,completed
B4569,U249,S954,P118,2026-01-27T10:47:00,2026-01-27T13:47:00,Tuesday,False,False,cloudy,22.31,completed
B4570,U137,S446,P107,2026-01-09T07:33:00,2026-01-09T08:33:00,Friday,False,False,clear,41.75,cancelled
B4571,U119,S1084,P122,2025-11-04T20:00:00,2025-11-04T21:00:00,Tuesday,False,False,fog,50.89,completed
B4572,U267,S1209,P124,2025-10-05T17:05:00,2025-10-05T21:05:00,Sunday,True,False,clear,34.6,completed
B4573,U271,S524,P108,2025-11-06T19:21:00,2025-11-06T21:21:00,Thursday,False,False,rain,30.83,completed
B4574,U142,S359,P105,2026-01-02T17:39:00,2026-01-02T20:39:00,Friday,False,False,clear,20.9,completed
B4575,U205,S1341,P127,2025-12-30T21:24:00,2025-12-30T23:24:00,Tuesday,False,False,rain,56.56,completed
B4576,U219,S1038,P120,2025-10-10T08:59:00,2025-10-10T10:29:00,Friday,False,False,rain,25.08,cancelled
B4577,U275,S414,P106,2025-11-15T21:42:00,2025-11-15T23:42:00,Saturday,True,False,fog,45.64,cancelled
B4578,U225,S1059,P121,2025-12-22T06:23:00,2025-12-22T10:23:00,Monday,False,False,clear,28.73,completed
B4579,U291,S892,P117,2025-10-26T11:32:00,2025-10-26T12:32:00,Sunday,True,False,rain,43.11,completed
B4580,U296,S1017,P119,2025-10-09T03:38:00,2025-10-09T09:38:00,Thursday,False,False,cloudy,35.85,completed
B4581,U159,S533,P109,2025-10-20T19:05:00,2025-10-20T20:05:00,Monday,False,True,clear,26.97,completed
B4582,U199,S1052,P121,2025-10-21T19:18:00,2025-10-21T21:18:00,Tuesday,False,True,clear,46.5,completed
B4583,U277,S1446,P129,2026-01-19T18:43:00,2026-01-19T20:43:00,Monday,False,False,clear,20.51,completed
B4584,U293,S642,P112,2025-10-08T17:49:00,2025-10-08T18:49:00,Wednesday,False,False,clear,48.98,completed
B4585,U134,S809,P115,2025-12-18T18:19:00,2025-12-18T20:19:00,Thursday,False,False,fog,23.97,completed
B4586,U107,S1079,P122,2025-11-30T17:09:00,2025-11-30T20:09:00,Sunday,True,False,clear,49.45,completed
B4587,U204,S883,P117,2025-12-12T08:37:00,2025-12-12T09:37:00,Friday,False,False,rain,46.95,completed
B4588,U273,S175,P102,2025-12-02T18:24:00,2025-12-02T19:24:00,Tuesday,False,False,clear,39.55,completed
B4589,U118,S1359,P127,2025-10-20T16:36:00,2025-10-20T18:36:00,Monday,False,True,clear,70.25,completed
B4590,U291,S1494,P132,2025-11-08T13:48:00,2025-11-08T16:48:00,Saturday,True,False,clear,26.83,completed
B4591,U189,S321,P104,2025-11-17T17:24:00,2025-11-17T19:24:00,Monday,False,False,clear,46.78,completed
B4592,U158,S1369,P128,2025-11-05T06:38:00,2025-11-05T10:38:00,Wednesday,False,False,cloudy,37.55,completed
B4593,U119,S1066,P121,2025-10-30T18:13:00,2025-10-30T19:13:00,Thursday,False,False,clear,37.58,completed
B4594,U254,S1524,P132,2025-10-28T09:25:00,2025-10-28T09:55:00,Tuesday,False,False,clear,26.42,completed
B4595,U200,S1107,P122,2025-12-14T00:05:00,2025-12-14T01:05:00,Sunday,True,False,rain,51.0,completed
B4596,U165,S375,P105,2026-01-21T08:25:00,2026-01-21T08:55:00,Wednesday,False,False,fog,24.45,completed
B4597,U178,S528,P108,2025-10-03T09:10:00,2025-10-03T10:10:00,Friday,False,False,clear,29.19,completed
B4598,U293,S422,P106,2025-11-18T08:55:00,2025-11-18T09:55:00,Tuesday,False,False,clear,49.33,completed
B4599,U218,S662,P113,2025-11-02T04:29:00,2025-11-02T07:29:00,Sunday,True,False,clear,25.67,completed
B4600,U156,S1419,P128,2025-10-14T21:58:00,2025-10-14T23:58:00,Tuesday,False,False,clear,38.89,completed
B4601,U167,S1463,P130,2025-12-01T20:24:00,2025-12-01T22:24:00,Monday,False,False,fog,57.41,completed
B4602,U261,S589,P110,2025-11-11T16:00:00,2025-11-11T17:30:00,Tuesday,False,False,fog,41.32,completed
B4603,U284,S350,P105,2025-10-23T19:11:00,2025-10-23T19:41:00,Thursday,False,False,clear,25.77,completed
B4604,U291,S1096,P122,2025-12-22T10:23:00,2025-12-22T11:53:00,Monday,False,False,clear,40.44,completed
B4605,U270,S1368,P128,2025-11-07T19:11:00,2025-11-07T20:11:00,Friday,False,False,clear,46.9,completed
B4606,U300,S973,P119,2025-10-06T03:42:00,2025-10-06T07:42:00,Monday,False,False,cloudy,35.44,completed
B4607,U104,S1221,P125,2025-12-22T19:47:00,2025-12-22T21:47:00,Monday,False,False,haze,25.05,completed
B4608,U163,S792,P115,2025-11-13T06:10:00,2025-11-13T08:10:00,Thursday,False,False,clear,19.89,completed
B4609,U213,S564,P110,2025-10-15T11:36:00,2025-10-15T12:36:00,Wednesday,False,False,clear,41.65,completed
B4610,U192,S1058,P121,2025-11-11T08:08:00,2025-11-11T10:08:00,Tuesday,False,False,clear,36.82,cancelled
B4611,U229,S698,P113,2025-11-09T08:49:00,2025-11-09T12:49:00,Sunday,True,False,clear,29.82,completed
B4612,U199,S560,P110,2025-12-24T05:49:00,2025-12-24T07:19:00,Wednesday,False,False,rain,44.19,completed
B4613,U255,S561,P110,2025-10-17T06:34:00,2025-10-17T08:04:00,Friday,False,False,clear,40.73,completed
B4614,U122,S635,P112,2025-12-30T13:21:00,2025-12-30T14:21:00,Tuesday,False,False,clear,49.27,completed
B4615,U145,S267,P103,2025-11-03T15:35:00,2025-11-03T19:35:00,Monday,False,False,clear,24.4,completed
B4616,U187,S1115,P123,2025-10-08T17:16:00,2025-10-08T23:16:00,Wednesday,False,False,clear,47.83,completed
B4617,U103,S1048,P121,2025-10-10T07:37:00,2025-10-10T10:37:00,Friday,False,False,rain,33.29,completed
B4618,U185,S732,P114,2026-01-28T17:56:00,2026-01-28T18:26:00,Wednesday,False,False,clear,28.6,completed
B4619,U113,S618,P111,2025-12-20T08:54:00,2025-12-20T09:24:00,Saturday,True,False,clear,71.23,completed
B4620,U199,S778,P115,2026-01-24T04:30:00,2026-01-24T05:30:00,Saturday,True,False,clear,22.95,completed
B4621,U186,S1112,P123,2025-10-26T13:40:00,2025-10-26T15:10:00,Sunday,True,False,clear,59.52,completed
B4622,U263,S1426,P129,2025-12-25T17:16:00,2025-12-25T18:46:00,Thursday,False,True,clear,23.63,completed
B4623,U194,S195,P102,2025-11-10T17:33:00,2025-11-10T21:33:00,Monday,False,False,rain,37.26,completed
B4624,U257,S738,P114,2025-11-27T12:06:00,2025-11-27T13:36:00,Thursday,False,False,rain,30.57,completed
B4625,U270,S1437,P129,2025-11-18T19:53:00,2025-11-18T21:23:00,Tuesday,False,False,rain,22.02,completed
B4626,U199,S679,P113,2025-10-18T14:02:00,2025-10-18T16:02:00,Saturday,True,False,clear,26.11,completed
B4627,U165,S1227,P125,2025-11-26T07:30:00,2025-11-26T08:30:00,Wednesday,False,False,clear,19.21,completed
B4628,U203,S648,P112,2025-10-27T19:56:00,2025-10-27T22:56:00,Monday,False,False,fog,58.95,completed
B4629,U181,S504,P108,2025-11-04T17:05:00,2025-11-04T19:05:00,Tuesday,False,False,cloudy,23.98,completed
B4630,U286,S729,P114,2025-11-23T17:29:00,2025-11-23T21:29:00,Sunday,True,False,rain,34.32,completed
B4631,U111,S1131,P123,2025-10-21T20:53:00,2025-10-22T00:53:00,Tuesday,False,True,clear,76.37,completed
B4632,U165,S679,P113,2025-11-22T17:13:00,2025-11-22T18:13:00,Saturday,True,False,fog,24.02,completed
B4633,U164,S1214,P124,2025-12-24T02:45:00,2025-12-24T04:15:00,Wednesday,False,False,clear,31.26,completed
B4634,U189,S523,P108,2026-01-12T20:26:00,2026-01-12T21:56:00,Monday,False,False,clear,29.14,completed
B4635,U177,S149,P101,2025-11-07T10:06:00,2025-11-07T11:06:00,Friday,False,False,clear,21.57,completed
B4636,U169,S1266,P126,2025-11-12T02:55:00,2025-11-12T03:25:00,Wednesday,False,False,clear,16.92,completed
B4637,U209,S1192,P124,2025-11-08T09:29:00,2025-11-08T10:29:00,Saturday,True,False,clear,39.28,completed
B4638,U236,S1421,P128,2025-10-15T01:31:00,2025-10-15T03:31:00,Wednesday,False,False,clear,37.42,cancelled
B4639,U159,S1027,P120,2026-01-24T14:25:00,2026-01-24T15:25:00,Saturday,True,False,cloudy,22.45,completed
B4640,U150,S427,P106,2026-01-06T19:40:00,2026-01-06T21:10:00,Tuesday,False,False,clear,48.2,completed
B4641,U189,S1250,P125,2025-10-29T15:14:00,2025-10-29T17:14:00,Wednesday,False,False,rain,21.7,completed
B4642,U125,S947,P118,2026-01-23T09:08:00,2026-01-23T09:38:00,Friday,False,False,clear,27.04,completed
B4643,U283,S563,P110,2025-11-25T21:34:00,2025-11-25T22:34:00,Tuesday,False,False,fog,38.29,completed
B4644,U220,S117,P101,2026-01-10T07:17:00,2026-01-10T09:17:00,Saturday,True,False,cloudy,22.79,completed
B4645,U214,S556,P110,2025-10-05T19:58:00,2025-10-05T21:28:00,Sunday,True,False,rain,60.55,cancelled
B4646,U289,S1485,P131,2025-12-25T23:37:00,2025-12-26T00:37:00,Thursday,False,True,cloudy,37.97,completed
B4647,U167,S300,P104,2026-01-11T10:10:00,2026-01-11T14:10:00,Sunday,True,False,cloudy,53.04,completed
B4648,U299,S996,P119,2025-10-04T05:12:00,2025-10-04T06:12:00,Saturday,True,False,clear,39.03,completed
B4649,U177,S1342,P127,2025-11-15T14:25:00,2025-11-15T17:25:00,Saturday,True,False,clear,56.2,completed
B4650,U220,S637,P112,2026-01-01T15:50:00,2026-01-01T18:50:00,Thursday,False,False,clear,48.73,completed
B4651,U175,S590,P110,2025-11-04T06:54:00,2025-11-04T08:54:00,Tuesday,False,False,clear,41.71,completed
B4652,U269,S1167,P124,2026-01-13T06:43:00,2026-01-13T08:43:00,Tuesday,False,False,cloudy,30.82,completed
B4653,U250,S198,P102,2025-10-13T16:16:00,2025-10-13T19:16:00,Monday,False,False,rain,38.23,completed
B4654,U108,S1032,P120,2026-01-20T15:11:00,2026-01-20T17:11:00,Tuesday,False,False,clear,18.62,cancelled
B4655,U300,S1186,P124,2025-10-20T12:40:00,2025-10-20T15:40:00,Monday,False,True,cloudy,43.11,completed
B4656,U122,S1041,P121,2025-12-07T14:48:00,2025-12-07T15:48:00,Sunday,True,False,rain,38.14,completed
B4657,U217,S1068,P122,2025-10-04T14:04:00,2025-10-04T14:34:00,Saturday,True,False,clear,47.96,completed
B4658,U116,S265,P103,2025-10-02T12:41:00,2025-10-02T14:11:00,Thursday,False,False,clear,23.09,completed
B4659,U240,S1334,P127,2025-10-09T12:18:00,2025-10-09T15:18:00,Thursday,False,False,clear,53.41,completed
B4660,U281,S1253,P125,2025-10-29T06:57:00,2025-10-29T07:57:00,Wednesday,False,False,clear,19.82,completed
B4661,U287,S597,P111,2025-10-20T17:38:00,2025-10-20T20:38:00,Monday,False,True,clear,72.25,cancelled
B4662,U165,S1125,P123,2025-12-15T21:33:00,2025-12-15T22:33:00,Monday,False,False,haze,51.75,completed
B4663,U295,S1336,P127,2025-11-02T07:42:00,2025-11-02T11:42:00,Sunday,True,False,fog,61.17,completed
B4664,U111,S1480,P131,2025-11-02T07:46:00,2025-11-02T08:46:00,Sunday,True,False,rain,32.89,completed
B4665,U204,S1427,P129,2025-10-05T07:06:00,2025-10-05T08:36:00,Sunday,True,False,cloudy,18.6,completed
B4666,U230,S140,P101,2025-12-24T14:43:00,2025-12-24T15:13:00,Wednesday,False,False,clear,20.94,completed
B4667,U164,S1487,P131,2025-10-14T06:03:00,2025-10-14T07:33:00,Tuesday,False,False,rain,28.42,completed
B4668,U103,S541,P109,2025-10-11T16:20:00,2025-10-11T17:50:00,Saturday,True,False,rain,22.22,completed
B4669,U151,S1165,P124,2025-12-31T18:20:00,2025-12-31T20:20:00,Wednesday,False,False,clear,34.68,completed
B4670,U145,S1513,P132,2025-10-31T18:41:00,2025-10-31T19:11:00,Friday,False,False,rain,30.32,completed
B4671,U112,S816,P115,2025-11-13T07:47:00,2025-11-13T11:47:00,Thursday,False,False,clear,20.14,completed
B4672,U103,S562,P110,2025-11-06T20:44:00,2025-11-07T02:44:00,Thursday,False,False,clear,48.49,completed
B4673,U285,S433,P106,2025-11-11T08:42:00,2025-11-11T09:42:00,Tuesday,False,False,clear,50.23,completed
B4674,U131,S1290,P126,2025-10-03T19:23:00,2025-10-03T19:53:00,Friday,False,False,cloudy,19.45,cancelled
B4675,U213,S458,P107,2025-11-14T14:10:00,2025-11-14T14:40:00,Friday,False,False,clear,39.53,completed
B4676,U149,S880,P117,2025-12-17T19:59:00,2025-12-17T22:59:00,Wednesday,False,False,rain,44.12,completed
B4677,U246,S1030,P120,2025-10-28T17:21:00,2025-10-28T17:51:00,Tuesday,False,False,clear,18.68,completed
B4678,U147,S1470,P130,2025-10-14T06:55:00,2025-10-14T10:55:00,Tuesday,False,False,rain,51.92,completed
B4679,U187,S922,P118,2025-12-24T08:11:00,2025-12-24T12:11:00,Wednesday,False,False,clear,27.83,completed
B4680,U136,S1390,P128,2025-10-30T11:45:00,2025-10-30T14:45:00,Thursday,False,False,clear,38.49,completed
B4681,U262,S585,P110,2025-10-15T18:35:00,2025-10-15T21:35:00,Wednesday,False,False,clear,48.96,completed
B4682,U233,S265,P103,2026-01-24T19:07:00,2026-01-24T20:07:00,Saturday,True,False,fog,34.01,completed
B4683,U175,S299,P104,2025-11-05T07:23:00,2025-11-05T08:23:00,Wednesday,False,False,clear,47.07,completed
B4684,U288,S119,P101,2025-10-27T19:23:00,2025-10-27T21:23:00,Monday,False,False,clear,24.3,completed
B4685,U127,S271,P103,2025-10-20T18:32:00,2025-10-20T22:32:00,Monday,False,True,rain,40.37,completed
B4686,U266,S616,P111,2025-11-12T03:55:00,2025-11-12T05:55:00,Wednesday,False,False,rain,58.39,completed
B4687,U114,S162,P101,2025-10-05T01:25:00,2025-10-05T03:25:00,Sunday,True,False,clear,23.6,completed
B4688,U108,S1123,P123,2025-12-01T07:09:00,2025-12-01T10:09:00,Monday,False,False,clear,48.65,completed
B4689,U277,S1311,P126,2025-12-08T22:29:00,2025-12-09T01:29:00,Monday,False,False,rain,18.43,completed
B4690,U292,S1468,P130,2026-01-05T07:31:00,2026-01-05T09:01:00,Monday,False,False,clear,46.96,completed
B4691,U194,S1426,P129,2025-11-23T07:05:00,2025-11-23T09:05:00,Sunday,True,False,clear,18.97,completed
B4692,U162,S971,P118,2025-12-22T19:08:00,2025-12-22T20:08:00,Monday,False,False,clear,28.11,completed
B4693,U164,S1078,P122,2025-11-11T15:25:00,2025-11-11T15:55:00,Tuesday,False,False,fog,39.51,completed
B4694,U199,S1098,P122,2025-11-01T13:49:00,2025-11-01T14:19:00,Saturday,True,True,cloudy,63.46,completed
B4695,U285,S1470,P130,2026-01-14T07:30:00,2026-01-14T09:00:00,Wednesday,False,True,clear,68.36,completed
B4696,U292,S1100,P122,2025-11-09T19:36:00,2025-11-09T21:06:00,Sunday,True,False,cloudy,58.33,completed
B4697,U163,S362,P105,2025-10-03T13:28:00,2025-10-03T15:28:00,Friday,False,False,cloudy,21.54,completed
B4698,U145,S201,P102,2025-10-01T22:00:00,2025-10-02T02:00:00,Wednesday,False,False,cloudy,33.91,completed
B4699,U192,S457,P107,2025-10-13T18:33:00,2025-10-13T22:33:00,Monday,False,False,clear,48.61,completed
B4700,U258,S501,P108,2025-12-06T17:01:00,2025-12-06T17:31:00,Saturday,True,False,clear,28.84,cancelled
B4701,U239,S981,P119,2025-11-28T17:35:00,2025-11-28T18:35:00,Friday,False,False,rain,37.86,completed
B4702,U193,S1034,P120,2025-12-09T09:37:00,2025-12-09T10:37:00,Tuesday,False,False,rain,23.76,completed
B4703,U158,S441,P106,2025-10-30T13:51:00,2025-10-30T15:51:00,Thursday,False,False,cloudy,40.5,completed
B4704,U195,S644,P112,2025-11-30T14:50:00,2025-11-30T15:20:00,Sunday,True,False,haze,52.99,completed
B4705,U244,S671,P113,2025-11-09T19:00:00,2025-11-09T21:00:00,Sunday,True,False,clear,30.26,completed
B4706,U197,S753,P115,2026-01-28T19:42:00,2026-01-29T01:42:00,Wednesday,False,False,clear,24.75,completed
B4707,U170,S1144,P123,2025-12-14T06:15:00,2025-12-14T08:15:00,Sunday,True,False,fog,59.32,completed
B4708,U291,S584,P110,2026-01-11T09:33:00,2026-01-11T11:33:00,Sunday,True,False,clear,53.81,completed
B4709,U240,S320,P104,2025-11-22T19:17:00,2025-11-22T21:17:00,Saturday,True,False,fog,61.72,completed
B4710,U245,S818,P115,2025-10-27T15:19:00,2025-10-27T16:49:00,Monday,False,False,rain,21.58,completed
B4711,U274,S1173,P124,2026-01-06T17:36:00,2026-01-06T18:06:00,Tuesday,False,False,clear,30.03,completed
B4712,U288,S631,P111,2025-12-12T10:34:00,2025-12-12T11:34:00,Friday,False,False,clear,50.69,completed
B4713,U240,S770,P115,2025-11-25T19:26:00,2025-11-25T20:56:00,Tuesday,False,False,fog,25.58,completed
B4714,U219,S1421,P128,2025-10-28T17:22:00,2025-10-28T18:52:00,Tuesday,False,False,clear,39.18,completed
B4715,U270,S912,P118,2026-01-07T14:53:00,2026-01-07T16:23:00,Wednesday,False,False,clear,23.97,completed
B4716,U272,S997,P119,2025-10-06T23:56:00,2025-10-07T00:56:00,Monday,False,False,cloudy,32.73,completed
B4717,U293,S1362,P127,2025-12-12T18:26:00,2025-12-12T18:56:00,Friday,False,False,clear,60.86,completed
B4718,U160,S1045,P121,2025-12-30T08:34:00,2025-12-30T10:34:00,Tuesday,False,False,clear,34.84,completed
B4719,U202,S1020,P120,2025-10-01T10:50:00,2025-10-01T12:50:00,Wednesday,False,False,cloudy,18.88,completed
B4720,U117,S897,P117,2025-11-03T12:17:00,2025-11-03T15:17:00,Monday,False,False,clear,35.39,completed
B4721,U227,S1026,P120,2026-01-09T18:03:00,2026-01-09T19:03:00,Friday,False,False,clear,22.53,completed
B4722,U181,S342,P105,2025-12-04T13:28:00,2025-12-04T13:58:00,Thursday,False,False,clear,20.81,completed
B4723,U116,S1340,P127,2025-10-09T12:03:00,2025-10-09T14:03:00,Thursday,False,False,clear,52.16,completed
B4724,U269,S1486,P131,2025-12-28T07:03:00,2025-12-28T09:03:00,Sunday,True,False,clear,29.81,completed
B4725,U178,S853,P116,2025-11-22T08:50:00,2025-11-22T09:50:00,Saturday,True,False,clear,35.89,completed
B4726,U147,S1357,P127,2025-10-19T13:38:00,2025-10-19T14:08:00,Sunday,True,False,clear,56.54,completed
B4727,U196,S684,P113,2025-11-12T09:40:00,2025-11-12T11:40:00,Wednesday,False,False,clear,25.68,completed
B4728,U156,S353,P105,2026-01-09T08:18:00,2026-01-09T14:18:00,Friday,False,False,rain,26.34,completed
B4729,U135,S543,P109,2026-01-01T19:07:00,2026-01-01T20:07:00,Thursday,False,False,clear,20.68,completed
B4730,U133,S561,P110,2025-12-15T17:15:00,2025-12-15T18:45:00,Monday,False,False,clear,41.43,completed
B4731,U298,S565,P110,2026-01-09T14:44:00,2026-01-09T15:44:00,Friday,False,False,clear,41.24,completed
B4732,U137,S1041,P121,2025-11-27T19:51:00,2025-11-27T20:21:00,Thursday,False,False,clear,36.52,completed
B4733,U211,S527,P108,2025-10-27T21:42:00,2025-10-27T22:42:00,Monday,False,False,cloudy,25.37,completed
B4734,U108,S492,P107,2026-01-27T20:41:00,2026-01-27T22:41:00,Tuesday,False,False,rain,54.05,cancelled
B4735,U136,S1476,P131,2026-01-25T07:21:00,2026-01-25T08:51:00,Sunday,True,False,clear,30.65,completed
B4736,U135,S1432,P129,2025-12-17T17:07:00,2025-12-17T23:07:00,Wednesday,False,False,clear,17.69,completed
B4737,U243,S1453,P130,2026-01-04T19:40:00,2026-01-04T20:40:00,Sunday,True,False,clear,65.72,completed
B4738,U247,S1084,P122,2025-11-05T18:31:00,2025-11-05T19:31:00,Wednesday,False,False,rain,51.94,completed
B4739,U295,S1236,P125,2026-01-04T13:41:00,2026-01-04T16:41:00,Sunday,True,False,rain,24.82,completed
B4740,U256,S1462,P130,2025-10-21T14:50:00,2025-10-21T17:50:00,Tuesday,False,True,clear,69.67,completed
B4741,U298,S622,P111,2026-01-25T09:15:00,2026-01-25T13:15:00,Sunday,True,False,rain,72.85,completed
B4742,U272,S987,P119,2025-10-10T07:41:00,2025-10-10T10:41:00,Friday,False,False,clear,33.49,completed
B4743,U227,S448,P107,2025-12-18T15:35:00,2025-12-18T16:35:00,Thursday,False,False,cloudy,40.13,completed
B4744,U183,S1183,P124,2025-11-11T17:52:00,2025-11-11T23:52:00,Tuesday,False,False,clear,30.77,completed
B4745,U177,S1543,P132,2025-12-31T15:38:00,2025-12-31T19:38:00,Wednesday,False,False,clear,23.13,completed
B4746,U199,S287,P104,2026-01-13T19:24:00,2026-01-13T23:24:00,Tuesday,False,False,cloudy,55.96,completed
B4747,U210,S941,P118,2025-12-20T16:08:00,2025-12-20T18:08:00,Saturday,True,False,clear,26.06,completed
B4748,U183,S1093,P122,2025-12-13T14:44:00,2025-12-13T15:44:00,Saturday,True,False,clear,48.45,completed
B4749,U221,S886,P117,2025-12-30T18:23:00,2025-12-30T18:53:00,Tuesday,False,False,clear,43.61,completed
B4750,U153,S113,P101,2025-12-30T21:18:00,2025-12-31T00:18:00,Tuesday,False,False,cloudy,20.31,cancelled
B4751,U256,S1519,P132,2025-10-13T13:58:00,2025-10-13T15:28:00,Monday,False,False,clear,24.01,completed
B4752,U147,S1516,P132,2025-11-15T17:55:00,2025-11-15T23:55:00,Saturday,True,False,clear,26.08,completed
B4753,U252,S1409,P128,2025-12-20T02:13:00,2025-12-20T03:13:00,Saturday,True,False,rain,48.21,completed
B4754,U246,S492,P107,2025-11-03T15:18:00,2025-11-03T15:48:00,Monday,False,False,clear,39.57,completed
B4755,U259,S1559,P132,2025-12-09T06:44:00,2025-12-09T08:44:00,Tuesday,False,False,clear,23.68,completed
B4756,U183,S1253,P125,2026-01-14T20:34:00,2026-01-15T02:34:00,Wednesday,False,True,clear,30.34,completed
B4757,U204,S1222,P125,2025-12-18T08:40:00,2025-12-18T10:10:00,Thursday,False,False,cloudy,24.16,completed
B4758,U150,S480,P107,2026-01-16T19:42:00,2026-01-16T21:42:00,Friday,False,False,haze,49.53,completed
B4759,U285,S479,P107,2025-10-27T07:35:00,2025-10-27T08:05:00,Monday,False,False,clear,40.28,completed
B4760,U134,S509,P108,2026-01-16T06:42:00,2026-01-16T08:12:00,Friday,False,False,clear,24.06,cancelled
B4761,U229,S1357,P127,2025-10-16T11:34:00,2025-10-16T12:34:00,Thursday,False,False,rain,53.71,completed
B4762,U284,S240,P103,2025-11-30T14:19:00,2025-11-30T18:19:00,Sunday,True,False,clear,26.85,completed
B4763,U173,S1437,P129,2025-12-02T15:30:00,2025-12-02T17:30:00,Tuesday,False,False,clear,16.73,completed
B4764,U108,S243,P103,2025-10-31T20:05:00,2025-11-01T02:05:00,Friday,False,False,cloudy,28.62,completed
B4765,U122,S1409,P128,2025-11-07T02:34:00,2025-11-07T03:04:00,Friday,False,False,cloudy,36.56,completed
B4766,U175,S744,P114,2025-11-07T08:44:00,2025-11-07T09:44:00,Friday,False,False,clear,32.6,completed
B4767,U261,S207,P102,2026-01-06T11:01:00,2026-01-06T12:31:00,Tuesday,False,False,clear,34.94,completed
B4768,U242,S461,P107,2025-12-17T13:27:00,2025-12-17T16:27:00,Wednesday,False,False,clear,39.31,completed
B4769,U128,S213,P102,2025-10-03T19:14:00,2025-10-03T21:14:00,Friday,False,False,rain,44.97,completed
B4770,U244,S886,P117,2026-01-08T07:16:00,2026-01-08T07:46:00,Thursday,False,False,clear,36.46,completed
B4771,U206,S1133,P123,2025-11-20T04:35:00,2025-11-20T05:35:00,Thursday,False,False,clear,49.11,completed
B4772,U257,S963,P118,2025-12-28T15:15:00,2025-12-28T16:45:00,Sunday,True,False,rain,29.78,completed
B4773,U228,S1055,P121,2025-11-30T20:43:00,2025-11-30T23:43:00,Sunday,True,False,cloudy,41.98,completed
B4774,U269,S899,P117,2025-12-23T09:58:00,2025-12-23T10:58:00,Tuesday,False,False,clear,40.85,completed
B4775,U199,S743,P114,2025-10-29T17:37:00,2025-10-29T18:07:00,Wednesday,False,False,clear,29.49,completed
B4776,U270,S1064,P121,2025-10-17T16:46:00,2025-10-17T18:16:00,Friday,False,False,fog,28.81,completed
B4777,U188,S1122,P123,2025-12-31T07:30:00,2025-12-31T09:30:00,Wednesday,False,False,clear,49.27,completed
B4778,U169,S407,P106,2025-12-22T12:14:00,2025-12-22T14:14:00,Monday,False,False,clear,39.9,completed
B4779,U255,S791,P115,2025-10-25T00:57:00,2025-10-25T04:57:00,Saturday,True,False,rain,24.12,completed
B4780,U165,S489,P107,2025-10-26T23:13:00,2025-10-27T01:13:00,Sunday,True,False,clear,46.85,completed
B4781,U300,S1294,P126,2025-10-16T12:43:00,2025-10-16T15:43:00,Thursday,False,False,clear,16.1,completed
B4782,U181,S1511,P132,2025-11-18T21:47:00,2025-11-19T00:47:00,Tuesday,False,False,fog,23.62,completed
B4783,U292,S1232,P125,2025-11-16T14:39:00,2025-11-16T16:09:00,Sunday,True,False,fog,23.71,completed
B4784,U162,S1532,P132,2025-12-15T12:38:00,2025-12-15T15:38:00,Monday,False,False,fog,22.04,completed
B4785,U181,S1434,P129,2025-11-30T19:48:00,2025-11-30T20:48:00,Sunday,True,False,clear,21.91,completed
B4786,U266,S601,P111,2026-01-16T08:42:00,2026-01-16T14:42:00,Friday,False,False,cloudy,58.92,completed
B4787,U294,S174,P102,2025-11-11T04:13:00,2025-11-11T07:13:00,Tuesday,False,False,clear,34.94,completed
B4788,U159,S1036,P120,2025-12-20T21:50:00,2025-12-20T23:50:00,Saturday,True,False,haze,21.04,completed
B4789,U119,S1008,P119,2025-10-27T19:05:00,2025-10-27T20:05:00,Monday,False,False,clear,42.95,completed
B4790,U299,S644,P112,2026-01-08T16:52:00,2026-01-08T18:52:00,Thursday,False,False,clear,49.65,completed
B4791,U165,S351,P105,2025-11-23T17:45:00,2025-11-23T19:15:00,Sunday,True,False,cloudy,24.44,completed
B4792,U170,S431,P106,2025-10-08T21:23:00,2025-10-08T23:23:00,Wednesday,False,False,clear,41.57,completed
B4793,U155,S1287,P126,2025-12-11T19:02:00,2025-12-11T20:32:00,Thursday,False,False,fog,20.49,completed
B4794,U169,S1101,P122,2025-10-21T20:02:00,2025-10-21T22:02:00,Tuesday,False,True,clear,66.26,completed
B4795,U233,S1271,P126,2025-12-22T09:18:00,2025-12-22T10:18:00,Monday,False,False,rain,20.88,completed
B4796,U102,S490,P107,2025-11-18T12:27:00,2025-11-18T13:57:00,Tuesday,False,False,clear,40.98,completed
B4797,U213,S406,P106,2025-12-09T06:25:00,2025-12-09T09:25:00,Tuesday,False,False,clear,40.14,completed
B4798,U275,S1424,P129,2025-12-23T20:39:00,2025-12-23T23:39:00,Tuesday,False,False,clear,20.5,cancelled
B4799,U156,S590,P110,2025-10-20T19:32:00,2025-10-20T22:32:00,Monday,False,True,cloudy,62.05,completed
B4800,U213,S198,P102,2025-10-04T19:37:00,2025-10-04T22:37:00,Saturday,True,False,fog,45.05,completed
B4801,U213,S782,P115,2025-10-05T14:26:00,2025-10-05T15:26:00,Sunday,True,False,clear,23.78,completed
B4802,U141,S1443,P129,2025-10-05T09:28:00,2025-10-05T10:28:00,Sunday,True,False,clear,23.8,completed
B4803,U102,S548,P110,2025-11-12T19:51:00,2025-11-12T23:51:00,Wednesday,False,False,clear,50.26,completed
B4804,U215,S829,P116,2025-10-08T06:29:00,2025-10-08T09:29:00,Wednesday,False,False,clear,27.32,completed
B4805,U109,S1486,P131,2025-12-12T22:22:00,2025-12-12T23:22:00,Friday,False,False,fog,26.89,completed
B4806,U242,S1344,P127,2025-12-03T03:35:00,2025-12-03T06:35:00,Wednesday,False,False,cloudy,52.72,completed
B4807,U203,S648,P112,2025-12-08T16:38:00,2025-12-08T17:38:00,Monday,False,False,clear,46.15,completed
B4808,U226,S1327,P126,2026-01-18T07:01:00,2026-01-18T08:01:00,Sunday,True,False,clear,19.26,completed
B4809,U110,S897,P117,2025-11-28T15:07:00,2025-11-28T16:07:00,Friday,False,False,clear,34.35,completed
B4810,U120,S888,P117,2025-10-30T23:56:00,2025-10-31T02:56:00,Thursday,False,False,clear,33.65,completed
B4811,U251,S1183,P124,2025-12-13T08:43:00,2025-12-13T10:43:00,Saturday,True,False,clear,41.98,completed
B4812,U214,S1115,P123,2025-11-20T20:22:00,2025-11-20T22:22:00,Thursday,False,False,clear,59.06,cancelled
B4813,U159,S541,P109,2025-10-02T19:05:00,2025-10-02T20:35:00,Thursday,False,False,rain,21.93,completed
B4814,U203,S862,P116,2025-11-15T21:06:00,2025-11-15T22:06:00,Saturday,True,False,haze,32.45,completed
B4815,U158,S534,P109,2025-10-20T09:40:00,2025-10-20T11:10:00,Monday,False,True,clear,28.97,completed
B4816,U190,S1481,P131,2025-12-20T06:26:00,2025-12-20T07:26:00,Saturday,True,False,cloudy,30.79,completed
B4817,U280,S481,P107,2025-12-17T13:41:00,2025-12-17T14:41:00,Wednesday,False,False,clear,40.06,completed
B4818,U241,S1152,P123,2025-12-16T06:47:00,2025-12-16T12:47:00,Tuesday,False,False,clear,52.03,completed
B4819,U252,S810,P115,2025-12-09T19:19:00,2025-12-09T21:19:00,Tuesday,False,False,clear,24.78,completed
B4820,U299,S332,P104,2025-12-05T20:08:00,2025-12-05T21:38:00,Friday,False,False,rain,62.59,completed
B4821,U147,S1438,P129,2026-01-25T09:17:00,2026-01-25T15:17:00,Sunday,True,False,fog,22.97,completed
B4822,U281,S1371,P128,2025-11-07T19:03:00,2025-11-07T20:03:00,Friday,False,False,clear,47.55,completed
B4823,U146,S202,P102,2025-12-17T06:54:00,2025-12-17T08:54:00,Wednesday,False,False,cloudy,36.34,completed
B4824,U151,S318,P104,2025-10-14T14:55:00,2025-10-14T16:55:00,Tuesday,False,False,rain,51.94,completed
B4825,U244,S552,P110,2026-01-17T17:12:00,2026-01-17T18:12:00,Saturday,True,False,haze,45.33,completed
B4826,U160,S1115,P123,2026-01-22T19:25:00,2026-01-22T20:25:00,Thursday,False,False,fog,58.76,completed
B4827,U149,S938,P118,2026-01-16T07:00:00,2026-01-16T13:00:00,Friday,False,False,clear,22.8,completed
B4828,U170,S212,P102,2026-01-07T21:11:00,2026-01-07T21:41:00,Wednesday,False,False,rain,38.08,completed
B4829,U297,S1543,P132,2026-01-06T18:48:00,2026-01-06T19:48:00,Tuesday,False,False,clear,28.26,completed
B4830,U141,S543,P109,2026-01-05T17:37:00,2026-01-05T18:37:00,Monday,False,False,clear,18.17,cancelled
B4831,U119,S1432,P129,2025-10-22T18:33:00,2025-10-22T22:33:00,Wednesday,False,False,rain,22.91,completed
B4832,U216,S1030,P120,2025-11-11T09:46:00,2025-11-11T10:16:00,Tuesday,False,False,clear,22.73,completed
B4833,U218,S1341,P127,2026-01-12T18:02:00,2026-01-12T20:02:00,Monday,False,False,clear,62.03,completed
B4834,U215,S1041,P121,2025-10-15T20:10:00,2025-10-15T22:10:00,Wednesday,False,False,clear,35.86,cancelled
B4835,U129,S319,P104,2025-12-25T06:34:00,2025-12-25T08:34:00,Thursday,False,True,cloudy,62.55,completed
B4836,U131,S498,P108,2025-10-27T07:34:00,2025-10-27T08:34:00,Monday,False,False,clear,24.0,completed
B4837,U242,S372,P105,2025-11-24T20:00:00,2025-11-24T23:00:00,Monday,False,False,cloudy,24.35,completed
B4838,U206,S603,P111,2025-11-04T18:03:00,2025-11-04T18:33:00,Tuesday,False,False,clear,61.76,completed
B4839,U222,S637,P112,2025-10-18T16:06:00,2025-10-18T22:06:00,Saturday,True,False,clear,52.84,completed
B4840,U261,S1503,P132,2025-10-03T19:57:00,2025-10-04T01:57:00,Friday,False,False,clear,28.42,completed
B4841,U191,S392,P106,2026-01-11T16:51:00,2026-01-11T19:51:00,Sunday,True,False,rain,48.59,completed
B4842,U101,S1246,P125,2025-10-25T16:44:00,2025-10-25T17:14:00,Saturday,True,False,clear,22.4,cancelled
B4843,U212,S1475,P131,2025-10-06T11:12:00,2025-10-06T12:12:00,Monday,False,False,fog,25.26,completed
B4844,U211,S635,P112,2025-11-29T16:17:00,2025-11-29T17:17:00,Saturday,True,False,clear,53.22,completed
B4845,U246,S1122,P123,2026-01-16T12:19:00,2026-01-16T12:49:00,Friday,False,False,rain,58.0,completed
B4846,U188,S1383,P128,2026-01-21T09:18:00,2026-01-21T11:18:00,Wednesday,False,False,clear,47.44,completed
B4847,U279,S397,P106,2025-11-09T08:27:00,2025-11-09T10:27:00,Sunday,True,False,rain,58.54,completed
B4848,U280,S1279,P126,2026-01-07T22:25:00,2026-01-08T04:25:00,Wednesday,False,False,cloudy,16.78,completed
B4849,U288,S1152,P123,2026-01-01T15:04:00,2026-01-01T21:04:00,Thursday,False,False,clear,52.36,completed
B4850,U161,S407,P106,2025-12-08T08:12:00,2025-12-08T09:12:00,Monday,False,False,clear,50.08,cancelled
B4851,U164,S476,P107,2025-10-02T10:29:00,2025-10-02T11:29:00,Thursday,False,False,clear,39.26,completed
B4852,U249,S205,P102,2025-12-14T12:52:00,2025-12-14T13:52:00,Sunday,True,False,cloudy,40.71,completed
B4853,U285,S321,P104,2026-01-22T18:38:00,2026-01-22T21:38:00,Thursday,False,False,cloudy,53.84,completed
B4854,U291,S591,P111,2025-11-28T05:00:00,2025-11-28T07:00:00,Friday,False,False,clear,53.87,completed
B4855,U187,S101,P101,2025-11-04T18:19:00,2025-11-04T20:19:00,Tuesday,False,False,clear,26.22,completed
B4856,U222,S1239,P125,2025-10-22T07:28:00,2025-10-22T10:28:00,Wednesday,False,False,fog,20.52,completed
B4857,U144,S1161,P124,2025-12-13T19:42:00,2025-12-13T21:12:00,Saturday,True,False,fog,41.16,completed
B4858,U175,S716,P113,2025-11-05T12:15:00,2025-11-05T13:15:00,Wednesday,False,False,clear,21.1,completed
B4859,U285,S737,P114,2025-11-12T17:02:00,2025-11-12T20:02:00,Wednesday,False,False,clear,28.04,completed
B4860,U208,S586,P110,2025-10-24T00:25:00,2025-10-24T01:55:00,Friday,False,False,cloudy,39.19,completed
B4861,U297,S646,P112,2025-12-29T20:34:00,2025-12-29T22:04:00,Monday,False,False,cloudy,58.01,completed
B4862,U205,S648,P112,2026-01-11T07:42:00,2026-01-11T08:42:00,Sunday,True,False,rain,57.09,completed
B4863,U300,S1423,P129,2025-10-12T20:26:00,2025-10-12T21:56:00,Sunday,True,False,rain,24.57,completed
B4864,U273,S252,P103,2025-11-26T09:12:00,2025-11-26T13:12:00,Wednesday,False,False,clear,28.23,completed
B4865,U172,S1029,P120,2025-12-20T04:43:00,2025-12-20T05:43:00,Saturday,True,False,haze,21.21,completed
B4866,U147,S1122,P123,2025-11-26T08:54:00,2025-11-26T10:54:00,Wednesday,False,False,clear,58.26,cancelled
B4867,U188,S597,P111,2025-12-22T16:36:00,2025-12-22T18:36:00,Monday,False,False,clear,50.53,completed
B4868,U215,S672,P113,2025-11-29T20:09:00,2025-11-29T22:09:00,Saturday,True,False,clear,28.65,completed
B4869,U103,S1096,P122,2026-01-24T05:24:00,2026-01-24T06:54:00,Saturday,True,False,clear,47.46,completed
B4870,U115,S1248,P125,2026-01-09T12:07:00,2026-01-09T14:07:00,Friday,False,False,clear,20.74,completed
B4871,U206,S360,P105,2025-10-11T13:42:00,2025-10-11T16:42:00,Saturday,True,False,clear,23.94,completed
B4872,U223,S1171,P124,2025-11-28T00:40:00,2025-11-28T01:10:00,Friday,False,False,clear,30.29,completed
B4873,U191,S1512,P132,2026-01-11T17:11:00,2026-01-11T19:11:00,Sunday,True,False,clear,25.37,completed
B4874,U249,S240,P103,2026-01-06T16:23:00,2026-01-06T18:23:00,Tuesday,False,False,clear,24.76,completed
B4875,U103,S1485,P131,2026-01-10T19:19:00,2026-01-10T20:49:00,Saturday,True,False,clear,33.16,completed
B4876,U165,S476,P107,2025-10-21T08:36:00,2025-10-21T09:36:00,Tuesday,False,True,rain,66.62,completed
B4877,U139,S1057,P121,2025-12-18T20:49:00,2025-12-19T02:49:00,Thursday,False,False,fog,35.1,completed
B4878,U150,S1323,P126,2026-01-26T19:27:00,2026-01-26T20:27:00,Monday,False,True,clear,26.38,completed
B4879,U266,S689,P113,2025-11-19T15:14:00,2025-11-19T17:14:00,Wednesday,False,False,clear,21.45,cancelled
B4880,U140,S545,P109,2026-01-26T18:01:00,2026-01-26T20:01:00,Monday,False,True,clear,27.4,completed
B4881,U108,S690,P113,2025-12-11T21:18:00,2025-12-11T23:18:00,Thursday,False,False,clear,22.06,completed
B4882,U193,S1392,P128,2026-01-24T21:38:00,2026-01-24T22:38:00,Saturday,True,False,clear,42.95,completed
B4883,U286,S1225,P125,2026-01-01T19:22:00,2026-01-01T20:22:00,Thursday,False,False,fog,23.17,completed
B4884,U171,S198,P102,2025-12-06T17:13:00,2025-12-06T19:13:00,Saturday,True,False,clear,39.36,completed
B4885,U114,S1058,P121,2025-10-02T18:16:00,2025-10-02T18:46:00,Thursday,False,False,clear,36.66,completed
B4886,U188,S1239,P125,2025-10-03T20:12:00,2025-10-03T21:42:00,Friday,False,False,haze,24.21,completed
B4887,U228,S1016,P119,2025-11-02T08:07:00,2025-11-02T10:07:00,Sunday,True,False,clear,46.73,completed
B4888,U294,S279,P104,2025-12-06T15:46:00,2025-12-06T17:46:00,Saturday,True,False,clear,55.66,cancelled
B4889,U129,S405,P106,2026-01-01T20:25:00,2026-01-01T21:55:00,Thursday,False,False,clear,47.7,completed
B4890,U190,S652,P112,2025-11-18T01:46:00,2025-11-18T02:46:00,Tuesday,False,False,clear,45.48,completed
B4891,U257,S277,P104,2025-12-10T16:30:00,2025-12-10T17:00:00,Wednesday,False,False,clear,45.15,completed
B4892,U294,S1032,P120,2026-01-11T09:18:00,2026-01-11T09:48:00,Sunday,True,False,clear,24.55,completed
B4893,U180,S1145,P123,2025-11-17T17:50:00,2025-11-17T18:50:00,Monday,False,False,cloudy,49.03,completed
B4894,U195,S1414,P128,2025-11-19T10:04:00,2025-11-19T11:34:00,Wednesday,False,False,rain,43.7,completed
B4895,U120,S648,P112,2026-01-09T13:44:00,2026-01-09T14:44:00,Friday,False,False,clear,48.25,completed
B4896,U274,S231,P103,2025-10-01T06:56:00,2025-10-01T09:56:00,Wednesday,False,False,fog,23.23,completed
B4897,U106,S1454,P130,2025-10-23T08:42:00,2025-10-23T10:42:00,Thursday,False,False,clear,56.89,completed
B4898,U153,S1043,P121,2025-10-31T16:32:00,2025-10-31T18:32:00,Friday,False,False,clear,30.39,completed
B4899,U250,S741,P114,2025-12-28T18:04:00,2025-12-28T19:04:00,Sunday,True,False,clear,39.25,completed
B4900,U101,S106,P101,2025-12-14T13:07:00,2025-12-14T14:37:00,Sunday,True,False,clear,25.1,completed
B4901,U115,S748,P114,2026-01-15T06:37:00,2026-01-15T08:37:00,Thursday,False,False,fog,27.7,completed
B4902,U223,S973,P119,2025-12-11T11:17:00,2025-12-11T14:17:00,Thursday,False,False,rain,39.57,completed
B4903,U226,S1078,P122,2025-10-13T07:55:00,2025-10-13T08:25:00,Monday,False,False,clear,42.96,completed
B4904,U270,S798,P115,2026-01-25T15:17:00,2026-01-25T21:17:00,Sunday,True,False,fog,22.62,cancelled
B4905,U116,S227,P103,2025-10-29T19:22:00,2025-10-29T21:22:00,Wednesday,False,False,clear,30.06,completed
B4906,U168,S867,P116,2026-01-28T09:37:00,2026-01-28T12:37:00,Wednesday,False,False,clear,33.19,completed
B4907,U182,S903,P117,2026-01-12T13:56:00,2026-01-12T15:26:00,Monday,False,False,clear,34.6,completed
B4908,U130,S1026,P120,2025-10-28T23:16:00,2025-10-29T05:16:00,Tuesday,False,False,clear,18.86,completed
B4909,U234,S958,P118,2025-10-17T10:57:00,2025-10-17T13:57:00,Friday,False,False,clear,23.26,completed
B4910,U242,S154,P101,2025-11-05T18:43:00,2025-11-05T20:43:00,Wednesday,False,False,clear,25.9,completed
B4911,U294,S1237,P125,2025-10-21T19:23:00,2025-10-21T20:23:00,Tuesday,False,True,clear,30.87,completed
B4912,U170,S1520,P132,2025-12-10T18:43:00,2025-12-10T22:43:00,Wednesday,False,False,fog,27.06,completed
B4913,U247,S151,P101,2025-11-06T14:03:00,2025-11-06T17:03:00,Thursday,False,False,fog,21.83,completed
B4914,U136,S1427,P129,2025-12-06T13:51:00,2025-12-06T16:51:00,Saturday,True,False,cloudy,19.01,completed
B4915,U137,S760,P115,2025-10-15T15:55:00,2025-10-15T17:25:00,Wednesday,False,False,cloudy,20.48,completed
B4916,U178,S501,P108,2025-10-22T08:47:00,2025-10-22T09:47:00,Wednesday,False,False,clear,30.28,completed
B4917,U175,S1496,P132,2026-01-11T17:57:00,2026-01-11T18:57:00,Sunday,True,False,haze,26.91,completed
B4918,U167,S1046,P121,2025-12-31T09:06:00,2025-12-31T09:36:00,Wednesday,False,False,clear,35.76,completed
B4919,U244,S905,P117,2025-10-23T06:19:00,2025-10-23T07:19:00,Thursday,False,False,fog,35.74,completed
B4920,U119,S1290,P126,2025-12-30T07:17:00,2025-12-30T08:47:00,Tuesday,False,False,cloudy,17.1,completed
B4921,U179,S991,P119,2026-01-24T13:49:00,2026-01-24T15:49:00,Saturday,True,False,clear,40.93,completed
B4922,U298,S878,P117,2025-10-17T14:40:00,2025-10-17T15:10:00,Friday,False,False,clear,34.48,completed
B4923,U219,S519,P108,2026-01-28T11:19:00,2026-01-28T17:19:00,Wednesday,False,False,clear,23.94,completed
B4924,U188,S421,P106,2025-12-31T23:32:00,2026-01-01T01:32:00,Wednesday,False,False,clear,39.26,completed
B4925,U220,S669,P113,2026-01-17T10:57:00,2026-01-17T11:27:00,Saturday,True,False,cloudy,24.96,cancelled
B4926,U151,S248,P103,2025-12-20T19:14:00,2025-12-20T20:14:00,Saturday,True,False,clear,33.44,completed
B4927,U280,S450,P107,2025-10-10T20:02:00,2025-10-10T20:32:00,Friday,False,False,cloudy,50.31,completed
B4928,U226,S271,P103,2025-12-23T20:04:00,2025-12-23T23:04:00,Tuesday,False,False,rain,31.49,completed
B4929,U140,S634,P112,2025-10-21T16:02:00,2025-10-21T18:02:00,Tuesday,False,True,clear,66.89,completed
B4930,U193,S354,P105,2026-01-23T21:37:00,2026-01-24T03:37:00,Friday,False,False,clear,21.33,completed
B4931,U167,S1209,P124,2025-10-09T07:05:00,2025-10-09T09:05:00,Thursday,False,False,rain,34.5,completed
B4932,U157,S576,P110,2025-10-22T06:26:00,2025-10-22T07:56:00,Wednesday,False,False,rain,43.57,completed
B4933,U148,S260,P103,2025-11-16T17:59:00,2025-11-16T18:59:00,Sunday,True,False,haze,27.15,completed
B4934,U276,S679,P113,2025-10-15T17:02:00,2025-10-15T19:02:00,Wednesday,False,False,clear,20.88,completed
B4935,U179,S1042,P121,2025-10-05T20:20:00,2025-10-05T23:20:00,Sunday,True,False,rain,43.59,completed
B4936,U212,S120,P101,2025-10-14T23:29:00,2025-10-15T01:29:00,Tuesday,False,False,clear,21.79,completed
B4937,U144,S904,P117,2025-12-02T08:04:00,2025-12-02T08:34:00,Tuesday,False,False,haze,43.82,completed
B4938,U219,S1140,P123,2025-12-19T07:41:00,2025-12-19T13:41:00,Friday,False,False,rain,57.76,completed
B4939,U101,S324,P104,2026-01-17T17:13:00,2026-01-17T19:13:00,Saturday,True,False,clear,51.07,completed
B4940,U158,S566,P110,2026-01-21T08:41:00,2026-01-21T12:41:00,Wednesday,False,False,clear,49.71,completed
B4941,U237,S353,P105,2025-11-22T18:54:00,2025-11-22T19:54:00,Saturday,True,False,clear,28.34,completed
B4942,U103,S695,P113,2025-10-20T09:42:00,2025-10-20T11:42:00,Monday,False,True,fog,34.39,completed
B4943,U109,S1423,P129,2026-01-25T14:10:00,2026-01-25T16:10:00,Sunday,True,False,clear,19.61,completed
B4944,U204,S354,P105,2025-12-08T12:38:00,2025-12-08T15:38:00,Monday,False,False,rain,23.77,completed
B4945,U269,S1008,P119,2025-11-25T12:34:00,2025-11-25T14:04:00,Tuesday,False,False,clear,32.89,completed
B4946,U251,S583,P110,2026-01-23T08:40:00,2026-01-23T11:40:00,Friday,False,False,clear,49.59,completed
B4947,U152,S288,P104,2025-10-16T19:31:00,2025-10-16T21:31:00,Thursday,False,False,clear,54.06,completed
B4948,U220,S365,P105,2026-01-17T23:44:00,2026-01-18T00:14:00,Saturday,True,False,clear,23.86,completed
B4949,U160,S206,P102,2026-01-04T12:35:00,2026-01-04T14:35:00,Sunday,True,False,haze,40.21,completed
B4950,U120,S611,P111,2025-10-27T06:47:00,2025-10-27T08:17:00,Monday,False,False,clear,53.49,completed
B4951,U171,S227,P103,2025-12-23T13:21:00,2025-12-23T13:51:00,Tuesday,False,False,rain,25.67,completed
B4952,U101,S751,P115,2026-01-07T11:27:00,2026-01-07T13:27:00,Wednesday,False,False,clear,20.54,completed
B4953,U226,S108,P101,2026-01-21T19:52:00,2026-01-21T20:52:00,Wednesday,False,False,fog,23.81,completed
B4954,U140,S508,P108,2025-11-01T10:51:00,2025-11-01T11:51:00,Saturday,True,True,haze,36.92,completed
B4955,U225,S254,P103,2026-01-28T09:41:00,2026-01-28T10:41:00,Wednesday,False,False,fog,28.81,completed
B4956,U236,S340,P105,2025-11-09T09:45:00,2025-11-09T11:45:00,Sunday,True,False,clear,28.63,completed
B4957,U173,S1487,P131,2025-11-09T10:24:00,2025-11-09T11:24:00,Sunday,True,False,fog,29.22,completed
B4958,U152,S1238,P125,2025-10-01T06:52:00,2025-10-01T12:52:00,Wednesday,False,False,rain,21.02,completed
B4959,U176,S1248,P125,2026-01-04T16:21:00,2026-01-04T19:21:00,Sunday,True,False,rain,23.98,completed
B4960,U286,S871,P116,2025-12-26T16:08:00,2025-12-26T17:08:00,Friday,False,False,clear,27.35,completed
B4961,U288,S886,P117,2025-10-28T06:49:00,2025-10-28T09:49:00,Tuesday,False,False,rain,36.95,completed
B4962,U198,S1464,P130,2025-12-12T22:53:00,2025-12-13T00:53:00,Friday,False,False,clear,51.05,completed
B4963,U134,S1466,P130,2025-12-02T04:49:00,2025-12-02T05:19:00,Tuesday,False,False,clear,46.36,completed
B4964,U105,S769,P115,2025-12-22T16:27:00,2025-12-22T17:57:00,Monday,False,False,clear,20.67,cancelled
B4965,U164,S644,P112,2025-12-25T04:26:00,2025-12-25T05:26:00,Thursday,False,True,clear,69.79,completed
B4966,U167,S614,P111,2026-01-03T09:20:00,2026-01-03T10:20:00,Saturday,True,False,clear,73.1,completed
B4967,U265,S194,P102,2025-11-05T17:13:00,2025-11-05T17:43:00,Wednesday,False,False,clear,33.17,completed
B4968,U192,S550,P110,2025-11-11T17:43:00,2025-11-11T19:43:00,Tuesday,False,False,clear,38.99,completed
B4969,U280,S1366,P127,2025-10-15T15:59:00,2025-10-15T21:59:00,Wednesday,False,False,clear,49.64,completed
B4970,U108,S1270,P126,2025-11-17T10:24:00,2025-11-17T13:24:00,Monday,False,False,clear,17.09,completed
B4971,U191,S1124,P123,2025-11-15T01:29:00,2025-11-15T02:29:00,Saturday,True,False,clear,55.16,completed
B4972,U192,S1358,P127,2025-10-20T09:50:00,2025-10-20T10:50:00,Monday,False,True,haze,80.99,completed
B4973,U226,S1437,P129,2025-11-01T22:04:00,2025-11-01T23:04:00,Saturday,True,True,haze,27.52,completed
B4974,U162,S1460,P130,2025-11-04T15:40:00,2025-11-04T17:10:00,Tuesday,False,False,rain,54.56,completed
B4975,U270,S1062,P121,2025-12-15T01:41:00,2025-12-15T05:41:00,Monday,False,False,clear,29.45,completed
B4976,U250,S547,P109,2025-12-09T12:21:00,2025-12-09T14:21:00,Tuesday,False,False,clear,17.4,completed
B4977,U153,S841,P116,2025-10-25T05:22:00,2025-10-25T06:52:00,Saturday,True,False,clear,29.92,completed
B4978,U268,S725,P113,2026-01-28T10:51:00,2026-01-28T16:51:00,Wednesday,False,False,clear,22.25,completed
B4979,U258,S1212,P124,2026-01-17T21:45:00,2026-01-17T22:45:00,Saturday,True,False,haze,34.64,completed
B4980,U150,S1355,P127,2025-11-18T06:02:00,2025-11-18T07:32:00,Tuesday,False,False,clear,52.31,completed
B4981,U260,S1026,P120,2025-12-14T08:49:00,2025-12-14T10:49:00,Sunday,True,False,clear,24.68,completed
B4982,U172,S578,P110,2025-10-28T05:00:00,2025-10-28T07:00:00,Tuesday,False,False,clear,40.06,completed
B4983,U142,S1432,P129,2026-01-25T00:16:00,2026-01-25T02:16:00,Sunday,True,False,clear,20.19,completed
B4984,U219,S1335,P127,2026-01-27T18:04:00,2026-01-27T20:04:00,Tuesday,False,False,cloudy,61.52,completed
B4985,U241,S736,P114,2025-12-19T20:02:00,2025-12-19T21:32:00,Friday,False,False,rain,36.77,cancelled
B4986,U220,S615,P111,2025-11-03T19:51:00,2025-11-03T21:51:00,Monday,False,False,cloudy,64.0,completed
B4987,U133,S1378,P128,2026-01-02T18:07:00,2026-01-02T19:07:00,Friday,False,False,clear,47.5,completed
B4988,U250,S211,P102,2025-11-13T05:22:00,2025-11-13T06:52:00,Thursday,False,False,clear,35.56,completed
B4989,U113,S1231,P125,2025-11-20T18:30:00,2025-11-20T19:00:00,Thursday,False,False,cloudy,23.1,completed
B4990,U270,S589,P110,2025-12-11T11:33:00,2025-12-11T13:33:00,Thursday,False,False,fog,41.92,completed
B4991,U242,S672,P113,2025-10-10T12:39:00,2025-10-10T14:09:00,Friday,False,False,clear,22.75,completed
B4992,U275,S1055,P121,2026-01-25T19:40:00,2026-01-25T20:40:00,Sunday,True,False,haze,41.27,completed
B4993,U190,S546,P109,2025-11-12T18:08:00,2025-11-12T22:08:00,Wednesday,False,False,fog,21.99,completed
B4994,U285,S261,P103,2025-11-01T19:06:00,2025-11-01T20:06:00,Saturday,True,True,clear,41.91,completed
B4995,U296,S344,P105,2026-01-07T13:40:00,2026-01-07T14:40:00,Wednesday,False,False,clear,21.68,completed
B4996,U261,S107,P101,2025-12-24T15:39:00,2025-12-24T17:09:00,Wednesday,False,False,clear,21.28,completed
B4997,U232,S406,P106,2025-12-12T05:24:00,2025-12-12T06:54:00,Friday,False,False,fog,41.34,completed
B4998,U277,S672,P113,2025-11-28T07:17:00,2025-11-28T11:17:00,Friday,False,False,rain,24.91,completed
B4999,U134,S1022,P120,2025-12-10T18:37:00,2025-12-11T00:37:00,Wednesday,False,False,haze,22.72,completed
B5000,U146,S1059,P121,2025-12-16T17:14:00,2025-12-16T21:14:00,Tuesday,False,False,clear,30.41,completed
B5001,U297,S1478,P131,2026-01-07T20:01:00,2026-01-07T23:01:00,Wednesday,False,False,clear,30.7,completed
B5002,U185,S641,P112,2026-01-07T18:59:00,2026-01-07T21:59:00,Wednesday,False,False,clear,59.54,completed
B5003,U178,S478,P107,2025-12-12T18:02:00,2025-12-12T19:32:00,Friday,False,False,clear,49.97,completed
B5004,U111,S558,P110,2026-01-07T19:52:00,2026-01-07T22:52:00,Wednesday,False,False,clear,49.5,completed
B5005,U299,S528,P108,2025-10-18T12:17:00,2025-10-18T13:17:00,Saturday,True,False,fog,29.3,completed
B5006,U174,S1342,P127,2025-12-20T16:38:00,2025-12-20T17:38:00,Saturday,True,False,clear,59.76,completed
B5007,U264,S1484,P131,2026-01-28T23:27:00,2026-01-29T02:27:00,Wednesday,False,False,clear,25.91,completed
B5008,U136,S835,P116,2026-01-07T07:48:00,2026-01-07T08:48:00,Wednesday,False,False,clear,27.31,completed
B5009,U285,S576,P110,2025-10-24T05:43:00,2025-10-24T06:43:00,Friday,False,False,clear,40.22,completed
B5010,U101,S226,P103,2026-01-14T12:03:00,2026-01-14T13:33:00,Wednesday,False,True,clear,35.02,completed
B5011,U151,S1479,P131,2025-10-17T07:18:00,2025-10-17T07:48:00,Friday,False,False,cloudy,24.86,completed
B5012,U129,S592,P111,2025-12-13T12:45:00,2025-12-13T13:45:00,Saturday,True,False,clear,61.95,completed
B5013,U256,S1209,P124,2025-10-05T07:47:00,2025-10-05T08:47:00,Sunday,True,False,clear,35.61,completed
B5014,U296,S646,P112,2026-01-17T21:41:00,2026-01-17T22:11:00,Saturday,True,False,cloudy,56.14,completed
B5015,U162,S1532,P132,2025-10-11T10:04:00,2025-10-11T13:04:00,Saturday,True,False,clear,27.09,completed
B5016,U120,S442,P106,2025-10-16T08:00:00,2025-10-16T11:00:00,Thursday,False,False,cloudy,46.71,completed
B5017,U271,S350,P105,2025-10-25T08:19:00,2025-10-25T09:19:00,Saturday,True,False,clear,29.71,completed
B5018,U205,S1032,P120,2025-10-03T14:03:00,2025-10-03T16:03:00,Friday,False,False,clear,17.97,completed
B5019,U288,S506,P108,2025-11-11T10:38:00,2025-11-11T13:38:00,Tuesday,False,False,clear,25.39,completed
B5020,U153,S1050,P121,2026-01-26T11:47:00,2026-01-26T14:47:00,Monday,False,True,clear,42.32,completed
B5021,U204,S408,P106,2025-11-30T06:22:00,2025-11-30T06:52:00,Sunday,True,False,cloudy,45.35,completed
B5022,U300,S1490,P132,2025-12-03T20:17:00,2025-12-04T02:17:00,Wednesday,False,False,cloudy,26.7,completed
B5023,U110,S1342,P127,2025-11-11T18:56:00,2025-11-11T20:26:00,Tuesday,False,False,clear,64.45,completed
B5024,U224,S881,P117,2025-11-23T16:42:00,2025-11-23T17:42:00,Sunday,True,False,clear,39.47,completed
B5025,U122,S972,P118,2025-12-18T08:54:00,2025-12-18T09:24:00,Thursday,False,False,clear,26.9,completed
B5026,U245,S1528,P132,2025-12-16T11:28:00,2025-12-16T15:28:00,Tuesday,False,False,clear,22.88,completed
B5027,U159,S304,P104,2026-01-21T16:53:00,2026-01-21T18:23:00,Wednesday,False,False,clear,45.14,completed
B5028,U146,S1028,P120,2026-01-12T19:16:00,2026-01-12T22:16:00,Monday,False,False,clear,22.44,completed
B5029,U247,S1388,P128,2026-01-19T19:54:00,2026-01-19T20:54:00,Monday,False,False,clear,46.3,completed
B5030,U103,S964,P118,2025-12-10T19:47:00,2025-12-10T20:17:00,Wednesday,False,False,fog,26.78,completed
B5031,U241,S407,P106,2025-12-18T08:24:00,2025-12-18T09:24:00,Thursday,False,False,clear,49.15,completed
B5032,U300,S226,P103,2026-01-22T07:30:00,2026-01-22T09:30:00,Thursday,False,False,clear,22.95,completed
B5033,U185,S103,P101,2025-12-12T19:22:00,2025-12-12T23:22:00,Friday,False,False,cloudy,24.38,completed
B5034,U217,S1232,P125,2025-11-03T20:51:00,2025-11-03T22:51:00,Monday,False,False,clear,25.02,completed
B5035,U289,S1244,P125,2025-10-30T05:14:00,2025-10-30T08:14:00,Thursday,False,False,rain,21.86,cancelled
B5036,U138,S954,P118,2025-11-07T05:20:00,2025-11-07T05:50:00,Friday,False,False,cloudy,22.01,completed
B5037,U182,S1218,P124,2026-01-21T22:11:00,2026-01-21T23:11:00,Wednesday,False,False,clear,30.87,completed
B5038,U112,S1353,P127,2026-01-17T09:01:00,2026-01-17T13:01:00,Saturday,True,False,fog,67.17,completed
B5039,U241,S1127,P123,2025-11-26T19:17:00,2025-11-26T20:17:00,Wednesday,False,False,clear,57.57,completed
B5040,U267,S715,P113,2025-11-13T11:57:00,2025-11-13T13:57:00,Thursday,False,False,clear,21.04,completed
B5041,U161,S916,P118,2025-10-19T13:13:00,2025-10-19T15:13:00,Sunday,True,False,rain,28.09,completed
B5042,U183,S437,P106,2025-12-18T18:53:00,2025-12-18T20:53:00,Thursday,False,False,clear,48.33,completed
B5043,U115,S1057,P121,2025-12-07T18:37:00,2025-12-07T19:37:00,Sunday,True,False,clear,41.7,completed
B5044,U140,S175,P102,2025-11-15T21:29:00,2025-11-16T03:29:00,Saturday,True,False,clear,38.0,completed
B5045,U202,S458,P107,2026-01-12T14:23:00,2026-01-12T15:53:00,Monday,False,False,cloudy,41.45,completed
B5046,U209,S643,P112,2025-11-11T16:08:00,2025-11-11T20:08:00,Tuesday,False,False,clear,49.87,completed
B5047,U127,S584,P110,2025-12-20T22:00:00,2025-12-20T23:00:00,Saturday,True,False,clear,46.25,completed
B5048,U202,S441,P106,2025-12-11T16:14:00,2025-12-11T16:44:00,Thursday,False,False,clear,39.38,completed
B5049,U262,S102,P101,2025-12-07T20:18:00,2025-12-07T22:18:00,Sunday,True,False,cloudy,28.73,completed
B5050,U243,S1106,P122,2026-01-22T11:40:00,2026-01-22T12:10:00,Thursday,False,False,clear,39.96,cancelled
B5051,U108,S585,P110,2025-12-16T21:27:00,2025-12-16T22:27:00,Tuesday,False,False,fog,40.86,completed
B5052,U261,S1469,P130,2025-10-16T20:49:00,2025-10-16T21:49:00,Thursday,False,False,clear,60.95,completed
B5053,U135,S482,P107,2025-12-07T14:36:00,2025-12-07T17:36:00,Sunday,True,False,clear,44.98,completed
B5054,U219,S291,P104,2026-01-10T17:48:00,2026-01-10T20:48:00,Saturday,True,False,clear,55.65,completed
B5055,U165,S397,P106,2025-10-07T03:37:00,2025-10-07T04:37:00,Tuesday,False,False,clear,41.97,completed
B5056,U166,S386,P106,2025-12-10T20:37:00,2025-12-10T22:07:00,Wednesday,False,False,cloudy,48.55,completed
B5057,U257,S777,P115,2026-01-17T18:51:00,2026-01-17T20:21:00,Saturday,True,False,clear,26.11,completed
B5058,U266,S410,P106,2025-10-17T18:52:00,2025-10-17T20:22:00,Friday,False,False,rain,52.82,completed
B5059,U197,S713,P113,2026-01-01T12:12:00,2026-01-01T13:12:00,Thursday,False,False,rain,23.34,completed
B5060,U217,S1511,P132,2025-10-19T10:50:00,2025-10-19T13:50:00,Sunday,True,False,clear,26.46,completed
B5061,U107,S1019,P119,2026-01-04T10:04:00,2026-01-04T11:04:00,Sunday,True,False,clear,40.37,completed
B5062,U237,S330,P104,2026-01-11T18:54:00,2026-01-11T21:54:00,Sunday,True,False,clear,65.37,completed
B5063,U283,S111,P101,2025-10-09T15:46:00,2025-10-09T17:46:00,Thursday,False,False,clear,20.67,completed
B5064,U116,S686,P113,2025-11-22T18:04:00,2025-11-22T20:04:00,Saturday,True,False,clear,28.68,completed
B5065,U159,S668,P113,2026-01-19T05:57:00,2026-01-19T07:57:00,Monday,False,False,clear,22.87,completed
B5066,U237,S351,P105,2026-01-03T20:18:00,2026-01-03T23:18:00,Saturday,True,False,clear,29.44,completed
B5067,U280,S1065,P121,2026-01-21T17:57:00,2026-01-21T19:27:00,Wednesday,False,False,clear,30.36,completed
B5068,U288,S616,P111,2026-01-09T09:24:00,2026-01-09T09:54:00,Friday,False,False,clear,61.2,completed
B5069,U242,S1011,P119,2025-11-30T21:48:00,2025-12-01T03:48:00,Sunday,True,False,fog,38.44,cancelled
B5070,U163,S986,P119,2025-12-09T15:34:00,2025-12-09T16:34:00,Tuesday,False,False,clear,34.72,completed
B5071,U239,S901,P117,2025-11-14T21:21:00,2025-11-14T22:21:00,Friday,False,False,clear,36.4,completed
B5072,U290,S861,P116,2026-01-09T18:53:00,2026-01-09T19:53:00,Friday,False,False,cloudy,31.58,completed
B5073,U181,S884,P117,2025-12-30T06:58:00,2025-12-30T07:58:00,Tuesday,False,False,clear,36.91,completed
B5074,U249,S595,P111,2025-12-09T18:46:00,2025-12-09T19:46:00,Tuesday,False,False,clear,61.89,completed
B5075,U239,S370,P105,2025-11-14T10:50:00,2025-11-14T11:50:00,Friday,False,False,fog,20.25,completed
B5076,U154,S329,P104,2026-01-10T09:37:00,2026-01-10T12:37:00,Saturday,True,False,fog,61.72,completed
B5077,U194,S1423,P129,2025-10-24T21:09:00,2025-10-25T03:09:00,Friday,False,False,clear,17.33,completed
B5078,U129,S406,P106,2025-12-26T07:55:00,2025-12-26T09:25:00,Friday,False,False,clear,39.24,completed
B5079,U179,S1161,P124,2026-01-07T18:28:00,2026-01-07T21:28:00,Wednesday,False,False,fog,34.12,completed
B5080,U251,S898,P117,2025-11-30T23:23:00,2025-12-01T01:23:00,Sunday,True,False,clear,39.68,completed
B5081,U194,S1434,P129,2025-10-26T09:23:00,2025-10-26T10:53:00,Sunday,True,False,clear,22.85,completed
B5082,U188,S1478,P131,2025-11-13T13:30:00,2025-11-13T15:00:00,Thursday,False,False,clear,24.62,completed
B5083,U190,S1035,P120,2025-11-17T11:03:00,2025-11-17T15:03:00,Monday,False,False,rain,21.28,completed
B5084,U129,S682,P113,2025-12-05T13:06:00,2025-12-05T15:06:00,Friday,False,False,clear,21.81,completed
B5085,U234,S593,P111,2025-12-12T23:41:00,2025-12-13T00:11:00,Friday,False,False,fog,51.71,completed
B5086,U293,S1137,P123,2026-01-08T15:30:00,2026-01-08T16:30:00,Thursday,False,False,cloudy,50.91,cancelled
B5087,U191,S1459,P130,2025-11-17T18:02:00,2025-11-17T20:02:00,Monday,False,False,rain,62.22,completed
B5088,U161,S1463,P130,2025-10-02T19:59:00,2025-10-02T21:29:00,Thursday,False,False,clear,61.29,completed
B5089,U262,S557,P110,2025-12-03T07:49:00,2025-12-03T09:49:00,Wednesday,False,False,fog,40.39,completed
B5090,U122,S1246,P125,2025-12-13T21:39:00,2025-12-13T23:09:00,Saturday,True,False,clear,21.91,completed
B5091,U101,S541,P109,2025-11-18T18:28:00,2025-11-18T19:58:00,Tuesday,False,False,clear,20.14,cancelled
B5092,U110,S573,P110,2026-01-07T17:18:00,2026-01-07T17:48:00,Wednesday,False,False,rain,43.53,completed
B5093,U136,S156,P101,2025-11-20T13:07:00,2025-11-20T14:07:00,Thursday,False,False,haze,20.03,completed
B5094,U147,S636,P112,2025-12-02T07:41:00,2025-12-02T08:41:00,Tuesday,False,False,clear,47.95,completed
B5095,U285,S638,P112,2026-01-26T03:02:00,2026-01-26T04:32:00,Monday,False,True,cloudy,65.62,completed
B5096,U217,S192,P102,2025-10-09T23:32:00,2025-10-10T01:02:00,Thursday,False,False,cloudy,34.93,completed
B5097,U162,S565,P110,2025-11-29T13:55:00,2025-11-29T16:55:00,Saturday,True,False,clear,46.3,completed
B5098,U188,S655,P113,2025-10-22T21:38:00,2025-10-22T22:08:00,Wednesday,False,False,clear,22.73,completed
B5099,U185,S1274,P126,2026-01-17T16:29:00,2026-01-17T17:59:00,Saturday,True,False,fog,18.72,completed
B5100,U294,S935,P118,2026-01-11T21:03:00,2026-01-11T23:03:00,Sunday,True,False,clear,27.38,completed
