id,booking_id,amount,method,status,paid_at
df12a7d2-94cf-4143-ab1f-974cec0bbec7,dc204a46-7cc4-4cc4-90e9-846d11d738b7,41.1,netbanking,success,2025-11-20T22:58:00
279e863c-b629-42bf-af98-be91706ba1ea,4e33832a-dc36-41d1-9734-c15f3e4fa41a,55.1,netbanking,success,2026-01-25T10:44:00
20e7dd3c-aa04-435f-975d-21932202b2b2,05ee3805-2616-46cd-892b-6c3e84cf90f2,257.4,netbanking,success,2025-11-30T13:46:00
77f0ba19-8353-40c6-8779-b32e166dd92e,048f5e1f-505a-409a-bf94-a291bc82a031,55.17,netbanking,success,2025-11-09T12:58:00
261fda94-7861-4295-9443-b8e25a8467fc,3b319207-c195-491d-b46e-5fdf19c5161f,231.52,card,success,2025-10-27T19:33:00
b82f7b9e-f71d-4745-8ba0-d638d2c60e88,b2606ee1-695e-4864-9c34-7144868dc784,9.76,netbanking,success,2025-10-29T11:02:00
016e542d-6efb-418e-bb29-9527d2338e08,c7573ba9-8958-4017-9701-358021f0090a,81.54,upi,success,2026-01-20T18:40:00
4d941e17-37b3-45f2-8319-cd3b411cf3f4,7253ce20-72d4-4a51-939f-11dcb7db1e48,11.58,wallet,success,2025-12-28T19:44:00
d338975a-2285-413f-b43c-8f37fd2485dd,6f79a0a3-88c7-4fa3-b74c-c3ef8a3fe261,14.42,upi,success,2025-10-13T19:37:00
91f55d9a-d417-479a-a30d-1298361bdad0,29d02654-70f4-4af8-82ff-13d559cd95cf,58.01,upi,success,2025-11-01T02:40:00
bc2201b3-fea2-4ae7-8850-19a8c92e8810,7522fe7a-4693-4120-97da-80b9c1e818e5,70.29,wallet,success,2025-12-13T08:40:00
e17a3359-88a4-40c0-acf9-93611d218748,1834e33e-c4d7-4272-9366-7a0a6afc517b,70.88,netbanking,success,2026-01-02T09:51:00
ae235676-e8a5-4bb3-9614-74bb4c31b372,a4123dd2-cfd2-42d3-a6de-e015612d1b2d,54.64,wallet,success,2025-10-14T20:16:00
744ac7d6-8162-478e-af29-530f7941a365,fe99965b-a221-4170-991c-2ea9fb23f7ff,127.23,card,success,2025-12-21T18:20:00
4110b1de-86d3-4084-820b-8558d41d9766,db7bd968-018b-4d99-ae8a-8441b098e2d9,52.02,card,success,2025-12-16T12:17:00
b33d8d33-7945-4e7f-a1ce-02a29c97bef6,3bd5ccf7-f9e1-4346-9bfb-78082ed87a08,68.14,netbanking,success,2025-10-23T17:59:00
5281be58-d6f8-48ec-8bc1-fc884d7e5813,da057d15-be7d-4236-b431-7bb6e1c46ad1,55.24,card,success,2025-11-29T13:54:00
a01fe03c-7e0d-4f77-a90a-f9093d8dca0a,48010b3c-c87e-4480-b30c-fba890cc09f3,12.13,netbanking,success,2025-10-10T08:04:00
ed192610-4d2b-4574-a60b-330663614b07,7a291981-6287-4684-a082-1db86b1e4c09,24.93,netbanking,success,2026-01-24T14:45:00
938ab657-0465-400d-8e2a-5d0380b3bfc5,647078fe-22c5-4323-85c1-e48ac0a1bcb3,133.56,upi,success,2025-11-16T09:14:00
c82cf075-2ac6-4eea-be05-5025283d6d6b,3d90a99a-42fc-47e7-b341-1d6b6bc24f16,69.02,wallet,success,2026-01-27T16:44:00
61a46b3b-8487-4eaf-9d32-e0a1c679f839,d09128db-602f-4186-b149-1f52391e59b3,41.9,card,success,2026-01-11T09:14:00
5fa9c806-ecd3-4667-822f-7fbf638c9d9a,ba7d9977-2b29-4385-bfab-ea7fa603b77d,68.94,wallet,success,2025-10-01T15:16:00
c923f527-1c95-40d8-8109-af425814be51,0790b2b6-5071-4c49-82a8-6e7c92246aca,182.16,wallet,success,2025-12-16T13:26:00
feb5b145-71fa-450e-ad42-55d88f6ecf38,7122b386-2dda-4f87-b292-e960de6fe795,80.43,netbanking,success,2025-10-31T20:48:00
74b90a6c-fc58-4825-b8e5-b7f4cac123fc,9db7562d-9a6f-4658-a561-4fa902d47ce8,55.04,upi,success,2025-10-21T06:33:00
7ccae50e-e3a8-4cdf-987c-15f968bde4a3,6775870f-4801-4563-8940-1a656f879863,26.4,card,success,2025-12-28T04:06:00
1c3ab990-71ab-45ac-84da-e9ebf1849b40,7d1293d0-adf7-45f3-9741-1041a243b37a,23.55,wallet,success,2026-01-27T14:27:00
89df354d-2c7d-4b4e-90ee-cfc3b62c5cf7,7a8075d6-6383-4cd4-baf2-9a303665d84f,10.33,wallet,success,2026-01-11T11:06:00
98cc4476-0976-4af1-a647-e48a461058a2,bf8b4caa-a781-4000-bf72-c3223911ab93,60.09,wallet,success,2025-11-23T09:12:00
d735fa54-c738-4b87-99f2-5c059b3e5364,d338c301-0290-4a1d-99fe-42b827427066,131.34,card,success,2025-10-19T07:00:00
57571b77-fbc1-4502-9a3a-353b54ed4684,d689b29d-e373-4ade-a9fd-226ceca074c9,73.16,wallet,success,2025-12-06T19:46:00
88a126c0-c331-4fa2-b6f3-7e99a04c92ff,a4d8a935-10ec-460f-931f-34f7e8a34ca8,58.22,netbanking,success,2025-12-11T13:14:00
51043e70-630c-4840-97dc-b48de1c5126d,d3b60028-d4e5-44cc-84e2-3f80154bd2eb,11.02,upi,success,2025-12-29T20:19:00
e25f855e-7b44-4202-8173-350f36b62d04,a2757abf-3f0a-4de8-876e-23255964c619,19.36,upi,success,2026-01-12T07:42:00
7e3a9628-aafa-4ca7-9d9e-116fabe8e087,3c4cc2a7-fd3b-419e-920a-7b9537a4e87d,47.87,netbanking,success,2025-10-03T00:55:00
b12e5187-0797-4432-8656-161666e18f8f,3044a92e-f819-418d-adcd-dd8b1bce2cab,28.89,wallet,success,2025-10-19T16:06:00
889a0954-5d45-4bb1-a524-4f860e7d1e20,afd22968-66e5-4bd2-98d4-ec5c040066fc,30.25,netbanking,success,2025-10-28T19:35:00
2d2d489c-9dd6-46d6-905f-4aa40610e6f5,68f4e80f-89bd-4575-bc90-0fb0876d592e,88.77,card,success,2025-12-03T07:37:00
30e163af-2300-4ff6-890e-2975d8924266,1b7a251c-4c33-4576-a9d9-d9acb996cf16,63.05,card,success,2025-11-04T20:15:00
ba58794a-2279-4ebc-8f49-505705806f5f,06c9e2b3-da31-4356-8bce-2ef6d978bea0,28.32,wallet,success,2025-12-05T16:47:00
534da9b2-c72c-4edd-ac3a-fc0dbabc1e2b,fd150e20-2b89-46b7-b332-fd9908112c2d,14.06,card,success,2025-12-16T06:19:00
67bef569-91df-4edc-bc44-598f344bfb57,c2a90af6-ed8a-4ae2-9859-95dfd484ea7d,47.68,wallet,success,2025-11-16T07:01:00
a0379efd-ac94-4c67-8de7-e59942338f49,8b88337d-467c-46d5-8266-0a7f7d4e76d1,194.16,netbanking,success,2025-11-06T09:44:00
b2377b57-1d07-49cc-b8bd-9f3f1dbe0a36,cd367e1a-3ad9-4e37-ad2b-6eebacf9dbcb,44.4,wallet,success,2025-10-29T07:07:00
1e5e59af-651b-4517-b771-06e104c9bdb3,6b278704-498a-4800-9f0d-a19035a706b0,19.27,wallet,success,2026-01-04T23:30:00
c028b737-518a-4ea9-8d25-638660aad3ef,6dab7b4b-f8c2-4842-9351-bbf4fe1b222f,29.49,wallet,success,2025-12-06T16:59:00
f4e30b9e-4036-4e62-b218-46f499b646e8,7364a3d1-fc16-41c0-96e9-00594ce2d31b,46.86,card,success,2025-10-11T14:52:00
a2939404-7718-4c07-8f80-1bfa54c4c918,8747d62e-ecd9-47fe-b250-eeaf0e9a80b5,30.33,card,success,2025-12-26T16:03:00
8062e998-c521-470f-b162-7a91ca438b4a,d392f11c-badd-4feb-8c81-ab6ee1376f18,95.96,wallet,success,2026-01-26T01:50:00
32755c5e-a87c-4d6c-816d-def16e0ff3c3,0511ec43-4055-484f-8f10-9d5e3cda4110,139.44,card,success,2026-01-10T08:52:00
d9b7216c-ee26-4766-b263-77f502b8317d,3f0f3b15-5d08-4137-a8b2-d5bc32a27cfb,42.86,card,success,2025-12-03T17:23:00
4636987e-436a-4038-a540-d26a6c592b10,8d59e9e3-f83d-45e4-86ab-ff76550091cd,51.69,card,success,2025-11-02T22:45:00
8bbbf024-055b-4022-8d59-3a14fc19e443,23da71b1-225a-412e-85b7-267dbf6c863e,71.62,netbanking,success,2026-01-22T19:00:00
5dd3c4c3-ac2a-465e-baf0-02f8edc4720e,6e3006ff-cf96-4c10-bf06-797eec4f9c5c,37.23,netbanking,success,2026-01-21T20:05:00
e44c1cb5-9840-4724-af4f-c8f0429112af,84e71089-3423-456d-a395-3383b957dfc8,18.24,upi,success,2025-11-26T21:08:00
57d723a9-262e-4591-8b7a-a8966449e9b2,d8cf0a09-37f0-4732-9306-1acc8447c167,41.48,wallet,success,2026-01-19T20:51:00
8863fda1-62bb-4418-90c6-f1646030be85,3f53c53c-5212-4037-817e-e91f64938f21,40.09,upi,success,2026-01-14T20:44:00
93e7af29-4f68-4fa2-b6cb-1ef5d10e4ca6,ad046fc5-8f5a-4eee-aa85-9c89aa96fd58,163.8,netbanking,success,2025-10-11T18:44:00
8c48d10f-fc79-4e30-b9ae-c1fa33b8ab55,aa82b540-5921-4c3d-b14e-38af56849c1d,76.23,card,success,2025-11-23T20:06:00
49a32566-3f8c-4bd1-b845-76f34e7b719a,cac4c535-3640-439b-9efd-628bcf9a64b8,82.4,wallet,success,2025-11-30T08:05:00
4102e6e5-dc77-491e-8c17-f96f2db9efa3,a5f6806b-e500-4fe7-8d58-7616031f00ee,50.86,upi,success,2025-10-26T11:58:00
e0e8c383-c9fa-4d3d-939c-64499cc2a0af,437e3a42-05a5-4622-ac16-675b6bf02ead,78.22,netbanking,success,2025-12-15T09:23:00
df5d60ee-f993-47da-bbc5-b08e330606c7,96548a78-da3e-486a-80b7-d2ec318f6efc,171.64,netbanking,success,2025-11-16T16:24:00
f38e6f9b-31ee-4c6e-86f5-acafeacfda30,b21885db-a4ab-4cba-9fca-ae7bddbaa546,55.16,wallet,success,2025-10-09T11:11:00
54be3e49-b0e5-49c5-9ebc-aafde1bb0024,f90dd874-601d-4279-9b26-4db6a182eb6c,32.23,upi,success,2025-11-09T17:09:00
516f2d52-62a3-4bdb-ae41-7697bcaf1ade,536b76d0-8ab1-4abe-b917-9b432e43648f,111.21,netbanking,success,2025-12-27T06:14:00
0900a192-e502-4bd7-b9e5-888316e09dba,8a07257a-6ca1-4e7c-894c-8d5816fcd086,24.43,netbanking,success,2025-11-11T08:16:00
410e1ae2-fa30-4090-a4a0-107cffce13ff,c8312f83-8667-468d-be90-6e5b5d515730,29.16,card,success,2025-10-07T08:28:00
568690b9-46c8-49a0-913c-01a78333783a,f8d16400-338a-4cab-b829-3365569e6520,66.59,wallet,success,2025-10-11T17:57:00
b3016edf-b52f-4296-8243-74accae86b72,07cce170-e980-4a00-bf97-50c9caf11b2d,111.48,card,success,2025-10-29T09:15:00
25ecd754-f805-4b39-9909-7d162587312b,25d1d142-f623-4f20-a795-9848680e72eb,187.68,wallet,success,2026-01-01T22:54:00
888e75d7-598c-42e4-ad7b-6cf09f965489,0951fe21-c586-44f6-8fee-de841c4d059c,25.98,upi,success,2025-12-10T07:04:00
60a00e07-02a9-4a13-9d92-87294abf50bf,e896484f-6035-48ac-b087-c5526c76121e,105.58,netbanking,success,2025-11-21T19:05:00
79ad570d-af68-4b12-aae8-c751225aa75a,90156b60-22ec-4a4d-9671-2a5b0626054b,54.05,card,success,2025-12-02T08:09:00
859e3bce-9767-4b9f-8563-ce5e3eb23805,cb9ee1be-f6e9-4a08-a52c-498c8ad02e1b,35.44,card,success,2025-11-14T18:35:00
f592c5ed-9da3-4ae7-989b-215fd5d5af65,bd688057-fc84-448b-9b31-9e425b1a419a,163.29,upi,success,2026-01-09T18:24:00
2d0a7751-7dfc-4171-91de-a08ac2809e96,f9c4e1ea-6a7c-41d7-8e4b-4078ca2e7b94,104.16,wallet,success,2025-12-12T07:56:00
4650fe57-010d-438e-835d-e9595943e17c,982b3310-8fde-4aa1-b3d7-c13a6d4620ee,51.1,wallet,success,2025-11-16T19:15:00
47156355-7682-4f8a-a27c-c35edb5073d1,27958f60-a5cb-478c-9b4c-253a6131a2cc,125.76,netbanking,success,2025-10-08T08:26:00
25c5483d-e75d-4301-b6ae-6a140c8a3f76,8b40141b-1ad1-45f7-a32b-fe71f3684d0e,27.49,card,success,2025-12-08T10:52:00
c6160d77-89e4-48da-b76c-1e3106d11fd9,191bbf29-abbe-413a-9f25-632ce4290af5,136.52,wallet,success,2025-11-09T07:14:00
08efed13-b8bb-4fc0-8931-561f9dce41f9,68b41b81-e7a8-4c37-a49c-4e19faab4e6d,38.88,wallet,success,2025-10-01T14:46:00
f589a695-0bd3-4906-b5bf-8a5b2044fc58,8aa44bf4-1c85-4f59-9180-82d9ccf02f09,48.34,netbanking,success,2025-11-17T12:32:00
d2e1b05a-453e-4232-85bf-ac373eacc2bf,97d23504-6bbb-4052-8bbc-22ee0406f7ea,142.98,wallet,success,2025-10-22T13:57:00
27865897-7123-416d-ab63-e75227f0d945,a28e7382-5bb1-4600-95b0-415e7aa941c6,23.23,card,success,2025-11-14T08:33:00
082ccd0d-fd90-4476-96a4-d784eb835bb5,9d1fb9e0-3f27-4224-9746-5ded3d1501cd,47.31,card,success,2025-11-15T20:07:00
928d6191-f08d-4216-9b8e-45712ac15edb,511b3706-1bc5-412b-870b-e9e7ef445b5b,33.34,upi,success,2025-10-09T11:27:00
d29e2a91-ab6e-4733-8c18-5b03ae22082d,8dc8c894-d219-455d-a92e-cdd090065117,54.9,wallet,success,2026-01-09T19:59:00
11b956b4-6260-4729-9641-500a97f80c77,bd16ba91-7c26-4b3b-a360-67744007ac0c,57.55,upi,success,2026-01-09T20:09:00
2f34896b-e706-4439-ba22-872cc9203916,054e4129-b579-48e6-aa21-1590e3e108b6,98.58,card,success,2026-01-20T19:20:00
c4d609c5-6e2c-4292-9a3c-6531b18a11b9,5431e86b-3cc1-4fa2-8064-83e8f4c02639,79.56,wallet,success,2025-12-16T08:47:00
91394a0e-749f-4c14-a42b-794a2788213d,e69d37b0-17a6-4df0-afca-48ac6476ecff,41.37,card,success,2026-01-14T13:03:00
1db305b1-e797-4004-8908-d035beb46c86,2fff69e6-a579-4c2a-a6ba-8f24582df1b2,219.92,netbanking,success,2026-01-03T11:37:00
5222556e-0344-4f2a-839b-a5c9b4365282,bb62d43e-cc36-4e53-86c7-0e6e1de59ca0,60.44,netbanking,success,2025-11-19T13:43:00
7b13e240-24e5-42dd-9a6d-6072d849c17a,6bcad3f5-c534-48fe-844a-258dc3a7725d,28.88,upi,success,2025-10-09T21:28:00
d641855e-8325-4cad-81ad-5a7120219351,d0e819ab-5f8a-47be-b632-0ef59c3bee1c,27.16,wallet,success,2025-10-11T19:40:00
ffe678ce-f44c-44c3-913a-cc38b09f07f3,69a2e851-f37e-4e4c-be1a-f009485ae1c4,289.44,wallet,success,2025-11-04T18:53:00
69dba399-65da-4d1b-9d40-18715e659a89,9f103b19-7824-40b3-8f92-798d82e96084,221.32,card,success,2025-12-30T09:39:00
5a610607-f195-4954-b190-f8f6d4eb94c2,086efd6f-c72a-4037-b8e2-3ae368c7d294,40.0,card,success,2025-12-28T11:44:00
198126e7-eed9-4ac6-bcdb-9adf309a1700,b411067d-91ce-43f5-8b79-daa54344ac2a,42.13,wallet,success,2025-12-10T20:30:00
62e95a3b-3e8e-48ce-b414-79c84c451729,caeaa79e-4a78-4916-9b37-a907d48c63f8,36.45,upi,success,2025-11-18T12:20:00
5ae97987-b15d-4ee3-afe9-260267cdff6f,ab79e08b-8427-4978-bdd6-2d045e6d49be,32.95,upi,success,2025-11-06T09:01:00
14a57002-9b38-4b08-be1e-71ad47aebde4,146cf2a0-ac6f-4f25-8e41-d7a464f7c645,53.32,netbanking,success,2026-01-21T08:51:00
d7e22e8b-7126-4630-a622-107f3ec6906a,d55307fc-c541-4ea9-be66-f1da82ba4cbd,19.13,upi,success,2026-01-13T07:16:00
e75c4419-9bff-47f2-b130-6242591a7b31,4a3cefd4-26ad-4880-b30b-566849816472,34.45,wallet,success,2026-01-18T08:54:00
3001cd29-22d0-4d70-b8fa-f3d85fd8a8a9,b978a958-4e3d-4a02-b1b2-dd8d6444f5af,21.11,netbanking,success,2026-01-01T16:57:00
a04001d7-3828-48ab-9472-7a3f2e37c2cd,bceb2b45-f00d-48ac-aa35-31aa4a7dbe0e,43.65,card,success,2025-10-08T22:19:00
5a6e94c6-29cc-41c8-9503-03a9b380e817,7e49f5b9-bbbc-43f8-9fd2-65e2a97bcee2,117.51,netbanking,success,2025-12-05T11:01:00
d868dc3e-8500-4702-a47c-5f21239de284,bb7463e4-3d18-4348-b963-432e76457b44,72.66,netbanking,success,2025-11-13T21:26:00
86ed9c9c-066a-4813-9c45-9ddf5f4bf177,e45f13f1-5268-440c-80ce-5dc4d97f03d6,86.36,card,success,2026-01-11T13:32:00
47765473-211e-4fea-9bfa-b66ef0aa4abb,93701513-fb4d-4015-bba7-c7c1eeab626c,98.76,netbanking,success,2026-01-06T20:14:00
1df51a9e-4791-447e-8c55-00cfea2a2209,a40b7d3a-a308-48d0-8130-d8d9eecf619f,185.55,wallet,success,2026-01-21T18:58:00
315ca4cd-ead6-4860-8e6a-25d0f2a4eb1e,1b51e9ad-97a1-4b63-9751-02a9b7a4ed27,24.35,upi,success,2025-10-13T13:28:00
e1be4421-1ad1-4c23-bec4-f8148483ac83,96132b20-da95-445d-8895-8a254554e5dc,115.8,wallet,success,2025-12-16T08:17:00
54493c7b-9c5e-40cd-9790-c09808394721,b40f8c10-9f52-44a1-8eaa-cca6baecd5db,132.87,netbanking,success,2025-11-04T19:13:00
6ca3be79-49ae-4548-a581-afdae2f0535e,cc4ec34b-5073-41cc-98e2-778c08d9ab6f,159.33,wallet,success,2025-11-13T10:00:00
e5ec8ee1-f0c1-42fd-9f93-08e2b9c365bb,5d8d18bf-c94c-41f4-bd3a-73f6e68e30ce,19.8,card,success,2025-10-29T18:08:00
2e112580-6357-4ec4-a21c-5bd59a081d24,d707da4e-9d2a-499c-8462-fd19e949404b,66.6,netbanking,success,2025-11-24T08:59:00
efa63a14-0d63-4321-9e34-8bf5642d83cd,000f6a4b-32d7-4cc4-8228-4da579e820e5,171.78,wallet,success,2025-11-18T21:37:00
e44d991e-8a43-4cc1-836a-45adfc057036,b7145cc8-bd77-41d0-8bb1-05f15dff164a,50.05,card,success,2026-01-21T18:08:00
0baf7843-8ef9-40a4-9add-3b1445e1218f,149a141f-dd76-4930-a0d2-28ea187dedd4,48.42,card,success,2025-10-27T07:39:00
da763e7a-0d2e-4e61-ad77-19e2ab4d17d5,5d37682c-e806-4465-ac03-699cb046a181,29.31,wallet,success,2025-10-19T15:25:00
ce71428c-cccc-45d4-abe2-d6172c77cd95,3c815fc7-d668-4006-ac29-6eaaecb50b05,312.42,upi,success,2026-01-04T23:39:00
4b72d617-934d-4bdb-a0b1-962d71e57769,7460f70a-b958-4bd0-b5fd-e0510962ea05,364.98,upi,success,2025-10-13T18:05:00
fd628cc5-8886-4e2f-af45-049add99b1f5,17bf026e-2f61-4d41-b3ad-dbaa58d1bd5e,12.54,upi,success,2025-11-05T12:27:00
37efa319-c0e6-47d6-8bb4-fa68a867764f,ddd46b67-959c-4269-9cb8-c0fae6af24df,81.18,wallet,success,2025-12-31T18:21:00
383386e6-f048-43b6-b269-7723666213af,54843a02-031a-4daa-b6fa-6478dba82bff,99.06,netbanking,success,2026-01-21T09:24:00
8a1f80ba-4dd2-4250-b250-e85da356a88f,bfa420ce-5d2c-4157-933f-a46827902207,66.54,wallet,success,2025-10-21T20:29:00
12d1bdd1-0396-451c-b9f5-50346be12423,54176ca5-79c3-41f8-a9f6-7813b766272b,32.8,card,success,2025-12-01T00:03:00
0bf8c317-56ce-4e1b-b3d5-93ff2ebbc29a,120da60b-cbbd-407e-b61e-e46b8f0a083a,76.95,wallet,success,2025-10-12T17:02:00
1c75ad05-cfc0-4893-be85-198f504f2419,ebe421cc-020c-413f-aaed-0e8b0100f4f3,69.21,netbanking,success,2025-10-04T19:08:00
3db91131-a75c-4955-a4bf-11434c02231c,59f2d674-028f-4c68-858c-943802c3e274,45.83,upi,success,2025-11-24T06:49:00
4ab89d57-3d3c-4879-b3a6-d4477426cbd3,63e39bc3-c91c-4d3c-beda-43c714756c8c,73.94,netbanking,success,2025-12-10T18:15:00
384bc27b-5203-4034-b922-b27581f73566,1b0f41a3-724d-4bc0-823b-71e6137e0c81,35.12,wallet,success,2025-12-25T11:27:00
a9d01a25-dca5-4796-9982-e9b4c55e573f,1d9167c8-51eb-420b-b420-02fb365074dc,10.01,netbanking,success,2025-12-17T07:45:00
56e412b0-513e-4c57-8da6-a9efc1876cfc,7d8ff751-483e-4d53-bfa0-91abfb8eb946,117.65,card,success,2025-10-20T19:10:00
098e5882-9630-40f9-8d8c-8448d4449891,9041594d-e9a2-4979-928c-bad3443bd1c6,39.49,wallet,success,2026-01-11T17:08:00
fb804398-bbb4-425a-ba10-96e01c601d26,c407cfb2-443d-48e5-b20b-a6f98e6a962b,49.5,upi,success,2025-10-23T22:52:00
08cf81e8-b2a4-4bc7-be4a-7435cc75a74d,fd9af7c3-2162-4a68-9835-6bad4ae45aed,35.22,wallet,success,2025-12-14T17:13:00
cd49e155-af22-4f10-85a8-58e73270181d,58dd8b3b-709d-42a9-bc69-862bc6b688d0,123.87,wallet,success,2025-10-01T15:33:00
11ffcfc1-9421-4ecb-bcca-42809e0f9475,a7069773-3a8f-4437-8ff9-673be6091493,43.7,upi,success,2025-11-25T04:01:00
4fafc527-a7c3-4b21-884c-38dd27e32a44,8da3df80-d1d1-4216-96b4-382faf9f3e32,85.5,upi,success,2025-12-14T12:15:00
5bea6050-440c-4fc4-9315-cd88784f85ee,82493c6a-eb72-4605-bad8-ceb95d8116f5,21.9,card,success,2025-11-11T11:33:00
c242f4b4-f44f-4520-8f10-82674cfac183,e88f6c0d-1307-4b72-af5f-ed5c06bfc467,69.22,netbanking,success,2025-10-20T15:18:00
6d0c60b9-1775-46c9-b6b0-ffe5af7f9523,fe6d21b0-fca7-4cab-8502-f000bac3f804,227.6,upi,success,2025-11-13T08:00:00
78faaa6b-7596-46ea-89c8-5ec588f71ae4,e15a716a-48bf-457f-85ce-4b851183f5be,74.69,upi,success,2026-01-02T20:10:00
f0629d57-f776-4aad-bdb5-978182b9f104,0da78021-07bc-4ba1-acce-a30f91b4b1b9,47.92,card,success,2026-01-09T05:56:00
7e5c9b55-2983-4e5f-ab3a-89a7bdeaf0e7,7807e809-ec69-4f03-9bb4-3c2f23292220,17.97,card,success,2025-11-25T17:11:00
d1685c00-7932-4c25-9ebb-f35985cd1c22,1535bddb-0126-4d94-8568-9e0c1da714a9,49.74,upi,success,2025-11-19T12:12:00
ce8a2792-4552-4825-8a51-f11b1a77f6f6,e622fcf5-2023-4beb-8af9-84889c611e65,59.23,card,success,2025-12-18T09:51:00
d74c89ef-edc4-49e3-8e36-a94f5c3a71b0,f6a16561-790d-49f3-a7d1-9094a7cafac8,104.94,card,success,2025-12-03T08:21:00
ba485d73-4746-433f-b210-e7fcf8d7e521,d2226335-57e3-4df4-b3bc-92e88e9a3d32,26.93,upi,success,2026-01-05T20:53:00
96b28b58-28cd-4202-8b06-27c4c6cecc87,ce2937a0-533e-44f3-95a9-056a2c4e791f,43.06,wallet,success,2025-10-07T16:06:00
663b81a9-7ebb-4bfd-b9c8-af0e29ee21d8,cafe1347-eb17-40c6-804b-25bce125f2ae,42.29,wallet,success,2026-01-24T19:45:00
52d5a9cd-99c2-447a-9c7c-c236502ee432,e62ae9f9-4fa6-423c-96aa-ff31b72bce50,52.33,wallet,success,2025-11-23T11:02:00
d1338805-c7ae-4b10-a998-cd2634dff79c,d9dd5480-9f26-4a70-97ea-6c0157fade2e,60.88,upi,success,2025-10-11T19:34:00
11574b99-b924-48c4-9e17-11d704eb6811,01c8bc6f-5b38-4ad1-80b8-6edae84941f0,39.72,netbanking,success,2026-01-05T16:23:00
bdac7337-b0ea-4159-99bf-9f85d2da2fe7,6c73c405-963b-459d-b945-8813ed2c55ff,60.21,wallet,success,2025-10-27T06:11:00
beaf7e3a-7922-4126-8605-3d9efb189bed,35b93929-07e9-45d1-937a-9689da272b3e,61.47,upi,success,2025-12-09T12:21:00
8edeca69-9d54-44f2-97c5-9ed7af597265,03255e63-87ab-407a-b885-6846b25f4b81,64.74,netbanking,success,2025-11-15T21:55:00
aa4456de-b1e7-49cb-a771-ba0f59a16ec6,0ab7f203-8e6f-4052-ada8-27f68f4c5045,60.75,netbanking,success,2025-11-02T15:27:00
5fc9a29a-9c9b-4e0c-be51-bc8abf0437a1,4ac3cf9d-58b6-4ec4-ac25-96e84508a764,61.01,upi,success,2025-11-12T09:33:00
1813b778-ca1c-4562-bc3a-96855296b7f1,95a1202f-52ba-4155-8875-516dee083930,45.62,netbanking,success,2025-12-03T07:05:00
f61d8c6a-862a-4e93-aa04-3bb0c2dc2a61,8950c311-32ce-4513-8d73-bfcaac9c8b26,51.57,netbanking,success,2026-01-12T15:12:00
985c9f73-098f-4b22-b3b8-d23499e9eee8,87536454-4497-48b2-9154-7bcb2fd39e14,84.06,card,success,2025-12-03T20:49:00
546014b7-6943-4bfb-84e6-11216a88661f,527b3847-ebcf-43ae-bf59-3e00967fca22,41.28,upi,success,2026-01-28T21:03:00
b51bc34c-6adf-4fd3-a93f-e3385309d118,fd8d75b3-02d1-418c-9f0e-34959e11e7f1,8.97,card,success,2026-01-19T00:34:00
d77f6c68-57ac-4265-afd8-ebd57a3dc1d3,ab6ef7ca-de6a-406d-b8b0-794a2377f2d8,122.94,netbanking,success,2026-01-18T02:33:00
188a71b1-b9fc-4ce5-829e-0ce7ffff6dfd,2bb5f66f-f5a3-406c-8526-6ce8853b3daa,26.55,card,success,2025-10-29T13:29:00
749e5858-ccef-498a-921b-9949a16add42,3b6bff36-e705-42ef-8e2f-617d87726f76,93.07,upi,success,2026-01-21T20:19:00
1090378f-f254-4902-bf1f-2bcb9aef3b3c,03f5363f-4fb1-43cc-9a49-7f603b49aed9,80.85,wallet,success,2025-10-07T07:16:00
727007a3-0016-4e04-89c4-2a81b2f3b2be,f84cef0a-3a8c-483a-accf-51aef86b7f0d,267.48,card,success,2025-10-26T21:32:00
bae3a5d5-a3f5-4091-b9ac-3a1fa530a909,c049498a-edba-4ff5-babd-004ea39a7106,91.83,card,success,2026-01-11T16:11:00
8f572dac-e181-4a94-9e9a-867ba694d12f,1aefcc1e-e6f5-4ddf-a3ae-a9f481902069,39.59,upi,success,2025-10-15T19:06:00
dfe34dcd-125b-4c8c-a80d-4780a7069484,5fbd1628-b7b4-42a2-b8ef-4c8d5945a085,117.48,upi,success,2025-10-16T07:25:00
06960fcb-4685-4a03-aa37-3d9626a984df,98e43fdc-11e3-4bf9-b4c4-a15b0e876f73,176.13,upi,success,2025-10-09T09:17:00
79298edf-2837-4edb-a682-4f21bcb97c8b,75e786d0-dfc0-4600-83ae-c44f2434cefb,37.46,card,success,2026-01-21T13:31:00
4c3eaa9f-30b0-46a6-b041-ed05bfafd6b9,cd3b427b-5fa2-40cf-806f-6b5f6e70ea8c,49.3,netbanking,success,2025-12-15T11:40:00
3dd80734-25e6-42f6-91cd-e85d6f190fe9,ec38e39f-04a3-4db4-85ec-01abb7eb5a22,38.71,upi,failed,2025-12-09T14:27:00
f36d96e7-ca13-42db-a8ae-0f3adf644830,25377bec-b2e0-4e17-8183-ef1c5f789938,12.88,upi,success,2025-12-08T10:11:00
2b22be06-abcf-4d85-adcb-87ec67b6c0bc,2f8f5254-113b-4cf4-b581-e8bb86817b97,356.16,card,success,2025-10-24T19:24:00
11b1d86e-16a0-4ad6-8df4-e2424df605f6,c9f5dcb1-cae4-4c25-a5fd-c35d24fb0e27,95.48,card,success,2025-12-09T20:39:00
0593f14e-c245-4a5d-bf57-d7be987ff0fc,b5adfed5-ed4a-4e49-81d9-258d89454bdf,31.96,card,success,2025-10-17T03:25:00
850915ea-2d89-4789-93f3-7298296c8ccb,0f8eefda-e478-4348-a4d7-52759140319d,67.96,card,success,2025-11-27T04:57:00
73b3b40e-9b23-4bcd-a22c-cc611771e935,b27e8600-2a58-4bcc-b346-56336db61f36,75.88,wallet,success,2025-12-02T04:54:00
fff1f1b0-41f1-4d8d-ae80-7faefc5c6427,710dbe13-fb7f-4318-9a7b-657761b485fc,97.62,wallet,success,2026-01-18T05:07:00
26477e6b-f86d-46c3-ba32-b10f5f25379f,90419781-a62a-4638-a147-12a97c7939f6,71.08,netbanking,success,2025-12-26T20:32:00
cf81e6a9-a656-4d64-a8d0-57eed5dedcf1,94194a10-c486-4bb4-a443-2438387102f1,202.02,netbanking,success,2026-01-04T05:26:00
48c82a91-7a03-49dd-add1-527567da4f10,4a7479f7-7a8f-4d57-91f4-588d834587e9,323.22,upi,success,2026-01-03T09:11:00
a2e19c7e-225a-4e31-b284-d65f2958b2a1,e1879932-e6ce-4990-a388-a1e2725d36ad,101.82,wallet,success,2025-12-20T18:52:00
4b2e42a6-73a4-4eeb-a648-444be852843f,44cc59d4-4699-4ace-b26a-da858bf39a2d,20.86,netbanking,success,2025-12-14T21:50:00
823ecad9-6bc9-476f-8efe-693445164063,4e2323bf-2d2c-4ed9-a7b0-72445fade4d6,87.32,upi,success,2025-11-06T14:32:00
80b5f3db-e9c2-4e9a-9c2b-cbd66e1002f1,f1852ed0-76a4-42a5-a9e1-b3da3cb1d62b,60.06,netbanking,success,2025-11-22T13:42:00
99b4c884-c085-4c8c-8927-b09e21ab9979,76f1e1dd-9b15-4d41-8369-cbb309ed7250,18.29,upi,success,2025-11-03T11:21:00
0b7aed70-2243-4b0d-a707-f58a87387e84,dc975aae-5470-4b21-8a1c-1d819d1521cb,139.32,upi,success,2025-12-08T12:46:00
a9563828-660e-4b0a-80a7-e3baa6a509dd,1875aa44-084e-4727-b814-5cf6283a2b4c,29.71,card,success,2025-10-11T07:02:00
2b848bcc-58ac-4c47-a895-3d3f9e1fad0b,c72ab10d-6b7c-472d-a89f-9a6e789e9d58,215.28,upi,success,2026-01-07T14:13:00
077fe08c-804f-4227-bbbf-2de54f6cfab0,2613121b-71fd-4702-bb7b-dceb675bdeb6,27.12,card,success,2025-10-05T04:14:00
794674f1-e7ae-4689-9bc9-82e1eb68278e,bc22cbfa-939a-4b0b-b77d-14c41f648f3e,174.0,card,success,2025-10-18T15:11:00
1b24cbd9-e992-4f36-826f-beea0df0df15,2a86e76a-ee22-42c0-bd46-4e310feb8069,98.19,netbanking,success,2025-12-19T08:37:00
c9126885-f90a-4141-a8bd-3ef2a3057023,4e5305e1-33cf-4153-a7fc-b252c0499f58,33.03,upi,success,2025-12-18T21:51:00
c01e7cf5-826e-4d6f-9cbc-f2b1f76fb5b0,16bc85a7-123f-4354-b67a-76fc47c9ccef,198.44,wallet,success,2025-11-26T12:13:00
ac510bc0-e18b-4cd0-bc76-bdd96b313532,11cb4476-9ea2-4118-b1bd-794e31e7ebcb,58.02,upi,success,2025-11-09T14:46:00
8948d89b-4fcf-45f2-a5bb-7bfe44278d0e,87586929-5a5a-4a8e-a84b-7400ac38597b,59.01,wallet,success,2025-10-23T17:39:00
bd9b21d7-fc34-448d-82c4-0fcc662221aa,0a19a6e9-8131-43cd-a8c5-f8f4931a17b0,82.52,card,success,2026-01-01T07:43:00
253b338a-3fe4-478c-ab1a-1ff29df5d7da,5807741c-dcb0-4c4e-9aa9-e1ae89552e5b,52.05,netbanking,success,2026-01-07T13:06:00
4cb2e7a8-671f-47fc-a7de-dd0be9633d27,faa548b5-421c-43bd-9e2c-59cf8f6a7ad6,35.92,card,success,2026-01-21T23:26:00
3362bd07-8af0-4a0c-b806-ec26dccba9c3,7e316e6a-73c0-46ac-aa5f-ea745b7c68c7,58.22,card,success,2026-01-19T05:25:00
16f956a5-b0b4-442b-aa6d-c6c83e03d401,425f1d6c-09a1-4afa-b58b-358864b9fe83,207.36,upi,success,2025-12-26T05:38:00
b105bffa-98cc-45ad-a1d6-cbb5230784f8,3781599e-e048-4ab1-8eb8-8dad569083b4,29.8,wallet,success,2025-11-29T13:53:00
f0b24030-5ac8-4190-8edd-6d8ee5051da2,93800498-9d8a-4416-bc73-6a267cee7462,46.49,wallet,success,2025-10-24T16:51:00
39e9c883-7e40-4eed-a6f0-0ecc20632ac6,d21a6624-1aad-42cb-93c6-c142c0f691b7,74.76,wallet,success,2026-01-02T21:40:00
648ec7cf-4810-45bb-917e-21f60bce1795,84fcec86-4563-4942-8d04-a6f3ad5acc92,94.64,netbanking,success,2025-12-15T14:48:00
b4934d4a-5c2c-4baa-bfd4-91d7c5cb0d83,2dab9a68-057f-4f41-87c3-e3dcbb2f50c5,30.07,card,success,2025-12-03T18:12:00
14c9a797-d971-44ee-b996-127a61b4c55c,293fc709-1899-4220-8862-4b3ea43dfa95,82.64,card,success,2025-11-14T18:37:00
ca3295dd-3050-473d-ae35-a514c9bbe8e5,54339be6-adb8-42fd-8380-fe29be015a46,54.3,wallet,success,2025-12-07T21:06:00
217df4bc-fcb5-4118-b4a3-4abdda5fe7f9,8f1a624e-ac54-4708-bd13-9b08b8e00b25,98.64,wallet,success,2025-11-17T14:17:00
6445bd8b-a36b-47a6-a378-ddbb645e0c1f,767c7937-bb9b-4ff2-872a-f950f426b75e,53.88,card,success,2025-10-21T07:42:00
53712f0d-4b35-4a5a-9530-a4bc5039630e,8b8b1c7b-cfa4-4014-883b-322aae51eb89,19.27,wallet,success,2026-01-05T09:08:00
a4d0f441-0366-4daa-87b0-2974aabebde8,e2d28138-290d-4a40-b9d9-1cd751c7ab58,22.85,wallet,success,2025-12-24T18:33:00
58e82a6b-b4b2-461a-a136-b10a3bdab6b1,5e4a52af-edcb-4280-a9af-2d04620ae70e,78.24,netbanking,success,2025-10-29T18:46:00
81f40cf3-3281-412a-947f-bcee36d7ba4d,b1e37ac2-eb11-4e4a-9bd3-713f1eaea743,91.56,upi,success,2025-11-22T08:49:00
ea291e91-41f6-4bab-9c2f-0438c5ef087d,72349bc4-d507-4fb0-b2b6-262b7ea5c16f,25.28,wallet,success,2025-10-28T11:28:00
ff44f873-a408-413b-8a76-6b30178a1039,ef18fd03-5f90-4633-af88-9e13d95b79d8,26.52,netbanking,success,2025-10-21T09:18:00
4ac32ef1-bd7a-41ad-a149-22c32f39ca4b,6e69d659-58e6-4f24-8632-c7a44b16293a,42.68,upi,success,2025-12-24T11:18:00
f7a4091e-18c5-4653-8f68-be8090363729,149c0229-3120-4a7c-b8ea-0a00721a7952,52.62,netbanking,success,2025-10-08T13:55:00
fa04885a-6dc2-433f-a0c0-e5bd0b8b3032,03623e38-a461-446a-ae6d-7bb554a2014b,109.88,netbanking,success,2025-12-14T16:59:00
7808c483-9f08-444f-8e95-ea2eff21893f,e843e219-da5e-42c2-8e95-a51144ba25b2,20.89,card,success,2025-11-30T13:47:00
563d47bc-77e5-4eae-8227-2bf8ed511fc5,562e73f0-dbd4-44f6-a96b-4e6fc3cec678,78.93,card,success,2025-12-09T13:28:00
387d80f4-8fc2-446f-a5ed-d7a8ff031f02,998a6aa9-5e03-4a7e-ad1d-e0f2e7462664,34.82,upi,success,2025-12-31T19:33:00
10d9c52b-ef15-40b5-90bd-d93c9c2fb05a,63c45fd5-cb58-41a1-86e2-4c0da2ded4c9,222.84,upi,success,2025-10-24T19:47:00
d442590d-08d4-407f-83ce-81e6c1a41b76,f560e1cd-6d0b-40c8-b6d1-d5b815dc5cdf,33.06,netbanking,success,2025-10-15T09:53:00
44e2ad79-8412-4e8b-b666-3a3058fcbcbb,a5110053-85f8-4181-b997-e3108960f320,38.4,upi,success,2026-01-07T21:36:00
5c99a7db-9e1a-4031-a90f-7d4b8c0c80d2,c737e517-47ea-4630-ad4d-c7c4b51f1d5e,20.33,card,success,2025-12-13T07:17:00
ac3d80f0-43cf-4943-affd-1745056fefe0,d6e7e468-bf1e-4698-8455-3903eb1cca13,73.32,card,success,2025-12-15T11:56:00
7b0b5e4d-abf4-45cd-aa9f-295f38bcfe53,7a0be16b-a26e-419a-b282-7af2928a5299,128.61,wallet,success,2025-12-20T07:11:00
46f1a8ff-f9cd-47a5-8207-5bb8c1fb0bde,85df8854-87a5-4e8e-b0ee-eca3ccd1f1f9,96.4,card,success,2026-01-19T07:54:00
bcb2293c-8045-4b3d-89ff-fc2b12a29da2,70a001f2-8403-4d78-9a96-2007cb1f7a36,53.05,wallet,success,2025-10-01T12:25:00
f48894cc-1928-4216-895f-6678b46608c4,7ffbcbc7-9eb0-491d-a2fe-84ab610a154c,54.54,wallet,failed,2025-12-12T11:46:00
5da9450a-bfd4-4c29-a154-9a44ff6c2c57,d181d55b-c2b7-4464-b09c-07fcde1a598d,140.1,netbanking,success,2025-12-21T15:00:00
c27e19ea-fef5-411d-ab36-5bbccd998379,b1881369-0afb-4ccf-9584-f764167cc7be,107.58,upi,success,2025-10-26T14:12:00
9e3911c8-cdd2-4763-ba08-3f5f76c6c868,ce21b491-f544-4c94-abd6-948778c84219,41.85,card,success,2025-10-17T18:23:00
4df2115d-0f1c-4bfb-b7df-c8c0a388c182,09c8a9e9-3e3d-490a-b4fd-3c622574fa23,39.67,wallet,success,2025-10-21T12:11:00
72a19bf1-98ec-4198-a7a8-888cf61ac017,99f7dde8-8ef7-46f0-abd8-2e2a66fd90b4,101.22,card,success,2025-12-03T17:38:00
3be5d0fe-23c2-4391-99c2-ed24e8160e18,c61a1fc5-66c6-4d65-b071-af451546d178,23.43,upi,success,2025-12-18T20:24:00
397a95d8-1b09-41c3-894d-c9a9325a1f36,72c97804-8afb-4d39-9bec-f74892cf98f1,27.91,wallet,success,2025-10-11T06:45:00
60a4d108-5ebb-4cd0-9fda-3cf0506b87b7,5303c35f-9f2e-4014-a3d8-c2f1236170ee,33.08,upi,success,2025-10-21T13:11:00
81690b3e-4c53-4816-b9ac-82c73e5c6aba,0cf5f95b-7ad0-4b0c-8052-c51d68f44240,45.75,card,success,2025-10-26T19:54:00
d8ae4679-56d0-45b2-9c44-bea3e1d11d24,a710b051-aec7-4a99-9592-34e20e791c50,91.36,card,success,2025-10-15T07:15:00
d30e7b4a-a4f5-4234-9418-3583518559bd,371ff313-cdcb-43ba-96eb-2afae4087c4c,128.25,wallet,success,2025-10-11T17:09:00
cd0b7224-dc43-44f2-8531-97112bbe67fe,79fe99f8-3cf0-4de4-9f8c-a8d3a0ddb424,100.05,card,failed,2025-11-17T19:55:00
09b3dd6a-3584-4855-8620-2d8656f9ddec,d053f468-f947-4f3a-9c71-188a0bca0e1b,28.01,netbanking,success,2025-12-02T19:03:00
4784306b-0cce-4122-95f4-a040e77d1678,dde02a71-e2c6-464e-88ff-1e8d6b602f02,55.17,netbanking,success,2025-12-04T07:45:00
c4d69ea4-c0bc-4548-af01-fa47fd86ce61,48d126f0-6d4e-4278-beb3-e3f7cc9cf749,142.92,wallet,success,2025-10-13T12:43:00
b69637b1-d46a-4c33-a010-d2e34c0a3015,3f8a7941-e28b-42fe-9ff4-640399e67afa,70.1,netbanking,success,2026-01-27T19:44:00
b16e00ea-4194-46a1-976b-362274e9cfa0,29a20bbe-a2e7-4997-80e3-2b097d55fd07,41.54,netbanking,success,2025-11-20T08:07:00
d086ade4-4b4a-44f5-a621-0b9cd44c94ba,547f4c54-9642-41ce-9d4b-2c740683ef17,123.72,card,success,2025-11-30T11:34:00
3cf66825-f62e-4c3c-99de-539e84bd2054,0b20971e-bfe1-4d36-bc14-7f06ed92108d,128.58,netbanking,success,2026-01-04T18:14:00
59f08558-55c5-4c30-a0dd-dc394e4d4422,7da11da9-6bf7-41f1-a01e-2e1d2f7ddd7c,168.18,netbanking,success,2026-01-04T19:11:00
c0d3d48f-4744-42f4-929a-ed62bcc72282,92f97c92-1c53-4385-8945-d3be06dc6905,26.79,wallet,success,2026-01-06T22:55:00
2c2e80c0-c988-4a00-a7f1-5784715503dd,023e09cd-6a2d-4b49-a35b-b0a97db8de67,17.18,card,success,2025-12-19T22:28:00
1fbcb7d1-96a9-497c-ae84-b3b6b6e7b4f4,1a6186b5-616d-48aa-809e-abc8d820bd54,119.76,upi,success,2025-12-13T09:52:00
0444e4a3-c0bd-4926-9446-fbab6c46cf51,6f9661c6-67ec-485e-ac17-eb870953846a,24.43,upi,success,2025-12-13T20:58:00
388e5e4f-ff83-4e92-a5fc-ded11b7032b4,7ae45896-e3d4-4c95-a557-d674a00b4a6b,44.66,upi,success,2025-10-25T16:20:00
b89a178a-4866-48a6-ae86-d1f3f8ffbc59,a1b550d4-ddee-463e-86f3-ddb94ec193d9,62.4,upi,success,2026-01-22T08:01:00
4c502f08-384a-4e7c-99a4-116834957f9f,2c5c8cfa-0e78-40ee-a030-1e9639b7d7e2,53.25,upi,success,2025-12-12T05:29:00
da74bc89-5c59-405e-a5c7-758241bc2807,ed69ada1-7604-4c33-a30b-f9a696848011,114.0,upi,failed,2025-12-30T11:01:00
ad18439f-8646-476f-a09e-25c20fd4543a,4685ddc3-9c4b-48ac-a027-ca22d9aae701,62.79,wallet,success,2025-11-13T08:44:00
00cff600-ec68-4d5c-ad08-621636544825,08da4c94-29b5-4fab-b6eb-3cc93f27340b,112.27,upi,success,2025-12-28T08:53:00
2070d448-3646-48fa-8550-19ed7fae2276,ae302328-dc05-41b2-86ca-83194e17e845,33.54,wallet,success,2026-01-04T08:14:00
c108f227-7f4b-4a20-b005-1a22d88005b5,c3ee1aeb-1a36-4270-8f3e-46c53868d1d8,107.82,netbanking,failed,2025-11-23T17:42:00
098d1b30-97e9-413d-9e82-65f47166d33f,c3e39d53-3b7d-4c73-8a13-5b2187c75494,77.74,netbanking,success,2025-10-13T12:28:00
334fbf91-d557-43a4-8908-9a217dc4dae1,021d5ff6-1c1d-4a36-9d84-46678ddeb452,62.44,card,success,2025-10-03T19:53:00
2525e30e-ffcc-4542-b7f0-4dad8286e9f6,d90428be-137c-4aab-8e61-4592e4325a4f,84.68,upi,success,2025-10-16T22:08:00
f3ee736d-e70b-4190-9b94-0102be550de4,25761472-e86d-402a-8af6-f42d1b66bd00,33.03,upi,success,2026-01-08T07:19:00
1702e5b2-1419-4fe0-b553-f8c792655cae,f73719cf-199a-4077-8f6c-f5a0471ead8a,125.52,wallet,success,2025-10-23T06:07:00
6dfc983c-1535-4cde-b7a2-dd8db36e2eae,a189c6c4-a3c3-4d48-9951-0eb49bb06633,48.88,card,success,2025-10-04T19:07:00
6868c0ec-b89c-42c6-8ff1-05fc6861e34d,57792231-12ad-40ed-b24d-88f518e5a348,109.42,card,success,2025-10-05T20:37:00
8c42ca16-2f93-40b8-9dce-1204f970fe9f,a1aa4466-0727-474a-9ea6-0fbfd121449c,51.46,netbanking,success,2026-01-21T12:42:00
e13d2b4a-18f2-4e8a-98e6-a5526d4468f5,10550c14-1905-44ba-93fe-539ed55692e1,50.84,wallet,success,2025-12-30T19:14:00
1d320bfb-1756-427a-8981-c06625a2c0ab,86f55769-8764-493c-9431-226e2097a9f0,102.0,upi,success,2025-12-17T06:51:00
d6fb5f3a-7b42-435c-8cea-dc0340af9455,44ef59ec-51d3-422c-8d08-5a20afbc4b39,138.0,wallet,success,2025-12-30T17:12:00
484b584e-1641-4dd3-9989-0686af4fa7dc,97d432b3-40ec-42ce-a125-1141af220c12,124.8,netbanking,failed,2026-01-27T09:34:00
8e0c4dfc-1026-416f-babb-3ecda8bfd23c,ed3057d8-5955-4e3e-9af6-b976f48b92c4,14.78,upi,success,2025-12-14T17:40:00
37a44284-e97c-4532-9546-f4f583f9a96a,9a209e85-978c-41cc-b790-4fd07b0159a3,16.58,wallet,success,2025-10-07T06:24:00
4317cfdd-9ba6-48d8-a3e6-1de4a55d793a,c647964a-ca01-4b6b-a5e7-00d0a371e8ac,90.14,upi,success,2025-10-05T13:45:00
1e7463d7-06ab-4040-ae95-fe9368df4789,5c35b47e-9f30-4d86-9643-9d2454fa3818,43.06,upi,success,2025-12-26T13:55:00
75046dde-8baa-40bf-9c3f-99e0b3595231,b0fa8182-7902-44bc-b2e9-efd3d27dfa4a,62.27,wallet,success,2026-01-28T06:44:00
ed4c5331-6db6-4f58-b3eb-8697d8892686,8b814a96-ca8b-41af-88ff-7980d631a965,46.83,card,success,2025-12-01T13:55:00
a8a9ba82-f031-4513-8e39-9f00633dc503,10f28124-d622-4a8d-a5e9-4ff46d8900ed,57.82,wallet,success,2025-12-01T08:27:00
72e7a453-8734-499c-8fa5-994b515559ee,e86c0786-971d-4cfd-a219-f19fdac662eb,91.86,netbanking,success,2025-12-10T12:00:00
f15c5a00-8ced-4719-a022-67f8e91a1f48,fd2303c6-13e7-416a-b016-911fa7511d8f,58.7,card,success,2025-12-25T15:01:00
d7073f22-6339-4806-b8d6-77fef065f289,9184ee54-a998-46db-acba-67fb1371c58b,56.79,upi,success,2026-01-25T16:10:00
e5eb3227-e8cd-40d2-8668-657ca901e9d5,7f7d0d87-4116-428a-83b1-e6aae88250b9,21.25,upi,success,2025-11-06T18:24:00
96ed86f1-dbaa-499c-98b3-a4685fbe4cad,e3c99c5d-24a3-4edc-be65-28b2a6f80761,151.8,netbanking,success,2026-01-22T18:30:00
8c9c62d3-4042-422b-8101-92e207e3d45d,93049f3a-8e48-4cff-8cc8-4518007b419a,25.24,card,success,2026-01-05T09:13:00
b9afdaf4-aa2a-40a7-be91-dcac0cb7bae6,f587ca7f-3afe-495c-8973-a61dbf6f977a,310.62,upi,success,2025-12-16T23:34:00
d755f68b-16e5-4255-85ab-4d306b2f4135,57fd6446-dffc-4de3-896d-7be5dc1dae93,139.0,upi,success,2025-11-10T19:38:00
621c1ee5-5bb7-4f22-aad2-a62052222fbe,a725620c-5139-42d5-8f4d-be7d705f69c4,69.28,upi,success,2025-11-15T19:31:00
1c7f85ab-ee70-41a9-b1a2-e3aafa4929d9,01589f0d-a111-44a8-9211-68d939750e47,220.64,card,success,2025-10-29T22:59:00
5416db6d-0434-4ee7-83ff-d7ca5ae6d60f,8adbfcd2-4409-4683-a284-a6b89c4a3d31,46.99,netbanking,success,2026-01-24T09:16:00
b816709d-9085-4d18-a692-d0412b3cb4e9,5740a137-8453-4bc5-92fd-c389187d30d4,35.89,wallet,success,2025-10-21T17:30:00
a728b005-1890-4670-b6d6-7e4f265a2d57,0855b2cc-3e7c-4dcc-b56c-bd25286bdc47,26.12,wallet,success,2026-01-05T10:20:00
722888d4-3b20-4e77-a3f7-89e23fff40e7,db6ea78c-f34c-431e-a424-51e0dc13a0cc,51.52,upi,success,2025-12-03T12:51:00
847a5d7f-1721-4b7e-aaac-6fe429d60e29,7d555190-4404-420f-9769-e186c29f5020,33.33,netbanking,success,2026-01-27T02:33:00
e366fdd5-0408-4801-a1cc-bff89cc3af82,c46b5bb8-9c47-4df1-b162-a2ac1c5ff656,14.81,upi,success,2025-10-31T09:39:00
288b2e23-c9f4-45bf-9cd2-3d71262d0a49,f9fb1812-2d17-45c1-a919-b191e5ebea92,60.39,card,success,2026-01-19T02:34:00
42dfe24e-bbf5-4a2e-aa87-b064898d7be4,b2e44e76-7ca6-48b6-abf3-8c793d32cd69,25.3,card,success,2025-12-02T12:36:00
12f4ee1d-d8df-45c8-8d45-24d76e29d0d1,bb251b86-3262-4fd5-8f8d-1b050c557719,18.82,upi,success,2025-11-24T20:48:00
e0fdbf46-58a6-456b-a3c1-eeffc7320f17,225d18ba-956f-4afb-a4df-44b2861e2d25,23.29,netbanking,success,2025-12-11T15:54:00
21eccf40-b56b-4b5a-8c07-77d5f6e19be4,d808f7ff-5020-4a6d-8b97-f3ec2fa30519,54.82,netbanking,success,2026-01-05T18:39:00
58301939-c258-49c9-b516-9b5635e213e6,e9ab7133-efc9-401c-928b-1754120c3215,61.12,upi,success,2026-01-13T09:29:00
3d7de4cc-abe3-4e6d-ab7b-527c8e8a8354,1102c9ae-7b4e-4bd3-9872-82a548b25f7f,29.98,upi,success,2025-12-28T04:13:00
5e84b001-67de-4e9f-8f12-0e23b535aa16,319bc549-b38c-425e-bb0f-5ccef0134d2c,46.4,netbanking,failed,2025-11-13T12:01:00
074208e7-f07c-489c-ac21-7871c0bdb0ce,547ab522-d02f-4af1-a06e-7177cce0aebc,92.56,netbanking,success,2025-12-15T19:46:00
276b56bc-4fb9-49ea-838c-cf647160b445,a13fab9f-24cb-4b8b-8b9c-18dd8c25154d,39.69,netbanking,success,2026-01-12T16:28:00
051994dd-705f-4487-88a1-b055608e1a85,2a3f2eca-bc4f-4e65-a7ed-a12429c20217,63.97,netbanking,success,2026-01-12T12:13:00
c8ec6d39-ccdf-402d-bf77-2477a72352db,de2bd619-fe51-46d8-b515-80a71707e7b3,22.62,card,success,2025-10-17T20:49:00
0c362f49-33c1-46fa-af33-5c9b85a50ac9,5b3314e0-0dc1-4764-a1aa-2fc4a1e2c6d5,178.08,upi,success,2025-12-03T20:01:00
29840ea3-0a4c-488b-bddf-a7606d6ed237,1ca6743c-42ce-410b-9173-da4bda6b6d4b,191.6,upi,success,2026-01-13T21:45:00
2f175b78-9856-4277-a807-161358234779,2f4ac39c-333d-4a26-abd1-ae9dd9f6bfca,162.51,upi,success,2025-10-23T06:33:00
2a923a49-8c92-48cd-b629-01f0b142a268,acf4de2e-7479-49fd-bb50-272dd69aaefb,34.02,wallet,success,2026-01-21T12:36:00
1f8606d4-d9d3-42fa-9744-87b59cbc795d,682fb4f9-24b1-4c90-9e8f-b0749baf985d,61.76,wallet,success,2025-12-19T06:44:00
b3c65d34-c0d5-4629-bea2-1e85f04c4cfd,f5f4de2e-8262-4af6-8bad-13933021e10a,19.68,netbanking,success,2025-12-02T14:28:00
8d58386f-82bf-436b-88f1-d2165d58af52,fe57d766-d338-4b1e-ba1e-a24da813223d,22.42,card,success,2025-10-16T11:43:00
0532eb02-7fe9-4cd6-9e81-cf512489a819,0b386a1f-e033-42c9-ad4c-1081ac152e70,77.48,wallet,success,2025-12-27T21:27:00
145ba3b7-06b1-4945-8bc3-670e9d411ed2,2a12b0d6-5b5d-43ef-98af-d860299795ba,72.06,upi,success,2026-01-22T11:51:00
c08dc629-a100-408e-bbdc-b578e7b46e9d,f4c24d00-7c5d-49c8-9edb-15c54cbd1689,23.0,wallet,success,2025-12-10T20:37:00
98bd8214-369b-41fe-9f8c-3134c635c1ce,be9c5762-e9df-4939-b416-01bf634e4428,13.14,card,success,2025-12-17T07:59:00
7e4b497f-87f8-4fb8-8fbc-978cf3312fdd,4bd4495c-3e69-4d63-a49c-2bed5808fdad,39.05,card,success,2026-01-11T06:20:00
7ae9767c-f93e-4d76-911b-3005c64ef985,5b4cf681-624a-473a-8c56-61ea5d7c64a1,77.67,netbanking,success,2025-10-17T10:17:00
bab76ab4-748d-477a-9c33-efde12984e77,0b346bba-acfb-4a0b-b535-828da44c205f,139.32,upi,success,2025-11-08T12:50:00
fadc721f-db27-4d8a-b4ff-05ff569babbc,47a6be7b-1d4a-4225-8996-1dd570114fb5,46.79,upi,success,2025-10-23T20:06:00
e73b45b4-d2bb-46a7-bc23-92ab6bd14034,3a20fcab-f2fe-4a5f-8dc1-75d19aa3b136,13.88,netbanking,success,2025-11-02T17:09:00
4706697b-229d-4789-bf3c-141977b5fd72,399ba350-61a2-43df-922d-529dac085353,25.59,netbanking,success,2025-11-24T12:08:00
65e74add-4d3f-4266-9c12-963d6a0e9fcf,4732abdf-e65a-4d77-8f0d-0e3be18c09c7,91.0,card,success,2025-11-02T03:16:00
71868b84-2db6-41e6-9fb1-7431e6f6420d,dc135dca-9b99-449d-b16d-870933509326,16.02,upi,success,2025-11-09T06:39:00
ab4f5ea1-7201-48d6-bd65-7f628fcf24cf,7674cc47-241e-437f-9e39-300b95655234,76.56,wallet,success,2025-11-10T11:27:00
a743581c-ea40-42f5-9865-6586796330a7,7826d41c-1a10-4209-8a17-d3d359f14dfa,26.91,wallet,success,2026-01-10T16:31:00
5aab2068-39f9-473b-9ef9-460e6a13323a,9f629a54-c0d0-454f-9c0c-f7b1a9eec60d,32.32,upi,success,2025-12-30T12:20:00
136fb3e4-f002-49f1-b8f1-cc99bd6adb15,743a4630-26e7-44c3-8838-2d74da46dfb0,53.04,wallet,success,2026-01-09T02:56:00
8ede2ade-0afc-4cdf-b837-71f0bc36b78f,33629c4f-4300-44bd-8476-d892e7b2005d,84.02,netbanking,success,2026-01-17T18:17:00
4fd4913f-1cd1-4c33-9e51-070ae8b629e1,c77bb955-6913-483a-913e-273cfdcbc480,87.75,netbanking,success,2026-01-26T04:58:00
432549f2-9574-443f-97d8-c820808f3ad9,10e833b4-c2f4-443e-a184-9ba62b9f920b,201.12,card,success,2025-12-04T10:08:00
f3da88d0-94d9-4efc-a8f6-f3ef295f067e,fc01a0fb-6a36-4b45-8a98-bda244a81545,28.35,wallet,success,2025-10-10T19:27:00
ce75f21c-8155-4696-8cd4-6de2114a8aec,dad6c549-dd4b-4615-a591-c63c2a48bc99,22.45,wallet,success,2025-10-19T13:58:00
038a4955-22be-4031-a98c-abe70b681230,305614c0-26f9-4af5-b906-245a288fdc1b,66.89,card,success,2025-12-27T08:56:00
e4500dba-dfdc-4d6c-8028-92f34b7cce7b,9aab1f46-1333-4d49-899e-950337fae5f5,172.35,wallet,success,2026-01-25T13:15:00
2a1dbc40-f2ea-46ef-95e7-88d40de5dabf,040688d0-f0bc-4e1a-8e71-963a839c85a7,41.43,wallet,success,2025-10-16T19:16:00
49a461d0-0546-499a-9359-2b67db53db0a,f413106a-8609-4cac-ba96-1ec328bc97ce,25.59,netbanking,success,2026-01-18T08:58:00
f42a4ab3-b236-4e19-94f0-0ed44357ede6,caa7ddcb-050e-4eb1-9259-75aa515ea0a6,93.1,card,success,2025-11-18T08:23:00
f44aca3f-130b-4af8-a6fc-ace6421fd29e,0b951afc-febf-4169-bdf2-395a77130d7f,68.69,netbanking,success,2025-11-30T08:40:00
06afc37d-0b90-461f-8804-f3836e6df656,2f7a476d-a60c-4560-ba43-44b28eaabed9,77.98,wallet,success,2025-11-06T13:43:00
27a5a9d2-37b1-43a3-9648-5f8c65288e13,78a63566-af50-4ce5-9ef0-1867062bda81,166.4,netbanking,success,2025-10-07T08:34:00
b4849e5a-527b-4117-af84-1f43a5462b76,cc3a4f5d-3af5-40cd-b2d7-d0a2989af256,32.0,wallet,success,2025-12-28T13:02:00
48c39a1d-ea83-4971-888a-985c4e3a7476,2ada6d2c-e559-43a5-b0b5-d724e3705e59,82.65,wallet,success,2025-12-21T07:44:00
77daf85e-24f3-4040-83e1-798ac7a148b1,7248f5f3-6bad-4520-b1ff-499284b2cadc,101.14,card,success,2025-10-28T18:36:00
07ff59ad-2c33-4914-8e76-de1982fb3602,47ff39fc-58d0-4a44-8037-f2fb64ed6936,10.59,netbanking,success,2026-01-02T16:10:00
a4a9ebb3-b1a8-431e-8cfc-0f75830afab3,ba078027-ca19-4de6-90f2-1ba6f7a8446f,39.12,netbanking,success,2025-12-12T03:15:00
8b709ac2-f305-40ee-8b09-e060579df770,6dd183ec-637d-4fb0-b89e-f4f474b718a3,25.05,wallet,success,2025-11-10T03:16:00
8df55528-7197-4e28-a6b5-2693432e6d20,226f71d0-0df8-4779-9579-644623f6f79c,21.65,netbanking,success,2026-01-18T11:22:00
24e4a148-bc44-49f1-b82c-4f504b5f9fdf,ed369d15-7e0a-4727-8774-f7a9048c2779,60.9,upi,success,2025-11-09T02:05:00
89792ecc-2ec7-4350-9d6b-fe571cbbd80e,309ac7bd-a670-41d8-abc4-6769e9150592,81.36,wallet,success,2026-01-20T18:18:00
90d7ecce-fbaa-41c3-8d36-370c4e20ac9b,b3dec3f0-e661-4161-9100-75992576c55a,106.5,card,success,2025-11-27T12:53:00
4b4bde7d-13fa-4426-a17d-383c56a7e1c0,e4120020-93e1-434b-ba18-0915b450b633,27.59,wallet,success,2025-12-31T20:18:00
2b324f81-7111-4cb8-b082-9118e0c7abcd,253930de-2883-494f-a446-c214c13581b5,44.54,wallet,success,2025-11-23T06:46:00
0945fc20-e292-4da5-8c65-cb49589d9ae1,096dfd82-13cb-4364-a172-de2064e86d6d,67.12,netbanking,success,2025-12-20T19:46:00
c6eadb3e-4519-4d27-8a9b-fb58eecd9dc6,d9c94da3-0ad0-4e5e-aedd-125ef15f045b,81.6,netbanking,success,2025-11-11T09:05:00
2012a412-dc13-429a-88c7-687d13a157d9,dc7aacfb-dbd4-4b97-b7f5-c8adb5104af3,41.22,card,success,2025-12-19T08:26:00
92e185e4-5bf8-4e30-9aaa-cb01b3382fd8,9be60b82-17a0-41ef-b47b-46e08270cbce,164.08,upi,success,2025-10-06T09:52:00
68c71619-ef46-4704-a868-d8075a44f51f,ad4fc600-497c-4888-9e68-85271f915a80,27.51,wallet,success,2025-12-30T13:19:00
4dc23131-9167-4e40-82fd-a9645c184215,6380f96e-d1fc-4ac9-a235-b74cf3833e9f,60.63,card,success,2025-11-14T07:30:00
92362b99-bd93-4399-bb91-8d2add90a798,228e2b2b-835d-4285-8d90-b29be6e9ce86,73.92,wallet,success,2025-12-06T19:24:00
37c91fa1-b37e-4cae-9f87-b3c0c776fb7e,611ed0e9-dfcf-4c8e-a1d3-80eec2fa59da,66.72,card,success,2025-10-01T21:47:00
62380868-2f8b-4bf2-bb2c-2da6621701a0,ac3d7d35-3b4c-45b5-855a-e24b8048101e,147.3,card,success,2026-01-20T07:31:00
9d1d9022-5a32-4649-be6a-aa286fcb0001,91dac76b-7780-4927-9a1b-f511bf66687e,115.52,card,success,2025-11-15T05:43:00
407fc1b7-db7e-41d5-a87b-f9e06a9083b3,464ae1cc-8250-4cc7-8518-e2e5d1379cd0,48.28,netbanking,success,2025-10-02T14:04:00
caf40213-4f95-4665-9d6d-3b3a7206fcf8,8918ddd7-d968-459d-bb81-6d3847370f3d,185.32,upi,success,2025-11-15T21:07:00
59f2930c-31c5-4a2a-82d6-8a29b87eb8eb,c417906c-2ea2-44dc-bdf7-2e6d4149bba4,67.34,netbanking,success,2025-11-01T16:19:00
19405cf3-aaa8-428d-8ae0-e7d38fc129af,89c24395-33c5-4ef0-a73e-68af5bdcaf61,99.66,upi,success,2025-11-26T06:09:00
f28b4571-d715-4fb1-982c-20195a2b97eb,55309cbc-b843-4b54-9f7c-3a24d14fe260,125.88,upi,success,2025-11-07T13:52:00
c0dfbf1c-e6d4-4183-bf8d-1c46fa0b6a39,3afc5c12-649b-411d-81f7-9203a4922baa,189.2,upi,success,2026-01-16T20:06:00
b3e0e59f-f80b-446c-a155-bb1b9a36fdd0,ff6d2fae-3c9c-4ef6-bb59-50b6fb1e223b,43.19,upi,success,2025-11-09T12:21:00
4c3396dd-d959-40e6-b361-e1f84543c1e8,5b20575c-fd16-4d44-b946-01c565fa24e7,53.86,wallet,success,2025-12-06T08:53:00
3515d4b9-f37e-426d-aed1-db9f0fa89e1d,1e493d90-99b9-471d-9510-54876154c2a5,27.38,card,success,2025-12-10T17:02:00
79002961-ae7b-45e0-83f5-70a454c4fd1c,bd5940b7-b033-4714-8aaf-3305dbc24fb6,54.78,card,success,2025-11-23T21:05:00
89f070cd-83fc-47d8-8f34-3bc2470daf9d,16300b02-5dcd-43f5-bbe9-7475551144d2,37.66,wallet,success,2025-11-28T09:08:00
ce8099ed-0895-4819-80d0-4b8c45f02df8,e5e2992f-d7e6-4cda-b475-3e45533b8b5a,43.79,netbanking,success,2025-11-26T05:17:00
8b787f60-eb0e-45c8-bc2c-842af0f720a6,f352c333-b79b-4b53-9ea2-d80df85f9313,29.97,upi,success,2025-12-19T08:23:00
4f97b9fe-7206-480e-9998-bfec5af1ba88,96f145fe-3629-4309-a035-04a3617bcf8a,113.04,wallet,success,2025-10-03T16:22:00
31aa3531-f685-428c-8d51-5cd4512e6f56,5cedd4d3-8c13-4661-bbd5-502525fe45ae,20.52,wallet,success,2025-10-15T19:54:00
13caf0e6-bf27-45b4-a2c2-828fc0a2a192,1e8f5064-fc6b-467a-8a85-07a580c055ca,29.22,netbanking,success,2026-01-27T22:41:00
b6c66fe1-8f69-459e-bcef-faf5f7bade8f,f7eed372-76b0-48f7-a8dd-204fb9c5af2c,89.22,netbanking,success,2025-11-23T07:33:00
32682928-4d01-4242-bd4c-e19929441832,dd12a14a-f6bf-46f4-8347-904f13df3390,72.62,card,success,2025-10-10T19:43:00
135fb100-5314-4e1e-a6bb-b4892b85c79b,dde9076a-da91-4cf8-b088-2100b8603907,99.81,wallet,success,2025-11-23T19:45:00
af20db4d-e271-4520-8a31-b47cb88fa334,e9d5aa93-86ad-48a3-b237-b2c4299c423d,117.42,netbanking,success,2025-10-12T08:33:00
dc64a2f4-2d5e-4297-a282-57e17ed1931b,ec2f5fbe-cad8-4c41-8cda-88938c1b615a,49.52,upi,success,2025-11-28T08:25:00
b42b030a-701f-4248-8cf9-bb3b63819a02,96209ab1-f1b6-4f71-abca-b633150c9dd7,122.84,card,success,2025-11-07T06:12:00
45916c4c-fced-4547-9bd8-9e467d5a0227,76aa725c-ce41-4550-8a30-69735c8e4e31,181.26,netbanking,success,2025-10-10T09:11:00
9b72ab43-577f-4675-8331-d691b2d872fc,48203805-b5cf-4db1-bf7a-b8f469fd11b0,25.01,card,success,2025-12-10T09:36:00
7ffc63f1-dae7-4da1-b245-367573ec301f,4db60190-a1fa-4031-b7b0-7b1070f91853,26.41,card,success,2025-10-09T04:43:00
1bacb0be-295d-440c-9e13-044310d02937,280094ff-05b4-4495-9841-9ddf03c8be58,33.15,upi,success,2026-01-27T18:56:00
ffdde15f-7b78-4ae2-8528-d388caef55e9,4208d8dc-ee3a-47ff-8e86-7297c1de1f2e,51.07,upi,success,2026-01-13T09:26:00
bff46eaf-da31-4e12-8b23-ad84f69a1bff,fa9320f2-5b9a-4d80-b0fe-b89f5b138239,159.12,netbanking,success,2025-11-05T20:35:00
b4607da1-afa6-4242-8b21-fc529e6e5a57,f3f5cb31-b152-4a66-9b80-6b5cae00b501,29.98,card,success,2025-11-17T08:23:00
41e2e8f0-67cb-4b3b-b387-a6cf7b098473,cc71ed00-5027-418b-ba7f-60f69b4529b7,102.73,upi,success,2025-11-02T18:10:00
9ab132db-a783-4286-ae5d-6e40519aefc8,47ce74cd-fce9-46ae-a6af-0ac54c94de12,84.9,wallet,success,2026-01-10T05:01:00
c6dd499e-ba90-4ea1-804c-939b1ca18ecb,01810f98-80e4-4bac-8c0f-983b4fa2e06b,45.32,card,success,2025-11-05T22:15:00
d40017a7-8832-4d8c-a22d-80d3562c3233,60d048b8-9e2d-4aba-974e-c23c899952dd,37.14,netbanking,success,2025-10-16T13:34:00
2af2c2be-8369-4b50-80c3-5fddaeae47d4,bb61fd58-05f3-4c76-baf7-e3f90739b7ce,53.84,wallet,success,2025-11-07T07:49:00
21beb0fc-4289-4a5e-ba5d-6ca25be5e12c,b56a8ecf-cba0-4ab8-be12-073abc1d92da,62.88,card,success,2025-10-26T11:52:00
a8dd6cae-1560-444c-9c62-13d20e25abc5,6b68b04a-cf08-426b-ad6f-cfe3dbc0a590,72.6,upi,success,2025-10-01T05:43:00
1b0415f7-399d-4de2-9092-2e3314d9aa91,e2c5bd70-3df5-4fe0-a31f-f0148eac6a7d,11.02,card,success,2025-10-10T02:05:00
89d35371-0fc8-4bbf-b2c4-c9f325c610a5,c26e0f1d-b001-4bc2-85b3-efc77555fba2,61.17,upi,success,2025-12-28T15:14:00
906cf842-fbba-42bf-98f8-7f155a7dfc16,7a354247-6482-46bc-8bf0-c1ff1acaea83,102.0,upi,failed,2026-01-15T13:29:00
f9739777-4e0b-422e-b8ef-3769cca5e982,6ecc87ec-0b6c-4355-8ad3-ded7cf9744d3,30.99,upi,success,2025-12-08T05:49:00
05447592-388c-46db-95ee-375525f3612c,4b9b1658-8d13-4f64-8b91-c5f365cdd603,19.73,wallet,success,2025-10-14T17:39:00
04c5c4a9-949d-4dcc-bcd5-74db202f4ff3,7a7f7be4-db5d-4c31-a8a2-f384c644c9cc,25.96,upi,success,2025-10-08T14:21:00
1c7d9afa-a373-4ff9-acf7-428d6393cf24,925aae29-5f2a-45de-8e31-ff0e54268487,82.53,card,failed,2025-12-23T08:18:00
ac6084ff-4b5b-46c1-b385-8654967a86b3,f515cf58-f20f-4d69-9ff8-bca103eb45fe,17.96,card,success,2026-01-05T16:52:00
bdf46b96-66b1-4cd3-b9c5-0b5f8cb7717f,95ab46f4-c725-4d2e-a7fa-ef4835a4174e,284.28,upi,success,2025-10-14T18:02:00
fa6eb856-fdaf-4faa-871b-0767a4a4800a,36aa457b-0de6-4453-b972-9115ffc28902,41.66,upi,success,2025-11-10T06:44:00
e9d83241-7ef2-4d60-9d5a-c4f6e99098d0,9c684b80-a57a-4b00-bf9d-2ea32f96a044,131.72,wallet,success,2026-01-10T01:21:00
8de42b7f-756d-4a5e-ae88-5731e9c204ab,cec7a5ef-1a27-41a0-ba38-89899732735c,31.86,netbanking,success,2026-01-25T08:15:00
bec6f07e-c1a9-4645-9bfc-0ebb510ddce6,2d4b1e5d-b8cb-46ed-8c25-7df51a0956dc,216.21,upi,success,2025-12-13T19:35:00
2e13581f-e68a-49a8-8359-54c19411870c,2f01d908-11e5-4495-8764-70e66d09e644,81.18,netbanking,success,2025-11-16T08:48:00
16ccf275-5e35-4a52-8338-d9a78ccb2cee,1805e975-8b9b-48ef-9c6e-c44435e68677,50.28,wallet,success,2026-01-13T21:19:00
deaa3370-071c-4a7e-9c15-4ec725c9061b,c455886c-2401-444e-962c-6dbc0fbb7beb,77.45,netbanking,success,2025-11-29T14:25:00
ad2a968f-c08a-4876-b110-6aee59caeb77,915da27a-33f9-40ad-8783-dbdb801a313b,15.64,upi,success,2025-11-16T14:14:00
963dae13-db12-4a86-910a-30f504e1500a,083cb50e-e455-4b0f-8fd6-e1272f577703,76.02,wallet,success,2025-12-31T08:07:00
f91633d9-91cd-452c-afa7-82ca37308a0a,529ab56c-86eb-4951-93fc-5111986df642,32.15,wallet,success,2025-10-19T18:54:00
0aec2005-b69a-4358-af54-7e339258ac07,e0debb3f-8f9b-41df-9cb7-9589fe236b2b,142.53,netbanking,success,2026-01-10T18:37:00
4597f5f6-d0fd-4454-a871-9f7457a6a1db,fb487cdd-3dc0-4f45-8d57-709252057e9b,99.86,wallet,success,2026-01-14T09:35:00
64af48d4-15ab-4ccb-b2d7-668124db1208,b0fded90-0bab-4f7c-91ca-f1a103401e44,45.9,card,success,2025-10-08T17:35:00
3d91b92e-8367-426f-97da-494edf0e62da,7ae90ede-9e6f-4ba5-afad-8218dc398088,46.26,wallet,success,2025-11-15T07:59:00
717b5e09-72cf-47fe-a4d4-041aa6c27cd4,d256966f-68aa-4bdb-ad68-1827d0787b0b,10.06,netbanking,success,2025-11-10T15:28:00
e0bd5818-8a3e-458e-bf88-1a87392be4b1,8a0fd4d5-244b-49fa-8f1a-2f281512cd57,53.94,netbanking,success,2026-01-11T16:34:00
3fdfe034-f0ea-40a5-982f-15a691a9aea9,9f84853c-87d2-478b-8972-d25fdef4c392,123.98,upi,success,2025-10-23T18:38:00
6d9adc94-ee23-4365-9ab4-b721d77b0c8a,ba5da5c5-adf5-41f8-b29e-7b8fb49a570d,44.03,netbanking,success,2025-10-04T06:36:00
959e1335-ec36-4d91-aa95-ed3940d3619c,56026caf-f614-46dc-af32-2b49b7922b4d,33.02,upi,success,2026-01-26T17:52:00
b77753fc-c32b-4b91-a9c5-4bb04095bd39,20c51d97-9aad-49e4-a8df-92dccd091381,72.27,netbanking,success,2025-10-22T18:13:00
359a9b95-e55e-473b-9a2a-c0358fd6a3a8,5049394f-02d1-4ee2-b9cf-a472f7768b9a,99.82,wallet,success,2026-01-24T10:35:00
6341c2b4-d55b-48a6-9498-5268ab71bee7,388df646-fc3d-4483-8cf5-d927d601ac29,30.97,wallet,success,2025-10-05T14:43:00
31bc8bd8-f94f-4d40-9861-d1f015093d27,ab524006-552a-4f90-a00e-3193e6ac3719,26.82,upi,failed,2025-11-15T08:30:00
54545e53-42c9-477a-82db-82f5fde8f867,7257edd8-9a07-43e8-9c4e-90d8a0145c6a,166.11,wallet,success,2025-10-05T11:48:00
30b0449f-2253-4bbd-a124-83cc6d9880fc,48fae282-ac60-471a-aee8-bfd791312c9d,104.7,netbanking,success,2025-12-08T16:06:00
060ee4c7-ba08-4edc-b6be-c34214d1f43b,ce922df8-0ec1-4b54-9cee-12f4b120852f,169.44,netbanking,success,2025-10-24T20:03:00
97f209b0-fb17-4c07-96b7-90ca7b9387fb,1cc5ccd6-f133-42fb-8953-1615fbdef0fc,145.56,upi,success,2026-01-27T08:33:00
ce6adb10-2d11-4c60-8b01-343d6e7151ab,6bedf844-a107-4102-b654-af26867d09a3,250.62,netbanking,success,2025-10-24T17:02:00
7a17648c-4744-4a4d-8cd9-6bd002279c2d,91dd7897-466d-423a-96c0-6af7319c8a83,127.72,wallet,success,2025-12-25T05:16:00
12b46e79-29fd-4e41-ac5a-5647f68d0a8f,de35fa3a-9bc7-4a3f-a67a-186ae58a00b0,29.59,netbanking,success,2025-10-07T17:31:00
285aba12-0b89-46ce-a563-efe3565c0079,65179a3f-3b49-47c5-b32e-06ebfb2bc949,22.59,upi,success,2026-01-13T06:07:00
73fbec96-7bce-4954-9f62-ccd51262e06e,4565f8c2-ed1f-4562-8efe-4d888459e7e0,45.18,netbanking,success,2025-11-13T08:08:00
03500874-cf6e-4a86-b4cf-5bd86e01f76f,0fd4fee2-c7f4-4d1c-9eb1-c93662af1a5c,28.56,upi,success,2025-11-12T15:09:00
8b6cd63f-ce9f-4de0-8b0d-052c499bd79a,14db9ec8-d265-4083-b7b8-413e29bde8e3,90.92,netbanking,success,2025-11-05T07:54:00
fdec4b9d-d3d0-4ea1-8e47-ce23f750a36b,4b0d9b3e-dafd-4648-a5bc-ab1ca2c3cd00,52.4,upi,success,2026-01-22T16:49:00
0a160c01-023c-4da2-b2f4-25dede405e1b,0a0736c8-925d-4515-9ee5-c24a8cf5c642,172.86,netbanking,success,2025-12-01T01:41:00
ef298eb2-4536-4da8-b873-35b97cae967c,7d079410-ad9b-465f-9a4d-e7877676bc1c,20.91,wallet,failed,2025-10-21T11:46:00
5cd3c034-8f82-4cc0-879e-ea4042ad1dc8,2acf46e7-c9a2-4c80-bb9f-01c3b0202f70,19.39,upi,success,2025-11-07T12:30:00
bf05a27b-b1a5-4842-b556-d14d0253869b,dbfcb48b-8427-47c3-944b-0df61140f988,291.48,upi,success,2025-10-17T11:31:00
e36b2faa-f5d5-4547-8078-38ff3cc2bb2a,86474073-6284-462c-9e77-44eca3498ebe,60.59,card,success,2025-12-13T09:19:00
6decc67c-aa8d-45bb-ac8f-612d8fd7abec,394d2a4f-6854-4420-b25e-f20cf2d012ef,49.63,upi,success,2025-10-14T21:38:00
5332855a-aecf-4aca-9523-56f07ca86620,0560a68a-9d9f-4733-9e58-715a4d39eca6,44.33,netbanking,success,2026-01-28T08:01:00
3c6b82ee-6fdb-4839-a9d3-6ba7c415e4fd,dabff48f-2842-4de9-abcf-f7cdddc20cca,57.24,netbanking,success,2026-01-06T17:37:00
cc1bee9f-f107-441c-8967-f50ad33ed4f2,91fc8124-dccc-4d42-b5e5-67525bcdc91b,28.36,wallet,success,2025-12-21T11:36:00
181a7bc8-c076-4f84-a318-a60f327fb85d,e6dd4152-f73c-45f9-85f6-e1e4596e37e0,10.21,card,success,2025-11-25T23:39:00
ea6240bb-4b5c-4ecf-bd1c-5270d135514c,bbc37741-77e1-4ea9-b87a-6385d2cf896a,64.16,netbanking,success,2025-12-16T19:45:00
c6221cab-da66-4753-b62a-09f2db52d608,a4bbd883-d19e-43f2-b161-8b70108266ae,93.73,upi,success,2025-11-01T19:41:00
ee18f9c0-e673-47e9-bcd9-9f83b557954e,90fe4be2-a8ad-45e3-bd66-0552dc09167f,14.3,wallet,success,2025-11-15T19:01:00
29f93e8a-906e-4474-8a8f-c547da44946d,5f9b1593-af5b-43f8-8440-a7ff224656c5,19.23,wallet,success,2025-11-12T12:00:00
e9419a8b-4b63-4f28-80ae-9ffe2a03f91a,b6ae906e-e486-48da-962a-a9a64b398561,149.13,netbanking,success,2025-10-25T11:27:00
b2e23c72-edd9-45f1-9ab6-c82fd8d017d6,9bcdd4f6-72f3-4150-a6ac-78e2fbfc0af4,24.02,card,success,2026-01-02T07:39:00
a8a5ea91-f79e-49e9-a2af-593385603355,0cd03c0b-1b3a-4a5e-9e0c-f14b702614ef,248.2,netbanking,success,2025-11-29T12:05:00
74a9f681-d016-4378-9ef3-841c0e6a1eba,753f8abb-0fbb-4a0e-babf-70d1e70b7504,33.87,upi,success,2025-11-22T17:24:00
8b644a58-36fa-48db-ad65-5c86520f26ca,430366e0-e1db-40e9-9be4-2371230b676c,90.96,upi,success,2025-11-28T07:01:00
ac6eb4f3-5a3f-4f86-bb1f-3bb6723ed6f9,9e849afc-97d8-483f-8b6a-c2d587b7f4e9,241.12,card,success,2026-01-03T10:39:00
daacc2d4-3bb4-4012-9399-9e82f52a070c,0cff1eed-b4b1-4f36-9e46-5f8ba733234a,21.13,upi,success,2025-12-03T18:29:00
c5c55fbb-dcb9-43dc-8952-32e3f93fc929,7768ccba-2482-4c80-925f-b7acc5cf136d,162.57,netbanking,success,2025-11-05T19:11:00
d83db71c-758d-40f8-85b9-52430537175b,1819960f-2936-4e9f-962b-bbca2bb3571c,50.79,upi,success,2025-11-12T21:52:00
09fa342c-3b71-4fd3-b774-424bc5ff1007,b716d829-bbaf-4a45-9d2d-481d5b0e53f6,58.5,card,success,2026-01-17T12:34:00
fbd1347e-ef27-4aa2-ad60-df187893c30f,2526ecd8-74e1-4b50-a4e9-d60ae9aa374e,20.8,netbanking,success,2025-10-08T08:17:00
bc45bdef-4162-4258-b574-a09dcb97c255,f1619373-817b-4948-82db-1b43035da753,76.5,wallet,success,2026-01-08T16:53:00
7edc678b-f288-4b0c-9c71-21ec9ae93e51,5b98f13c-3897-4707-929b-1d7fedefe129,80.13,netbanking,success,2025-10-29T08:27:00
644c2ae4-e5f2-4f2a-8af7-e9fd87d721e6,8715ee57-9fdd-4107-85e7-4e38865f4f7e,126.62,upi,success,2025-12-25T18:42:00
1d1f6fe7-5413-47dc-81cc-c43d8d03bf25,fb3f1285-2c21-4354-badb-5ff6f1eea5c5,144.76,wallet,success,2025-11-01T20:17:00
396d08ec-c878-448d-8664-26cc7f40502f,77c69f74-ab36-4df6-9217-e2dc8c6161b9,286.2,upi,success,2025-10-01T19:39:00
b29bb73a-01ca-4ba4-9a9b-0aa42003ae1d,1e7c669f-590a-4ceb-83e0-30d8fef577ce,71.61,netbanking,success,2025-10-29T18:48:00
b304877f-54d2-47f8-8be1-2c371dfbb69f,f0ef9411-7c09-4073-878a-c10ef83fcdf5,25.67,card,success,2025-10-26T15:23:00
0a69e6f6-6a74-4cc4-835c-cb167f15932f,3abb9ee0-50f1-4be9-a61e-44f37d820aef,43.74,netbanking,success,2025-11-07T11:50:00
8ea4f229-7601-4dce-8a47-d1f58c7d0ea4,78c1c4a2-3703-45f7-aadc-72427171716f,123.84,wallet,success,2025-10-22T19:29:00
3a2d7224-67c6-4aa4-b7ae-f091f51dceec,f374c3f7-1a81-43a6-af8f-befcf67e6ab1,43.02,card,failed,2025-12-28T13:34:00
1b989e75-1e51-46c3-a06f-fd356345c38d,144d4361-1399-4f47-8bc1-25e49df1d1aa,52.8,upi,success,2025-11-04T13:23:00
9c3d4dcf-a8e0-45d5-ad5c-35d6d154cd19,93c76500-8876-4819-80fd-e73cdc2f8b63,46.98,wallet,success,2025-10-15T19:28:00
fcf8e88f-6954-45bc-a7b8-12b866cf29f0,03746f70-1ecc-4985-8168-badf91456d57,31.26,wallet,success,2025-12-18T19:48:00
c2b4ba5a-55aa-4574-8541-4466c322310f,fa27e104-79ea-4db0-b9a2-08402a2f6884,136.76,netbanking,failed,2025-10-21T14:15:00
2c38124c-4a17-4d87-91d7-d532c35be3db,ff656ef2-a51f-4492-9252-954324bd14de,120.6,upi,success,2025-10-08T22:52:00
68a805c6-5af8-4f40-b39b-95c312f39c5a,9284b058-bfec-4841-adcf-8ce7de028a29,37.34,card,success,2026-01-05T03:49:00
9563cc70-8e1d-40b0-8dc6-91765dc44cde,b67f5581-9813-4a55-95eb-e971fa6d0145,45.96,upi,success,2026-01-11T14:41:00
4e763c99-6088-4a60-acf6-d8977fa89010,167e87ba-8efc-4d46-9d64-9abfc371783e,95.28,card,success,2025-12-07T13:42:00
84c6350d-e291-43e3-b98f-210444436b68,23f698d9-f38a-40c2-b5cd-e0d6b874737b,140.34,netbanking,success,2025-11-12T17:10:00
9104de38-8df9-4956-90f2-90fd822cd024,70b452cc-8c2f-46b5-9d8d-71cabcfe9a3c,101.16,netbanking,success,2025-11-06T07:14:00
be3dbbed-76a4-4b8f-b494-f7902a767787,f17d4bb8-8381-404c-ba1e-91fc18d63f23,23.17,card,success,2025-11-09T23:30:00
e37d2406-6599-48fa-ab54-9ed4f06a6b4a,2646a7df-6801-450b-89e5-0e5afb91c1d4,33.54,upi,success,2025-12-02T19:30:00
e91e1fdc-8de1-4fb4-8be4-f33a400e5bea,65b927dc-aafb-4899-b42a-3679df3d4cfb,93.54,netbanking,success,2025-11-21T18:10:00
d156569c-f72a-47b8-83b2-ed98a268730e,1f6466cf-cede-4f8c-a10b-561336122c3c,32.6,card,success,2025-10-20T20:23:00
31fc49a4-2e99-4a6e-a3f3-a063350348ef,1c7f0354-c599-4919-b7c1-aea0d86c92fd,17.55,netbanking,success,2025-10-24T10:33:00
ec92615b-7932-40d4-83c4-2be4136ed7e9,f7281f92-b219-4f73-8547-03e8bef1c450,116.38,upi,success,2026-01-04T14:10:00
41adc044-24cc-445e-8d71-b92d35748fbd,6e7abf8a-6cfb-40c5-b5c7-31c645fa3410,47.03,wallet,success,2026-01-27T19:05:00
780adae7-fece-4dbe-bd1d-3cd4f68da886,7c561d4c-93f0-45f7-a41e-ff7cfc22c954,48.34,card,success,2026-01-12T18:21:00
0bcb4531-b72e-464c-940b-d2b3752c3c1a,e22c8fa2-b7b1-4e1c-ae23-2455a01d68c0,17.05,card,success,2026-01-01T03:29:00
5ce37230-d514-4587-9db2-14a06c23b187,a541bf8c-3269-4071-9c61-e3ea9d298383,94.52,wallet,success,2025-12-03T06:50:00
1220590a-da0a-4f89-841d-ee45d92fdc92,cb7e2e8b-5fe4-4516-8210-3c0cf7da2aaa,46.84,netbanking,success,2026-01-17T17:52:00
22b7b39e-24bd-447d-abbe-b57716d7840c,2c3efcc5-bd53-4c25-aabc-4ccd06b13303,26.36,card,success,2025-11-22T20:39:00
07ebd5b7-62fd-40be-8c52-06078ee380b6,113baf4e-e9a7-4fc6-986e-780ef63bab02,34.91,netbanking,success,2025-10-04T21:04:00
cc64d5d3-746c-44b3-855e-dabfae0ad6db,653e810e-127d-45ed-a5f2-7e2335ea9f58,35.47,upi,success,2025-10-07T23:50:00
019c351c-b2aa-4c1c-8137-4ebf52ddeca6,af1170f6-e2ab-466e-9f2a-565e5060e3f8,62.94,upi,success,2025-10-27T04:53:00
01dba856-1bcc-4d92-a937-673ef1b6a735,c7ae77ab-97cc-4684-82d5-4fe54bd0a302,42.47,card,success,2025-12-18T14:38:00
e3f77ebd-89cf-4423-9dea-0dc8361df85e,937e6efb-3fa0-4bff-af3c-63b5789e91c4,78.94,card,success,2025-11-27T06:07:00
149eadb9-af35-4d5e-9f7b-623f52efba50,2bfeed8c-39ff-4e84-a2e7-d88e698b0760,60.08,card,success,2025-11-07T17:12:00
0aa2af6d-b5ad-4c94-bda9-af9e676a0fa8,c76b83fa-6760-422d-9840-f3ea234a58a5,59.88,upi,success,2025-12-09T11:56:00
6e73035f-4e5d-43b2-8fa8-a47135c17568,df960310-a3a9-4fad-b9cf-5c89f1a962a8,36.2,netbanking,success,2025-12-03T10:37:00
36feaca9-2b85-4e22-8186-2f0f4123cc40,27ac494e-5734-41eb-a592-f10edb06db81,19.27,netbanking,success,2025-11-10T13:59:00
2ee2c1a7-2a8b-479c-a181-029aeb926d81,f6516730-4255-4b17-8df8-832318e6da5b,63.07,wallet,success,2025-12-12T08:07:00
711adfee-fc36-4e56-98bf-9f6a01152079,2e713a87-4a8a-43a3-9f4b-77837b86da3a,24.12,netbanking,failed,2026-01-04T07:11:00
e8194ae1-8e72-4c3f-8c59-bba938d81882,bb466b04-5dc2-4d8f-9cff-25faa8e4daae,23.39,upi,success,2025-10-25T04:41:00
fe33e8af-8ec5-4fcb-8e0c-37593605d9fd,1a304671-e79d-4794-b6a3-530975084424,46.65,wallet,success,2025-12-02T16:16:00
0fb05007-497b-45d0-a0fe-29ad75780edd,82732cce-1d8c-41e2-bcb5-c2173a5c2105,18.0,upi,success,2025-12-30T17:17:00
7522522f-00dd-4610-a984-b73c5c782fef,8f3cec1d-c18f-41ae-914c-30530b2e8321,85.5,netbanking,success,2026-01-25T18:58:00
e97f43d1-dc9c-42d8-ad62-43a25c7d2d6f,6dce1ab6-6fae-40c1-ae00-fdd71d5ee019,32.19,netbanking,success,2026-01-08T18:48:00
c8400654-a857-4158-bbe3-d7b2c7224d65,981368d9-8050-47b0-b403-d95706c6d9a1,136.16,upi,success,2025-12-05T19:27:00
e7f8c0b1-e073-45fa-8629-609472551705,834661dd-879e-4c01-8b58-143f3bd85146,30.27,wallet,success,2026-01-23T09:38:00
5db81889-dacb-4ab7-9b0d-2417c154302a,c3cb6b8a-cbd8-4541-aed6-b0f42daa0679,33.55,netbanking,success,2025-10-23T12:47:00
79c51f96-9c82-4bc1-816c-798bb02416ca,60a9a41d-849a-4408-a8a3-bf78572f3c53,20.36,netbanking,success,2025-12-31T16:12:00
48696ab9-aa79-4255-bebc-ee44c2c8dcdd,48c9adba-37d1-4971-86c7-504d44b40c78,34.19,upi,success,2025-10-10T11:46:00
a63a9729-e05a-466a-8452-783ac938d8dd,67a26efa-eafe-4c00-b72e-9ced8d23fda9,97.11,upi,success,2025-11-07T09:48:00
1afc6ed5-7349-45d6-b8f2-e26c4fd268b8,62bb2feb-4790-4a51-abb3-49d5934f441f,59.58,upi,success,2025-11-25T12:39:00
59eeb4fa-ca75-4094-9e7f-98471858e49c,37033a6f-15c1-4dcc-afe7-ff9f36380805,31.02,wallet,success,2026-01-26T14:24:00
5fb4acb1-1718-4d09-84af-4f3b6a1c66fc,cb3226ef-44e6-4bf5-887f-dd73886b7406,41.52,wallet,success,2025-11-05T03:55:00
3da9f80d-0b57-4ab4-8672-bec51e59c269,31ab1ab1-5043-45ee-94a2-fd4879b41e12,23.19,netbanking,success,2025-10-03T08:01:00
4e774d5f-4bbc-4f26-bff4-4ddcd36d99e5,74cbab76-61a2-42dd-82fb-704d022a9bf1,59.27,netbanking,success,2025-10-15T11:16:00
41856ef0-c00c-4453-87bf-2db4d0490f48,6695ab48-386c-4461-8d6c-b616e86d188d,25.98,card,success,2025-10-15T06:09:00
24a259f7-7a44-47ee-af1d-e08522a8e64e,79f2b0ca-9829-49ad-86d0-6e4e67f6fe00,13.69,card,success,2025-11-26T08:32:00
b9e3e847-cd68-4d5c-8aae-89dc61594510,aeda60ef-9078-4751-a53c-d1db97d5f9a6,54.78,upi,success,2025-11-17T07:06:00
91facf12-6b4d-4916-8a7c-9abb961027fd,8c9b99a0-647d-4605-8ec9-456d620ddb04,198.12,upi,success,2025-12-08T16:37:00
b3719608-52e7-4261-bdbd-cbb08e21abc6,6ce4fd95-b862-4be7-b26f-a29aaf6545ac,54.92,card,success,2025-11-17T08:58:00
22f00767-8c78-4c40-b037-4a548f9fe281,be13cc56-4c8f-4065-85a2-1de247318091,20.88,upi,success,2025-10-15T21:23:00
fb4154c5-8cde-47a3-82cf-bfea59de4ab3,38fc934b-056b-446f-a14e-b66ca0a80256,171.6,card,success,2025-11-27T17:22:00
cb7250f3-f78a-4260-ac94-1a35bec66e10,0013f3d4-55e3-4972-aad8-e8ae28c28b19,42.16,card,success,2025-11-18T15:55:00
3a63c3c2-65cf-4ae3-87b1-f46030b314a2,e5a81d0a-b890-4c42-b88b-8d49fd80c0eb,55.23,netbanking,success,2025-12-02T17:32:00
af529d51-a938-4d09-a618-aba3f1ba2d84,ab5cd424-8b94-44b6-9692-2334363cd9a2,17.5,wallet,success,2026-01-07T19:14:00
d48dab96-b13b-4f08-92cb-e21c96353179,f03ae21f-2819-41dc-80ef-df9cd70e7d2f,21.66,wallet,success,2026-01-02T00:59:00
834151bc-d11a-48ff-8a5c-4e6b3b6de982,43c8ea11-3a14-48e8-bf14-4bd28bc2ef61,46.54,netbanking,success,2025-12-12T16:03:00
1b7c0a2c-d2fa-438b-966a-23a7f23ef04e,4bbf2870-2860-4222-97a9-b205b76c8357,36.5,upi,success,2025-11-26T17:21:00
fc2d7021-4823-4a64-b7de-dc6a6e604628,5c5d7f5f-0ada-4e7b-bb50-3eff010cf7f0,107.88,card,success,2026-01-18T20:33:00
3f282cfc-839b-4bde-b1f4-02947ad4e008,b4f1572d-95c8-4f26-af1c-aa58a3b97037,23.29,netbanking,success,2025-12-28T06:19:00
3a503dd5-f8bc-4431-a703-65d4dbf899e3,b5331531-af73-4470-9517-c2a531a6907f,101.19,upi,success,2025-10-19T08:59:00
0dda6b79-582d-4850-9305-7d89812bee57,a398b3f1-cdd5-43c1-ae8d-6636788199a1,52.9,upi,success,2025-12-19T12:17:00
8ae88bd8-7d27-48e5-9452-601321e70e5a,7c0e4aef-e9ef-4a59-91d5-ca560a857437,39.97,card,success,2025-10-03T20:57:00
730f8bb2-263b-43c3-854d-5b8e0404af01,a8a1baa1-d594-4068-9246-88466d1912b8,47.73,card,success,2025-10-23T20:08:00
4f7c6910-71be-4d50-8740-2728cc461f83,774e5d45-076b-47ff-a65e-84c0375d33a8,57.53,card,success,2025-12-22T01:09:00
7db4bf08-d204-473a-880f-1dd8c0b84f74,fe2d0dfe-5a4a-43b5-b4ff-ee28389f746f,27.85,wallet,success,2025-10-18T21:47:00
70d11498-eb32-4959-b505-82248bb46bcc,6f00c035-1d14-44af-9684-97b5ee5121c4,17.95,card,success,2025-10-14T14:15:00
cee61a38-f4bc-4b38-a7cf-7d0b007dc6bf,865a55d7-934e-4ce6-aca1-3f96cbedd2be,103.95,netbanking,success,2025-10-20T08:34:00
e67db011-bdf6-4233-8f34-3c456f8bed20,79fb52d5-1324-40c4-9a20-c4f396b7c847,70.88,upi,success,2025-10-31T20:07:00
d6870566-d7ba-4493-a841-6bcc47c1741a,ce2a8d07-f806-4262-8e6b-bf4cf09ff6ce,50.58,wallet,success,2025-10-24T18:39:00
60a4613f-14da-421d-8419-d54cefd01911,d2e94af8-50be-4e4b-a769-fe1a9d0a68e2,14.33,upi,success,2025-10-21T09:36:00
cd9d054e-a649-4165-be06-e1c784d39c93,18723abc-6051-4a38-908d-c8dc022fc849,24.16,upi,success,2025-10-24T08:03:00
c2f8cd35-a7ae-48c5-a66b-45898d30f749,a80a6e2b-c790-48a7-8ba7-51b2f7716d09,80.01,upi,success,2026-01-20T16:09:00
f985febc-fa02-437a-b63b-12d43a37dce9,a98d826c-e21d-4c3d-8a45-0adbb84a001a,102.46,wallet,success,2025-10-17T15:18:00
d1213d1c-145a-418a-91a6-3c666e4f2167,f59af088-2daa-4336-81df-8167bacf24eb,276.9,upi,success,2026-01-07T08:39:00
3e86648a-6a7e-478f-a5ea-69373854a64f,0aff5200-b6ee-4ea9-8b35-5c2cc10f966f,49.0,wallet,success,2025-12-14T16:49:00
203d17fa-5dd1-4d75-8d01-c101a97910d5,852f9791-33e4-48d7-a2b5-9d69c2890e1d,59.6,card,success,2025-10-09T18:05:00
a420a4a0-c3e7-4855-8d92-476cab0842ce,9d55e4ef-6386-4ba5-8517-abf7eb3d3bdb,56.33,wallet,success,2025-11-09T18:04:00
5714206d-5e78-4d91-9106-468879a0f1c7,1b972b02-8fff-496d-945b-38cc2fb00c38,17.38,card,success,2025-11-28T17:45:00
c0e05c05-e286-42c4-9fa5-7619ca968e02,9e3118a4-c94c-4676-8672-06edb6b12f68,18.3,netbanking,success,2026-01-01T06:56:00
afd56b1a-3672-4ec7-b7e1-0cbe8be074e4,646916f9-988f-4af4-a9ed-468d7e100a7c,44.7,card,success,2025-11-17T18:23:00
baf1413e-4512-46d9-9032-c795b436a522,60857a41-c415-473e-b727-53c709869f51,41.6,card,success,2025-10-22T07:18:00
bc817af5-8618-4983-81d4-6a2d656622ca,c273a3ab-3c9e-4106-b729-bbac4204c37e,77.37,netbanking,success,2025-10-01T11:36:00
b0c9d409-3c72-4502-98da-68e473d4d7a9,b4295054-ecb0-4e63-b7b8-e42cea5f17d2,379.38,netbanking,success,2025-11-14T08:15:00
6a43320b-233f-4511-850d-189bcf22bb40,c84719cf-91af-41dc-983f-e1e8482c3e5d,38.7,netbanking,success,2025-12-26T00:37:00
b2b2ea60-2be8-4695-ba80-0af2ffff683b,063b208d-bd66-467a-af0d-0376e6de2195,66.8,card,success,2025-11-16T22:44:00
e415ddfa-bd01-4c81-b031-5ac557d653e9,d1e56610-c95e-4336-867f-86e0c737dbe7,113.24,upi,success,2025-12-21T08:55:00
41dd41fa-59ad-4679-8030-adf169d4b62d,b4b8513d-050c-4d1c-b085-927a26ff61e6,91.6,card,success,2026-01-07T18:38:00
28430922-1b02-42d8-899b-e18e5d80c0aa,a73f89c9-f955-44b9-923e-c9769b448488,27.91,netbanking,success,2025-11-25T07:37:00
3ebdbda5-d198-4262-a0b5-150abbdd07f8,ddbdd3a5-a158-490e-99cb-711e9b420387,22.11,upi,success,2025-10-28T12:35:00
3bd152bc-3e28-4b10-b46b-b94408616b1d,d8e2f186-0dc2-4549-9d00-4cf5322cb914,79.35,card,success,2025-11-08T12:22:00
d17950dd-5566-4c25-a17b-5e5420cbeeaa,d6f934df-29a4-4df7-b12c-3a2aad1ade79,13.14,card,success,2025-10-18T12:43:00
a2c100e6-cc23-402c-9ca6-6d3bbe550264,318f08ce-2e15-4d57-a20c-565806062411,131.94,card,success,2025-10-09T18:48:00
129b1c7c-9e2f-4ccd-a235-f11e1c276803,cec7b6f4-b6de-49ea-8b01-9d671d41e613,58.3,upi,success,2025-12-18T16:20:00
cdbbcd37-f13e-4dd9-ba87-ceb146d74c4e,04654bbb-c6d5-4715-a7a5-a7e5a5c5dcec,59.98,netbanking,success,2026-01-07T09:45:00
37ab473c-05f3-4516-b6a1-a429d0c47ec6,1e9802dd-7a50-4fc5-9c68-20dcb3a654df,178.14,upi,success,2025-12-29T20:32:00
91f58050-362a-4e2e-b261-d06073f97556,d1ac3fab-e7e4-4efd-b317-017053bcd82c,57.91,card,success,2025-10-22T21:51:00
919c0859-38b4-456b-9691-d3c96447d207,d2191463-8f5d-49de-ab64-bc8da53269ec,44.73,card,success,2025-11-01T11:05:00
f8ad101c-16ff-4119-8f78-e5881dcb5bac,c822a844-4d3f-4b9b-b651-9cf926769449,138.9,netbanking,success,2026-01-21T08:57:00
82afd887-5924-495a-af29-34e49571c934,1a274032-d19f-46ac-b5c2-2c32677a6586,30.36,wallet,success,2025-11-04T17:38:00
d81b3d6b-f7e1-4c5b-83c6-113f26d39c84,2af76da6-f91f-4305-ad1b-53c274527a79,22.31,card,success,2025-11-22T21:11:00
ea181f2d-e6c2-49a2-b039-f9cca062e684,03f3b093-d2fb-4b47-8e2a-5e96b8c65d59,30.8,wallet,success,2025-11-15T17:42:00
2d0c3bfc-dc95-418c-8887-3439cbdb67dd,152870c4-db74-4415-87a9-e620ce6e8d61,47.29,netbanking,success,2025-12-18T10:09:00
168aa084-0b95-46a1-96a6-5676f4876d04,e64496b5-4c7d-4e4a-8393-0646e6d14071,39.99,upi,success,2025-10-08T08:11:00
e65d475d-85a7-4608-b833-13503a9a2784,d1d8b194-e5b1-49a6-bdf2-40dbb6da59a9,85.25,netbanking,success,2025-12-14T21:41:00
40b6493c-25c7-479a-aaac-9f5963d37a59,23c38348-b420-4fba-bea6-e317f52d30a8,105.48,upi,success,2025-12-04T04:05:00
2908634d-bd81-4599-b93c-1200d4e5260d,419e0679-3b39-45f3-be88-b4cb53376149,75.18,wallet,success,2025-12-08T05:50:00
4b09be4d-5fff-48e2-b5c1-8bb184670641,27f740f1-b5ae-49a1-b83f-b935c7423be2,114.12,netbanking,success,2025-10-02T07:18:00
e1fcee6e-6c14-4cbd-8053-57c84e0b1c80,69b35e63-d77f-4054-91f1-dea350386cfc,54.18,upi,success,2025-11-02T17:49:00
54c4b36e-1489-4ffd-9812-287e400f9385,31d0d4eb-1811-415a-ac02-ac37a16d670c,15.72,card,success,2025-10-18T08:51:00
bb577046-2ee2-4e0b-9325-56db77462cfc,5cc0ca92-14cd-47e7-96bb-01db1de6dbf0,16.73,wallet,success,2025-11-06T07:21:00
f556780b-f864-4629-8e64-a8ba40d6b42b,92a9750a-4a24-4cfc-9fe0-994326fc39e9,158.72,netbanking,success,2025-10-06T05:04:00
0020d089-e5cd-4cbe-818f-04bc39109718,c079eeda-2171-479c-b387-31785b2af71d,20.75,netbanking,success,2026-01-02T21:58:00
5827d693-d0ae-4b71-8ed4-f511bd18bf09,e97e58dd-ae0a-4f29-85c1-12225f2c2c48,11.12,card,success,2025-10-10T17:36:00
c350c945-7214-4786-9bdb-75e4ca388442,266b31aa-2807-4425-ac9b-6d2835a7fc38,210.18,card,failed,2025-12-04T16:04:00
bcd80ab1-f80f-43c4-96f4-84abf57f96ff,74dda898-7065-4207-836c-3b95671d9abb,130.06,netbanking,success,2025-10-21T22:42:00
03845d42-01fe-498e-83f9-4dcf4d778a46,2b89193f-0f21-433e-a8ca-9380ffd21bed,12.7,netbanking,success,2025-10-16T10:52:00
b5444ddb-6c22-4b9b-96e9-79b0753dead1,552a0259-bfc9-4d14-994d-0fb4a832f3f1,54.7,card,success,2025-10-04T06:03:00
0d846983-7a1e-448a-9903-9c37ed36a06a,3b52b4fd-a52e-4735-ba7c-3ac28ccb17bb,30.87,card,success,2025-10-18T09:08:00
faccbf4f-6430-4c5c-80f3-d8e22c6db417,96038da7-dc78-45a3-a782-9c24acdf0486,33.66,wallet,success,2025-10-30T17:33:00
f76ac05e-61db-4730-8431-47147b7950ee,5de4d0a9-70a8-4ec8-9a35-83c2f750ae99,39.83,netbanking,success,2025-10-31T06:33:00
dcb41834-ec01-4a13-9305-4d91b72bfcf7,aa50aec4-5392-4809-861f-9e4ef90e5a92,142.28,upi,success,2025-12-04T20:45:00
d9b89dbd-3b58-412a-a094-079b30c052c3,9b197412-895f-4c25-af23-7896807fde2e,8.14,netbanking,success,2025-12-03T12:55:00
8610e28c-dc4d-4690-bb6f-4a4b5d840569,846d2716-7044-4afd-ae1b-48fae9a314d0,71.16,upi,success,2025-10-26T06:06:00
1d98f198-455f-4bb6-ac3f-491118deb72d,f08ca1de-515c-4c68-b051-0cb419c847c1,31.77,netbanking,success,2026-01-25T16:47:00
6557ce15-e1ab-470c-8d52-fd1c04f4d0d2,2455721d-20e9-434c-86e4-4a22f82c6036,49.37,upi,success,2025-10-31T01:21:00
49ced763-79e5-4002-a267-311e4374bbff,d5b4b118-9eb8-4842-8661-5927fbadcdbc,140.13,upi,success,2026-01-09T19:16:00
4e09610b-9f65-44c1-8b6a-bae3a9f1ffef,c8137e01-6fd2-40cf-90e4-b2bdcdb80e14,41.0,card,success,2025-10-23T19:08:00
af5b55e1-11e5-456a-84d9-332a8e23e01c,c5d06810-07d6-44ab-9a5f-5c6576123682,67.38,upi,success,2025-11-05T13:38:00
47f2e770-376f-40c6-8673-e789ee67a590,c560b3aa-c5b5-4c68-abf0-0d6d84b1dcb4,22.11,wallet,failed,2025-10-16T06:31:00
158dc643-62df-4734-b808-aaef28a5af9c,b25af767-1536-4add-bd23-a87949abdbae,68.5,wallet,success,2025-11-23T09:57:00
b778813c-9867-4287-bb7d-5f0ac2bba582,cac840b1-28ce-42e5-85e1-fb2d92ed487f,98.96,netbanking,success,2025-12-18T15:53:00
8fc336f6-09a6-4f1d-9d27-0670a4bb591f,4dfcb063-e0e8-4ade-9c4a-39e38e3576ad,41.37,wallet,success,2025-10-16T15:06:00
0bed34f6-68ec-4985-bfc0-b8ab4bebb5db,e763cef3-f46b-4d30-b744-1be382e60600,387.3,netbanking,success,2025-12-13T13:52:00
eb4e9a14-d8a9-457b-af95-0a0fc58dfbb4,439e1989-e62f-4413-a00e-6b3fe48b008f,9.08,wallet,success,2025-11-19T13:16:00
d9210e4b-2ab8-4bb2-a755-f74f2977d2c2,81b39047-2b0c-43af-9ed2-5479171b2054,103.24,wallet,success,2025-10-11T09:06:00
854b5b7d-9a57-473a-a3f6-1d0eed27c4ad,95252309-79c8-4857-8254-400a3a86a82b,9.15,wallet,success,2025-10-01T17:04:00
cadf55b2-3838-4ef9-9445-4d5b79fbef6b,307547e6-6790-4513-aa54-0fd6b11aa75f,30.62,wallet,success,2026-01-09T08:20:00
9013055e-a968-495f-a256-d3137bf43f7a,03d79a26-b112-49cc-bb18-9101aa8638ed,103.08,netbanking,success,2025-11-11T07:57:00
5fc798f6-5e70-47d6-af80-4ec9696b6ebf,5f7a6b07-4d88-45b6-a74f-8251c2db15fd,141.9,netbanking,success,2025-10-21T18:38:00
219e5d0c-af5f-4685-a9f3-86f3750cc324,df102e6f-66a9-487e-862e-a0a3d59c057c,22.04,netbanking,success,2025-10-22T14:29:00
6b11d82f-48c3-4c4c-a805-33726d6b89c1,c272d277-2849-4800-b2f8-e0b8887b5ce5,22.13,card,success,2025-12-16T03:39:00
4ec5b501-dcfd-4b5c-8977-c8b66d3752a4,e1978253-ff26-48fe-b984-260b5a80611b,57.92,netbanking,success,2025-10-20T17:11:00
ec89f32b-f928-4517-97ad-63d04e2cbc69,cd68f7f7-0954-42a3-9a5e-a254b7c1b7dd,90.68,wallet,success,2025-12-27T13:34:00
407ccd82-368f-4687-b81a-c7e97e5ebde2,e7fbfd50-43d4-4e5a-8dd8-b3b16f7ab3fc,23.84,upi,success,2025-11-14T13:45:00
8a4f66e4-982b-425b-9c00-bba563f4c810,3fbb99be-6d05-4115-a405-9625f393f8ab,36.0,netbanking,success,2025-10-17T09:56:00
925289f0-56ce-42f5-8696-9fd8be410752,80250f51-ce46-4e57-b042-d35f7b7bba0e,16.34,wallet,success,2025-10-11T04:43:00
30015a5a-cb7a-4372-adf4-95c0bd2d82b6,f8cfe9a5-fdd9-408a-82b3-5b32ef01bb4a,80.92,upi,success,2025-11-26T06:35:00
a0930a9b-4f3f-462e-a56d-78dbd1e8a014,ee41d082-89b5-4dde-a73a-599515df09d1,44.69,wallet,success,2025-12-03T16:32:00
766b6b0f-7ead-4cea-8f0a-62e02dbcc38f,2fbd7944-98db-4a97-bcb7-5ed579849406,23.89,wallet,success,2025-10-24T06:44:00
159539c1-4bb8-484c-b37d-668fdffb5882,fd2d482c-6587-46e0-a430-3387fc0df0c0,132.96,wallet,success,2025-11-09T12:00:00
52b6cf97-da76-49b1-86cd-91a94c1665c3,e122831b-4726-4415-932d-fe6aa6970445,43.7,wallet,success,2025-12-06T19:36:00
7e3a26f3-460b-4826-af59-668cc93a8d62,4c6489f7-6d68-4b5c-8404-3b12d3167f71,82.68,card,failed,2026-01-15T08:30:00
91c99a46-29ab-4378-9245-00af6a9b99b3,cc607a15-0459-4e1a-b1a8-f9d8880aa0fe,40.7,wallet,success,2025-12-23T08:01:00
bef699e5-e1fe-4046-b232-c79885579eb4,f190fb32-6e87-440f-b2fe-ad23ed4a835a,35.98,wallet,success,2025-11-10T20:31:00
5610f60a-c252-4c29-9990-3568ec530dcc,f1ecbe80-6aa2-45de-a33c-ff1336a74e72,34.48,card,success,2025-10-23T19:20:00
c2c2dcb3-97ea-4f1b-bdb3-a6bd72289b96,24a5dbad-3090-44c8-8405-c4c3053e2711,50.49,card,success,2025-12-23T17:30:00
260565d3-24d0-489d-95e4-51fc5ff10233,5b20d5c7-4a0e-4402-83eb-e21038625e49,14.65,wallet,success,2026-01-14T11:46:00
0acdd549-40d8-4218-8c81-f969f7165a01,20eeb3d4-9728-4845-ae1c-73c89cf119d0,59.79,wallet,success,2026-01-16T10:02:00
d80820d2-0bec-46b2-8f0c-c4eb6cf719c7,2b5f166e-6677-4881-8d5e-15832b19c2e6,48.76,card,success,2025-12-07T13:33:00
fa8db664-d775-4ac1-8eb5-b4f4e14b10e6,13e02e4b-a058-4833-9308-7d285dd10606,43.0,wallet,success,2026-01-12T10:19:00
2a4c0b4a-e98c-4ed4-8a19-985af3862dcd,0ce013ef-f2ea-4715-a7ea-2e5a91ce3edc,41.22,netbanking,success,2025-10-16T10:18:00
f85ca390-23a3-4dd4-9469-6a1f2d13661e,98aa1b77-9e4b-436c-b7f6-931ef3221744,71.4,wallet,success,2025-11-17T12:08:00
0b3a920d-003b-46f8-9e9c-a61513315a72,192078c0-2ba6-4567-8ef2-b54938fa3381,61.92,wallet,success,2026-01-13T07:51:00
eedf8f49-14be-4453-9387-feb4ffcc35ca,dc70a474-7393-4d7d-9773-cefefa529a9d,37.3,netbanking,success,2025-12-13T20:00:00
4505092b-2ed8-4ae2-be6d-8dd9a19a5201,d677d0df-4919-4d33-85cc-9e1f14197a19,110.28,card,success,2025-10-04T19:17:00
902e3475-a2ae-44ef-9721-d1d29b886c7f,cc99d868-5057-4353-bfe8-eb9c68af0f41,62.93,card,success,2025-12-02T17:12:00
f56a7891-2cfb-4d3c-b163-384cb11c3728,f0d64e8e-5bd8-4809-8410-8493076ecce6,36.62,wallet,success,2025-12-02T09:26:00
fbf2f954-661f-4b75-8d72-0eb04756cbe5,e46960ed-0b2e-4328-8169-c58d4da6b395,41.48,card,success,2025-10-29T02:58:00
d04ab1fc-2525-4203-836e-de7e4ec5e615,2fc819ad-ad3f-4d69-9496-090ddc6882e0,93.52,wallet,success,2026-01-11T07:04:00
d8d3abfa-6a43-4a73-b709-cd5e389d3f3d,114c4819-9fcd-4bb3-ba91-37c6de7c70dc,43.94,wallet,success,2026-01-11T19:04:00
516e4b43-bc61-4f8a-a7ae-19da108b2259,22647fd6-6fa6-40d2-87c2-09b5c77ccc62,95.5,card,success,2025-10-06T19:52:00
02018a1c-2089-4d58-bfb4-f6d78f0debff,367e7fd6-ff7a-4813-87b5-df03f2232829,108.08,netbanking,success,2026-01-14T06:30:00
e5efa2ad-d902-49b5-9f44-912fc55ae625,f5683140-4dad-4e30-9155-acb7f5e553fb,16.56,card,success,2025-12-04T05:30:00
9d6f6c96-9e2a-4212-af9e-0a20af5f094e,baa2f170-2200-49bc-a37f-0e4c61eee538,28.06,upi,success,2025-11-22T18:37:00
58a7e37e-80be-4cc1-8238-5d304622d9f5,98d98fcd-1698-424c-97e7-6fc99fdb3f6d,48.84,wallet,success,2025-11-03T10:51:00
431ae7a5-76bd-4662-84d5-aa61c3b3041b,94d4b156-a8bf-4abf-8f67-b0b9f74cf272,19.82,card,success,2025-11-11T14:09:00
37304127-eacf-4d78-8825-42b1cf05c3d7,b41a0294-b876-49c8-aad9-671b4db71aae,65.08,card,success,2025-12-23T19:55:00
bf6e18b4-aa6f-40f8-b6db-b1f103d46fcc,57d95287-1124-4ed8-a5e4-3227c9a54a4d,27.46,wallet,success,2026-01-17T08:59:00
2de8e3ff-85c3-4036-ad72-8af24df069da,7d03af8d-f1ee-4002-ab3a-e37bf6768b11,20.86,card,success,2026-01-27T09:19:00
b9e93818-8e46-4db1-bb10-57298404491f,90cf2602-00d2-4d59-a363-4f3b356579d2,12.05,netbanking,success,2025-11-07T08:15:00
82358408-f77d-4f22-9e01-f0a41dec8868,2edcfc3b-0730-4769-aee1-dab6a3b25c22,44.82,wallet,success,2025-10-13T10:52:00
78758096-e173-4cd5-b8c1-d3f37bc35a01,3af9cee0-55a5-48c2-ac88-f5d7c8d67a81,173.92,card,success,2025-11-01T19:19:00
d481db67-dc75-48f3-ac46-924d8fc87b00,2c1add30-eb55-40d1-9bb2-02f59aeb437b,122.7,netbanking,success,2025-12-16T03:00:00
1a760e71-15ef-4d54-8f74-d9d29cad7a5e,e5409505-e1af-4731-a6df-a178fc02aac7,14.24,netbanking,success,2025-11-05T20:56:00
68b8e1ed-7555-438b-91ae-92e567263728,eed38753-4caa-4c11-87ff-135b5b1d59e9,13.27,wallet,success,2025-10-31T18:27:00
2dd2c3ac-76f0-4f1b-b0a3-3f2377bfd8a9,5aadcb67-ba71-4259-98fc-5da40d1b2cff,46.62,netbanking,success,2025-12-27T19:45:00
d6db71c7-d0ec-4d14-9e24-85ae26f9ccb9,f2d3cd4a-947c-4784-8b18-a21141552a4a,76.65,wallet,success,2025-11-27T21:18:00
e7e4ed7e-3041-456d-9625-501c77746086,ad8d358b-1904-4dcf-8824-56ed8569874c,108.54,card,success,2026-01-04T12:33:00
7723367d-8d4a-40c1-b356-fea3beda116b,4c13424c-151a-4a86-9bd3-3bb5e724cd28,102.84,wallet,success,2026-01-05T20:49:00
3d4d7bf6-2380-49ae-9606-2884e949d946,5a63b0f1-7852-473f-9317-125db11dbfbc,77.13,upi,success,2025-11-04T18:26:00
ee618917-b562-45be-a230-de1cca190793,cf8c721f-f3a3-4572-a36e-8827ed53896d,70.26,wallet,success,2025-12-05T18:41:00
a7ef7d4a-19dd-49c7-9d1c-f609e9264dc5,e526e318-b5c2-47cd-8572-bf1579c975d9,36.46,upi,success,2026-01-03T13:12:00
3530565d-c079-4e0c-aa54-faa0f0fc9003,68ee177c-3738-4f4e-8f60-3c052335ffe1,53.0,netbanking,success,2026-01-23T16:51:00
c21f9512-7851-46ee-b7a8-7c3ef2e9c4e7,4fa7269f-2865-4ecc-a8ee-b5f17f85da47,31.08,netbanking,success,2025-10-28T18:43:00
c3546d60-0b35-49a8-a3df-84e1d793ebae,721d927f-11ea-4393-b535-577c37de7801,23.38,upi,success,2026-01-17T15:24:00
d3926baf-ba2d-471c-a1e0-758c18467966,08a83729-d053-4867-b993-4475ee995637,33.44,upi,success,2026-01-25T15:43:00
fa1c47c3-cf2b-429f-abdb-941a0933f5e5,2defaced-2316-4dd5-9095-6bad86131de2,236.22,card,success,2025-12-13T09:40:00
fc0d1d61-40b7-4d76-866e-2f9c9f1895d4,460d9293-6df8-493c-8845-087444a93238,134.64,wallet,success,2025-10-15T22:59:00
63a1be27-7df0-4131-b9a2-05fb62297387,82f189d7-d0b2-4367-a6db-7908fa419e01,37.7,netbanking,success,2026-01-18T07:36:00
5f413c00-0551-42b1-ad19-7c81f0d16bf7,868e2a41-dee7-40c6-a38e-f3d8167fa657,45.27,netbanking,success,2025-12-03T19:31:00
3f23c5b8-7289-4d88-bf69-065c1761ac6b,7c5ceaa3-7bf7-485f-9c86-58e395187ce1,20.89,wallet,success,2025-11-15T13:50:00
84564e67-f8e8-4136-96fe-e90ad1829f73,74034157-8a28-42e2-ad34-b77714bf4f0c,46.58,netbanking,success,2025-12-12T16:13:00
0d3345bb-6776-4993-9e53-6512949cd7bf,cf376446-f3a6-4d73-8baf-666709a28a1c,68.56,card,success,2025-11-10T14:53:00
c9354108-f3db-4e34-a1c1-51c2f30093dd,216d3f24-8cfe-4d05-a375-c2f82ea48283,36.33,wallet,success,2025-10-17T13:19:00
9d73d10f-676c-4371-8cb5-db4f38662868,511e983e-93a8-43b0-88cd-46cc54ab1a2a,169.95,upi,success,2025-10-20T19:06:00
537d3635-46ad-42b4-9df6-71702c09ee50,b1cffef4-2906-4633-bc7f-0ea64f2aa328,18.15,netbanking,success,2025-11-03T14:20:00
07f92ee5-d167-4650-8d10-32654e931ce5,e601e07a-a802-43be-b9a3-956637473430,59.26,netbanking,success,2026-01-21T20:29:00
f476f73b-7ecf-41b8-a838-e0530f4d7e82,49bd676f-f095-47f7-bf61-8f0f96f9fcb7,147.92,upi,success,2025-12-02T13:42:00
cd4a84c6-c06d-4708-a2ac-18f7c9496cc1,38bc2fb0-63c8-47c2-b55e-7420fa3ba645,76.5,netbanking,success,2025-11-05T19:58:00
a9ed35f8-28e7-4c77-b176-d34b1aa91f62,daf80ca7-b927-4363-9e41-92c94fd08b1d,83.13,netbanking,success,2025-12-07T09:50:00
df33ba36-80f8-4f6e-9745-853e3e6924b0,fb835e0c-8303-444d-9203-93065591ac08,29.58,netbanking,success,2025-10-28T12:18:00
0ccb8990-079b-488f-9754-1887aa8bf9c5,c058653c-b254-41f6-9a6d-61bb579731ba,118.62,wallet,success,2025-10-17T08:49:00
0b4a03c9-cb17-4186-81bc-e1f0a4c812b0,47a98fc3-f385-43c1-9ee6-e5252bad15f1,64.8,upi,success,2025-10-06T18:45:00
3c76d184-1ea5-4d9c-8e9c-a0cfd6954d4b,6130609f-31c7-478a-af3b-dc6212d94c8d,48.02,card,success,2025-11-17T19:54:00
2880837d-34a0-422b-898a-049beae56a74,cc3f9b0b-94e3-43cc-a288-1961be2dabd3,73.77,card,failed,2025-12-29T09:46:00
65ce00de-d5ff-49ba-ac60-53fb187da302,7bb19c25-4896-4e22-be5b-b3b6c6a90fba,15.56,upi,success,2025-10-28T06:48:00
7fae78b3-8905-4284-80bd-d733fff6c707,88bca92d-246a-4c6b-906c-fed1b3818c79,214.08,wallet,success,2025-12-08T20:52:00
5aedff90-8775-45ae-9163-f3e87d55ce7e,aaf2bd4c-0edf-42e8-acaf-35148e9954fb,57.58,upi,success,2025-11-22T00:56:00
9449fb50-87d2-4aa1-90ea-7ab918507f32,20ac669f-a330-41ff-9186-617bc3e15d27,71.54,upi,success,2025-12-13T08:11:00
8158ca84-7ce3-4a4e-a33a-4ea850558a82,9631016f-944c-4376-a320-3b10dc842fa0,79.1,upi,success,2025-12-02T20:36:00
983dca57-b993-41e6-9710-e4541b65fe2d,32b46e74-38fa-45c2-8468-f2c7ddb2a49b,39.14,wallet,success,2025-11-22T07:21:00
205dd357-99f4-4608-9632-3cf5ea85154f,24cca732-ecb6-48fc-afd2-16515a4959d2,97.8,upi,success,2025-11-30T09:37:00
322e626f-0c7e-4509-9d2e-2b4ae5a0360b,cb53f5b4-1de2-4c18-b66c-b04dda7ebf84,97.64,wallet,success,2025-11-18T15:40:00
e1eb2b13-7c42-423e-8a91-795fc5eb7648,bc59971c-5291-4f4e-bd62-453365e700c5,68.79,card,success,2026-01-18T08:38:00
ca7b7b76-2dc9-4e80-b863-e204a92e72fc,04ff28d5-4924-42c1-ab61-e017f210fc8b,35.96,upi,success,2025-12-02T12:35:00
c243e4f2-171e-4771-a2f8-64fd0d1a43d4,578c4777-578e-46a4-964b-67e1c1520a03,175.89,netbanking,success,2025-12-08T08:49:00
6f2757fa-dc8f-445f-a9ff-444b9bcf5c80,09868420-6903-4c08-99f1-3893c5de277d,63.42,card,success,2025-12-17T03:16:00
3561d38d-ca62-499c-a8fe-272f9788682f,e2922f44-1766-475c-af35-433635161cf9,37.65,upi,success,2025-11-22T18:03:00
cbeb427f-d9a4-4d4d-a6f0-2d0ebe36ffe6,93d636de-c485-44b7-bf4f-e01993e700b2,63.83,upi,success,2025-11-02T19:14:00
c0e70a59-cec1-45d0-a5cb-aea2251e4f14,16f7d998-a77b-4cea-bde5-1ad4a1bfd3a1,29.85,upi,success,2026-01-18T08:18:00
4a4ab937-f2c0-4f54-b925-ef883702c06f,631eba37-3b10-4818-883f-a193907805cb,88.89,upi,success,2025-11-30T12:09:00
1de365c0-366a-459b-84c7-44de231d752e,9574c62e-9fc7-4d95-869c-9a74141ec4c1,251.0,wallet,success,2025-10-27T20:12:00
1e1a5bbb-86c7-4c2c-8dda-106f00b4a7b3,87a82120-5736-4e70-b301-8108d912f3e2,48.35,wallet,success,2025-11-17T12:14:00
4087dc82-7141-4246-b6d1-e91abbfdd4dd,6af5aaf5-0810-4050-9f42-4f404760b70a,36.36,wallet,success,2026-01-25T15:22:00
4fbc842c-4de0-47e8-be8a-fc8f7cdf3872,f24faf30-dbb4-468b-9a0d-a33fde8c00e9,71.22,netbanking,success,2025-12-28T10:17:00
e97c44c0-60c4-46f6-856b-83dd78b61fba,47f6f20b-f655-4f02-989e-83bf760d1cc6,27.29,card,success,2025-11-14T15:19:00
fd8f9eda-e003-43c0-ba83-312cd3bba2e5,ea58a0b5-1f92-4a46-b6c7-827122fd454c,76.95,card,success,2025-10-08T07:44:00
1023cb0f-7264-4305-b9c6-14238333dd6d,91097b2a-a236-4926-84e0-a3116fcd9f3e,48.16,card,success,2025-10-11T06:11:00
7d7a5623-0e53-4c2f-8856-c265cd772ec4,5e56f015-7781-4ea8-81ee-8c04e1cf30e5,12.12,wallet,success,2025-12-12T11:36:00
a2aafba6-99fe-4f6d-af22-deba5accaa78,39bc60b9-7c42-422c-9eed-ea2d74853a86,175.86,wallet,success,2025-12-14T14:05:00
b3d08191-4bc8-46b3-8aed-03f39cfe5fef,e1e63380-760b-4ef9-bc4d-b1b8fec76157,20.08,card,success,2025-11-04T04:17:00
71502725-9235-449c-8a73-24701ff1f1c0,4f85d4f5-5c5e-4d9c-abcb-464c853d3dc1,43.06,card,success,2025-12-29T08:53:00
2394291b-6101-455e-ab48-85f3f86fae8f,203bdc47-f3c1-4509-865d-6c8c2fa98527,47.52,upi,success,2025-12-04T07:03:00
c24b6cbd-5f8b-499d-bb4a-3a57b89afa27,e6322a11-a961-43b4-b08e-8bbc131a7d77,65.07,wallet,success,2026-01-06T18:26:00
88ac0ac2-11d4-4632-b593-fa8bfbaa3795,3b0ffda5-5774-49d1-b466-ee63d78f7707,131.01,card,success,2026-01-23T18:59:00
e80ed62b-c093-45ab-8e40-a0ca56f58394,adf2af1c-a87f-4b5c-9c40-e15e487c69eb,89.84,card,success,2025-11-15T19:43:00
c50800f7-a1a2-4663-9ea0-ed7b18de2788,10452e9a-db3c-4f67-a280-c81379334027,70.98,netbanking,success,2025-10-20T14:38:00
2a82805a-3139-4783-b7e6-959d0ec7de2f,9a263f27-a507-4c3a-9a6f-35b19b28e638,149.46,card,success,2025-12-26T19:49:00
1123ccea-269a-4548-b782-6c46d8c8f1e3,d6d4edba-d3dc-4bf5-addc-9be13764dad4,225.68,upi,success,2025-12-07T18:42:00
7dac1d38-30b2-4eff-92f6-353a07518d9b,64bc8ab2-5278-40e5-88d3-5f375d2b4550,62.19,card,success,2025-11-23T15:34:00
4129bdd3-8427-4ed0-be51-9128cf4c8537,71073c35-12d9-44a0-9748-410c11503d32,106.8,upi,success,2025-10-27T18:15:00
c606551a-1fc9-4cfd-99c1-a6b36ceed4fc,fcc55373-8d98-48b9-bf77-362eaf57923b,196.08,wallet,success,2025-12-17T08:12:00
74b78793-a919-4bd6-9203-6bd1b98edc5f,b7cae073-69e5-437b-99f7-24415a9c8ca2,23.41,netbanking,success,2025-10-02T18:05:00
6984a965-ca0b-496d-96f2-e4d5ab1cf817,f49eafbe-b310-4f1e-aba5-9fa04a9c33ce,16.05,upi,success,2025-12-31T08:18:00
33419588-9866-4d87-83dd-a7fe42370bd5,39751684-6265-485a-8643-8dee92ce91f9,24.64,upi,success,2025-10-19T10:59:00
9ba92340-fdc8-429e-91f6-ffed2e072641,75463e34-3c78-4cba-8c0f-8589a60a4aab,88.92,card,success,2026-01-05T18:03:00
daeaae66-8035-4691-846c-35ad7f7d30b5,905c3e91-827d-4dc6-8133-fa0267cfdeca,195.56,netbanking,success,2025-10-27T16:39:00
365fcddf-9fce-4c5e-a245-762195a29246,8532ab1f-0a27-472e-bcb0-23ed688f92f9,170.88,card,success,2025-11-18T19:40:00
de781502-5733-4fb9-bbda-808014d77689,71c48239-747c-4079-91dd-3184a2f40732,61.44,card,success,2025-11-29T06:42:00
186e157e-5877-4739-a773-9fdd0adfce07,355b74ce-5f55-4a22-a7d0-d099d7c5e125,125.88,netbanking,success,2025-12-19T19:05:00
ccaf6458-cead-4b29-90fe-fcc13d85f0a2,1ade439a-0c9f-4d51-a297-4c6e8260d582,278.4,card,success,2025-11-12T20:31:00
02277c11-6b22-4136-a6af-5a1781b7b101,5084e7e5-0c89-4a4d-b1b5-48efd03e5a98,24.23,card,success,2026-01-20T17:20:00
c44abd68-2270-4441-94b4-d7d78ab3f049,8cf10737-58b5-4e89-ade0-77f0adcca19f,41.24,card,success,2025-10-02T07:01:00
762e22bf-f4fe-48ce-b696-544541d2cfe5,ed13ff82-0fa6-4aeb-a3eb-f38949eca965,29.34,wallet,success,2025-12-05T18:38:00
c239eda3-600f-40ae-a5a4-d9c0f9711352,3f90e982-e404-494a-b96e-f13c18aee675,46.97,upi,success,2025-10-16T08:00:00
6e626cd2-f2f7-477d-843e-e5647230dc94,d9dd120e-dc7e-455e-8229-3524919d9ceb,89.2,upi,success,2025-11-02T07:01:00
1dfc365c-3e10-4dec-a963-7ef2c999373e,aa4d6caa-b5d8-4791-a37a-58aba9e5d21e,90.22,card,success,2025-12-14T19:56:00
000fa8a3-76b0-40dd-90bc-4a31f3fd3406,9589b6ed-61af-43ec-bfcd-a0f75c12d769,35.36,wallet,failed,2026-01-14T05:33:00
6e9f03fb-bbf1-4776-a145-55db37007883,c036d093-e41e-4deb-998e-1e10ff45a8ba,100.36,netbanking,success,2026-01-27T09:25:00
f01414d2-ff9e-45a6-8eea-e8afaa16c691,02725244-7958-4c34-bc3a-c8daea1ab2ce,38.78,netbanking,success,2025-12-15T16:46:00
a64614f5-b9f0-48cb-b2da-aa09521683a6,19f9f99c-50ea-4037-8a71-4abe787dc6fe,57.96,netbanking,success,2026-01-05T16:56:00
91799eac-a9a8-46a0-a0bd-09b35ffebe59,047102fe-b5e7-4880-aa7c-1fdf670c628d,19.07,card,success,2026-01-03T13:24:00
ee0986ee-079f-41c3-9109-ecf5687eb230,84bd92f5-2e07-4a1d-9181-c4c349f81b78,81.72,card,success,2025-12-25T04:41:00
fbced13b-27cb-4dab-95f5-81f4b6285d0f,eb7eb952-900a-4cbc-b46d-d5b34da8e018,101.52,upi,success,2025-11-12T17:40:00
0e64fb88-3dcf-4410-88d5-f3563dc11c75,64913f7f-b2b7-4351-9be5-ebbd6a964429,46.84,upi,success,2025-10-06T14:57:00
9f8360a5-1bad-4f03-8f4b-193b2c165eda,3f2b865d-f344-4617-a5a0-8020916e17bb,70.53,netbanking,success,2025-12-01T09:14:00
99d52144-cba7-4378-90e6-dae8eecd9ba5,7851fded-abbd-41be-a532-3b1e744dc0a1,57.66,netbanking,success,2026-01-21T11:22:00
3b26b39b-46e7-4323-b31a-8d4c6e95b559,899ef266-8335-4e31-9745-58771ddb50cc,55.26,netbanking,success,2025-11-15T12:48:00
c47c789e-e452-4f94-91a8-949c2af83397,c8f27105-d209-481c-a721-ea4dab1a0312,50.88,card,success,2025-10-02T02:28:00
2ac32e21-f3f3-4c98-8941-cb5d221f1e59,d1a1cddb-2534-47ae-b8e2-79e6896c7e3b,53.74,netbanking,success,2025-10-27T09:56:00
b5b7b984-32ac-4c71-b163-3138e7fd2759,c5a1bc2a-4c86-4c9c-962c-514257b841d0,104.69,netbanking,success,2025-10-20T13:37:00
839a5c9e-5615-450f-b2ad-98a4e3eaa91f,30766e2b-b90e-4408-aed7-eeecf99c44b0,224.46,upi,success,2025-10-20T07:06:00
1d7b57b2-1423-4eb3-9325-188d7d41972c,18519c3c-be24-4fd4-96e6-73e8de036789,19.77,wallet,success,2025-10-25T21:00:00
a2880462-fff1-4015-97ef-1b07c6a775a6,9e6b85b5-f5f0-46f0-8488-e4bb71987f32,120.08,card,success,2025-11-12T20:43:00
9ffefa18-eb74-4122-8cb5-2cf3bb924720,ba5f3163-e001-4322-909c-095d07c20bbf,143.28,netbanking,success,2025-11-04T03:58:00
ada43569-efa2-470e-be1a-e60fec17b1bc,5145f420-2163-414f-bc26-70647454cf6b,36.39,netbanking,success,2026-01-08T08:55:00
7a6e0f5c-fc35-4f65-9636-0d36e5eca0ac,0c713a17-1dea-42ea-9a99-ce6abb8666f3,211.56,wallet,success,2025-11-27T14:30:00
fda79fb6-bde5-4444-9c92-76199e4871ac,e18c818b-9fba-41db-a381-4422b329779d,156.39,wallet,success,2025-10-13T17:22:00
fd5117a9-6266-4bcc-87e0-ead5986f4bfc,02d8badd-361c-4dc5-9217-7ca19eb3769a,92.7,upi,success,2025-12-03T19:32:00
3229eab5-c584-45b7-9d07-cd9cb4ecef75,9c3ca034-719f-4e2f-80b7-7e8eb38a3873,39.64,netbanking,success,2026-01-06T11:51:00
43893272-51c6-46b3-bf9c-f8334e458334,215b65e7-67a3-4c29-a432-3cce7bb2a1a3,102.1,netbanking,success,2025-11-18T15:31:00
1b3740a3-4f3d-490d-9fc8-0c1011721b05,cc5e22d9-e4cb-4e78-99e1-32deb86d435e,24.88,netbanking,success,2025-11-28T19:13:00
8e38bdce-cc95-42c2-9404-672a8e6a4f55,55376f4a-32ab-41a2-b01e-c9eb27f397d4,80.97,card,success,2025-10-08T15:12:00
1ae316d1-0341-44c8-8a53-24518096aa56,89e49a09-cea0-4eff-abb5-67c46ab6186a,60.95,wallet,success,2025-10-12T20:08:00
14550b14-50af-40fb-aba6-9ed5c98f60e9,7886a25c-1ec3-44bc-ad36-b4988276b030,73.55,card,success,2025-10-29T03:30:00
35547f0a-d7fb-4dfd-914f-7563616d1b2e,7c0009b0-fd0c-4261-be83-d2dd63310f71,83.1,upi,success,2025-11-23T17:20:00
38813839-e6e2-4806-8c54-ecc5b745ccba,57c9d85f-802b-4b0a-bfb1-6e8d683a376b,48.6,netbanking,success,2025-11-13T08:04:00
be21100c-200e-47a6-bf59-fda67b2a6c9e,6df740a9-f577-45d0-bc48-e3d28b7a243f,28.76,card,success,2026-01-08T20:10:00
026c989b-5b21-44bd-b6dd-9f3de9ae3a07,221fab98-8c9d-42c1-afb1-136f942eb946,89.45,netbanking,success,2026-01-13T09:52:00
71fd2641-eda5-455c-af24-9e079f9ead30,9477075d-7a81-4464-87c2-f97966d33d6a,24.49,card,success,2025-12-15T18:56:00
0de82259-6936-40d9-a8f4-d6b38d6bf03b,cda90206-6fc9-42b7-8564-61fdc03fb381,23.11,card,success,2025-10-25T21:59:00
3a06d138-128e-452e-a643-0f5094157dbc,b8540df3-fa8b-43a7-ba99-68de78aef319,55.56,wallet,success,2025-11-10T07:18:00
17079827-2358-4c8f-9a21-68a7c9466448,9226fcba-7080-4104-9f22-677224d6e23c,34.81,wallet,success,2026-01-20T06:20:00
be4b2399-a736-442f-aaa0-c811ed98319b,55e87c71-ebdb-4699-b0b7-58d58601c905,274.92,netbanking,success,2025-10-23T07:25:00
aa2ae082-07eb-40f0-aa26-985b3dd427ec,d9e88704-1eaf-4665-a92f-4f295b1b8027,21.86,wallet,success,2026-01-27T08:31:00
062bf798-3d2c-4156-ac9b-cefc18f572ee,cfff315b-0de8-4698-880a-658adda090b0,70.17,card,success,2026-01-18T07:03:00
7d05bd79-dc82-4424-ae1c-aba5ce0e212a,3fe8893a-2869-4d6c-b665-1335494baa93,58.24,wallet,success,2025-11-14T12:05:00
a00a619b-16ab-49e2-99dd-5c788154f8b4,4a82caa9-c6cd-4099-b378-fd4196b3bcb7,16.62,card,success,2025-10-02T06:22:00
4807fe8e-a653-4da9-9e98-1e8db4ae8ff5,7e0de840-0a70-4a31-9c45-f06be2e98014,272.4,netbanking,success,2025-10-08T23:59:00
f521ab5b-1bfa-4ff2-839b-b794d53dc696,02bb3771-a629-4148-a6c7-0cd040d8ce47,20.12,netbanking,success,2025-12-26T09:04:00
0cbb0828-9f8f-4dbd-8559-fdbb50a93cd1,a581c72c-d013-47a9-8ab2-a5685dd99e44,42.5,upi,success,2025-12-20T12:05:00
31808945-ab8e-4ec4-a983-c672a58bf930,134b076f-dbd1-492c-9686-9e6bc8811b3c,67.41,card,failed,2025-12-17T10:42:00
6e38ded1-907f-421a-a1ca-74025e7dfd0c,ca38e085-1812-4f1d-ac52-82f5eebb586a,94.53,upi,success,2025-11-06T08:32:00
f5315b32-35b0-47e7-b05b-0f9b43b147d6,7cb34b8d-de2a-45a7-8b19-c007d521d30f,45.95,netbanking,success,2025-11-19T16:09:00
3d234f4c-7b56-4a59-8179-7f669afe4d59,715c5bf8-bcd8-4f45-b682-e052b1010c52,69.22,upi,success,2025-10-23T04:55:00
a3f9b755-a439-4b2e-b47b-0f964035f610,a185acd1-1a12-4fbe-accd-84fdc8aaed35,29.96,netbanking,success,2026-01-16T08:13:00
a7aafdac-0326-4a9b-949e-5ccbe3ebe3cc,975d630b-0bf7-420e-94ab-637f8e4c1619,75.82,wallet,success,2025-12-27T21:47:00
ac35dae4-3cbb-49e9-992c-44bda33695de,72eaaa5f-7a77-425e-b1fe-9027af3cc0ee,39.03,wallet,success,2025-12-12T20:28:00
e579b96d-7b2f-4946-a76d-40c4b54c7f89,e4414c5e-e023-4b2b-9a5b-9a3da10011b3,22.82,netbanking,success,2026-01-01T15:38:00
0fa6d603-9048-4874-a86c-0e01aff482b0,2611a5c1-45a6-450b-a3f4-1f1a99c31a14,37.33,upi,success,2026-01-16T18:26:00
58158322-6069-4985-8f70-a821a828bb43,ce8956a8-927e-4161-95a3-811182205b6a,47.39,netbanking,success,2025-12-30T08:28:00
a066c982-a04d-4647-ae59-3e8ebc5ff4b0,25ab536b-bc98-40ea-b8c0-218d0369b2ac,203.0,netbanking,success,2025-11-10T18:22:00
8707ccee-408b-416a-ae43-6d37f032e59d,50f97ce0-3ac1-442f-8529-f24445186953,109.35,netbanking,success,2025-10-22T12:32:00
56a5a60f-d355-4db1-bdb2-e2cc1fb14e29,397a2d54-fe27-461f-9b98-aaf13102a470,36.18,netbanking,success,2025-10-23T21:17:00
a952db87-fb09-470e-af68-e77869ef8235,5278bca6-d340-400d-84b6-8556e95bd9c0,64.32,upi,success,2025-10-26T18:07:00
1ace77bf-6f6f-4ff8-be5a-e3bb3199613d,402fa888-e7e7-4fb7-bada-cc9a185bd843,93.82,netbanking,success,2026-01-06T08:54:00
c615d8b5-fe50-4d34-b1f3-ddee9229075e,5a283ecf-7a9c-41ad-b03e-13a8f6ee4c40,22.76,wallet,success,2025-11-22T15:38:00
f3928f6d-1afb-46b4-9ca4-8e301b05962d,e081c6f3-7054-44f6-aae7-4d207e52e969,63.76,wallet,success,2025-10-21T09:22:00
c4d4a803-e011-42ae-8f0e-b316cde5b9ce,140abf41-1eda-4287-98ef-3f7f225aac1c,38.78,card,success,2025-11-26T20:32:00
1f97ee0f-8764-44c7-9c08-69cb976be20d,6266a17a-f63c-4956-82be-023a85460af4,40.93,wallet,success,2025-10-19T07:04:00
9a9f1278-e10f-44a4-abdc-c4c341269bf4,76f69b21-e599-4a8d-879e-30bc607ec53b,123.56,wallet,success,2025-10-26T16:35:00
8e5f6a21-0863-4e03-8e90-908bd949897b,1cb0ff90-b924-48ab-9a52-0e14e934785f,52.2,wallet,success,2025-11-22T17:17:00
a53523c4-d3f4-483b-ac13-54a88b52d21b,4e0bfb1d-d8ba-4c1b-9e0a-fa0fad53ab1a,85.08,netbanking,success,2025-11-07T06:54:00
3b44e4d5-d806-4c2a-bb58-fe43386eb941,9f255fa4-5d01-4449-aa46-aa29aace7c59,29.36,card,success,2025-12-10T14:54:00
a2ba5d37-8670-4a63-b26f-9f13beb3c0dd,9565eae2-51bb-4d00-8247-1beb38919f2e,111.87,card,success,2026-01-15T13:46:00
70c19c4e-a197-41f7-842c-7cd1c9547f5c,8afa9a0a-4abb-4c31-9f3e-5d1887066d72,45.74,card,success,2026-01-13T19:35:00
64ed7e12-2d7e-4204-afd1-22a6a952d7d9,6052a3d6-05c7-487d-bf98-5fcf703b0e8e,206.44,card,success,2025-12-24T19:57:00
1d8b6732-75fc-4de3-b9ef-ea5f4d35dcc8,3a9fc210-7de7-4d1c-ba25-a38455e9d115,32.7,upi,success,2025-11-20T07:59:00
3211c096-67e8-4f77-8856-19c46cc16b7c,cae48083-e37f-46db-98ed-432672366903,96.3,netbanking,success,2025-12-07T20:47:00
52110b87-8454-4f77-945e-c197ee45b746,ebd11615-cadc-4bf4-a112-df4b97d487c1,115.46,wallet,success,2025-10-15T19:30:00
cab464b3-6be5-4a7d-8d76-756e0bff5aae,b62e49cc-faa0-4b2c-9da4-5c68824fde3c,11.4,upi,success,2025-12-16T14:23:00
a823e98c-e53c-4c1d-a7f4-5e2978447b14,678ed166-de01-4b36-be64-1f2dd5af6e70,18.3,card,success,2025-12-01T08:28:00
4b275bd4-997b-4806-ad52-3882fb04522c,51a605e9-9c22-4509-ac79-b06d1b7b97e3,46.68,upi,success,2026-01-03T12:26:00
bb5809ee-944d-4003-b07b-59d9d9b11609,92ef98c4-2f4a-44c5-be63-15faf9d509b2,56.5,card,success,2025-11-09T13:26:00
cf2695e4-ebed-4232-8a04-dbeeffcb3ec9,11f82767-1b2c-4d81-98e0-92d3c3c2b3aa,55.53,upi,success,2025-11-19T06:54:00
019112f8-c369-4e1b-929b-a898dfee1660,ec5f99b6-81c0-485a-b211-9af513e0e2ed,122.7,upi,success,2025-12-19T09:31:00
d181377e-4c88-44ec-9947-002dd18694e0,364ae2c3-3034-4de1-bcb1-6afb682ab998,19.54,wallet,success,2025-10-20T08:38:00
e83e95d2-214b-475e-ae4e-2000b20d4f32,c3c40e53-802e-4256-9613-8170639c4460,127.5,upi,success,2025-11-06T09:59:00
0ded6f1f-ad77-4789-be27-c8b5148b87af,4a5c17d2-0537-493a-9eab-b5b2a7e91700,39.72,wallet,success,2025-10-23T07:43:00
d104274f-bdc1-4240-97db-d13bb623e220,74da16e1-c341-4d05-baf8-3c6d48a240fc,19.68,netbanking,success,2025-11-28T19:55:00
e9d8eab8-9419-4af9-a310-12f42d1a9b2b,afc6707b-e367-445e-8910-1a750b38a8f3,12.18,card,success,2025-10-21T13:04:00
99b2afa8-deb2-46ee-9057-0c1ea09c898f,53ed1813-d80a-4326-806d-cf2f01abe87b,24.42,wallet,success,2026-01-28T19:33:00
90c55a5f-6d7f-46c7-be6c-5c8b8fff4eda,cbe6c2f6-4f76-4db9-8a37-b7c813d0d143,53.85,card,success,2026-01-20T20:07:00
1bdc0c05-ac47-44cc-8ae3-c156ba9abf6d,5c3ebe5c-a8be-4219-9038-3b7fb659e703,54.84,netbanking,failed,2025-12-21T19:12:00
7f1f70ff-4c05-4989-8da8-159f6b74e065,ea8ba82f-2d1a-49ef-8acd-e87e83b6fea3,64.82,wallet,success,2025-10-04T18:44:00
943f449b-24ff-455e-ab64-42efafa8579c,6d0e11ff-4863-4ed2-b1fd-a0829220cb1b,52.04,card,success,2025-12-04T08:26:00
122f847b-ce4d-45f4-9ee3-b1c63e5ef265,6d7eec0a-78b0-431d-abcb-5dd331bf3dd7,38.52,card,success,2025-10-08T07:26:00
0760111b-4310-4988-808b-034476ee6e74,067904fd-c5bf-41b3-9b50-234b3a43aeb0,157.92,netbanking,success,2025-10-10T06:40:00
bdc448a9-a1da-4f5f-93c1-2da9c55b2cac,ac0c0f10-e0aa-49b0-939d-e47fb8d4fb83,24.94,wallet,success,2025-11-26T01:10:00
7f2b7247-caf6-477c-af6b-17b7dc960d33,8585592f-f1ab-4c12-a8b0-9ad8b3b6c11f,41.96,card,success,2026-01-07T20:13:00
dbf786c4-0dff-433b-af73-74ae8f25d5e1,f0f0724c-8843-4f45-9b7b-bf046d756988,309.42,upi,success,2026-01-24T08:33:00
641c7eb3-c178-4f5a-a6a9-15b998ddc49b,4bfdf75d-7866-4302-a257-305477780826,9.88,card,success,2025-11-26T18:43:00
d364347a-91cd-40d2-bc04-cc6208fd5ae2,a592e347-92bb-4fcd-898c-b52ab5272d2f,52.23,upi,success,2025-11-28T19:23:00
a5104842-8929-432f-87d3-41dafbaef526,a9880429-f060-4590-84e2-fc94f0913ff0,43.24,upi,success,2025-12-16T19:46:00
70cc728d-fd24-43bd-952b-8b3029abea87,9bc6ffa0-70a3-403c-9c94-ed7587d2ff53,130.86,card,success,2025-12-03T08:43:00
6ce465c6-d30c-4f8a-8ee3-38639254c0e5,4d192ab2-0ce6-425f-9785-32d99c5fceba,65.73,wallet,success,2026-01-26T19:11:00
d63b4f3d-83e5-442b-9d4f-570e4edc4056,6b1a5278-57c3-42a9-a352-708221e0406a,98.52,netbanking,success,2025-10-19T14:11:00
b7dde2e3-90d8-4135-9124-62140985d9ab,d9ed7984-bbe6-42bd-aeb2-3cb8e378f83b,20.65,netbanking,success,2025-12-09T20:57:00
c30b9d12-abef-4968-b262-a9309c9f3dfd,ec899475-a2ab-4893-b92c-2f0f955a9ab3,39.06,card,success,2026-01-20T14:41:00
665f6206-550a-45ae-a0a4-5ad2476beb61,e7f8b00e-ee42-4745-9e2b-00eade07e0c0,168.54,card,success,2025-12-06T18:47:00
05b99e53-1ac6-4752-933f-aac957f77a6d,304e887e-bd51-4e0f-843b-19ce82c83ed1,63.72,upi,success,2025-10-16T19:48:00
9080a161-6407-4409-a99d-5ebc1ae5d8ec,0ae9e102-8045-4a02-8065-fb98aeca7a7d,59.4,card,success,2025-11-30T19:24:00
4e29fe84-a815-47c9-802d-6175a580d66d,f8712b3e-d56e-46be-84b3-311a088454f9,88.94,upi,success,2026-01-25T10:00:00
4e356285-e323-427a-90b1-0e22b0c3c0c7,547cc105-3434-4e0b-b4b9-70ab0cf797bc,224.48,upi,success,2025-10-05T07:53:00
2aac633a-1884-4db8-84ee-76c24e6a8d55,fd8d0607-1e85-4f6f-9de3-b99463872644,10.46,upi,success,2025-12-09T16:59:00
564a857a-411f-4833-883f-ef43bdf2873d,de1130fd-1a55-461f-8a98-efcec41f322f,76.77,wallet,success,2025-10-24T16:04:00
89ebf6d6-6d64-430f-a09f-15b0d396f3d1,ea82f85d-07e5-46f1-897f-f44d96b1f8be,40.34,card,success,2025-10-25T16:26:00
dba21857-5ba3-4ab9-bbbb-be474c5c7fcc,1347fa15-e183-49df-bdd1-472725d4f776,128.16,upi,success,2026-01-07T18:28:00
5e4c8824-af36-4d56-94cd-8313bf1494c6,dca9f457-20ef-4f1b-bdaf-2436a9b2ad5f,94.16,netbanking,success,2025-12-27T07:00:00
608910d9-5fe5-4088-b9d4-8538e8f89b22,f72b6058-5a3d-4f85-a7a4-8d9660ec2efc,43.91,wallet,success,2026-01-01T16:56:00
8f4bba79-5d17-4e71-ae01-a5089c308ae8,d0afca3e-604d-40fc-bc09-50d2a56d64df,18.16,card,success,2025-10-28T19:15:00
df2fdfc1-767b-47ea-a4d9-de3057e87583,c97115ff-74f0-4d84-811a-bd1e2ee1f6bc,75.36,card,success,2025-11-23T18:56:00
1b80742c-3976-4345-9d5f-21174c9f1a8d,68df088c-ce9e-4361-b51d-601dc22772df,44.1,card,success,2025-12-10T15:49:00
40909b66-8869-423d-a923-f21f0ac64e91,91b433ea-4e1f-4734-827d-efa39f03898d,9.03,card,success,2026-01-07T15:12:00
59b88c08-d063-46f9-91a2-2b1fb0345dda,b1d03bc3-e234-4b67-a8b8-217004b93cbc,25.76,upi,success,2025-11-15T20:50:00
68eaf0c6-f0b3-4a85-b275-8e2baf8c5614,6ccc5a90-5a80-4aac-a5fe-3d77b6dacecc,75.78,wallet,success,2025-11-08T13:04:00
7b7cc0e8-bdc3-431f-8d88-a6f4478dce15,04e589cf-e2a0-4110-ae90-031bc3b298e7,103.22,card,success,2025-11-01T02:01:00
d37c5410-08cf-4711-a4cc-37c1499b7899,36a79c27-50c2-41b6-8231-675929126c5d,55.62,wallet,success,2026-01-16T07:07:00
c52bd525-5e60-4761-a989-382cb0a6f25a,af621643-62e7-4117-be78-3274694ff092,60.36,upi,success,2025-12-27T19:31:00
1839e03b-8fd6-41eb-ba1f-25accb8022c5,e56a8add-8e18-44bb-8307-9021dfd4c16f,76.64,upi,success,2025-12-23T05:39:00
ab762d8a-497d-485e-8a41-51aca2b70876,f2da0b33-9777-4c7f-b24a-8dba122ee61c,35.19,netbanking,success,2026-01-12T09:57:00
3825095e-26ca-4ef4-a68f-4bdaaf68d688,119cb13a-443b-4bac-93bf-d5a7a17a47f0,101.72,card,success,2025-12-25T14:14:00
a703ac97-9ff9-4dac-b179-a5f7e7f00d3b,3a0bc88c-546d-4344-abbb-ac8dffdbe76b,33.06,card,success,2026-01-28T07:44:00
ab0e1c70-516d-4541-9991-f3b8da5eac6c,6ebab431-150f-4653-8968-034265f83daa,26.55,upi,success,2025-11-22T12:08:00
ee7b083e-56a3-438f-8ca4-f96a9fc6f118,ae21ec35-c5c4-4126-99f6-34f06e3cd9bf,57.86,netbanking,success,2025-11-18T07:30:00
1e243249-b6ba-4fe3-a83c-b21b301c5c77,6a953b29-5d1f-4ebb-9251-9d3172d39060,136.8,card,success,2025-11-21T08:43:00
59ef5c17-865b-4bae-b552-2453672526fe,014b0138-0a22-469e-915c-2779412fe233,22.45,card,success,2026-01-24T09:31:00
760da10c-d591-422c-96a9-48f86120b6da,685ff277-79e4-4fe1-820c-5c9e4421522e,40.17,card,success,2025-10-13T20:50:00
27ea8afd-e6fb-47d3-bff2-a8862aca7026,23175d1b-e689-4c77-a434-95b52d0a17f1,26.04,wallet,success,2026-01-07T15:43:00
e2c31631-8e57-47df-a597-f71d5df71726,1ec15635-b8e7-4b9f-b3c1-f0ccbb375b1c,59.72,wallet,success,2025-11-01T17:31:00
086f9b2c-9cc7-4ef4-8a0d-f8bc9c629f36,ce943001-00cf-47d5-a0c2-e2050ee61241,74.85,netbanking,success,2025-12-13T18:10:00
d9369eab-124d-470f-82e1-b459431fae73,fadf5533-7693-4c01-bebb-77d7f43d05df,23.23,card,success,2025-12-21T18:47:00
c5f8e966-8982-4aaf-9c02-2867311f1ae1,16159a1b-c6a5-4b22-956f-19869886526d,159.76,netbanking,success,2026-01-01T16:28:00
9ac57023-1151-4027-99c4-09d89825b1ab,0b079a85-f1e4-40e9-b91c-b9ecf3d16f7a,28.5,card,success,2025-11-14T07:52:00
b91a1226-cefc-4fbd-b983-1ba3cfc0263d,3e165f39-60de-4317-a797-ddf0dc1f55f1,41.1,upi,success,2025-12-25T07:44:00
4230b9a4-732c-4596-b781-cf1aa63eb2c5,625ff75b-803c-4a31-8243-b8a74d6e2fe3,11.18,card,success,2026-01-23T01:32:00
fe58d278-2d5b-45b5-a4b1-146bb21fa4bb,fab28b24-7b40-43a5-8dac-c6aaf3909821,119.94,card,success,2025-11-04T08:18:00
0f5d34f1-7944-4176-9ab0-c1498d1d4cee,e1c15a6a-dab3-425a-bb5d-32796bbba08e,40.9,upi,success,2026-01-05T11:49:00
352dba0c-c6b0-4e63-9ccb-1fe7fea90791,b5b28d44-2455-45db-9102-f20e32c8060b,22.11,upi,success,2026-01-05T08:49:00
a0a7f80e-72eb-443b-97b0-51afecd97765,dc6dc56b-8034-4f50-b52c-f1d16858bee8,155.04,netbanking,success,2025-11-24T09:02:00
81960b01-8a9e-41a9-8375-3fb112cc9acf,98417224-225d-422f-8fbb-f2870d178174,83.89,card,success,2025-12-07T13:06:00
ecdb61e1-dcec-4cac-a028-1c8c8c2076c8,d75deb29-2398-4b1d-985c-2cc67bac5613,168.3,upi,success,2025-11-04T02:33:00
4ed8ac04-4f18-4fa2-8235-6a25b659b1e7,1c509442-5d8e-4872-beeb-f833aa8674da,24.6,wallet,success,2025-12-12T17:39:00
af7bd9a0-8e71-4ccb-9342-7808aa3a7ee1,c6aab599-e3ea-4ca1-bf30-5373481e6d30,12.38,netbanking,success,2025-12-21T15:08:00
d92c1c49-f89b-459b-adf3-94617389af7d,9ec1c746-da39-4fbe-8bdb-c987a69a7390,36.02,netbanking,success,2025-12-27T12:25:00
a0cd6cbc-adca-4c88-9a5f-3df10fc2b733,22e889ce-865c-45cf-ac27-7cf8c11e8ab8,40.8,netbanking,success,2025-12-19T07:10:00
93efc58e-d8d9-4359-b9a2-b9fd3d665526,622a1442-49c2-4481-854c-fc298b657bf9,195.2,netbanking,success,2026-01-28T08:59:00
4337269a-bc28-4173-997e-592b7825a588,2db0447a-4b17-4bfe-bf03-182f67d39e8b,49.99,netbanking,success,2025-10-03T04:38:00
f85ebdd7-bfbc-45a0-b7a6-970a425816c6,219c9892-6728-46f4-881b-14f250b4340c,70.86,wallet,failed,2025-11-14T08:32:00
e7c5de09-1629-4e59-98e9-ff7ec8472ce8,47ac9100-bc6f-4cd9-b194-de7980c33548,98.49,netbanking,success,2025-11-23T17:27:00
8d6596b3-a334-49eb-889f-a6de37efa729,2b93b69e-f2e4-41d7-95de-d5198d6c1bc2,57.72,wallet,success,2025-11-17T09:51:00
1c0719cc-1548-4771-8168-d1cd52d299e1,22a560f9-ce2b-4cbe-bdf5-760a48455766,27.36,netbanking,success,2025-12-31T14:17:00
4d62d008-8e08-443f-8f42-20705d9c2828,5c4d4cad-4253-4d38-9f9b-39716094f019,26.15,card,success,2025-10-26T06:59:00
b6ac6e13-978c-4a34-af7c-307ee782d23f,03aca86c-4cb3-44bc-8720-33a11aa51e92,158.28,netbanking,success,2026-01-28T13:28:00
adffbee0-7bf5-44c1-9fb9-0c232a4fc5cb,5a5c6d23-0c72-455d-a3ab-22520c4ef1ae,54.98,card,success,2025-11-23T12:01:00
2d4beaae-ab58-4fc0-a1f7-dbd82d2c9f30,c26cf23f-a201-4cde-a0f0-9c9432dcb8a7,34.92,upi,success,2025-10-01T11:07:00
52579511-5173-46a6-8db1-3a2cfd0f10bf,05f88405-1efb-45ca-9fb2-4da308f99a60,54.92,card,success,2025-11-16T09:45:00
3a057a24-4e27-4e10-a586-c5a32a6e5424,78ef3f3a-c62e-4732-9e82-86fc2e2ec038,25.32,upi,success,2026-01-12T07:52:00
3d96ba17-7bd6-420e-bdd6-18eeaebde271,d7157e20-7c6f-4afb-8522-79051f620752,176.19,wallet,success,2025-12-17T09:25:00
76ffe4b1-4806-4e4d-8d64-47381bdaf028,b72ec08a-5fe4-4c98-b20f-63ea242491cb,184.38,wallet,success,2025-12-28T12:05:00
34962241-aee6-436c-baff-6ca0399db3ba,56d3e14b-d8ed-4999-a4b0-4093e0170ca1,70.12,upi,success,2025-11-19T15:44:00
bf2c884a-1cb1-48e7-969c-3248817262f0,5d1d74b5-aa82-45f7-8c7b-9ffbc380067a,51.9,netbanking,success,2026-01-09T15:14:00
2db52c4c-3ee4-443b-bcf0-1eb22cf543e3,e94c053b-b488-4f83-89b8-8a88ebda2de0,78.6,netbanking,success,2025-12-13T13:39:00
426fd130-d59c-41b2-9815-81cd9b2b783f,bfe2874d-b4d7-4678-abb0-d4087aed29b0,51.87,netbanking,success,2025-10-03T19:39:00
85fd066a-e24b-47b9-83b9-20f0a131c20f,c2d6b9e6-aef3-4d23-bac3-10334668e173,121.8,wallet,success,2026-01-19T02:02:00
b7b13ae0-2c55-453b-8cb2-6445e9120442,6d5b55fd-f84c-4188-a05b-cdeebaf73b19,328.56,wallet,success,2025-10-18T09:21:00
a1e962e5-1c10-496b-9887-d9b05c356d3b,ef97b64b-388e-4cef-8628-c6e69a6896dc,22.8,upi,success,2025-10-16T09:43:00
4fad30a7-8d98-4cfe-b7fb-d79cfa4bb93c,35adb340-f53d-454a-9cee-4e6a6528fc33,26.48,wallet,success,2025-10-29T17:00:00
ac29ffb6-fe23-409c-b6c8-08eb5b5ab50d,5ef191a9-5abb-494b-b3c3-25c80afb1209,13.04,netbanking,success,2026-01-12T18:46:00
94c61032-9a1c-4fc9-8970-140509025029,5184835b-67cb-4a51-976d-752acf1f412e,67.23,card,success,2025-10-12T17:09:00
2d3f2907-49ef-4bf4-9139-bcdeb24f87ae,4db565e1-393c-4fcb-ae6b-c785cc025311,41.58,upi,success,2025-12-16T15:33:00
3c6f70d5-a01f-4687-aa96-3011d1ac51b9,fc836af3-b209-4924-a5bf-7a0e8b528c91,69.93,card,success,2025-11-06T06:49:00
63c4de17-fa99-4890-9d05-338288678424,6ca1e0ff-45eb-4686-ae15-f69f6c40ca26,216.6,netbanking,success,2025-12-21T18:40:00
9c79f128-3d9b-4fb3-97dd-c0906ba3f12a,4d381067-9a1a-454c-a19a-0da335df648c,87.69,card,success,2025-12-20T18:40:00
39a74a12-4f13-4273-ba9e-2476760449f9,cb1225bd-34fd-4a50-b569-95d9b3b5f496,35.8,netbanking,success,2025-10-09T20:38:00
c505040f-0439-426f-8eca-4e038e7dfa1b,460e2e7e-dc9c-49a3-b38d-d7b30f96239d,31.68,card,success,2026-01-25T08:43:00
f9a0dca9-5a87-432c-97f8-e5c6f3e0e7e8,9b0fd993-a61b-4739-8467-80063a756dde,33.93,wallet,success,2026-01-13T08:26:00
e6757c65-b7a4-4815-b8c9-48857feab291,5b2ba4b9-9cbc-42d7-a5fa-aa09fa16d413,408.84,netbanking,success,2025-11-24T20:37:00
3fb71355-3458-4aee-a5c5-4fc49eadd1f8,3b434cd7-001d-4523-8f9e-044189739e7b,180.63,card,success,2025-11-13T09:41:00
9a3eb4b6-c64f-4586-a2ff-5fef231218dd,e3f3b871-3d87-4ab0-a674-3b353ae119f3,118.95,card,success,2025-12-26T22:06:00
c3adae98-2146-4ee6-a96e-53f9fe9acd99,935079ff-be7a-4672-8463-7de7322139dd,37.37,upi,success,2025-10-09T13:40:00
0204190f-6c4b-45b2-90c5-91a98c445666,cfdc8e75-6554-49cb-a87d-a0836d4000d6,25.05,card,success,2025-12-09T15:08:00
4c23ce0e-029e-4f7e-9daf-f606cf8ac0f0,f1ddc8e8-0d7b-4ca2-8645-757901447bb8,41.36,netbanking,success,2025-11-03T21:12:00
04105674-c710-4755-abed-d66f6ecafc4c,4279f64c-7a4f-49ce-b63b-f9d9ac4b9dd9,80.55,wallet,success,2025-11-30T16:06:00
bd903950-c5b7-432a-8b58-77bf4cdf18e4,729b986e-fd8c-48bc-ba1c-3541195d9b18,35.62,netbanking,success,2025-11-27T08:11:00
811b3280-7f75-49f0-b688-935d6937d68c,5c9c2bfc-11de-4a45-9191-a132687d2bff,56.36,netbanking,success,2025-12-14T09:19:00
c9492336-3ad7-4917-b27a-8cb519ccd843,af6fa99a-edaa-4b51-abb2-878d943aaa76,71.85,netbanking,success,2025-12-05T00:12:00
7008d088-99ff-43ac-9c79-5fe41199b92c,6952ca0d-8d44-4a30-8aab-eb364fdfc15c,171.68,netbanking,success,2025-11-11T23:16:00
8ead89a9-0b2f-48a2-8218-e5d2fc61d72a,55787838-7727-4af7-91ca-b2dd1649c122,58.11,wallet,success,2025-12-30T13:18:00
ed0ca438-a1fe-46c6-9816-df54e1eafe39,319b3514-b0ca-45c9-b12e-500a45a5e808,37.34,card,success,2025-11-24T07:07:00
a93881d0-b792-447f-aa99-a3d19f0f4347,4ed5525a-8491-4557-98fd-9a19b3291f75,103.42,netbanking,success,2025-11-18T06:52:00
39a18b95-2a30-4480-9506-38cc96a66156,c7184c77-dcbe-47c0-a90e-fcdf2c464c7e,71.75,card,success,2025-11-04T20:41:00
08d0c0a9-bfc5-4009-810a-24a39870bac5,8b90aa73-c913-41fb-8e6b-03fc7e9e5263,59.82,netbanking,success,2025-11-22T12:34:00
ff505de9-6ed4-426f-b362-32f00ebc63b6,6212ffca-a92a-4edd-a761-d930657c2cae,59.1,upi,success,2025-11-17T09:52:00
cbebdeed-aabf-46ac-8542-87a255fc8db2,48474684-f10c-4b0e-9062-df876357d6fa,38.6,card,success,2026-01-28T09:02:00
cb2f52d9-2b2a-479c-a611-c800192f5f26,6a023b4f-2e0c-44f9-8551-7ab35beea8e5,13.17,card,success,2025-10-05T07:06:00
334b7745-8dc8-433f-aa4e-0d9534929dcb,499099fd-2ab7-4d23-b20f-b6a6856d60ad,106.47,upi,success,2025-12-26T04:56:00
0cf52969-3051-4646-8694-dccfb7fd58cf,3095b0de-31db-4b6d-a4a0-75e9e9671662,51.39,wallet,success,2026-01-01T10:59:00
33c172cd-5acd-44a7-be06-6bd935438e25,303c9c63-01b3-41f9-b891-aba1bc6b9f29,42.09,wallet,success,2025-11-20T18:51:00
8940171d-dcb1-48a7-b34e-b14439d7d012,1f95dcc4-981c-4471-8d23-8a389f78bb41,69.84,upi,success,2025-11-20T19:43:00
bbecf350-f962-408b-b690-40172b9bb539,0270520d-02cb-4926-9eb4-4491e7dfe06c,72.03,wallet,success,2025-11-20T13:24:00
42379779-0065-41b9-9803-a25b9690d2cc,bd48b2ee-b9a1-4730-8c2f-9cae49d8ce9f,39.65,netbanking,success,2025-11-27T12:58:00
d18c1bc5-ef73-4155-974a-c5e51c5072bd,b13a17d5-4b4f-4dc0-804e-5bac3451c383,27.84,netbanking,success,2025-10-31T09:08:00
0ea45801-bb87-4081-a357-42f1d00fed56,a19483f9-9fe2-46fe-a812-03acb3d17d04,57.24,netbanking,success,2025-11-22T10:10:00
f0d27233-62df-473b-8551-d7562e61fe4b,5871e402-a9a0-41d5-a068-9334c67fe44e,119.5,upi,success,2025-11-01T20:36:00
32693b9f-7a33-4192-a874-f86765400583,5c6f7f52-7653-43eb-b3b8-b79719ed209f,66.69,wallet,success,2026-01-11T16:20:00
f2891fb8-c0f3-48e7-8628-2fad4f22de6e,7888841c-ee57-4f00-9115-581b4094e9f7,21.08,wallet,success,2025-11-20T14:26:00
b1e83d7a-0712-4815-9cec-668249da341f,8c1556f2-10a4-4725-9a46-7c5dd2af1e77,129.33,netbanking,success,2026-01-01T10:04:00
619947ef-b8e7-4eda-aa4b-33bb92917382,30145112-837b-45bf-89a0-b73f06e92aa4,23.91,upi,success,2025-10-08T12:36:00
becfa4c9-9a16-44b8-ad7e-63ee1e9c864a,a2a8cd96-fd61-49e4-9ebe-5a10d1edc406,197.52,netbanking,success,2025-10-15T08:20:00
dde5124a-01ec-4f7c-9948-e62c432e1db0,631bc044-2a01-4e5c-b8d6-59fe610c55fd,25.0,upi,success,2025-12-30T05:40:00
ec5d7a71-430e-4b5b-adea-9c361dcf40ff,b2de4446-37aa-48e7-b0a5-ec187c248c51,141.48,wallet,success,2025-12-10T08:12:00
61cf0a20-7dc9-4ccd-8f0a-4d045c894d7e,44e6cc6b-27e2-405b-bd88-19d8076a9d3d,38.13,wallet,success,2025-12-06T03:04:00
18861046-6eb7-45ed-8156-716a432c9eb5,14a307f1-b6cb-471f-8bec-99f52ab8a5d4,21.92,card,success,2025-11-17T07:52:00
521f0ecc-62bb-43b3-b92c-47de0782b84d,d4a27b94-5645-433c-b327-0d43023b4b0c,237.36,wallet,success,2025-10-04T13:21:00
2ab59328-6e73-47bd-a653-161320f4e94d,e10cc400-c358-4f47-9905-9bea2b12848c,12.52,card,success,2025-11-26T22:24:00
9355c7f9-7cde-406e-8b7e-3a3d26dec8e3,95e9406d-31fe-4046-b9fe-c906f8bdade7,134.02,upi,success,2025-10-20T09:26:00
46ae2c11-85a0-4c5e-a2c3-286a547f6b34,b12bd0a0-6a79-491c-9686-0de832f0c7b2,55.72,upi,success,2025-12-28T18:12:00
5dd91bcf-67f7-4d02-8c79-c1b8bdc320c3,fd04cb40-7520-47bb-b109-97d4197ec1f8,11.04,card,success,2025-12-17T12:00:00
4470c4ce-4c75-466b-8069-52dd03087b32,534270d6-42ab-4928-9371-5d614b513b6a,21.62,wallet,success,2025-11-28T06:25:00
c4f4495f-773b-4485-9cbd-721aa0ed47a2,12eb4186-ca9a-4d70-8f3e-9a3719a2a6f8,186.32,upi,success,2025-12-06T23:18:00
5aab4903-a4c4-459a-b8ab-2db5d2b98e95,3cfb7048-a930-470c-b6ea-a43eb5c06f56,24.98,upi,success,2025-11-17T19:58:00
5cbfc4d6-58f5-4404-9532-21986f18f25b,32ae14b3-1441-4b57-9bbd-9096e8b8580f,55.3,card,success,2025-11-12T17:08:00
08255876-8a95-43ff-a296-04e3ac66c799,9a60ff31-8830-4f6f-9cea-45e18e957c1c,38.88,wallet,success,2025-12-30T21:16:00
3e85f167-8133-4e2c-a651-127b38450610,bdd45e3f-4c8e-49da-bb52-d2947dbb5558,105.99,upi,success,2026-01-28T13:11:00
27cec6d0-a05e-4c79-95d5-13e07de18cea,9c7ff52e-fbc5-412f-85ec-f130fbd68888,17.84,netbanking,success,2025-12-08T08:26:00
73cb591d-01ea-4694-abaf-22815616d50e,8e07294f-6828-443b-a77f-e990f8c00aee,48.54,netbanking,success,2025-11-26T18:48:00
478c2d22-20d4-4083-a66b-cb9aa955e5d1,d191be09-4bed-4ace-b5c6-460dbff5db02,40.32,wallet,success,2025-11-24T15:26:00
6a54ecd2-6001-454c-a725-018ea202f76a,d7a4a753-c06d-4bb4-8ef9-ce0e212059bb,81.06,netbanking,success,2026-01-12T21:30:00
5c55f2e4-58bf-4441-a4a1-64bf251e2ba6,417dc4bd-0a78-4751-bf3d-68df90045e8e,25.66,wallet,success,2025-10-27T13:14:00
c65ce2ca-1473-4b9d-9425-50d82c78ccbd,ef7ec705-26f5-4fba-a01f-b4fe37bb19f9,99.04,wallet,success,2025-11-12T09:42:00
cbf37d29-0584-44d1-ae26-c91b70f654a1,16439040-5097-4268-9d0a-488ce13bd487,65.94,wallet,success,2026-01-26T11:24:00
6bdfba0b-d650-4e52-89d7-240ad5c82143,30375f74-b46a-41c3-8257-d58456beb89e,39.22,wallet,success,2026-01-09T20:47:00
d7ad4d82-2b19-4c48-829e-925e9178701a,979e7c6e-a03c-4337-bde5-c934530801e2,27.73,upi,success,2025-10-05T18:40:00
8a2309ac-f03e-49be-9ab1-39c0306a1b6e,2fe9fa5b-e719-4b11-929b-b25c2a9dcc45,49.85,upi,success,2026-01-15T01:04:00
68391cc0-dab7-42a6-9d49-1c9167eca6fa,7a8c92e5-43bc-446d-b01f-2a6961c1e231,46.4,netbanking,success,2025-10-02T12:52:00
60bc922c-0ddb-48da-b52b-1e1268beb42c,fd654140-ffab-4a8c-b392-fc5ade279859,70.43,netbanking,success,2025-11-02T09:23:00
bf1e3c82-0a54-464d-bc65-8487c3164c68,386e9415-44d5-4437-bf56-4928d2a22f2f,10.39,netbanking,success,2025-10-09T07:48:00
24deea1c-1657-4d6a-93a0-1b8dd90d8414,91439527-61dc-4284-b2a4-84aa919052b5,16.95,upi,success,2025-12-02T16:27:00
fb3c069a-cac2-47d0-8a6f-750469a8bfcf,7ce3fa6f-ed13-4a18-9c20-43bef3fda711,21.73,upi,success,2026-01-05T20:30:00
1c9bfc8c-1549-4a49-87e7-c0d61679cb9a,d86cd9d3-e126-4008-865d-ee36d68d276f,24.01,card,success,2026-01-12T07:39:00
60feef7c-406f-4158-b517-eac66c364c7a,541aab48-ff7b-444b-bce4-dc8c55d98225,40.34,netbanking,success,2025-10-25T17:26:00
fbf4c2b6-e622-4a5b-93c4-72563baad2a1,06ab15f8-b5b2-4e96-824d-722d47781849,45.0,wallet,success,2025-12-02T16:41:00
ed37118e-a892-42f7-a22e-eb336d2881e2,10d90de6-ef32-46a6-b1dc-f7da270c410e,34.56,netbanking,success,2026-01-04T17:13:00
291a03d6-3916-4158-9aaf-53e024e93e5f,9e27673c-c7d7-45fe-9af2-3d3251dc8657,86.94,wallet,success,2025-12-11T16:08:00
cc22a072-e1d0-4eb3-b60b-2ef273bc06ab,8cd21e92-31c9-4ebf-b9af-e6d704016528,35.73,card,success,2025-12-24T19:51:00
9b384b9f-13dd-4b6e-99e7-15b4b4c68b25,ee2f2f5d-f160-4b75-8278-43ad158380fc,22.37,card,success,2026-01-10T23:23:00
3dd5f3d9-f3f2-4dc1-bbd3-e4b33a424f1d,6f92711c-78a4-47b5-bcc9-799502fa1c5e,111.94,card,success,2025-11-26T09:26:00
356377bc-858f-408d-a516-286028f2ff37,295fb034-ef40-40fa-ab91-86e7afd54bb3,212.56,upi,success,2025-10-07T14:13:00
4ba57857-b128-4cd8-8a47-5d7f2eda499b,c4e352a6-8100-42d0-b7d2-257ba36a9a79,38.31,netbanking,success,2025-12-25T09:29:00
9c7c0a10-af82-418a-a5c0-b0ca9aba1eb3,e6c70782-0c09-431f-8c50-75433a24635d,76.59,wallet,success,2025-10-18T15:42:00
54604e62-982c-41bc-b3b5-c83ceee08310,dd498eae-a26c-42de-9eb0-d6f1a17ec6fc,49.74,netbanking,success,2025-10-30T08:40:00
e488d330-edfd-47e0-8373-baa3bd4ba6a3,eda0f27b-c999-46bf-830c-8b1db9a1b29c,26.19,card,success,2025-10-05T21:23:00
5c321ecb-52a8-4f25-9f46-74ebab3f5db7,48d5f3e6-d07f-4eb1-b176-8a07251241d3,78.84,upi,success,2025-11-14T17:44:00
647288c7-f40a-4949-9bc4-2e6a2ba44ced,7f022e23-f569-457f-9a49-a809bb1d1c07,41.98,upi,success,2026-01-27T07:23:00
48332b5b-4637-4215-89f0-307ce3b89461,145ee0de-ed36-49b0-acb6-6c508e2807dd,16.99,wallet,success,2025-12-19T10:28:00
91635880-dd7c-474c-b87d-432513023a13,4c429efb-4399-4a02-932c-8802aceb5eae,69.84,upi,success,2025-11-08T09:42:00
76ceee18-3933-457d-904c-b32b05c0b285,2d38b04b-0edf-4f36-9831-6ed7bf1bb996,53.46,card,success,2025-12-19T08:47:00
4550d278-a57e-44e7-83e0-84ded551531a,78d748ff-b85d-41c2-aacd-30db1163fe72,42.02,card,success,2026-01-02T18:21:00
6878c3f8-e766-4c7e-98ff-27e948c739a4,64c6e846-ab4c-4995-b9e4-33a6b9e8510a,48.08,netbanking,success,2025-11-17T05:51:00
c0932d8f-82f1-40c4-84e6-646754abe703,8e5e0070-600a-4851-a9fd-33cf6b4edc4b,50.26,card,success,2026-01-21T19:31:00
fb4c0396-d5eb-4cfb-a759-3f8ed1790859,6b6d0b6d-6d7c-4ee8-acb7-20b7d4fa0ad0,29.26,netbanking,success,2026-01-05T17:39:00
20c9896a-918a-4e12-a780-24c1ff8c497a,1f80dc0d-77f1-45b5-ac9b-a26ed77a8756,54.52,card,success,2025-12-14T22:14:00
3a32d1e5-db74-493a-9ed7-d93f3d6c1572,4353aace-3358-4a26-9495-504dcaf36d64,60.78,netbanking,success,2025-10-27T07:09:00
d5a57f56-3cb0-4a26-8c9d-14575903ac86,b981719f-1578-4266-8d18-a573970d1b76,43.77,wallet,success,2025-10-26T00:14:00
71fa79b3-eb46-490a-9b6c-e664d195d5d9,c0fe72e5-6a5c-4f75-8a20-29ecab9d6e1e,57.28,card,success,2025-12-09T16:01:00
7bf23bb3-7508-4b67-a984-f0167e8a85c6,1ece3246-d126-4e67-be18-4c817af21f60,135.34,upi,success,2025-10-21T20:19:00
ec1fb670-3632-4d3d-b504-cdb2922604e7,165b548f-5a99-443d-add1-1bc80a337c30,76.14,upi,success,2025-10-08T08:27:00
7f61f955-dda7-4969-906a-6dae5c940e8b,08d72191-a0b6-43ca-adf0-e94607220824,63.07,card,success,2025-10-13T08:54:00
19156f92-e108-41a4-97f7-29d9ee2defe6,01e285dc-dcff-4ecb-833a-d7191927303b,33.41,upi,success,2025-10-25T06:55:00
1e76e2b4-ce3d-4118-a540-40d6ddc337d1,315f6840-f8d7-46a6-ac63-a3d0188869a3,114.88,wallet,success,2025-11-02T10:42:00
f892a493-b4f6-4f2e-83af-cdf46c122a2b,7a94cc7e-dce6-4f27-93c6-e452d7284df4,33.15,netbanking,success,2026-01-19T13:10:00
8c45faa0-b879-415e-b92f-e56b43f8b00c,6c345a23-8f79-403b-b74b-a172cdc2983d,53.22,upi,success,2025-11-10T17:13:00
a8a7cb2e-e4f6-43e6-b6fd-9b89c05b5cfd,68b9f336-f81d-4bfd-b031-ff5207699f59,66.54,card,success,2026-01-21T12:02:00
fd967cc3-3a84-4ac7-a9d5-99e1424a7b7b,59ca5851-3958-4cd6-a8e2-3a418acbc507,51.53,netbanking,success,2026-01-09T11:42:00
37be6069-aaa0-4800-b8f9-d8e7bdc85585,d1f7eff3-5882-444e-bb85-18bd8ab36c9c,28.97,card,success,2025-10-10T18:12:00
16289ead-b53f-473c-8bee-c00fde9cb50a,42d5f3ef-5b0d-4759-8703-c7f542c7b643,43.78,netbanking,success,2026-01-11T13:30:00
802a34b0-d752-4dd5-b6aa-dd4821637e6d,0be09ae8-e4cf-4e43-89c1-8d0c50066328,170.4,upi,success,2025-12-11T19:55:00
e0c87a90-83ec-4362-98cc-e2bbe6d18846,9739fd23-7f5d-4cae-8dc4-0981e5219aa4,47.59,upi,success,2025-11-08T16:38:00
f6164007-efa8-4440-b568-8dbf338d9766,4c921bfb-642a-4e0f-9f48-cb14afe59ba2,28.28,netbanking,success,2025-12-27T02:35:00
a443632f-8530-473c-bc0b-c0574689ce7b,b25269c3-e307-4ec5-9b1e-f20be88378a1,34.18,wallet,success,2025-10-09T14:02:00
fbaf4719-640d-44dc-a967-c008b4ed008f,3fb018a3-354d-4154-88cd-1ba221c1b730,147.0,wallet,success,2025-11-14T08:53:00
0456b028-0cd5-4e7c-8a63-19a34ba21e69,7934550b-33e9-4566-bab8-144eefd6a727,50.85,netbanking,success,2025-10-16T07:14:00
2d1fe3fc-a6a9-4c51-bce4-9d891571749b,bb36864a-de06-4778-a12b-06809d71f587,17.23,wallet,success,2025-11-20T23:14:00
c81803d5-e161-41cb-9246-abb21c3d8595,7492f08d-9aa1-48ab-8cd2-75ad66bdc773,19.42,wallet,success,2026-01-25T22:09:00
5210aefe-1e7e-4619-86c5-19ea7a5dca6a,36d73dfc-0417-47e3-932e-227ce9f2f28e,51.66,wallet,success,2025-11-28T07:33:00
711d11ac-447d-4425-b2bc-79991f69ff51,7a483d87-6ab3-4a64-a0c3-1e3ddd1b7023,35.92,card,success,2025-10-07T15:32:00
0a21627e-027a-4fca-a887-dde078bac16b,0289e86b-512d-47e4-9466-6c9295c3a15a,31.69,wallet,success,2025-12-07T07:10:00
d2c8c1ba-b009-41dd-869d-a2cf1f35bc01,7a4ffef1-dcf7-4c3f-b070-e82568a5303a,78.08,card,success,2025-10-26T14:55:00
dfa7d908-a255-467b-b5bc-f46a873b5dc3,03539f15-945d-4011-91a4-afec38bde6f1,19.95,card,success,2025-11-16T13:16:00
7bfd9556-7ddb-4500-88a3-cc7463739a19,29def33e-84ef-4d5f-8ca7-86e680cadb89,174.06,upi,success,2025-10-28T14:27:00
bb1cb265-e8b2-4af2-8079-4b740255e1bb,8b20ca02-373e-4e22-8fbd-9ea7127b0e8c,51.31,netbanking,success,2025-11-17T07:29:00
90908b46-299d-43c5-8ad6-e3bfd18ebb11,d77be653-7ba0-4c8d-8deb-ebe327f3e7ad,92.0,netbanking,success,2026-01-10T15:10:00
6d4af2cd-5f3a-402a-a4e9-2b207b740d11,fed0733d-e929-4fa4-a492-dab5ef2e0111,130.62,wallet,success,2026-01-11T12:55:00
e52ede73-88a2-4785-ad9c-7592da678f93,b7d95351-281a-4904-874f-f7afee5b6dec,74.16,wallet,success,2025-12-29T09:56:00
adb5c762-9339-49a8-903b-1500c4e2e00a,bd8c2f9e-0b3d-4b36-a840-8800de202501,241.74,wallet,success,2026-01-09T10:20:00
e1b08b34-716b-4a67-bd63-573f089b5fef,e8f94b8f-84d1-4aa3-867e-0e3d3e5d92f1,145.26,netbanking,success,2025-10-02T17:41:00
618369f4-1853-46ce-af09-b94c8e171411,4e0b2d5c-5341-481a-81d9-8f1d681b1509,31.33,netbanking,success,2025-10-28T09:33:00
4ee5823e-44a4-4c46-9460-2b68ac9b4973,8df71998-b726-455f-aa4d-104ecc99932b,34.47,upi,success,2025-12-29T12:49:00
3066e797-bc20-4963-a28d-9f7181026749,8ddcb08d-c304-4647-9c08-0b27837f7dab,41.79,wallet,success,2025-12-09T19:30:00
c34d42a2-603b-46b4-b290-ab350c784da0,f79ede80-b5aa-4bb3-be31-fcba265f0a1e,25.02,wallet,failed,2025-12-30T21:45:00
7894892b-326d-4d4a-9bf5-bef4168aadf9,2662db56-f775-4c5c-ab8d-855005960e71,24.11,upi,success,2025-10-22T18:36:00
1f96f0f1-56c0-46ab-881d-1e81ec275bcb,b35561db-d8af-49ea-8b29-b6450b168b86,36.75,card,success,2025-12-23T09:37:00
40b471dc-2bec-4813-a4a5-6212ecbf43eb,6d46800b-0368-4467-a0c1-8898c995498f,45.18,card,success,2026-01-04T04:33:00
ce474302-cd4a-4dcd-b3d8-598051a4a0d3,9c3d558d-03fc-4052-bb97-0b794af254dc,33.32,card,success,2026-01-02T22:55:00
9125bd46-8536-43c5-a561-0f0506f7dc51,303fe8bf-9a63-4c7d-8258-23d4cfda78cc,140.19,card,success,2025-12-19T13:13:00
84731539-094a-4c1d-aa5f-8d14f5098a9f,eac48330-2d8b-4113-bb26-464eea32cec2,53.13,netbanking,success,2025-12-03T04:03:00
4de84568-5670-433d-a30c-6ef1cf85dd0e,a1ccd569-961e-49d5-807f-6797b1076a4b,68.23,card,success,2025-12-25T15:37:00
91c30555-4c73-4118-a827-78e30f467894,49b84fd4-2a31-437c-9561-8128ec30509a,246.12,upi,success,2025-11-01T19:19:00
063cb4b9-bd86-4e93-9c04-9ad0f1397e6b,018da27b-fdca-4855-a97d-a2d58e0e46c5,39.16,wallet,success,2025-12-10T09:53:00
1c787d96-84d2-4eb0-ba70-6663b28d3c96,7eb0fe9e-2a1c-4caf-939c-473eeb9f30a8,22.75,netbanking,success,2026-01-26T08:28:00
6460ea87-a82b-4493-90ed-47d1a82679a9,a45e0d56-b983-4d23-bdc9-e3089faf99ac,32.13,netbanking,success,2025-11-20T16:19:00
d2e6d38c-3404-4a9b-9708-6d75906a7f07,01ba3474-8ef9-4e41-9e6e-bcd3b479abff,65.95,netbanking,success,2026-01-26T21:59:00
c6a04ebd-e7b1-4db3-93ca-0f1108f4ee50,27262c35-c98c-44c4-93ae-de28e110148c,98.58,wallet,success,2025-12-13T18:38:00
c69461fd-b971-4406-84c0-94f719d25005,d2f61d97-ebe0-4fd0-873c-11ec54b80653,40.28,wallet,success,2025-10-30T10:07:00
3fc71c99-d9d6-43e4-8ef1-cd0d7d5a6df8,93457195-ebea-400c-b6b9-f9b24cb4e072,21.91,upi,success,2025-12-24T04:50:00
28199125-b3e4-4451-8795-fdc6f920cd05,7203bdcb-73a7-4db9-a0a3-4bb9f2e605bf,77.67,card,success,2025-10-30T00:11:00
3fced2d8-86e7-41d5-9788-cb074bcfcdd0,10e14b88-b055-48ba-b587-f47943a3920c,12.2,card,success,2025-11-23T11:39:00
f1eac6f3-8679-422c-801d-f62d8725f7ab,519eeb10-f6ab-40e2-a3a9-4d49ef5a309a,26.12,netbanking,success,2025-11-10T19:03:00
b49a6698-3340-4053-a833-502943cbc927,73514580-df7f-4f19-aecc-c568bc618519,60.76,upi,success,2025-11-24T15:53:00
e3e2ff91-6f79-4386-86cd-03683fd306bb,29b01673-8542-4e6f-a094-595cd905807a,78.76,wallet,success,2025-12-29T17:07:00
de3b8971-0e20-4c55-87e4-0fca93fddeb0,774e9e4d-8a64-4400-a780-471c1215a657,189.12,upi,success,2025-12-20T10:26:00
26ceb026-5e64-4ae1-90a4-28bbd4d91b8a,5553b734-ae55-464a-80ed-b786185e1efc,29.72,netbanking,success,2026-01-28T07:15:00
efac7c37-2511-44f7-a1d9-715ca8208521,61f0f67e-4cca-4e72-abe5-91a73ebb191e,24.77,netbanking,success,2025-11-14T01:10:00
c58be72d-f84f-4796-b793-51304c82e83d,ae0264c5-2161-4736-8325-09f7bd3ae7de,86.79,netbanking,success,2025-10-19T06:04:00
4c082bc4-fe1e-4042-bc5d-3ac9c2abc71f,c86e5f62-1653-474f-83dc-55d8434f6f4a,32.36,card,success,2025-10-17T20:57:00
bfa4f424-59ad-4b3e-9580-a116f0520451,cdf11c76-2329-488e-bf15-ae94b3124add,19.54,netbanking,success,2025-10-30T03:22:00
92f89264-2a26-4193-bee0-6f47b18e7d1c,05b5a644-e50c-4d23-b21c-8c919edd4656,22.96,netbanking,success,2025-11-29T15:06:00
9e47b623-7dbd-4a6b-8f53-5281817be9d7,cd08e5e7-736c-4b13-8046-fec24b96bcea,32.73,upi,success,2025-11-21T12:28:00
e097624b-5c95-4cf8-bdb3-0df77a55e917,34eae31a-7249-4845-9343-c6878026d00f,96.9,wallet,success,2025-11-12T08:11:00
d52d829d-313e-427d-a5a6-e3512c54bbe1,fa5187d3-820d-439e-bc87-c1544e3d1c8a,87.2,wallet,success,2025-12-27T06:11:00
aec7cd25-df61-4ccd-9db4-22ad05bf2631,609fd09d-4872-43e4-aca6-65f0525ecdfb,35.53,upi,success,2025-11-02T09:08:00
a234eeda-83d6-4cf6-ae20-a6841141f7c5,d8f8ee3c-71b5-4cf0-a43f-6a3317682638,43.42,wallet,success,2026-01-27T17:27:00
bdc61e7d-f92e-43b9-8bd5-40f433700cbd,cdd37df8-f72a-4250-952c-c5139583d4a8,34.23,card,success,2025-12-05T19:06:00
132c25aa-0514-4cad-aa8a-e7ad32508fd3,ee322b13-15d9-417b-96bc-15463f543fcd,47.85,netbanking,success,2026-01-28T12:36:00
050cdb80-f2e2-4caf-8d69-fe7306c3a5f4,6843ea8c-f7ed-47c5-a3b4-1567904143de,17.68,netbanking,failed,2026-01-27T16:39:00
d35cba5d-9509-4f11-8bdf-984826c26878,60b65805-a781-47d1-b480-c24209f8d204,35.71,netbanking,success,2026-01-09T05:22:00
7e5f6996-53a5-4422-9019-04acd3263f77,a4025b80-1762-4d51-8383-faedee2456ca,185.76,card,success,2025-10-16T13:55:00
680b3f60-dd12-4629-a418-23edfdc29d51,c44fc5e7-4338-4a6f-90ef-549405939d15,74.14,netbanking,success,2025-12-11T19:49:00
7223f0ad-522c-48c6-bccd-43370b54209c,029356a6-d722-4c70-a370-c8831efac27e,25.6,netbanking,success,2026-01-19T18:34:00
a324926f-f943-49e2-b009-1e7786ef21f4,a678c5a4-eb6b-4b56-8224-ad85c1ec4aa7,220.14,card,success,2025-12-31T09:57:00
46683a64-5889-4245-bf80-934182a8c0b9,aa9e6c22-4687-45dc-90fb-44d98b10aac2,121.14,wallet,success,2026-01-22T07:11:00
642604bf-4c0b-4ce3-b68e-7437e19a7132,49c945c4-a061-4c63-9cdb-ab8d86998a09,43.68,card,success,2026-01-11T16:18:00
0e229449-2354-434e-b345-75717a43ad3b,e689b555-c61b-4ba3-9eb8-0eab7713ea1f,121.2,card,success,2025-12-05T17:51:00
57f80877-5db7-406c-8ca4-2f5ea72aedfe,32e914e1-7106-4ae0-a8fd-c6e59da2d143,47.87,wallet,success,2025-11-03T08:59:00
9173db9e-bf0c-4ced-8dd4-6be18dac0807,f050f7a2-6b70-411d-9ec1-ec09ffbc9ff1,52.34,card,success,2025-12-28T16:33:00
81b127e2-2bdb-499b-919c-34174f8c75a7,0faf439b-b552-4589-88d4-195d79b7d710,289.74,wallet,success,2025-10-20T16:00:00
e6d1da2a-defa-4436-bf05-bba846bdf3a3,412659d1-a9cf-4ff1-8365-d02a355c3cd7,40.11,netbanking,success,2026-01-24T09:11:00
5117d280-387f-4622-8abb-6fe3be0287a7,599050ee-cf0c-48f6-897b-038554defa60,22.64,upi,success,2026-01-25T17:20:00
a560729e-0591-49cd-b5f2-ba36a3a2cdc4,21a69df9-40c5-4b05-ad15-1613392c4c17,29.51,upi,success,2025-12-04T20:02:00
1c9fd5c8-0060-4c1f-87b2-5b62da8b03bc,5ba15c7e-0025-4161-9ecc-1c0234e0a62b,65.43,upi,success,2026-01-01T10:26:00
a7d45224-a359-4e32-924a-0fdcaadceb8c,12e18207-fba1-40d4-bb0a-5822509fc2ff,32.82,upi,success,2025-11-03T07:14:00
fba8f223-16a1-4b33-b7a9-d8d8cceba773,7d31d4f3-483d-40c4-a395-098a76737a06,135.45,upi,success,2025-11-09T17:41:00
410f9424-4405-46a2-8edf-ee5f094b80b6,409e943f-d193-4e9b-9e85-2ad574444a4c,56.85,card,success,2026-01-13T04:20:00
f96fbb78-8a18-413f-8ac9-245e5e45abd0,0e674742-215d-4e46-b584-ec13ae26ee63,81.18,netbanking,success,2026-01-10T06:17:00
5f6f9412-d4eb-4523-90d3-e9460f9fbcde,acca8714-aaf1-4f69-89ce-659fc76cbd0f,82.08,netbanking,success,2025-10-16T08:39:00
c7972d61-e0aa-4549-aa04-abfa050694c6,f984e457-968d-476e-87e2-5793ad088742,215.36,upi,success,2025-12-03T17:39:00
516b2e9d-4705-4121-80eb-70bf99d87f36,735d9bc7-7b4f-42f5-8518-b134be1bfb2c,27.27,card,success,2025-12-15T12:35:00
9fa42ed0-5459-4d56-8776-fc9cc6c1525f,fe38aec0-e058-4c91-9287-af5bdbe3500c,35.82,upi,success,2025-11-19T06:38:00
5e95c62b-b568-48c3-8ab6-16ba78721cc3,cbc0db42-0fa3-4a1b-b16c-f954f68c9352,31.91,upi,success,2025-11-27T21:53:00
092719d8-a4b5-414d-9804-de5adf7c4a49,eeed3e1b-d6d2-4786-9f2c-a0744b55652b,26.26,netbanking,success,2025-10-06T09:49:00
e6d689e5-b92a-4236-96ef-659b01f2dc19,86524557-19c5-4500-a0c3-d831cde0c2c7,53.76,card,success,2026-01-07T16:01:00
e892b71f-c795-4f7b-b3d2-124257afc433,f38b486e-8045-420e-b615-7d89b0cff6fb,20.67,upi,success,2025-11-05T18:15:00
3f1aa4be-82b7-4ce6-ba54-5f9a7026664d,c0bd329e-29b9-4dd7-a99d-605abba4840d,146.94,card,success,2025-10-25T17:13:00
1affc687-dca2-46db-8171-a2db1d1a9ffa,10c2b2d1-1826-41f9-81c9-3e31cd76d08b,32.85,wallet,success,2025-11-02T18:14:00
20edb23f-00cf-41e3-a002-82cdf0a64b67,38035979-ffb0-4378-8e08-f70f4656e7a7,95.08,wallet,success,2025-11-18T20:27:00
52ab5b0f-cb0f-4e7b-bbc3-0fdc21bca2e2,19be5b51-55a5-407e-a49d-04f2a09f3be7,30.2,wallet,success,2026-01-08T13:58:00
3f861bd7-0306-48eb-a0c6-fa642644d54f,f67a3f84-cdb9-45f9-8d8e-f01a68d51901,56.46,upi,success,2025-11-07T09:18:00
2f289ff8-4604-4f4d-ba50-68e588ec6ad9,2305b737-116a-4735-aae4-49e063d085d5,81.14,upi,success,2025-12-02T08:40:00
2ea6372d-b570-4e09-8203-0322911dd008,8af4a032-6f38-4c52-b3b2-ab60fdd4ee85,37.04,card,success,2025-10-15T18:33:00
2526eaf5-60d0-4243-a3ea-d8722dba910e,87529f46-23b6-4b3d-a632-bbfe8bef631f,26.25,wallet,success,2025-12-30T19:13:00
572615d4-6799-43e5-9084-7e91198d3787,b9a6ea02-e7ad-43fc-adc8-23ab0ffd0282,52.28,wallet,success,2025-12-22T08:19:00
0dfa01a4-ea85-477e-a2e5-24c933c9e6c4,51961db1-2e75-4ce6-8fd8-adaf9f5e8521,49.48,upi,success,2025-11-10T21:01:00
4e679a3d-e0ad-429c-8b5d-1d378b39ae5f,78d8bad7-400f-473a-87c4-fcf79b20e72d,107.64,upi,success,2026-01-26T13:23:00
0af9b80e-0437-45dd-a95c-eb45367636ed,ec9fe0a3-d0cd-4aa7-9597-515d27bdab8d,131.82,upi,success,2026-01-19T17:55:00
886a4da8-4743-4fed-969d-d187d5d3955f,bce7f510-88d7-484a-9063-e86613d4e22e,34.41,upi,success,2025-12-17T16:55:00
422d7ed1-aed9-44af-a43b-5a03abcaaf64,a723f247-dca1-4cb0-85aa-0ae837e3d484,39.68,upi,success,2026-01-06T12:39:00
eb9d7186-6dab-4f00-8c59-49975f0e44ed,253c6716-ec0a-4d6b-a4c1-79542854ee08,156.0,card,success,2025-11-30T08:49:00
50d06d6f-5308-4286-88e2-08dd4d7e312b,fcb832cb-e532-4255-9576-fc8dc7097333,206.16,card,success,2025-10-09T19:07:00
6374c2da-7c17-41b7-9fbb-79be1b31e30b,073598c4-2b6e-4ad3-b337-6fc868d2e124,95.61,netbanking,success,2025-11-03T09:57:00
10c3a8f2-4af7-4309-b179-428e172e40a2,e58503ed-3f74-4351-87a4-823fdc727c98,22.11,netbanking,success,2025-12-28T12:32:00
4c866abd-04df-4969-90f9-e90538381802,db3e9c5a-2772-4b6d-82b9-8dc2d788f7a2,70.68,upi,success,2025-12-01T07:44:00
e4b1ed40-a63f-418a-a543-b42016d26534,1a79342b-449d-4d6b-bab5-eca5ce3ac42b,46.56,wallet,success,2025-10-22T17:10:00
ba6a36dd-3899-4796-bd56-2a205d91289c,c465c5c4-cd65-43c8-8418-dffc6b68b863,21.18,wallet,success,2025-12-16T07:41:00
797c2cb0-6da7-424b-b754-9e1726e772aa,abc828db-76a9-4c5d-8789-f2ec31f1a060,139.38,upi,success,2025-11-05T19:03:00
adc94c45-ae7a-4d37-93bb-3adf5b39e591,9f1f3e11-5c20-49da-b25b-b3c9cc9e9170,77.34,wallet,success,2026-01-21T06:31:00
99ba4ae0-6e81-4641-bcf6-e64ed00bf3fd,e473261f-9bd5-4871-b2db-932510afa4a5,40.72,card,success,2025-12-12T08:56:00
ed927a24-a60d-412b-9b08-6cefc78bb202,0f9664e3-fd40-4cb1-82bb-b53a7932f550,44.7,upi,success,2026-01-19T12:12:00
0d12c855-3c5b-43fa-aec4-41f38d08d976,3a41fca4-d40b-4932-89f6-4739648b93fb,51.31,netbanking,success,2025-12-31T00:01:00
beffc189-e106-499e-95d8-3e89afb77699,886e5583-90f2-4824-8840-e7f52124649e,20.34,wallet,success,2025-12-15T18:24:00
30786507-754d-48d2-ae53-ab1b554dabca,9940bc22-3ad0-4628-87f3-bb19c7694bab,91.26,card,success,2026-01-15T09:14:00
5dfecc2d-c6fc-422e-ab3b-ee30f99e9016,08de65bc-20af-482f-9683-721e16e3e2e7,46.66,upi,success,2026-01-10T14:10:00
0c69d124-edcf-4363-ae93-a68e2c8ec3f3,084f9985-d762-477b-abe4-8c0f0f217fdb,20.11,netbanking,success,2025-11-10T10:52:00
df170399-5d0b-4251-8512-146bc63ee739,ed58445f-290e-41e6-9150-2e8990ba9553,34.57,card,success,2026-01-13T16:47:00
ce44a6b7-dfb9-4459-8ef9-da91fad36258,29305659-4529-408e-9ea3-3a3c98892b1c,48.74,wallet,success,2025-10-11T10:28:00
22409aa3-42f2-4a38-9593-dbb004b37371,feb59843-f126-4cb4-9f8f-feca93877b9e,28.35,upi,success,2025-12-14T08:10:00
ce5e4f56-5e75-4004-a6bd-68668f741265,e3f956d3-a737-44c5-87c4-56ecd3da333a,94.55,netbanking,success,2025-12-16T08:26:00
472ef6f5-3b1f-4380-9844-ac444310a3f5,97485b05-8e88-4ba5-a307-c0bcb8b35983,19.81,wallet,success,2025-10-07T20:16:00
58dc3628-5ca0-4bbf-a763-d0ee2adc3c05,2fa19d32-1511-4138-b6cf-4ee7cd966cd0,73.83,card,success,2026-01-06T10:31:00
4934f20c-af79-4c23-9c65-5c5878deaf01,be0dc2e8-2054-4a5e-b80b-b3a9fe80ad4c,36.16,netbanking,success,2025-11-24T16:17:00
13f0f340-2664-472f-8d74-a8661ae82e72,25018a66-07a5-4439-b5c5-9a9c3566f37e,81.82,netbanking,success,2025-10-12T15:57:00
2f7762d5-4517-4077-adc8-a2e495be8dfb,e8223a22-0d31-490e-b892-0d6b0f0c801a,196.74,wallet,success,2025-10-05T09:33:00
b67640d6-527c-4943-85ac-33698a235326,04a0f9b8-eb18-4038-aad7-1fa320272b89,28.62,wallet,success,2026-01-01T12:40:00
8e3fcf09-f2cb-4917-b3e1-38f23943c712,8427a761-1a2a-43b8-96eb-6fe877099e23,126.34,wallet,success,2025-11-09T07:21:00
f7ab0c0c-e401-4a87-a7d4-54a05a0a5c9c,fe9e9189-270b-44f3-9dd8-6363a10dfb42,57.58,netbanking,success,2026-01-13T10:18:00
956f883b-d585-4072-9042-95f5b71adba7,4e8a317e-7320-41af-bea7-6416e0baf2a6,110.1,netbanking,success,2026-01-19T08:55:00
1d784a89-3d7a-4508-8308-6bcab4fe1f79,b04c301f-6625-4220-99f8-a09ace908e22,25.56,card,success,2025-12-28T20:11:00
743f6217-86d2-448a-af5a-d0b19d388510,b92c9f81-a80a-43ec-abd3-e2a5a8ded30a,24.6,wallet,success,2025-12-22T19:30:00
9f136023-e5b3-4bcb-b377-8406398d2d9a,a45e1957-881a-4a5f-8ba0-2d3af8eb05f2,61.17,wallet,success,2025-10-13T17:58:00
3ff92c32-32eb-409b-823d-c5ac4d7354c9,7dec52ce-c274-4e2d-873b-fa08dc107061,17.04,card,success,2025-11-26T11:41:00
f33ed506-f8ee-4739-a3bb-27c6e3257b78,2bbc9f59-51aa-4f89-86ed-36a72ac6910c,51.98,card,success,2025-12-28T21:43:00
411f9d55-faab-4f11-81a6-5ec401ed7d27,a110c990-97b1-4e82-9204-144929b4d639,32.19,netbanking,success,2025-12-08T16:29:00
a5246cdd-6260-4151-9597-b50525148549,dbc6a710-fd48-49f4-9121-7e515e6a9915,34.5,card,success,2025-11-03T00:35:00
bde48db4-8bc5-4b2d-8947-58edc5216899,1724911f-3e30-4e94-aecc-10c0df3e8d75,48.84,card,success,2025-12-21T12:54:00
a3a72c7d-ef58-4e93-9a68-e65f3ba26c80,05e8049b-544d-421c-b077-dd02b84329cc,133.8,upi,success,2026-01-26T05:31:00
2a94b839-656a-4e92-96ae-7f6d12fec2de,3bb329a0-cd33-4d6e-83b0-d39e34594513,23.99,upi,success,2025-12-03T15:32:00
0cb10d6f-f763-4b0f-8cab-5de79c80ec19,5fc3c24c-373b-44e1-a478-d584e06e1afc,17.0,upi,success,2025-12-06T18:25:00
2a4a087a-2feb-4786-9119-5a8a59c728df,7d193836-8bf8-4931-be0e-9759b94789ea,93.04,upi,success,2026-01-03T17:17:00
626ccd11-1afb-49d1-9eff-6378bc326c09,007dcf20-3753-4596-8ee4-4456d37806f5,66.76,card,success,2025-10-19T19:26:00
7c50c7ce-78bb-47a5-895f-6935128f2d73,b10e8c79-3fa4-469e-a61e-fa90265f2afb,125.34,upi,success,2025-12-15T09:26:00
9d62c939-d955-401e-9a86-c9eaa7a6d2bd,84ec1bcd-0aed-4174-92d0-c93682e70a91,55.36,netbanking,success,2026-01-20T16:00:00
17ef263e-1ce6-4f14-8dfe-441f26ac9b19,bf6e40c7-a8f6-4a72-baf5-9fd78a57daf9,89.95,card,success,2025-10-10T09:03:00
d4f7c3c2-646f-4732-89ca-834127e90d37,b082b0c9-52b7-429e-818e-96fbf19cd96e,28.21,card,success,2025-12-01T18:15:00
3c449844-8288-4735-8bd1-4e9158db26fc,e6b9aba1-959d-4446-b3ab-9da9e1e6f649,225.21,upi,success,2025-10-21T19:23:00
358cf3e5-1c2e-4a6f-b32b-ebf0e0aaecdc,d930dd3f-8cba-41d3-b825-095fe49d039a,89.68,wallet,success,2025-11-02T08:37:00
e5ca4d43-5e2c-49df-8201-f78e9305c547,c414d9d3-56b6-44b9-8aa2-0db29e91f796,164.4,wallet,success,2026-01-27T08:26:00
eabb015d-2f37-448d-a414-537f85750df2,538d8642-34e8-420b-bfba-714b1061a4f3,18.99,wallet,success,2025-12-28T10:35:00
8c9cd9f5-fc8e-450c-a2d0-b06eab5ce866,3221181f-5ce8-41c5-a8dc-05ccbe6a35a9,31.77,card,success,2025-12-24T19:54:00
d75b4f9a-9e6c-41c0-b034-d1679fb0defa,f56d09ef-97f6-4b38-a302-d7e5b2a80524,74.2,netbanking,success,2025-12-29T01:25:00
5cff746a-b2d0-4cb5-b5a3-5f41a6c974f6,1fdc72a3-5654-4289-a9d5-fe28ffcd0dea,49.37,netbanking,success,2025-10-06T17:12:00
bafcd638-b0a4-4482-905e-a5687b828dc9,f56d4c9d-846d-4a57-b059-ecf2016730b2,87.64,netbanking,success,2025-11-12T19:39:00
58fab4d9-4a83-40f2-b49c-8cc78927f1ec,6da7318e-9264-4e57-a23c-dddffe1ccec7,64.91,upi,success,2025-12-22T15:21:00
4fcfb327-537e-4929-ab90-7fdbeb10da52,01b8afa9-2c06-45cc-8da3-fa4bea8ddad5,63.03,wallet,success,2025-12-09T15:09:00
d8b64083-b1bb-4b38-a689-8b1ccab1ddba,e4043f86-a1a0-45dc-af0e-b5b5fe0c2843,20.06,card,success,2026-01-09T11:52:00
8270fb31-4e58-47b7-94ef-67ce60b722d8,4458eb30-24c8-42af-bdcc-cfd632785e99,19.33,netbanking,success,2026-01-11T01:25:00
ffdebd12-1f02-44d3-b3ad-69cd947283f9,5c3509cf-3d51-4114-8d59-42d12343e640,94.38,upi,success,2025-10-29T19:32:00
055bb581-69f2-4ba6-b4b4-7560989f84be,63a96ea5-dd8d-4549-8855-5a50cdc0a03d,82.53,wallet,success,2025-10-22T20:07:00
132642f6-f285-4292-b1b3-f8326dd316ae,88dd5407-003f-49b5-99b4-4fd531e4c218,13.91,card,success,2025-11-11T06:49:00
b5a3dfbe-ef69-4fb7-aa75-1a96c7bb11f6,e55f7fee-a407-4997-908c-b02f66670e87,72.88,netbanking,success,2025-12-19T12:32:00
b7cffc8f-9bd4-4311-85e8-76e366e4c4c2,448c7f94-7fa8-4d65-84fe-215be13f2c82,126.63,card,success,2026-01-02T16:03:00
16a72fa3-a7cc-4534-8acb-fc36531b1a05,53e96431-0599-4dfd-8f88-54749cbb9e62,33.37,wallet,success,2025-11-08T17:58:00
ab4c2e7c-7f78-4a2f-a76c-9e08384b51bb,1f980032-84f2-4680-93db-bbd56295ad39,18.32,upi,success,2025-12-01T23:49:00
8cb7a0bd-d40d-4c46-9a5a-126880aa8b7b,32995e89-de2d-4ca8-9af0-3b0c65bd01d8,11.88,upi,success,2025-12-28T05:45:00
37dfd00f-37c5-4b1d-8bcf-3a49a06be615,03a957a5-fb30-4867-af9d-36a92d36ca90,94.68,upi,success,2026-01-28T20:48:00
2114e952-5efa-4347-9ed1-aba9a2b3db3a,4c489b22-e89d-4400-ac71-74d227ca6d80,43.9,wallet,success,2025-11-19T09:54:00
c0482c5c-6b30-4349-b1f0-bff573567728,4376887d-d3c0-471c-a237-72ee18cc5ec7,233.48,netbanking,success,2026-01-18T17:36:00
aab45626-a659-4f21-be01-a537d2d440e6,aad520fd-bad2-4d08-bc55-bd37e2b695be,71.55,card,success,2025-10-29T17:43:00
3a5e1086-62de-4de7-8a1c-4f5519bfcd64,40485d80-62e4-4ca1-baea-66b292db3f28,25.78,netbanking,success,2025-11-13T05:40:00
f677c662-2799-4b13-91d1-bbf88a710934,a8ddde53-72a3-4011-b000-8407bc6b6c00,9.83,netbanking,success,2025-11-19T21:58:00
9d90661a-8406-4741-880b-b2385d94d215,29c40a12-e184-4b50-b462-3851915b4cf9,18.1,netbanking,success,2025-11-05T18:45:00
1a385524-c661-499a-9524-eb43c39876a2,0f2d1056-610e-4c7f-801e-41174933ae97,38.37,wallet,success,2025-10-27T13:08:00
4abe80e7-1b9b-4b67-b459-400797d775fb,c00b9222-ed0e-47b5-8e07-d7a93155ed05,106.54,netbanking,success,2025-12-21T20:04:00
d4245c9e-c02c-4a38-8c27-1e8938c76676,7636b46e-5702-4a22-8140-06ae15ead7ef,57.93,card,success,2026-01-07T12:28:00
57d7960e-240c-4de3-bbdc-6b53f3174e70,0f3c28ae-4010-4f2f-a47f-19093a3c2e5f,85.74,wallet,success,2025-12-17T18:21:00
4c46ff74-b053-4a9b-9c42-e596d202aed2,5e9117b3-9c51-45e6-b758-620a607a89af,31.34,netbanking,success,2026-01-10T14:14:00
b2aa76c9-8a0b-4673-ba5a-ac679e7ac775,89224add-5ba6-48a7-a1e0-c73d0ea949a8,49.54,wallet,success,2025-12-22T15:42:00
3cd92b3e-c109-4649-9892-65773e1456d2,62491b50-ebd1-4f28-8d4b-c37e7a18c664,186.48,card,success,2025-12-02T18:14:00
a6cabdc8-30b8-43ae-bcd6-5704d566f5e0,9f53ea97-240e-4048-aa0a-a5666ab9ec8f,61.95,upi,success,2026-01-03T13:48:00
7ab381c6-a49d-479e-9c32-093daf301631,6d7fa8ff-f6ea-4dad-a6f0-6cfdabbd4091,61.68,card,success,2025-11-10T07:07:00
dd8f412e-37f3-4bf1-8b05-792ce0374ac4,1077911c-87a8-44aa-8c6d-90f402e1e388,122.62,wallet,success,2025-12-19T20:31:00
33cbd97f-90e6-4002-8804-df5b99a33eba,d995413a-a3e9-43b0-a664-86a88eec6dbf,50.37,netbanking,success,2026-01-15T16:24:00
ab5e17de-fab2-4798-a756-fb9ce86efb25,514f80ea-5151-426f-961a-9a87c3cfddf8,130.34,upi,success,2025-12-13T18:30:00
96f9b88c-72b4-4a37-b77a-806da7efbf52,c5a74941-1d0f-4322-b236-43020f5b2b06,51.87,netbanking,success,2025-12-17T18:40:00
67b030bf-506b-4caa-990d-864848d6960c,b7617dbb-105f-4edc-bb46-d89d93bad622,68.1,wallet,success,2025-10-30T08:18:00
3cceda1f-0831-475a-8aa5-76d7cb706f46,453e7bd1-29b5-454c-80ee-526f09ed60b1,92.0,card,success,2025-11-30T19:41:00
9c075897-e269-40cd-9bca-bc5fc40a496d,3d76f30f-ffbc-42b4-95de-883ced200130,78.84,upi,success,2025-11-24T07:21:00
8e27390d-b218-409d-a5cf-2e68523d4883,a356d17a-6467-4483-b842-2a28454490a1,46.78,card,success,2025-11-11T18:31:00
e460e6b9-fc4a-411d-91f8-0881c37febd3,44a411ab-91c9-4490-a33c-e1c631e6ed5e,54.53,card,success,2026-01-07T17:19:00
22a7575d-16c1-4447-9dcd-1a6686226cba,1bc24e50-aff6-4864-86ff-a1617c3e23e4,78.18,netbanking,success,2026-01-18T14:52:00
34b8a4f4-172f-4c92-b625-ae30aaf47efb,ee491f89-48d8-47da-8b01-86a0a4437196,114.68,wallet,success,2025-10-19T20:27:00
e4e852ba-392b-4faa-8d4e-66db020858e6,a2b0a5bc-03cb-4303-b617-5427c7a83e3e,163.02,card,success,2025-12-24T18:06:00
06d8faef-3311-4d90-9a7a-83e7fc7d7f8a,582b1ff0-8bfb-4160-9248-84bc43b7d9fb,12.57,card,success,2025-10-13T08:01:00
aaa7ed58-2e55-4e35-8446-e4c345a37d15,90b719e2-973c-41df-a1cc-32fbaaa129ff,53.84,netbanking,failed,2026-01-10T14:34:00
bc6aa153-77cf-4244-a443-d8bcfd4a1ec6,bd4522f7-e47d-4dec-a95f-53f7dd171cb9,42.68,upi,success,2025-11-26T03:36:00
dd0446a2-08d9-4d77-a88b-c22545520e98,f72e3301-1365-4324-aa76-c18cb72499cf,70.32,upi,success,2026-01-27T10:40:00
05f3e68f-ff5c-4257-8329-fd1ffb38c8bf,5a36817c-10a3-4bfc-a4b6-e59fc39e6964,39.18,wallet,failed,2025-10-15T08:07:00
6628cada-c971-4d2c-b0a7-310dc487fca8,29ef555d-adc1-44ec-a191-171dad044def,21.8,wallet,success,2025-12-09T07:07:00
d9c9b2a0-71cf-459f-ab44-ca7244cba01d,c337e3ef-fee7-4e74-b016-80f4e453ff6d,41.64,wallet,success,2025-12-05T07:36:00
3561d121-8ec8-4cd9-ac97-3f7b3cb831b5,2f87f57d-2141-4356-9a4c-eeb774ca7f61,145.89,wallet,success,2025-10-25T08:18:00
49a93c33-7911-47ad-afbe-e25e7ddec6c7,e4f55338-832d-4849-9919-2ca55715accd,48.5,upi,success,2025-11-12T04:29:00
589648aa-0728-45af-bc9a-50fcfa2f91aa,43643f5c-e305-4763-848e-2a98948c256f,141.36,upi,success,2025-12-28T06:50:00
4f643ec5-9415-475c-9b57-61cac4551129,288e0801-4fd4-46bc-a3c8-af29b432021b,11.57,netbanking,success,2025-11-08T19:31:00
1d55f26c-e0bb-40ff-94fc-4b40fe4d642f,12c47d37-5807-4016-98ec-fbe78831f494,60.61,card,success,2025-11-05T19:06:00
e3839b2f-11e6-42c0-a261-539b8256c9a4,6498b507-7af2-4a68-8b68-f0e6a233ac5c,47.56,card,success,2025-10-25T02:49:00
352f37ed-74ce-4664-a460-23a164561103,0bed12da-8f01-4b46-a5b2-02dca891b993,90.66,card,success,2026-01-07T20:27:00
10c78a6a-8ebf-4897-9630-860919c3ee31,ddae9364-12f1-4577-b423-9bd1372c9010,202.98,wallet,success,2025-12-09T07:17:00
0ccb43b5-6172-4fcb-9933-f6e54a8c566d,2f073c44-9fba-466a-b196-4c3c76bf8d89,48.0,wallet,success,2025-12-06T09:31:00
2d80726e-172f-4521-8ade-626b81fa306f,0de488ea-1d14-43f1-a763-ebb4315c0f85,75.96,netbanking,success,2025-12-17T18:47:00
7c2456a3-5c1a-4cb7-ae7e-2959e8de75dc,94edd140-0e0a-4fad-83ce-e007d0457996,52.86,card,success,2025-12-03T00:27:00
5a099822-6b86-4a88-8b07-8fbc96888da1,e0ddf43f-8983-42c8-bb81-66ef738b1445,150.69,netbanking,failed,2025-11-07T07:33:00
13625fc0-94ee-4815-b7b1-c64858e42d61,a90ae038-0786-48eb-878c-38b2e9acf367,202.8,upi,success,2025-12-17T04:52:00
2defc438-a013-4525-9483-710f1dd543b2,40edebc6-5821-4c09-84eb-5dde87e0fa82,47.8,netbanking,success,2026-01-11T08:18:00
3e1ff42c-d986-4346-95da-a20c5181c111,5407e160-5944-4694-aaa7-1842a20cc833,46.18,wallet,success,2025-10-03T11:14:00
b9c97898-7a4c-4053-8837-756cf56ce862,680d44ba-5955-4d84-9ae9-cd11f6213029,52.99,netbanking,success,2025-10-28T16:41:00
1c331226-b5bc-4eb3-a5f1-2a06dc95e376,a109a205-0896-4afc-8f80-427149149db7,12.72,upi,success,2026-01-16T08:02:00
78fb29b2-2b26-49fc-b03f-7bb70211f846,7ae7ddd3-43c3-4b8c-84d6-e8f6814977ea,34.29,wallet,success,2025-12-03T17:22:00
8006e927-5abb-4c72-ab8a-421a842e5fda,6b646712-86bf-4497-bd5b-af937c18e77a,72.75,wallet,success,2025-11-30T04:27:00
f5e7195d-321b-4ffd-9ea0-295b9ecb0b8c,d1d617d0-aaa7-44c1-9531-bac960781c47,93.2,upi,success,2026-01-05T06:32:00
ce1426c8-519b-4f5f-8b78-d2414f6f2dff,e0586f1c-6160-49a2-9fdb-e961cb49d943,73.91,netbanking,success,2026-01-12T07:00:00
1a871284-2554-4065-a954-42bcac79b557,24e1bd59-970c-4613-ad78-9b6a7cad1b70,90.96,upi,success,2026-01-25T08:41:00
8e8bd0dc-d5d6-4b61-84eb-4c2e4ad2ccce,1e9b37a1-b0d6-4421-b487-76b068442ba2,37.55,netbanking,success,2025-11-11T19:37:00
cab32758-c62d-40a5-820d-f9e53cddf3f7,f04ad90b-43cf-4125-bf9d-9e558de079fa,146.58,netbanking,success,2025-12-28T23:32:00
bcf7665f-77d4-4916-8a8a-5699a61c3db8,f6f875ff-90d9-4331-a533-9ad56a490a50,31.52,netbanking,success,2025-12-21T10:45:00
7460bf81-5696-405c-8c6d-7cd10d35a624,bb2eba4b-a59e-4949-9f45-bc517de444a0,68.91,card,success,2026-01-17T14:30:00
262abda1-7f19-4a41-ae4f-3fdbaeb6d2ed,2c7d6e81-126e-4a5e-a495-61c741cc4cac,31.0,wallet,success,2025-12-14T10:40:00
e85f8b8f-f8c8-48b3-ae95-6c8e38d42770,3ffe23cb-fc16-4b36-b1af-262b0a9de5ff,40.91,card,success,2025-12-04T13:57:00
3e17808f-33a7-48f5-a82e-9c397b94fe0a,67673406-871c-4846-a60d-36561a0a11bf,61.52,netbanking,success,2025-12-21T20:57:00
04773c10-8b97-4c87-a891-5493e1ba6d37,21e99e46-f060-419c-961d-e5ec28afb6aa,89.16,wallet,success,2025-12-31T19:34:00
141458fc-9a35-4f42-ab83-6a61a034f100,e5971932-92ed-4d5f-9c8d-4f567ada92df,66.46,wallet,success,2025-11-30T07:27:00
9bcc2218-0788-4e92-90c4-539b90aee350,d843df9b-a0b0-4853-9901-19cf00eb1eda,47.52,upi,success,2025-12-01T13:03:00
9637e401-56de-47ac-a826-909edae45916,6d209065-5bff-439e-83e3-d45ffc038963,94.83,card,success,2025-11-15T19:46:00
6d00ebec-8259-446d-9da2-763a03989a31,df60c3ad-1bcd-411f-936d-d6efc60591ea,16.84,wallet,success,2026-01-19T16:00:00
2b5f0b1b-83b7-4a2c-a196-49e12fe0bb36,b156e998-b4d0-4c20-9ae4-5f6e8fbf4b25,95.74,netbanking,success,2026-01-27T19:09:00
eee140a9-54ea-4264-b737-06defd9fdce5,c13b9657-3690-4d7e-adb7-3e5185f3b012,29.89,wallet,success,2025-11-25T20:58:00
239328a9-467c-4e4f-a313-1ba5c9742d26,4642ed86-c679-40ac-9009-ff67bd17e9a8,20.85,upi,success,2025-10-16T19:50:00
70f35daa-3f2f-4443-ae62-22761a589681,f6265905-8b62-481e-87ce-1496cfa30a8e,36.83,card,success,2025-12-08T07:55:00
f4189715-2355-42b6-9b46-1756116ae7bf,9a8cad39-6bc7-45e1-8b91-6b3839b53806,287.94,upi,success,2025-11-01T02:07:00
3a3d5074-3027-47a7-b0a2-1ae415139070,0d0a655e-b9bd-4b97-9eea-fdf18f3426b2,24.83,card,success,2025-11-25T09:54:00
f8739572-2f07-489f-862e-92be73835c22,5b401db3-bbb0-4785-b88a-487fb43dbd15,126.45,netbanking,success,2025-11-18T00:27:00
eb6aaed4-5513-45f7-bac1-15b3426e5335,f8f45c6f-a85f-413b-90a7-6e472e0e3b58,50.7,card,success,2026-01-02T11:31:00
5c0abd50-1f43-4933-948a-276acbe3cbdb,dc321764-8247-4996-9765-c1941fe602f7,61.03,netbanking,success,2025-11-08T13:15:00
192c567c-b18c-4b16-b7e1-b85fa52f13ad,5d0433ae-3d7d-40a5-866f-8be0203b7319,14.79,upi,success,2025-10-07T08:50:00
6df495a4-9ad8-4a5a-a9a2-9e8dd8c04849,3bc4cf6e-6ca5-46ea-b952-0869871ef8e8,93.24,netbanking,success,2026-01-21T15:08:00
6cce6045-fa8d-4fdd-a245-ce518fcd45f5,147829c4-26cf-4269-97dc-206a63ea2754,43.47,upi,success,2025-12-28T11:38:00
d00c2a65-9af1-4d53-b246-ec3c6cf8081d,06e14d8a-99d3-419f-9234-736e3309b876,52.38,upi,success,2026-01-08T19:19:00
873d3930-7501-43cb-9cb7-9e45b0b69f30,9e7ad5d7-299a-478c-86a3-fa5eaff7d95e,87.68,wallet,failed,2025-10-03T07:17:00
2f0dbf54-6c79-4cf6-935b-a4f08ba30e70,e0057e9e-67bc-44ed-8ce6-d0cd7679d3c2,63.57,netbanking,success,2025-11-20T08:00:00
d83c6c4f-1889-40d0-bdd1-d4109e8fd27f,ae2e9a71-a0c3-4841-8dfc-8525c9d0bb2c,11.88,upi,success,2025-12-24T10:37:00
195e0429-de57-4a24-b5c8-7b34217286b2,0c9f5aa5-fec2-4cb4-9923-c655924246c2,73.18,wallet,success,2025-10-09T03:11:00
6cff01fb-1455-4901-b227-e43f8a6afb49,711ca4b8-6367-4f75-b19c-697fff5beb0a,38.31,upi,success,2026-01-22T19:05:00
c57bd0c1-e78e-4e82-a6f4-91f50839789b,1f64312c-673c-43e2-95c7-acc6f419059f,26.01,netbanking,success,2026-01-11T18:20:00
bf4232fe-0839-4199-a2b0-15519b4695fd,10f65c7a-89b6-44e9-be2b-e5b73aeb31e9,309.66,card,success,2025-10-07T16:36:00
af9efb72-6a03-4586-b297-07ff33b2447e,a7bf5bac-2489-44ca-9e74-572802640579,33.96,wallet,success,2025-11-21T14:03:00
cc18e7b9-d4a8-4669-bf99-563c44c9e1d2,a3f812c1-284f-4194-abcf-6abc8357dda3,111.03,upi,success,2025-12-04T08:33:00
222488e7-c29a-4fa3-87d6-c4315dac2bc5,defbf7eb-d0bd-41ee-ab55-7b5fbf28b0c1,119.46,card,success,2025-12-26T21:25:00
6bdb01e6-fa0d-4a6e-b755-ead93776d380,7d1f0dea-0e1d-47d2-979b-2f0971ecebe7,23.09,netbanking,success,2025-10-06T16:22:00
f58c7f21-4803-4be8-88ef-3376e713842f,7733ce52-bd8b-4311-bc95-a045606762aa,87.42,wallet,success,2025-11-27T21:15:00
dae56287-8fd2-46aa-ba7f-39b0848f4038,922ba8dc-c4e1-4aff-88c9-acf50a47989f,110.43,card,success,2025-11-26T07:23:00
34c74f0f-7ded-482b-9280-8d1b34d0b5f5,b4fd6e31-75e5-472e-a018-b77d1087bb69,79.04,card,success,2025-10-28T10:03:00
6d743804-43e9-467b-a0cf-f6e403fb1bdb,f991ff54-deb1-4f7c-8862-c86d4c965b25,47.44,upi,success,2026-01-27T09:03:00
318b1beb-4489-4ef2-bfb9-988f12943b8b,752a6954-ea8f-40ba-b147-20078c93ce8f,30.34,netbanking,success,2026-01-22T07:32:00
329e2bb7-0cde-46ee-9ea3-cd2d19a323b7,cf1de21a-cb8a-4b51-b871-affeb29f670e,40.55,upi,success,2025-11-07T08:43:00
09bbfac0-e458-41e1-95fa-8946e2760edb,6dfe96ba-3447-42b7-8802-a86eea024a3a,67.42,wallet,success,2025-11-02T08:57:00
455ad5f0-b19b-4d72-be0c-3f15828f1d0e,88f1a259-4467-49cc-9e09-059e56e00dae,24.09,card,success,2025-12-22T07:11:00
aad18df1-3ea1-4b78-bfd5-4ae2e03dc1fb,50154165-6b09-4471-b111-ec0eccb0a850,145.14,netbanking,success,2025-11-01T17:36:00
589f9ec7-91d3-4ec2-9053-0602972bb9ae,1655c002-9d40-4472-9280-cf2d3457a1fd,95.49,upi,success,2025-12-28T18:55:00
0fc8045a-cb89-4440-93eb-49cbd666d06e,b5df1ff2-4ccd-42e3-b8a2-8a70d4fdc910,34.37,upi,success,2025-10-24T09:21:00
4e542bf9-e0f9-4976-8280-10e3b94316d9,93dd3ab4-c5be-4263-9a95-77cde1dc967f,20.9,card,success,2025-12-05T04:27:00
87feeed3-4d13-4b0a-8f02-285c707f07c9,9002241b-f7e6-44d3-82be-9f5bc864ea88,48.17,wallet,success,2025-10-19T15:41:00
b4feed6f-ffd1-488b-8b78-98dfc04036b6,923f6289-fc3d-483e-8dba-07597d0b7c98,33.22,card,success,2025-11-03T17:53:00
4963a23e-e38d-4de6-8629-3649bb5c3ed4,744910a4-11c8-4fca-85c4-5d818d83014d,353.58,wallet,success,2026-01-25T17:20:00
9f24d8b8-7a43-4daa-a203-a7f806829617,bb88102a-40a6-44b7-800a-e269fe40c032,54.0,wallet,success,2025-12-07T12:23:00
459dca3f-1d3a-4d0c-a2ad-71f7fefab1d5,e56582ea-3ddf-4b18-8cb4-5d1a7e9e2098,51.3,netbanking,success,2025-12-03T10:42:00
ef1b54c1-352d-4d3f-801e-b582b8455495,f1ce2355-7c2c-4a0b-a8e2-e5f118b64197,50.85,card,success,2025-10-03T14:02:00
65e7c94a-74f8-4d36-b7d0-26d1ae360b5b,fd7d4c62-f888-4594-bc94-932b7cd5e2b2,70.1,netbanking,success,2025-12-22T18:11:00
4df67220-d1ae-438e-8461-10992054017a,0b2e984a-b0ac-4af5-952a-23c1c079a6cf,148.5,card,success,2025-12-24T16:37:00
c4ee8925-f15d-4e88-adfd-9c5cc9e31e59,7c0bb98b-c047-4f6a-93df-b4e984a4c476,25.79,card,success,2026-01-14T13:11:00
ecc1d8fe-d117-4f93-92b1-78dae8423167,5b23befe-e90e-4cc8-ac67-10c0320b5b6e,78.34,wallet,success,2025-10-07T13:30:00
3e567155-a366-49c0-bffd-e26410f42105,709077f2-526f-486d-86e9-f5aa8035eacb,24.49,upi,success,2025-11-04T17:08:00
4461a5f5-1785-419d-be44-2365c745e5a3,3aa46ff6-c085-46fd-ad91-1be2e25baa94,13.1,wallet,success,2026-01-19T19:01:00
d37d1c91-e85f-458a-a6e6-2df458d5dc36,de3daf93-54ff-4be4-a79e-11298318ddc8,49.63,wallet,success,2025-11-11T16:22:00
34bdb287-8217-42cd-ac4f-ce07c2e424ce,7fbb119a-e222-4775-90c0-2c9ef13e7190,16.57,upi,success,2025-12-19T17:32:00
cc40bd9b-5bc2-4462-ac02-29f8a960fdc8,57b0366b-ea83-41e8-8b0c-ad3a08056594,101.42,upi,success,2025-11-18T08:26:00
5ebc35f7-16aa-4a65-b24c-69774a14eddd,0d60e0f1-b73f-4a82-a617-9b64668e61cf,73.71,card,success,2025-12-07T07:30:00
406b6c80-74fb-474b-816b-589c01d843db,2f79897a-c742-49f1-9e18-5eb2c4489852,79.48,upi,success,2025-10-28T12:27:00
f4729797-2b59-4949-85cf-e7f59085fcff,d5fd3227-f0b9-41d6-b319-50aff1a748d9,61.2,upi,success,2025-12-14T17:25:00
b4e2dc67-0dd3-4f4e-a59d-a827e61487da,a0c14e30-9641-4788-a440-1b8f4647fefd,30.55,card,success,2026-01-24T07:38:00
caae8669-bef6-4034-a071-2b421cfa019f,5f06df42-70d1-4e13-bd0a-d5176e716058,262.72,upi,success,2025-10-18T06:10:00
a9074f38-6384-4d17-8836-3944a127008c,dba35e29-5305-42ff-87c9-0fb5f0275a1f,141.75,wallet,success,2025-11-12T11:36:00
fdc5d8aa-aa93-4b5c-9478-614cab45f5f6,3120acd2-5cc5-496e-aa80-eb4223bd3486,70.92,card,success,2025-11-25T10:25:00
fb4d1821-32a4-44e8-a1db-5ac28e107e85,01fa77f5-3cc2-4fd2-8597-d4a4a309ccec,69.45,upi,success,2026-01-27T07:39:00
ee75219b-37c3-4af3-871d-b8f7b75c640a,a13eadec-1034-4538-8fcf-b33e486d92d8,23.6,netbanking,success,2025-12-26T19:27:00
73f8296d-ee37-484e-a207-47e6da4e41d9,909b5a70-e3c2-4421-add1-e0657cdf98a5,27.42,wallet,success,2025-11-26T02:02:00
80e16b6a-fda7-414b-b961-42ae32bef2e3,1b2a1d30-f8c4-49d4-9f94-a1da8fce3d2d,11.95,upi,success,2025-12-13T02:35:00
a2f557ee-5a7f-4727-b127-757d3e15dd92,42eb5790-de19-4ab7-bea6-d011ce1ecabd,35.94,netbanking,success,2025-12-19T17:12:00
7eaf52a9-524d-49a1-a10f-13f4b78776bd,cb0bace4-67a8-416e-ade5-b8b877a64e1e,68.37,upi,success,2025-11-16T09:46:00
2e576e2a-58e5-4e74-a7d1-1ff90e30f62a,302cda51-b950-4f52-a42f-75640983db32,32.74,netbanking,success,2026-01-28T15:50:00
a39431d9-14de-48d8-8288-e550a283a23a,4aca830a-6e92-4123-9bbb-0072560b6e15,30.6,wallet,success,2026-01-11T23:54:00
bcff09cd-7976-4e63-8e38-702038526ccb,26f90235-5e9a-4be8-9b64-17aace74ae7f,24.14,upi,success,2025-11-07T17:48:00
0bcac7c7-1438-45cc-ba4d-e4b8381040fe,88ce18c5-a2d0-46ee-8b33-6ac62ed6a7f1,30.21,wallet,success,2026-01-07T13:12:00
42621ad8-4d7c-4286-a8ec-e0a333750aab,9fe1a9f5-0921-4bea-9890-3cf0b6d96e16,42.04,upi,success,2025-11-10T06:43:00
c02d856e-116c-4c36-ada1-c279121f468c,b3b6e556-8426-4781-9737-8c0f6b09857a,37.15,wallet,success,2025-10-09T18:20:00
9a9c7433-9970-405c-bdb0-84503fe44dfb,8dcb31fb-64b2-47ce-bb5d-4869ef2d15e0,87.86,card,success,2025-10-05T07:57:00
b075e769-5d30-4a6a-a09a-9bc2d60d194e,41d1d41b-d3fd-4b28-9927-27fc9a176ce0,93.87,netbanking,success,2025-10-08T18:31:00
f4935d7b-6541-4ad2-96c5-c99e1a70059f,9712749b-5382-464f-8220-63262df3eb09,58.56,card,success,2026-01-27T11:13:00
19cb23e5-7a79-42e2-9979-75c57a381c56,694d4d23-2e08-4dd1-8c4c-2441a5f62681,155.85,wallet,success,2025-12-13T08:35:00
6220c664-36d8-4e05-b2e3-32a0d620611b,068de3de-31ef-46ce-8bc7-2346889eb274,63.0,upi,success,2025-11-01T08:24:00
e2327b1c-cee1-4e18-8dd8-dc8c6ceda256,aae823e7-f3c7-4a51-82ee-e899ab0f4c4c,52.14,upi,success,2025-11-02T13:30:00
6c5dd5b4-2308-4f67-a33b-eaf400723ca7,a85bc18d-6ec9-433a-8e3b-099b046fb7b0,33.71,upi,success,2025-11-01T10:25:00
6e7d4aff-0c9b-45f2-bbab-ce5edb875752,535fece5-4e20-4f8c-8b28-e5da2c812f13,164.52,card,success,2025-12-03T20:52:00
7dfeabd4-1926-426e-89eb-ad8f08f62c12,aade07c9-cc4a-4163-b44e-2b9df961a69a,298.8,card,success,2025-11-19T17:17:00
64729850-f34b-4c33-b18d-e363c519ac31,a64baac9-b873-4ce4-9441-8c008ff4dac0,82.5,wallet,success,2025-11-30T17:29:00
ee85243b-2b6f-4452-8b4b-06e1e263b64e,e1b03ea5-49e8-4788-b8fa-6eab864c7003,29.84,card,success,2025-10-13T12:45:00
d35651f4-194b-43f9-b297-4fa09ff5583d,242711b2-4321-4a9f-ac06-1231fcf55f31,69.9,card,success,2025-11-11T21:19:00
6b062c50-57f4-499e-b04f-d1a74e4c3cd1,08c69dd2-3798-44c6-9aa2-7685d15e9c4b,72.51,netbanking,success,2025-12-07T17:20:00
5aa31127-de5e-4c1e-960c-a098f452907b,ad4234bf-1217-420b-98f5-defb0f4f0a1e,25.65,wallet,success,2026-01-22T10:52:00
4dd2e295-2d41-4290-b83b-e01aa1657122,1aff261b-4db2-453a-8b9c-2a3d9ca9c795,99.56,upi,success,2025-11-16T17:33:00
ccb25578-5786-4778-bb24-8f9318fc35be,d675e9f6-371e-4e46-be3b-d355be199913,50.55,wallet,success,2025-11-07T18:58:00
f0859778-7709-4b3e-bbf1-63928326d981,a43722ed-0172-498c-87e3-45f0f30f6d52,34.16,netbanking,success,2025-11-13T20:17:00
ad55547a-dac8-4df9-bd97-c442f7dc1f9f,99f2cff8-b2c0-4fb2-93a8-03d1b07f97fd,46.26,netbanking,success,2025-12-01T20:42:00
e3fdd16e-319b-434a-b4b6-c2abec2ea20f,e037c917-3058-4c6c-9ccb-1e47ebd24a7c,63.29,upi,success,2025-12-13T20:10:00
04124ae9-eeef-4cd6-8184-9767f70737b4,59658994-2180-445f-8307-cd273b54a24c,54.75,netbanking,success,2026-01-19T08:58:00
6b3bf1bb-5efd-48da-a47f-5f306d3c3706,a59501f4-6949-4a26-bc5f-ef34499ec088,82.22,card,success,2026-01-27T07:19:00
74f6d794-38d1-4dbc-baed-3f78300f6b69,3bf9175e-ab2b-46c6-aa7b-b46935251c31,37.84,card,success,2025-11-25T07:47:00
1a767480-6b0e-4022-a544-6b55d12404fa,43502cf8-fd4e-4a31-a62a-d01a5f913d61,20.73,card,success,2026-01-14T08:09:00
17468330-a7fa-4b92-a42a-ccba3a305347,ffc68977-eed9-4620-ae8e-7d9fabb6674e,276.96,netbanking,success,2025-10-19T18:11:00
52963b05-74b6-4adb-a1ec-d357c31d10a5,4df547c6-3f92-4210-9c51-10ed896c3e0b,13.9,upi,success,2025-11-24T08:38:00
2a50da61-5126-481d-848d-30372a2d478e,6bf69777-e469-429c-a842-0832b042a01b,39.06,card,success,2025-12-03T21:26:00
0291ffb5-6b8b-429a-a4b8-99f044a47dd6,008783f2-bd05-4837-a338-cbca3cd864cb,70.26,netbanking,success,2025-10-12T08:26:00
e5cd03f7-ef38-4a79-b351-62327cbb2414,12fe6b3f-4419-466a-9c93-42ec1aa4e93f,49.36,netbanking,success,2025-10-15T14:20:00
dd33ff4b-216b-46cd-ae9e-8c3c6e13071b,0f8ce43e-16d7-4a51-81c8-18759f739712,61.59,netbanking,success,2025-11-01T02:04:00
997ece3f-08de-4191-af8a-9dfe57f0489e,c5d94f0d-f69c-4c81-b966-c8b20bef3691,42.6,wallet,success,2025-10-16T07:28:00
d47ca7e6-f5c5-4d0f-bc18-de950143d8a3,31abaa0a-a147-4700-a79c-745cb7a527c2,44.62,wallet,success,2025-11-07T20:06:00
f363e98a-97ee-4753-97e1-3a59916d72f9,20fb6cae-d721-4e9f-a340-ee4b83aaa30c,87.06,card,success,2025-10-15T09:30:00
27c96cec-12f0-4f85-afe6-4ab9f0bf24ed,bb23d9fa-42dd-4b74-9261-83a3e6d48519,91.56,upi,success,2025-12-29T20:29:00
33c026ab-adcb-4a79-b146-ff3fa31d7a36,64503c10-5963-4a3d-8030-bd28e7dc9af0,43.1,upi,success,2026-01-11T07:13:00
7ba3bb51-3297-4e04-869f-9c63a43b98eb,b1283c21-8f45-43a2-b882-30f1b219129b,54.87,netbanking,success,2025-10-02T18:41:00
90d88929-4f64-4b3a-bcd0-516559d8656d,9a7213b9-3acf-41a4-aeab-b615dbd8a4ce,66.3,card,failed,2026-01-19T09:29:00
1e2eac46-4ea5-44db-a812-cbd5d10bfd10,aaaf3244-3e4c-4146-ac22-255577909c46,61.71,upi,success,2025-12-28T18:28:00
fe673296-eab8-4bf9-82b2-aa830b2e90ce,44f866b2-680b-474e-a99b-39e740f3455d,53.8,wallet,success,2026-01-19T18:13:00
15615e32-d10f-4784-9f18-b78c4d769319,6b79b0f7-2d38-4caa-abb8-ea3f6ad02499,33.12,upi,success,2025-10-06T19:33:00
1cab67b6-b7c8-4b79-a5f3-0cda9a0ddf6b,746821bb-7c55-454f-8aa3-e0893cb1fbac,52.89,wallet,success,2025-12-14T19:57:00
765da81d-6a66-4314-84db-4b020cca94a6,6b130469-c7b4-41cb-93f8-fd1456296757,38.25,wallet,success,2025-12-31T15:59:00
a4bc801c-1e16-44bd-9c82-0c1d720217b4,598db756-1985-4a5c-93fc-b3f939e199c3,45.8,netbanking,success,2026-01-17T12:47:00
0a834641-9ee7-45bb-ab44-1ca55d3fb171,a1b46680-6b98-4f9b-a6e3-407f838ac195,70.83,upi,success,2025-12-23T13:45:00
a3c340ab-65df-4f60-adbc-8261a9200dc3,dd59474a-9038-4dbc-92b6-637c677d78c2,50.7,wallet,success,2025-10-01T20:58:00
4ac76ea1-5751-4548-ae61-55eaa7349c7c,ff0597e5-4f12-45a0-a815-b358b8c2b328,52.25,netbanking,success,2025-11-25T23:01:00
433e9e82-4a1c-4f00-8bbc-f24f6768774f,515e768e-abc6-481f-bec0-c07bbf21632a,131.49,upi,success,2025-11-09T07:50:00
e95ecf03-5f39-4867-88ad-190b281e5d25,5ad98d71-db59-4470-92d1-655569d2a5ff,26.66,card,success,2025-12-18T13:26:00
c768e2e4-7894-4e43-9a1d-296fd39cf219,c336e27b-577e-4ac2-b9c4-52ed82b838a2,71.22,upi,success,2025-12-20T10:54:00
c1987434-f505-4a1b-808c-737d46ead972,c41cbc67-4a29-447c-ab89-d94e1893928a,191.76,upi,success,2026-01-19T04:46:00
5adfb974-a11d-456b-af46-316078aa639b,169d9718-f634-40ce-9d02-4a0090987919,23.8,card,success,2026-01-02T18:10:00
5a42bc79-286e-4aae-b2ce-0fe0b0fcd19e,905cf812-d13b-447c-8762-950b4354a44b,17.27,netbanking,success,2025-12-16T17:43:00
3849a762-9445-4f81-a65d-30e924d11fd7,20dc98b0-33ed-4fcc-a26a-14cbb9e5abfb,12.34,netbanking,success,2025-10-08T12:58:00
d5aa5a60-a36e-4702-ab8b-dd2e54aa10b9,cb2590f3-d6ff-43c8-ad4d-00567d53eb09,32.81,wallet,success,2025-10-13T23:20:00
58eed8c3-086c-44f0-94fb-ed1345952b60,ed2a9a40-2875-4d38-8f5a-6412c485d7a4,24.21,upi,success,2025-10-02T06:30:00
dffcbf9a-71e3-465f-842e-12f24650cbc8,6d7569f1-199b-4313-b865-a90762764cd4,68.93,upi,success,2025-11-06T05:42:00
b591cf1c-8321-48d6-944a-e7e5c7f9e186,f6d93360-6e5e-4bb8-856b-e24697008e68,50.43,wallet,success,2025-11-25T16:07:00
00b5a94a-8d31-4187-a777-4aed15f72d47,98f8868b-fb86-44bc-9d53-1216ceab71a3,124.16,card,success,2025-11-02T08:53:00
66b7789e-3cff-4745-b4b1-faa05caa4a13,fc82934a-6532-4b31-8451-f46a375d1d86,27.21,wallet,success,2025-12-20T19:15:00
636aff56-fd88-404a-985b-df05f5570a03,6957e56b-562d-4c8f-9338-84820cefb75e,123.51,netbanking,success,2025-10-06T09:43:00
2983ced2-cfc7-48ac-84ff-bc4113deee20,e14c4c8d-b7bc-4b8e-8a69-5b3c51918481,55.33,wallet,success,2025-10-11T06:50:00
279b86bf-9922-4b77-9030-5c7afb406adf,5d213277-ca5f-4eb5-96d6-248d0830a80e,66.78,upi,success,2025-11-22T07:51:00
197b1669-1c90-4279-9465-0dcee26ac5bd,2d5910c9-48ab-4679-b743-b6a324a970b4,42.58,upi,success,2025-12-11T17:26:00
f7163302-f221-4ce8-9fdb-bfd25a4547a6,f54dde01-584d-4116-8740-43ee4a41cdfa,53.88,upi,success,2025-12-14T20:36:00
8dd5d109-8d3a-454b-a6dd-6c570c073dac,db3a990d-11ec-431d-b90c-c69934dd87c2,35.04,wallet,success,2026-01-16T16:38:00
c0af413b-777e-470e-bbdc-568db9f0bdce,5afe46c7-b488-4991-b351-5ca019652476,259.38,card,success,2025-10-24T18:26:00
a25fb463-df52-4a7b-bbe8-db106d8cc711,71eb40c8-dfcd-4df4-85c7-1f9892f0ff6f,57.76,wallet,success,2025-11-12T16:49:00
b4963e36-259b-404e-9a5b-ce28b912385c,9a9996bb-01bb-4c2d-b2bf-5471961cab74,13.37,netbanking,success,2025-11-11T08:28:00
67ae1fa4-c5ec-4f9a-917f-a8f986cadb4c,fe259eaf-ae0c-4e7a-9e7f-51d90f7e77e1,55.69,card,success,2026-01-11T14:51:00
e3a18fa7-4334-4e13-9d38-5021265fdbfd,8c430b19-66a6-44d6-a3b3-0a2cf292584e,284.76,wallet,failed,2025-11-18T19:26:00
f15b766b-2753-4f0b-8f17-976fa98911c6,a9bbb60d-d050-4bbc-a6d3-335ada98994b,23.84,wallet,success,2026-01-02T09:14:00
64a90e29-262a-4cf9-9a84-d5ee3707c9b0,672bf6ce-09dc-45dc-8e0e-e2a78aee7c0c,22.1,netbanking,success,2025-12-06T07:01:00
bbc5101d-e7b3-49eb-816b-2a65d95760c0,47bac0a5-8b6c-4831-bb27-e8c6a5ec82c1,102.72,upi,success,2026-01-07T06:43:00
4389063d-d1cf-4153-a7be-6dbf8041a193,deb2703a-cf0a-46b6-bce3-b3c9ece6df4f,39.64,wallet,success,2025-12-05T01:06:00
739a8845-dd30-4218-94e3-851d6496fd7f,2b1db6c8-970d-4983-8479-4effd2714980,165.0,upi,success,2025-11-20T07:30:00
7d669b1a-7861-451e-988b-da08c7004193,d01547b5-8ee6-4299-8fde-c7b8f3317744,47.4,netbanking,success,2025-11-06T19:24:00
035a0295-3588-42cd-b485-b2222a959cc9,5b487502-7354-4e4b-982e-2eb602493e38,27.84,wallet,success,2025-12-09T09:48:00
a221c6aa-148e-4eba-a2a4-3f7a69d6094d,643e48a6-9428-492b-b519-92d7732646a0,139.86,wallet,success,2025-12-14T20:00:00
9b8c03c6-7439-4915-a0c7-e884691b7296,0311eaff-c895-432e-9504-d56fee564411,98.28,netbanking,success,2025-11-14T17:12:00
bcaa9c8f-7e83-4596-965c-9bcaee82f989,3bb9e4bc-8210-4936-9cf6-3b24d9442a87,70.29,upi,success,2025-12-15T15:52:00
511bb3f2-0bf5-4adc-8bec-0e3c17a3fae3,5315d527-aa04-44c0-805f-f6debc6be8cf,55.77,upi,success,2025-11-28T17:07:00
e91616c5-5f0b-40e8-a944-0a1ddbea9420,4b65fd8f-e79d-42ee-bd2e-61907835f5aa,47.42,wallet,failed,2025-12-18T19:01:00
4e6cc1d7-4f8a-477a-82e6-7c9a912fd032,88d454e0-e413-4ec6-9c05-1f8adaeca8a2,11.12,wallet,success,2025-12-28T06:37:00
02a50e28-1f2b-4350-9224-f7f81b3e455e,06081b03-cd11-4cb0-8796-6f0d853c9442,55.0,card,success,2026-01-21T09:54:00
83b724b9-895b-4d52-89a0-ce4d952acf70,d771d2b6-27be-42f3-ba95-29228bf7a714,39.95,upi,success,2025-12-15T14:40:00
afa4db4e-e2d7-42fc-9936-b8344444d713,41360b67-5154-40a4-8f5b-97f2b8e81131,141.45,card,success,2025-10-16T21:35:00
8c62a0ac-91df-49d7-8cd7-001a7fe09aba,cea9f9f3-748c-4fdf-86fd-a128b3c6d916,63.8,upi,success,2025-11-20T20:19:00
2a4dc24d-6580-4649-82ca-ee54e067a21b,0f8e3254-d44c-4306-b8b8-c442acb4943f,180.39,wallet,success,2026-01-21T18:15:00
e0707b59-1ab6-445f-aab6-d80319244ac7,6673d029-fdc5-46ca-b121-f574384c2844,67.48,upi,success,2025-10-10T19:11:00
dc4f1ac1-ee27-456f-a643-d29a6f2149e6,4d0f989f-8f69-408e-8baa-bbf34ef43113,91.58,upi,success,2025-12-16T12:30:00
a398b638-4a49-4363-8be3-3e241d81e008,e41ce246-ab2e-4e35-9482-358d815b94f0,24.85,wallet,success,2025-11-10T20:26:00
c3561d1c-408a-42d3-9676-13e81e9e09d1,ad3fd4af-e190-4e03-b76c-6bb79d5fe006,42.18,wallet,success,2025-12-10T20:39:00
c416fc13-63dc-45a8-871c-ba428d026579,ac98d6bf-94a0-41af-ad8c-d90f55281a55,123.96,wallet,success,2025-12-05T10:13:00
b322c305-63bc-43df-9f70-99fdffef1a77,057e7aca-f6f6-4314-9bf8-6e530f964b5a,60.22,upi,success,2025-11-12T13:33:00
c7e7a9c1-7bba-45c6-8346-62b49fe8401d,68ff98bb-7ecf-4129-ac1e-39f64552f210,56.91,card,success,2025-10-24T19:53:00
97ec578b-31ed-4334-b131-fba7c1f6cf93,870c60da-806f-40cc-87b5-4ce9aa655ed7,66.08,card,success,2025-12-27T07:20:00
8b51cf55-0c38-41d1-9770-dabc136fd1c4,c9f37b39-ffe4-49cb-8b1a-330dadac080f,233.82,upi,success,2026-01-18T16:14:00
0ea9aa61-0e29-45b3-aab1-7abadc227f16,a92dffec-f921-4ecd-b438-6d9b4adea7b4,18.78,card,success,2025-11-11T13:27:00
ffc674aa-4233-41d7-a1f6-520a86ec8fd1,86de3b9a-e99f-44c8-9c9d-028c8f8ee190,24.86,upi,success,2025-12-10T07:36:00
0d12193b-7c45-47cb-a57f-05a07cedf6f6,746b124e-833b-4aca-97b9-47fc88848376,100.36,wallet,success,2026-01-14T16:18:00
fb04108e-0717-4b2e-adab-005654f1feed,ee8e9d31-27fa-4929-a7b0-6eab01feed64,44.9,wallet,success,2025-12-15T19:44:00
df4928e1-b4ab-4acc-b95a-85409db23776,19d58301-ab53-4148-b69e-905d3f508454,29.34,upi,success,2026-01-09T11:23:00
383c5a64-b365-4a6b-addc-2502b3cb025d,7a69ea5f-ec81-4c6d-8b69-d8cddebf311b,19.48,wallet,success,2025-11-08T11:25:00
52308c44-8848-4d2a-98c2-8bc7a0e01831,286a9c17-04a1-4a8d-9f46-9a1519d48fa5,79.53,wallet,success,2025-10-18T15:45:00
5ed5122f-823d-4620-9177-08849aff6fcf,81efa568-4ba7-4431-9aa1-e6218a9eff59,25.19,upi,success,2025-12-31T19:51:00
a86bfb20-d7c9-4d0e-95f8-879cabef2bcc,1d67b453-0abf-44ea-838d-58db4294f15f,143.61,netbanking,success,2025-10-17T16:00:00
a82abb4a-de23-4683-a11a-8a1713747b62,084d10a9-f25a-4540-8991-07481e42a628,8.38,upi,success,2025-11-04T10:35:00
a973a992-2a01-4e7a-91c0-a114fee94eaf,dcccbe41-7034-49f5-b83c-12571b96aed3,62.16,wallet,success,2026-01-24T06:05:00
e26cdd66-eb24-4262-bb3f-f711f382a770,c290559e-055e-4eb5-b71d-e5f2c2187fc5,9.19,netbanking,success,2026-01-01T17:27:00
93079a65-eca5-4057-b00c-b8d8b0c268bd,90262c0c-66c3-4c35-8765-0bd80531b6e0,32.37,upi,success,2025-10-04T20:46:00
0bbfa97d-c9b6-4c18-91d4-9ad0dc113c37,2e881ad9-aa9d-4f32-8e0f-f0b6ec6e77d4,37.34,wallet,success,2025-11-13T20:47:00
f1aae46f-bdd5-414e-9cd8-bfb4d2d4030c,85865486-7de8-43b5-8647-56d30d24515a,120.96,wallet,success,2026-01-25T16:02:00
4ad73b6c-3210-4001-b8d1-ce8331a6dba1,62d1fafa-dfc6-4ee2-a3ba-b91e41a44463,120.18,upi,failed,2025-12-19T17:19:00
7c6d8e55-a0cd-4796-b47c-ea67050da5a5,0ea078a4-0e0a-4520-9271-306b402af3e6,18.96,card,success,2025-11-28T11:49:00
93cdbcb8-5052-40a7-a498-53af926cc5eb,f8a67b38-5417-4ede-92e3-89abd6aaa29a,29.49,upi,success,2026-01-16T22:27:00
d51788b1-cbc8-4aa8-a29b-d5207ae7e78b,0f85584a-ce20-4db6-bed6-ca09860737c4,71.66,upi,success,2026-01-08T15:23:00
495c1736-30e4-4011-9c78-64e75721317c,dce16908-8921-4646-8e6e-f37d38689a32,73.0,upi,success,2025-11-03T11:22:00
d2a56e8c-ab53-4920-b773-1ed924f6a8bf,500db156-7e75-4bd8-b139-bf62f254063d,31.14,upi,success,2025-12-09T14:39:00
6702fb01-ec86-4209-9755-ddc383b1bb20,49c0ed11-ebd1-44a9-aae5-88878d404ae5,46.91,netbanking,success,2025-12-25T19:45:00
ffde9e6d-6b89-4182-8d25-96ccfe149b65,955cbec7-1543-4c57-b53a-78d9ba235a82,48.26,upi,success,2025-10-09T15:42:00
d8e7b133-def4-45c9-ae6f-ef1f24778aee,8633a70e-149b-4fc6-afce-b9ec0a54ba5b,104.5,netbanking,success,2025-11-30T08:46:00
43a453fd-a3f6-4689-85c7-fd624b55c576,ad91d675-f617-462a-827a-e84906d6d44c,30.11,wallet,success,2025-11-28T17:24:00
bacc2e92-129a-4158-b934-815f78c0947b,4bec9955-d450-4d15-87f5-7dd8402cc23d,31.38,netbanking,success,2025-10-03T18:53:00
d4a12b78-c250-4d5d-89e5-33ee1d480172,aee56ac0-39e6-4f49-b8d3-9db7efad8a87,50.07,upi,success,2025-10-10T06:20:00
92c3b91d-f140-4e58-8681-0cc0200f97ec,88089fd8-74a3-4b8c-b234-87851a00866d,22.14,wallet,success,2026-01-01T08:38:00
5770f62d-357e-4d48-ac07-a6d65d6e5e38,2b066da8-f138-426b-9a8f-9eaed45695c4,36.95,card,success,2025-11-14T21:39:00
6c305718-4b95-4ec8-baae-f15976882770,c5ed6ce0-4611-46d2-bbe8-e85e6d617a2a,24.21,card,success,2026-01-01T15:34:00
4800c458-d9bd-4011-bfcd-9bb2567286ab,542523e2-9d08-493d-8e1d-29f9e12e4229,82.86,upi,success,2025-12-27T18:37:00
3249fb8c-4c95-4dd5-9096-39eedbdb8178,442136b9-6247-4902-a78c-38476858c8be,55.34,wallet,success,2025-10-15T22:15:00
248b92e8-70cd-441e-ae66-70ae5126ea82,1258aae7-b612-4d79-bae3-5664ca727cb6,170.34,card,success,2025-11-01T17:03:00
85bd52d3-22cb-4afe-a7e1-a9da709434ad,96ac63e5-3347-4cfa-a46f-2019e4246bc6,49.44,card,success,2025-12-27T23:42:00
7acac028-10b7-4df4-baec-8b3530069833,c42b06f3-c2d8-4c7f-96a3-605c3fc80144,21.67,upi,success,2025-10-31T06:36:00
9ba67174-d192-465b-b913-2012da24aa32,6bc82d8d-f69f-4517-8798-3985de374faa,159.66,upi,success,2025-12-09T21:12:00
f08a6548-4662-4210-bec9-51276682e261,7f18b77d-afb9-41d6-a269-e4d01f398df3,22.58,netbanking,success,2025-12-09T12:42:00
45acf168-5050-4a1e-8fb2-38898091ff8c,77d62f9d-52b0-4be9-8458-c004006e263e,44.7,card,success,2026-01-04T10:14:00
898f4ae5-d537-4f29-99c9-5f992a949e60,046289d2-9d91-4f7a-bd83-854b223df633,36.59,card,success,2025-11-09T20:13:00
53001553-8070-40bb-979a-8ba0efaaf768,5b10253c-13c4-4dbb-87c2-17112a6ca50b,79.08,card,success,2025-11-25T10:31:00
1c761e9d-6702-4cc4-bdec-e6c62c4bfed3,934959bb-15f2-44f4-9ad7-daf0a9ec5d01,101.12,card,success,2025-11-27T15:38:00
be4962fc-db1d-4865-98b2-cf8f8f6c2fe4,d4e83264-496f-493c-8a1d-8fcc5c227d81,39.87,netbanking,success,2025-11-08T10:26:00
1b0c9de0-4c65-49cf-ba2c-a178eb3cba50,c546a5ac-0cbb-410a-ae38-51f711ee68e0,109.14,upi,success,2026-01-22T10:01:00
fdf2e602-0729-4173-b9a0-074c217eed11,710d6768-ead3-4eae-bd9e-0cdee0921e01,30.24,wallet,success,2026-01-25T17:03:00
6ab6cb81-7c24-4a12-8992-714cc4af47fc,6b876101-c3b4-4579-9508-a86c88b320b6,28.66,card,success,2025-12-27T21:56:00
71fa5606-e097-40e1-92dc-886790797d13,8abb51bd-a1d4-4879-ba8d-0c308ee2b8db,49.36,netbanking,success,2026-01-04T16:36:00
d51037a3-b0f7-49cb-b0df-a6ac8924fb52,bcf297e5-1ae3-43e4-8bce-d1e44ac76aa7,62.27,card,success,2026-01-26T08:03:00
97c95a6f-0f3b-4d40-b458-56a50ff2fc41,d3d45a54-1aff-444b-9267-415984ffbc2f,97.64,upi,success,2026-01-08T01:55:00
6a069848-022d-425d-a85a-1de18b9679cb,8d8897f0-f1b0-4872-a4eb-122d3236c7f5,78.68,netbanking,success,2025-11-19T14:21:00
fd609275-9286-4d3c-927b-d0d0846592ca,6be95d6a-b35a-45fe-b384-3b39131e6d6a,102.9,card,success,2025-10-09T19:28:00
f476e852-df24-4be8-a60c-11576dfe03e6,63dfdfa7-fbc6-428a-b7f1-9618f9b78057,34.38,netbanking,success,2026-01-05T11:59:00
66446677-c56a-4152-8bc5-b1b558211fd7,b615a67b-44aa-497e-b265-239c8c9b13f1,112.3,card,success,2025-12-08T18:39:00
6ad97ad5-5b2d-4a86-a96b-03c5c1815884,cb006c2e-c772-4715-8efa-4a3be4a50fe7,31.72,wallet,success,2026-01-19T17:20:00
dd95bad9-572e-4e4b-9a4a-d5362ab08c2d,dc0fcd8e-023f-4222-b3c0-40a713bfc701,63.45,wallet,success,2025-12-12T18:45:00
1097d493-2736-44fd-b2ca-dfabd7768b11,26c4730d-4fea-44b5-bc6e-506e30e8a04c,47.98,card,success,2025-12-06T07:20:00
76f58191-fc4f-4e05-ac51-90e81dab98c7,5e1dfb36-696b-43f5-9a46-6a05516d9291,20.33,netbanking,success,2025-10-13T22:18:00
260c9f40-4eb7-4c5a-ba7f-ef8e4ed14f5d,9491975d-c66a-44de-93d7-c200cfe28566,71.9,netbanking,success,2026-01-23T17:34:00
88476846-fd7f-4204-95d2-ff8b658092c5,4b04bc73-6360-4d77-8862-89c682a2bcc5,18.51,wallet,failed,2025-10-03T15:54:00
82f18513-980a-48f8-a5f1-7b29ae570ccd,7a8f4487-de6f-42ec-a198-b1d85e57ee51,57.34,wallet,success,2025-11-01T13:42:00
ec94751d-fd29-4677-8ac7-f5a2b8a32004,53557ed1-8e38-47f2-8c26-0d29ef2e698a,57.5,card,success,2026-01-24T18:22:00
9e9edbec-8cfe-4195-8ef2-9ebd507b4885,0e18b9bf-3f5d-4924-b543-871940be10ce,76.88,upi,success,2026-01-26T20:42:00
5483f252-e775-4179-bd90-c4065a3ed107,6a667a59-8483-45ba-ba03-aabe96ada7b9,79.56,netbanking,success,2025-11-15T16:07:00
443e3fd0-25b1-4a5c-b75a-2dcb5671f4a7,f24ef824-c9d2-45aa-a763-fd2ad0e6dc2f,48.14,wallet,success,2025-11-01T15:17:00
a89626a0-2e14-4385-8bf9-2663e3a3690d,f100647b-af84-4bfc-983c-7e5bb51a2d3c,79.48,netbanking,success,2025-11-04T07:21:00
d6a0bd7b-649c-4093-903c-1a9d91271113,ebc8076a-a5ac-428d-99d0-7a1c32916c27,67.48,upi,success,2025-12-20T15:05:00
deea081d-10cd-4586-8578-e71801fd2631,0743c3d2-6c92-4572-9968-15def9692fb3,144.06,upi,success,2025-12-02T15:35:00
26407428-2686-4241-bfba-35b8957be625,27c5628b-5fa0-4c2e-8ae8-b1f6f3b4aa51,66.06,netbanking,success,2025-12-24T21:14:00
35f76fd8-1724-4766-a44e-6d9adb8e2932,0ef8cef1-3eab-4e15-9aac-92061c1032f7,69.06,card,success,2025-12-24T08:49:00
85e90afb-9cb8-4d3f-818e-2e651b90c806,8ec81d6b-1f1a-41fe-b0db-e6b20b4c00db,17.12,wallet,success,2025-12-15T21:58:00
58cec486-0970-44ba-beb1-ee51d7f985b6,05f9247b-83ef-4604-82f5-b1b1d4094e81,95.96,card,success,2026-01-28T16:19:00
6b15e2f3-f21e-466c-a037-68b85cd1cfe9,7af1ce0a-bf6e-4ba6-94b2-9530229742aa,20.18,card,success,2025-10-10T05:00:00
d91953ae-495c-4580-8cd2-efbb551966ff,17723e61-6f67-4786-ac46-47bb2884abd5,71.19,upi,success,2025-12-31T14:54:00
33d5f607-7d79-4ad6-b230-d454d25614b1,b7ffcfcc-8a73-491e-9ec6-a779636bebb0,108.21,card,success,2026-01-13T11:44:00
3feece64-fdf0-4020-b679-18e0e43e16be,b7308189-07f9-436d-b16c-1d60e39d1b84,83.44,card,success,2025-11-17T20:44:00
5338e443-86a9-419f-83d3-654d6f559a46,7e66a0c7-dea7-4bd8-8946-443d800a1432,58.2,upi,success,2025-10-01T12:53:00
454735bb-3a0c-4204-b7e6-7040910d9d42,34e156cc-2d53-4623-ae64-b0642c384e73,8.73,card,success,2025-10-31T14:00:00
e9fcf35d-039f-494b-af09-b730377848a3,6760318f-f1e7-4ebd-8913-1acb5be09d55,11.23,card,success,2025-12-01T02:22:00
785b1a2e-afa4-4c89-b68a-8a9d31ac1552,6a437662-d217-4543-ba05-3a1c1c67701a,44.0,upi,success,2025-12-01T22:59:00
7cf1d66d-28bf-4445-9f22-753ae2c969ab,93fb5c6f-4953-4ac9-9cc0-7a973853c79e,89.22,upi,success,2025-12-11T14:06:00
7252fcc3-7025-48a6-a7c4-7d0d256fb44d,48837cb2-b0e2-4d53-b91e-ab4ea1713b74,10.29,netbanking,success,2025-12-19T20:36:00
b11d884c-d74c-4fda-8604-21e3d57cacc7,b8edf2b8-4bf2-415e-abed-770ed90046e0,20.52,card,success,2025-11-02T07:12:00
32c23d51-819e-47db-908e-d60df5530ddf,42d56815-e769-4036-a90e-4208dd93ab9d,94.08,card,success,2025-10-22T18:06:00
96a97463-7832-405d-9ddf-d7d8c2fa3c20,007d0181-bfcb-45a2-a507-b24aac25509f,22.3,wallet,success,2025-10-14T08:39:00
7bbf5fbd-bd2d-43eb-8442-2aff74d5fe59,88582dca-fed7-4821-88b1-f0feb7bf2044,87.51,upi,success,2025-10-12T21:57:00
268aeeab-4cb5-4a13-8c46-644a1c0b4327,ded7224c-d858-4414-ad59-d09c7a4feb67,172.62,upi,success,2025-11-19T09:30:00
4d6aa8bc-e6cb-4265-bf28-b173d0a50d62,503f4aaf-b4af-491e-85cc-e4b2757c4acc,59.12,card,success,2025-11-07T07:51:00
00a485f0-27e5-4ec9-b643-d137a58e51a3,196bd63e-7df9-463d-88fb-0497ea31540d,20.67,upi,success,2025-11-22T01:10:00
60b9bf73-7301-447f-a90b-6acfd08c47eb,6d858b31-8492-43f6-a58f-191578a2301a,64.74,upi,success,2025-11-16T19:22:00
4e78803d-d294-4f48-8f1b-24ecf6d6a330,44669602-f498-487e-b17f-7dcc675235d6,50.96,netbanking,success,2025-11-12T18:25:00
dcbf994e-cc7a-4e15-b89e-d4a03574a6fa,b7b7abb2-1c72-4497-a37e-86dbceee9084,163.29,upi,success,2025-12-13T14:18:00
2a970660-c5dc-4846-a653-a32538bced18,e5295f8d-9914-4229-8e09-d7d73a02e3a1,24.0,wallet,success,2026-01-06T23:13:00
5ef7bc91-2618-4e6c-8e96-ce8e7b2f354b,3e31628d-875a-409b-9c37-2dd925babef9,70.98,card,success,2025-12-31T19:48:00
dddcaa97-06b0-4d70-b510-4da5ddd4373f,65c4f81c-e65c-4231-9a65-cefbf9863912,81.3,netbanking,success,2026-01-21T18:37:00
992d8fde-e4d9-4318-883a-4958c2d8c547,9d4de68d-1d10-44ae-8635-f3b0ae51cad4,39.05,card,success,2025-10-14T10:10:00
0e093f91-af55-47f2-b38a-9cc0ae1448f0,37336757-2ecd-4f72-9b2c-829e1b8ad9c0,60.54,card,success,2025-12-04T18:50:00
c5d311ea-ee77-4784-b6f1-b5a275a039c7,2050c7a5-5830-4690-9f53-2731f6c99f46,32.72,upi,success,2025-12-14T10:28:00
d12365c8-aa51-4286-a6d9-64663d20fb97,60041226-5c15-4f75-ba5e-4b3360524fa4,57.36,wallet,success,2026-01-09T08:20:00
7b72264c-6755-46bf-bf52-a499d6aad31c,8a093be8-a001-498f-8e41-aa4d9e85485b,129.96,wallet,success,2026-01-04T04:16:00
d273bf63-d4e3-45ea-a8e7-3ee0d1e865ba,1649d34e-4faf-4aaf-abbd-f9d5541d7f81,166.98,netbanking,success,2025-10-19T07:20:00
9cfff53a-9040-45af-866e-ab19c67f7cbb,6ea41a7d-4ba3-4630-8ffc-bb0a5ba38ff7,65.04,netbanking,success,2025-12-24T14:40:00
11d57c4f-a869-43d2-abbf-c17bb0a34893,de292047-cd9d-40fc-b95e-0a79373c83ee,20.62,wallet,success,2025-12-10T17:22:00
df9d777d-38cd-4f82-a006-233832aa3e67,3de39949-eb95-4ef6-9310-48efd1748b7d,177.72,netbanking,success,2025-12-31T00:23:00
2ddb4368-c7e3-4762-845f-70045a3029ec,b9035224-f25e-4cc2-a4db-1e9bb61b312d,16.95,card,success,2025-10-27T23:17:00
2e7c53ad-3544-403f-ad8e-2ffdf4901490,42392b11-b15f-4548-966f-1dc58d314cb3,61.43,card,success,2026-01-10T09:51:00
7e94bf5d-76ae-467c-9938-96488e90fce8,71cc8b54-c07e-4127-bb38-926a200a615c,38.85,card,success,2026-01-21T12:07:00
6fd76662-e408-403a-86dc-6f0c44453a27,a0baccff-b977-4082-b2fe-991b0cbede7f,62.58,netbanking,success,2025-12-07T08:08:00
0a0960f0-5673-4185-a658-6b22e452483b,49113fd2-fb51-48fa-915b-ba8e7aad6049,68.7,wallet,success,2025-12-12T18:25:00
2ec57a8f-1d18-41b5-bfd3-395d9b1aad3d,23d1cd9a-74be-42a7-94c0-278b2a911d70,35.72,card,success,2026-01-04T18:51:00
24222a73-a237-4546-a349-761ceb21b358,5c07a6fc-0ace-49b9-ad20-32956233c4d3,34.84,card,success,2025-11-12T16:43:00
995b9d11-634a-45f0-8d26-b3718cc74d25,a4386b45-240a-4744-9da8-7532543ca623,95.28,netbanking,success,2025-10-04T15:59:00
87c7d159-6870-4201-a28b-842263587391,d7c16dcd-7d20-43c4-a5c6-08b91b9cf14b,18.54,netbanking,failed,2025-11-15T21:51:00
119a71f1-b554-4a04-95d8-7713813d6efd,00ed34e9-ce19-426c-9548-3f952d4bcf27,40.96,wallet,success,2026-01-28T12:35:00
171cefa2-a8c7-4c4e-a48e-dec0799674c1,655b16b0-130e-48cd-9310-b76ee7bc5877,90.62,netbanking,success,2025-10-03T12:55:00
80f99f29-7c53-4d65-9b07-0d4c4dddc478,903dba01-b700-409f-8382-0480b7c965a1,25.65,upi,success,2025-11-28T02:32:00
a8c76466-5608-4b0a-afbe-25b0d1f5e989,b0f47fde-1ace-4e7d-9806-955681abf48b,73.66,wallet,success,2025-10-20T17:44:00
466526b0-b24a-48cd-97b2-ea8e7ba0bc7d,1afbe4be-43a6-4fdc-af35-275a0cf35f73,150.04,upi,success,2025-11-13T22:06:00
9956a27c-be00-4a91-99c8-bb6896193a83,a25effe3-24c9-4764-a46b-7f28cda7999a,105.94,netbanking,success,2025-11-23T12:15:00
9ce547f9-1b6a-4877-9580-815b3ea9e254,5798e128-2d84-4695-80b4-a31a9a58a839,16.72,netbanking,success,2025-10-28T11:04:00
a5991be6-5c9c-407c-932a-4b4b28d9c1b8,601bc1cc-959a-4859-9ddc-82533fb6634b,39.75,card,failed,2025-11-06T17:09:00
02dce298-843e-4109-82fd-d3c67d8b5190,389c6350-3d37-4b4d-a90b-eca91a5ce654,55.26,upi,success,2025-12-23T13:33:00
bca9ad23-7e48-4f86-b016-8e9cef6c71f2,c43b094b-9bef-4a73-8c6f-082f15cfd332,82.12,upi,success,2025-12-13T20:07:00
f3cee136-53c5-45a8-8f9a-14163b972bc6,9d9a089f-a0b1-4043-9611-1eff03cdebc2,28.64,netbanking,success,2025-10-11T10:22:00
eb40dbed-19da-4eac-953d-e11cf1d9b325,7567dc4f-f964-4977-a6cc-35ebe43a150b,43.77,wallet,success,2026-01-14T11:36:00
622e2d70-df34-4916-9cfb-24535478e0ef,002b8cdf-4c76-4c41-afac-7461f36186d4,54.34,card,success,2026-01-16T16:10:00
68a3d481-820e-4cd6-b198-d7e9e3759d19,7c44dcce-8b4a-41f7-a8b9-0e1400336ba0,148.2,netbanking,success,2026-01-22T16:39:00
e501a889-9313-4058-9e78-c74c7f818b5d,e01cb0b6-185e-429a-a0b5-0796f19d4904,32.28,upi,success,2026-01-18T18:41:00
ecb974bc-21bd-4295-99cb-11759f082111,b652b751-3ad6-4ea2-aa30-3f4a7f0caf8d,51.9,wallet,success,2025-10-31T08:12:00
1a3efd71-df05-4bc7-b015-8814cc977b78,1e37b38a-cea1-4260-8cdf-52f176c00968,9.77,card,success,2025-12-01T06:39:00
a5958d27-47e4-4d4a-a027-a4bb16d0abfe,a225c636-799a-4c76-b719-8865d1cc9366,57.72,wallet,success,2026-01-11T22:11:00
578c7ef0-7d03-43c0-b199-d53e9fa8188d,ea521ce7-198d-4dd4-b781-dbaa26869630,40.9,wallet,success,2026-01-01T11:11:00
6320ce1c-3ca6-4c4e-a05a-9d9cfdb017aa,d43328c9-e960-42e8-b295-5289a725e457,80.13,card,success,2026-01-23T16:21:00
eb53de35-afcd-47bd-8e8f-02b521a22d52,11e388b6-cc71-4056-b239-719f57b9dd2d,99.24,netbanking,success,2026-01-23T09:34:00
eea20f2b-8943-4e6a-bbfa-69286c9befb1,2c991ec7-635b-4229-a608-d2ca03aeeb65,158.94,upi,success,2025-10-04T22:27:00
3d92ee08-4ea7-4ef8-9e97-2426920ea75d,e799b118-3f52-4a7e-a29d-c77a6608afef,32.47,netbanking,success,2026-01-10T16:47:00
3a9c8ea7-fbd4-472c-8075-1374810fa5ae,3048569a-3839-4dce-9b9e-edb83a553e9b,26.82,upi,success,2025-11-05T16:51:00
b8e45ffa-4a47-4827-9864-9d9b2b5f3f15,b0742e21-d4b7-450b-aaf7-bd73c78b663f,108.9,netbanking,failed,2025-11-07T20:26:00
06519587-c48c-4502-b98e-bf095c1d0fd9,2706183e-7c22-4358-9e5b-7b138d52f6fa,37.45,wallet,success,2025-12-30T19:53:00
53ee6fd6-ce88-4cd2-8c3a-75b07b8f0656,520cd6ac-bd51-46b9-b954-67e17f1915be,35.67,wallet,success,2025-12-30T05:33:00
89691d7e-d149-4f6b-a926-cc8cc92f37ea,68550a78-576b-4975-8f82-471c06d40af6,79.32,card,success,2025-11-13T10:54:00
2720bd9d-d246-4ae9-9e1a-627b908b9c81,6ec7f8cd-8491-4959-8ba1-3c0c4788e776,51.32,netbanking,success,2025-11-11T08:01:00
1a1b31d2-af21-4c95-8b2b-4d3187b4e234,e0f5dde9-0575-4c66-8bfb-8c1d529dac93,58.52,card,success,2025-10-10T17:23:00
347813b0-7822-4a5c-9feb-d0ae73f60ee5,55653613-59f3-47d0-bc1d-a33ce92daeb1,34.85,wallet,success,2025-10-20T06:43:00
48c3e866-bb30-4011-b14f-88f05aa49a9d,ebc4fd0c-5334-4dae-9970-5ebf0cb8f491,71.19,netbanking,success,2025-10-18T20:55:00
431e159f-fc2c-4d17-8052-b755626136e1,e910c0de-2d3d-405d-a9a8-d4fdd8f3b60e,41.23,netbanking,success,2025-11-09T08:34:00
13f06ec7-17d6-45d7-9286-bf63bebe4912,2f062621-6106-4e12-b27f-bf9c39662edd,48.12,wallet,success,2025-10-16T07:49:00
28b92941-3670-40ed-b1c1-c3ab4ecd8e1a,f5548731-08d3-4391-a7ea-9d37e1f90ced,192.76,card,success,2025-12-16T06:41:00
a4fc480c-d234-4c5d-ab97-4e2b2b4546dd,b210837c-cc1d-49ae-bde6-1dc01a08efa7,172.86,netbanking,success,2025-10-26T17:27:00
c7045693-f0b1-449f-abdf-7cb004cb2ab1,0093f2e9-a9ff-4517-b988-609b4218fe9a,12.35,card,success,2025-11-10T12:31:00
aa317b31-063b-498b-853a-8481a8b2b8e9,2af7db2c-5c54-460d-acb7-207a6154635d,27.59,netbanking,success,2026-01-01T11:07:00
b12c141b-f1aa-4489-bac3-00b40eb6c924,0f20c468-243b-41dd-a5d1-d4d393fc75f9,45.2,card,success,2025-10-15T16:24:00
549eb411-8dc2-430e-8484-642abcfccb1a,145c41ef-1846-418d-b07a-15c48d5893f3,70.03,upi,success,2026-01-09T22:52:00
8d24a952-c5fc-4b27-b08c-15bef0336484,63646aef-7722-4ea2-aaa1-fff51c3bcf14,61.97,card,success,2025-10-25T03:02:00
8b5ff15d-dca2-4a61-a61d-b6d38c05ae12,28d6f304-c7bb-40ad-879f-ff43cddc9ad9,283.02,netbanking,success,2026-01-07T10:43:00
db6a08c7-ff57-4c06-b6da-2c104f6ebb11,8a03d506-c95d-4eca-b0a3-b9fff8aa49f6,31.07,netbanking,failed,2025-10-17T12:16:00
ccde2536-15eb-4d3d-9d1b-b3e81abebdd4,0f3c286c-014b-478e-910c-17ca52c10cc8,20.69,card,success,2025-10-24T13:38:00
89139be1-6dea-4efd-9a48-f68455a24f5e,84ba0159-305b-4db9-8e18-c58c2c0dfd16,131.31,card,success,2025-10-16T09:32:00
ec137ae8-ab60-4e53-bd43-b5f99bdde6d3,1c8ee748-a0fb-418d-b19d-f3c073c53c1c,21.24,upi,success,2025-11-13T14:18:00
ca74c99d-2387-4270-b0ff-90c646b053b7,685fa3a8-5c91-42f1-80c6-7de73cd10ca9,9.79,wallet,success,2025-12-07T07:15:00
b7d75f44-24d6-44c4-ba8f-9835f44f4b73,1b2aa30e-e9b7-409e-90f9-359855eee52c,34.02,wallet,success,2025-12-08T15:57:00
8d9bf3c9-cd8c-49a3-87cf-b527ad89c14c,08ba9c53-4912-4f04-9b1c-03ac1bb3cf27,52.17,wallet,success,2026-01-08T07:42:00
06701aa3-7513-45a3-9f05-0ca7e37e9a11,1c66c6b1-7470-4f3e-8f56-2c685a9880cf,141.56,upi,success,2025-12-08T18:28:00
8d39f6f8-ca7a-4a52-bc7c-b536f3311e8f,aa434ac6-b65b-4228-8d08-3c605229b0d2,41.3,wallet,success,2025-11-20T06:11:00
e669784e-0b28-472e-8413-912c363b5755,de35b0e2-3116-4c86-8df4-19366b3a35a7,60.63,wallet,success,2025-11-22T20:54:00
1995dc18-8828-4078-8e45-4c08ef5151ed,1cb1d67b-2809-4362-863f-2bc3bd732ccd,59.79,netbanking,success,2026-01-13T19:32:00
aee7f737-4b42-4b43-95fb-b2c25d550110,f2fe9b62-8031-4ffe-8e4e-4bec43a27b45,44.09,upi,success,2025-10-08T21:04:00
fa2a4f20-709b-476d-a64b-4305847faaaa,315d4335-8e67-4df4-bd57-1e4fb260d8fc,192.08,upi,success,2025-12-05T11:21:00
58774e9b-41b0-4c7e-8da1-513e5d2f5ebf,0eb76720-ae1a-438f-997f-94cb50874383,43.32,upi,success,2025-12-03T18:07:00
791d4fe6-e6d6-4422-aed5-924306d212ce,98c22ac6-4d8b-4e19-8d27-c187b0558468,26.34,card,success,2025-11-27T08:02:00
22afb9b2-4e81-483b-86d4-c86f5320a68e,dd696fc7-2fc0-4d99-91b7-bf53ca60d7fa,76.02,wallet,success,2025-10-16T18:12:00
c6d081df-7e0d-4350-b98f-0ec9fccfaed1,5d141d6b-24a6-405d-9c20-c0a7bcd591b3,167.04,wallet,success,2025-11-24T09:23:00
5847e362-0005-4ab8-b7e5-a098e7603f80,a02d9677-9da3-43b3-a5ae-7df2c879ca45,58.52,card,success,2026-01-21T08:32:00
8a8f6577-225f-48c6-92e7-9a1c93836f43,3ef59c00-56fd-4fe5-916c-5217abd18031,172.74,card,success,2025-10-27T01:32:00
5980756d-6eff-4fa6-aef9-357b0f3fb2b7,e2c91db4-f50e-4aa9-bf0e-0d1c4f6637fe,212.97,netbanking,success,2026-01-17T08:35:00
22c103e1-c1fc-4335-b17e-aaeeea4dc7ca,40b51f9f-599f-4b72-8055-d18f6e202e73,119.38,upi,success,2025-12-27T16:05:00
e6fe721a-b2cd-4de2-b3dd-0bc4daa166e7,77d7c9d1-5ef1-44ce-9caa-5f8eb67423c3,55.52,card,success,2025-11-23T20:12:00
376762da-81b3-439f-9130-3af45bc1c91f,1388b863-748c-4683-97ee-ab4087eccd66,29.49,upi,success,2025-10-19T08:06:00
1ed0cc14-c8ab-423a-b2c1-dbe0c99a67a9,026c9217-17d9-4aa4-93ea-aac8bdb8f369,166.62,wallet,success,2025-10-19T08:44:00
d6ee92de-ba9d-4ac4-b81c-0ad94b89195b,06145bfd-b69d-4346-811e-beb3693d5079,109.02,netbanking,success,2025-11-07T20:35:00
e5aa7e3a-f151-4c58-b21a-627ac75397f0,db8e586b-70fc-4275-bfb0-8e4cfbe2e921,14.09,wallet,success,2025-12-28T07:42:00
2aa9844d-c2a7-4db1-aade-fd37f3195daa,bf88905d-5960-4599-8a85-542f572aab17,19.11,upi,success,2026-01-28T10:05:00
78a3842d-9629-427a-9511-33b2fd53af94,fd258807-ce39-41aa-b189-7c0da383c96a,90.38,netbanking,success,2025-11-16T19:52:00
5c7208e3-0114-4ef6-bf94-9f223cdc5bcd,4fa7d5b2-8f1b-4e26-ab11-311ef60a3967,82.1,card,success,2025-12-26T17:02:00
74ef2029-94a3-49a3-88b4-339d6d86cd98,2e63455d-d990-4522-944b-6532959181ad,25.36,card,success,2025-12-11T13:28:00
f318fcde-cdb9-45a5-9861-49db1caf06b9,62022c27-3ffd-46fa-9240-556b1f18a671,166.26,upi,success,2025-11-02T16:25:00
d4f92484-fe15-4eef-a164-ca001b2c2827,c3820bc1-8833-4125-bd8f-2eae00836999,35.42,wallet,success,2025-11-30T19:43:00
d69b5678-050c-4515-b63d-7365eaefc56b,fd904c08-0e53-4ee5-a5b9-b608a36336b4,25.34,netbanking,success,2025-12-05T15:28:00
4063e1bb-1478-4c39-a5b0-500c45de8fe4,161a608c-64f9-443f-8b8c-9de88180c12d,47.13,wallet,success,2025-12-08T00:57:00
95038977-93ea-4b79-b6ee-8e3cd89ec3ce,1014a91a-4099-4abf-a690-c9dc4c25503c,48.2,wallet,success,2026-01-21T16:46:00
055208e2-06ce-4e3e-b0da-766b4a2c5899,2346e04b-a8ab-45f7-a78d-95dbd378ae1b,49.34,card,success,2025-11-13T13:21:00
7cc597a7-a604-432d-b6cc-1e91d7695014,3de1d90c-02ff-40d7-8e3e-8c451a97a547,73.08,netbanking,success,2025-10-05T09:28:00
ffaad4af-e081-40fa-aa4c-731d53959568,2634a954-5b17-466a-b4e8-0992300422e5,111.04,wallet,success,2025-12-03T20:30:00
f947131b-4963-4fc2-8da3-cdce42f725f3,ce98b257-5d3d-4fb4-b219-0666e46056eb,55.31,upi,success,2025-11-15T18:17:00
dfc843fe-db2a-426f-baca-efddef95301a,8e732841-0d73-4146-a96d-94eb45a1a348,174.68,netbanking,success,2025-11-26T02:09:00
2a5cbfca-4f62-4566-84ef-6f05b412a598,6f775ab0-509b-4052-bea6-c5adb1fcc9ba,243.28,netbanking,success,2025-11-02T06:45:00
7a3e89ac-d53e-4d2f-a5a7-8dff15422428,d8526d09-2471-44f5-b1c9-508856276329,37.88,card,success,2026-01-20T13:19:00
846b938a-82db-4727-8d41-c7fa1928e5b6,90cc0d01-8cb9-4894-a595-c84e96f44d5d,31.88,card,success,2025-10-10T18:30:00
329bcf89-7825-43dc-bb20-9629179cf477,09b3c5eb-9ffe-41a4-9839-9ddf6146bac3,222.36,wallet,success,2026-01-27T18:31:00
90621bdc-19e8-4f2c-a413-fb0a3d1db436,a44d9e44-b68f-412a-83ea-abe5d2b174bd,46.1,upi,success,2025-12-29T15:37:00
05cd767b-e936-46c6-bd17-226639d65dd4,a2b81d31-0039-48c7-8fde-da5ff363cd60,50.82,wallet,success,2025-11-07T17:03:00
2aaa9b39-8c76-43ff-a0c6-20145aece0c6,ebdad7b4-6cdb-4a51-bf70-9b54673bff54,26.73,wallet,success,2025-10-06T17:52:00
ee4e82e0-643e-42ea-84bd-e056a92b36ab,7dea4bb8-c344-409a-a6b2-7aee5f262917,27.26,netbanking,success,2026-01-15T10:03:00
e3fa401e-710f-408c-9ec0-f82706b5f8cc,b2e82af9-a4bd-48b7-bb44-73a0c449639e,110.64,card,success,2025-11-05T08:11:00
dc5340a4-7b81-449f-865f-b8c0dfc6a8dd,40fbf5ae-6632-44d6-908f-b1aba1f2230a,29.33,wallet,success,2025-12-25T07:22:00
91dc7096-07ab-4ee0-808a-ad7af8f56040,3007c31a-f19c-4171-9911-ae971b8a8b16,41.71,netbanking,success,2025-10-26T04:23:00
4b1ce590-7405-4852-a35a-b6545a7831b3,c928a51d-93a7-4f1b-b3e2-ed5066b0b694,54.14,card,success,2025-11-25T11:56:00
2151666b-b466-428a-a067-af8ff16820ba,65d9f4be-2031-4483-9e01-a1fe988fd5b3,35.03,netbanking,success,2025-11-27T09:33:00
97bac18e-379a-459f-8c22-1c7babd3ee4b,31aa6a10-b7e0-40e7-9c59-cec23803d6c8,163.4,upi,success,2025-11-04T00:06:00
920da986-69f7-4981-8024-89759af51cd1,c3e71def-57b4-4c78-9032-deee14707128,97.29,upi,success,2025-10-03T09:17:00
f336da30-e044-4151-89eb-bd48dfc0901f,e7ad7f4c-8dfd-4b52-a997-298f42eea4c6,39.22,upi,success,2026-01-14T09:54:00
5506005b-9f00-4a31-87c5-92836c35a5b3,166fd693-2baa-47c2-9e05-c8969570a905,16.41,card,success,2025-10-11T20:17:00
f1f51fe2-e7a8-4c1d-9a33-7181c840a929,6971a54f-4e9e-48fb-a18e-b478874bb29b,92.98,card,success,2025-10-16T22:54:00
bc219801-f2f0-4140-9af6-84dd89ee59b3,b5a0d5d7-8227-450f-b6c6-d9fae83520ba,12.57,netbanking,success,2025-12-12T10:04:00
a9a25910-6eb8-40d1-93d1-3f9f9b877034,c57f2d67-df4d-4ebe-af4f-f56da1b92dda,9.28,upi,success,2025-12-04T02:54:00
90262a2c-9f8e-48fa-baec-33a8cc872944,0d21e351-ddeb-484e-bdab-fa59fa0a0035,25.15,card,success,2025-10-17T19:15:00
384b85d4-9a39-448a-af93-873b3a2ea42d,d63fdb3a-91f7-4ec7-99b2-4b90182acde6,31.33,netbanking,success,2025-11-19T11:33:00
95c43ca1-da26-48f9-b93a-9ab5841dd2fc,370f59b3-63dc-4cfc-ae1a-d335812d0a67,61.81,netbanking,success,2025-12-28T12:37:00
e71e16aa-2579-4df2-89fe-73f0b288c839,3409c31b-5d18-4b49-bd30-f458cc39251e,74.4,upi,success,2026-01-19T19:49:00
f5709655-c43b-4430-83c8-1516d0e4b405,cef37f58-acc6-408f-bb27-dc5d026c5abc,44.84,upi,success,2025-12-19T18:17:00
3f5d07c5-2af2-490e-a031-5129fb0b96be,32d2df5b-b7fa-4acb-a223-306652acaec0,89.72,netbanking,success,2025-10-05T22:59:00
173f2d4b-765f-470a-9e2d-268a4926e55f,1b0e8d1f-5c76-4bd9-a4ab-535af70353fc,68.79,card,success,2025-11-22T22:53:00
5d76027d-6b33-4804-96f1-dab18e231ef4,fa0767ef-8ca9-4152-97aa-f66a7ce43f52,105.33,card,success,2025-11-17T20:19:00
f2b83a6d-4c43-42fe-ad2e-7d9990addc6b,47ebec43-6af8-4617-a47b-f5bebb6add63,53.07,card,success,2025-10-12T12:40:00
c5e9dd77-c20c-405e-91a8-40b90b386906,73d25573-c5b9-4b86-8a2c-b9a51abf7b5f,71.26,card,success,2025-11-10T17:17:00
c0f27a12-0046-4bfb-804f-51c388d23391,cb4cdafa-39a3-4805-9f8c-02b7ae71a534,59.71,wallet,success,2025-12-05T18:19:00
ae563f57-fff4-492c-b425-33e1d41e20f1,ba2f155f-61d7-4884-ac9b-47ecf0dcebbd,173.04,upi,success,2026-01-27T05:25:00
4fbefe93-9d65-427f-bee0-916a299b7394,5a38cbe5-ee06-4ddd-8992-5f869fbbaab2,85.81,upi,success,2026-01-23T19:02:00
07b54b12-0eba-4c9a-b032-1a1555833af0,1508bc29-c518-470f-be76-74a221b3c5e4,24.55,wallet,success,2026-01-21T15:53:00
e518ceb1-d746-42a5-b181-56ed2a6e8492,3c13885d-aca7-4e09-87bb-2548da8d14fb,92.28,upi,success,2025-12-23T21:29:00
4d8cd9a0-5134-463f-a29a-f93943ff8c38,135db0bd-83aa-45aa-ab85-ac0795e3d381,64.38,netbanking,success,2025-10-11T20:01:00
0134c18c-d44b-43e7-92c0-6f5f4698fe51,032f157e-0587-4f62-abf9-a4b238e6938b,69.51,upi,success,2026-01-26T17:19:00
6cffc216-0f8e-42da-bf1c-91cd1831bfc5,fbf408f0-759b-4348-a41f-2bfdf2ebe033,19.29,wallet,success,2025-11-20T04:31:00
8155c5d7-a35a-42fa-ade3-dd034a869d6d,265c728d-9996-4b0d-996f-ee36232d0cf3,54.87,netbanking,success,2025-10-25T18:47:00
30cd6289-c4cc-4bd7-b3ef-1388f0531e1e,e587a0d0-9b8c-4c15-9768-c0a830be4345,101.62,card,success,2026-01-02T23:25:00
28237e56-d53e-4af4-a563-c0f31c4c8bd9,281b82bb-2beb-404d-8aa3-968d04980083,119.73,upi,success,2025-11-26T12:08:00
f693035f-f906-4702-af37-f8bc8deb06db,d94978e3-559e-45f6-bba9-b9b3cb9ad86d,254.96,wallet,success,2025-11-02T21:15:00
a8149f68-9703-4e37-ad96-56c59c41eeb1,14ab5334-7770-418f-8c85-1fad6b189813,39.42,card,success,2025-11-15T17:59:00
1c5c53a9-5e96-4e6b-9b2b-aeb7a343020c,fb35c1fa-6e32-46c2-b6c1-a4bb3e567e75,72.55,upi,success,2026-01-04T19:01:00
e6c4a332-e105-4728-8ece-2227439c0f7b,fbb39a23-7aff-4c39-9a22-0a2cf6911ad6,8.28,upi,success,2025-12-19T11:22:00
68cedfa9-af8c-4e6f-bdec-550882829f44,48547c47-84d2-4971-8f23-5c1976ecf0af,50.33,wallet,success,2025-12-01T08:24:00
181ef83d-b8e5-4fd0-b04e-a3217d2f5ce5,c6d93db1-826c-4c9b-8a42-1548a8db3ef2,27.9,card,success,2025-11-07T19:19:00
29231a67-4f7e-4590-a802-fed8c24ac4df,34039749-9350-4478-81ab-0c5eca7c8388,60.28,upi,failed,2026-01-24T14:09:00
371cce41-73da-4402-8ebc-f5b77cb2c325,95c09774-1ed2-4884-83be-9cbd3acf0bad,29.61,netbanking,success,2025-10-04T14:25:00
64946ae5-395b-413c-a98f-4f9d5a1a53b6,93ef3dbd-0a7e-47bf-acb6-37abc9e3901f,53.1,wallet,success,2025-12-08T17:22:00
c906d8ef-829d-49d0-93d1-0ce9b8e45dcd,97da6722-8fe8-4d96-bd27-df7684406c9d,22.71,card,success,2025-12-27T08:25:00
7926064a-edae-42b8-a9cd-818242c59972,ec9843f1-2d18-44e4-8847-ca03ee0fc8d4,67.14,upi,success,2025-10-04T19:32:00
8341978c-5431-4dff-be3e-af7ae926c3f0,cf3b9da4-5859-47b2-9398-79c7d305322a,12.64,netbanking,success,2025-11-21T19:11:00
63ca7c8c-8eef-472a-979a-55406ec3730d,6f4cc4e6-2a70-4a32-9cf6-02deb0c476ca,59.44,card,success,2026-01-04T11:51:00
93d785c2-bba0-4927-827a-8ea8fd9856e8,f1684f88-f434-4381-8ed7-7b2aa8d5d734,102.1,netbanking,success,2026-01-19T07:36:00
e1a580b1-8937-4e95-bd44-a0ae27379294,bd691167-0085-4128-aac1-31fe9955cf1e,116.07,wallet,success,2025-10-18T08:20:00
94fb0053-e24c-4dde-8699-6d46d4e5530d,1cbf8fcc-2432-402a-a91f-27a67ef91782,14.77,upi,success,2025-12-06T12:44:00
fb865c17-48ca-4ab3-b8d4-b84e388b867f,5264ee7b-6b10-46ff-a23a-bb00ace67173,129.9,upi,success,2025-12-05T13:30:00
c378c3cc-e48b-45a1-b77e-0b3d688368eb,b1ad7bcb-3ce8-40b2-a8ed-712e0fd8080f,58.09,card,success,2025-10-27T15:47:00
bae42a49-5b64-4d5a-869c-f9e626d802d7,1e53e0aa-aba2-41e3-8739-42aece9cc7f5,158.43,wallet,success,2025-10-01T19:17:00
14b81f55-4fe9-44a1-b4af-afc73b8698ed,285b1c53-005c-4eee-b801-42707ce11a3a,50.52,upi,success,2025-10-24T19:54:00
6d05663a-810e-49aa-b739-00dd9852daf3,590d5a77-ca70-4c71-a77f-1763acbfcc33,21.43,netbanking,success,2025-12-10T02:07:00
5d84fb4a-c2ec-4db1-8a0f-6ca2f1d52d84,0da5ba1a-eb06-4c0d-9a6b-a18553727029,22.57,wallet,success,2026-01-09T21:21:00
c0fa30cf-99d7-487c-b8dd-4d81b10cf967,5e6f9897-0d26-4ef3-b533-11ac28719d88,96.18,wallet,success,2025-11-27T00:38:00
61333ba4-25be-4fa6-a9dc-9a5a6dc7201a,a0b148d2-1a63-4f00-bbce-e68a57af3b02,29.86,netbanking,success,2025-11-01T17:58:00
0a40ff49-ac5d-4688-b56f-e4fdb706593c,bf04867d-378a-4a4d-b9cf-61b5edfe417f,46.66,card,success,2026-01-03T21:05:00
e4afb64d-4e0e-4d1f-ac3f-0a2769bf67c3,e6b4d501-c8d4-4650-8e9b-e4decb49fda8,55.34,upi,success,2025-11-23T20:12:00
3a30ec1b-eaf8-4f33-a483-a51005ea0cea,3b70bc39-89ab-4cd2-bb2e-627638c63f6e,34.81,upi,success,2025-10-10T09:45:00
f36abbe7-0eec-4cc1-9e29-ed849c2b12af,3f1b1eca-a1ef-457e-846b-61d0e0a32577,96.7,upi,success,2025-10-31T21:22:00
3d0c7d5c-3b37-473a-994a-fdd470c8d837,473e5c2b-db79-42a8-9233-f76f4613d0b9,51.1,wallet,success,2025-12-21T08:32:00
6bc419a8-a891-4bca-a0af-841467097301,97f86460-9093-43eb-9347-d26ed8baec40,94.32,card,success,2026-01-11T12:10:00
3e835c99-94b6-4911-9635-6d558a776b55,39b32d78-91d0-47b4-84d1-9fefe10867cf,29.94,card,success,2025-10-07T20:14:00
1822e8d9-2b76-44fd-b73a-bb2341ad05c5,292cb3e3-3533-4b79-a3c1-220469627375,40.21,card,success,2026-01-25T19:11:00
f33de7e1-ef9a-440e-a732-6ca4dd5f1392,f3f71b6a-553e-4944-9b5f-ca6f4e114f63,84.33,card,success,2025-10-13T17:13:00
7256cc2f-c523-447c-8721-f855f607b1ab,516956fb-3696-4d11-91aa-431ae6f864a7,18.97,upi,success,2025-11-05T03:56:00
8146b931-d670-49cd-9ae3-c7e643bc886e,22a25f56-ae9e-4121-a9a7-883de7cbf5a9,48.0,card,success,2025-12-22T08:42:00
d7d3c434-248d-4317-a5b9-2cf3ac37e22e,a96dba0f-6029-4815-a6f8-dd9c97a28368,300.0,card,success,2025-10-02T17:33:00
2d178027-4ea6-4b19-a60d-91d72bf60339,04bdc089-a89f-4274-bdd0-9946dff2798a,20.34,card,success,2025-12-24T15:38:00
febc78ab-9cc5-4d2a-9a7b-a5ab96f6e255,4666f214-3886-4fd1-b5d5-3adaff72e5e7,61.2,card,success,2025-12-08T08:59:00
e651db62-fb51-47b2-a6b1-64b6e41e0431,dd76674c-4314-49c6-a0be-d56854f9a81f,219.42,card,success,2025-11-18T08:48:00
289c42c4-859d-4bf2-bd8e-6903ff493d47,bb0a7f53-c9b6-4859-a135-d5c089943de0,98.8,wallet,success,2025-11-13T17:05:00
904f0fb1-d2cf-4f7d-b83a-87fe37fc0921,78ee3a61-1226-41ff-879a-e387dc393c15,81.78,netbanking,success,2025-10-31T18:15:00
f10a6797-de58-4092-99e2-c0c04b91d823,16d84379-8bfd-48f6-8f21-97fb3d579f3c,10.95,upi,success,2026-01-19T09:52:00
e95841ab-9e42-41c0-b189-1bb399de8071,290d62bb-7f9c-481d-89f8-1d63416c80fb,39.42,netbanking,success,2025-12-21T09:06:00
59aaa014-b179-4a6d-abd3-4ba6c332c5de,e829363e-9b3f-4caa-857f-5d7c33c66270,71.05,card,success,2025-11-24T18:12:00
614a6907-a664-40e0-bc12-343c89d117ba,43e1dcfa-b45b-4490-968b-ae2da94b6816,48.9,card,success,2025-10-23T13:34:00
eec36df5-eefd-4814-847b-5ca5f65fbb73,7cde8b68-4dc0-4778-a2df-4d5e0daa39c0,80.55,upi,success,2025-11-07T08:11:00
1032dc38-f8d1-4051-aea3-420bda666fe3,61e23b5a-29fb-4727-9e6a-ed12806285bf,29.92,upi,success,2025-12-30T03:36:00
e08c1d63-6c9f-459f-847e-5cdf48f7032d,bec3c705-63df-4609-99c7-e80f443a9733,19.18,card,success,2025-10-11T13:44:00
1db341f0-99cd-421c-8d74-25b4b5389d1b,c3a9a6f0-9482-43fa-b439-4df25643926b,9.67,wallet,success,2026-01-10T17:35:00
7f1f0bc6-d4f4-4dfb-a0f9-696a8f4a3211,bb9d4834-ef0e-4bb2-98e6-acf42657937f,50.05,wallet,success,2026-01-28T06:15:00
ac5cccfc-2100-4cf5-8665-b39aa203afda,050efbe2-50a0-4e0f-b3b9-06299856cc8b,195.24,netbanking,success,2025-10-05T18:38:00
cd758aad-3141-4f24-a2cf-1d0eef98292f,3acf0441-5cc7-4ae7-a4ef-d23cc8b9a508,41.28,card,success,2025-10-16T02:16:00
ae2f020c-ff33-4437-8876-b06544827bda,1f2aa654-3567-4d01-8edb-a53a88fcdb30,57.42,upi,success,2025-10-11T10:03:00
e7ff7183-66bd-4395-84cd-0e89c0ada624,e7d84c93-09b6-4394-961e-4faa5c996d0d,92.41,card,success,2025-11-01T17:42:00
f8fa836d-52ae-45fe-8173-1e449718b369,02f5d10f-9b27-4116-8e2a-1c819d3e51a2,74.18,netbanking,success,2025-11-20T07:06:00
47641edb-1736-4324-8bcd-d44f09828015,27a7b555-246f-4931-8d51-53ac32fc4002,100.14,netbanking,success,2025-11-25T06:35:00
a440beba-5399-4113-994f-350f5de633bb,61eb00f1-02b8-4a14-8b89-cd372afc1013,82.56,upi,success,2025-11-12T16:21:00
47642913-cabc-42be-80b3-72c154c2cdbe,06869068-76a5-4937-be7c-f71d50330b09,58.14,card,success,2025-11-30T08:57:00
cff59318-3584-4414-aaf7-2dd221aa934b,7e35fdae-9510-4955-be1c-21fa22634e1d,155.94,wallet,success,2025-10-03T10:30:00
2bd28ad5-1473-4a95-88e5-158aa6deaf8b,a2f9bd28-a3f1-463e-bab2-20180e4e2451,115.44,upi,success,2025-12-23T20:24:00
fe0f5726-fc2a-486a-ab89-aa7802928095,0c3b6023-8a60-4195-8385-3e3d0474c8e5,118.84,card,success,2025-12-26T05:53:00
9117117b-cade-4fd2-90ab-7eea64436ae8,d95b79b2-7f4e-4c78-9666-aa1907781175,78.12,netbanking,success,2025-12-08T11:39:00
073d51a1-eb5a-46d6-b18c-c14e390b9f33,dc6a3677-55ab-43be-8d9b-e20aad40b328,29.42,upi,success,2025-10-10T08:50:00
ffefa959-bf78-4ab4-86ee-088e873ec369,be6c47ae-3612-41a0-8cba-ceee4260630b,40.67,upi,success,2025-10-27T17:00:00
e410e627-e1af-40df-bb10-9dd0d41b6ee3,05365877-8636-4a58-8ab7-e09ad820541c,45.0,card,success,2026-01-02T07:04:00
54aaeba6-1581-48c9-9863-6d5d6897a013,bc08576a-7041-410e-a72b-5c9318b58599,49.12,card,success,2025-10-17T08:12:00
57496327-3c5a-4a63-8ef9-4d2e34dd0230,20332243-653c-4975-ac2c-c9a3fde587cc,93.14,upi,success,2026-01-25T10:10:00
eb5754fb-f4fc-4a3e-93fa-8fe07abe6d3a,6131e79e-0b07-4005-880a-d65c00295a57,113.96,card,success,2025-11-30T08:35:00
51775368-0f7f-4b1e-8e5c-eb7df093a68f,45d09da8-dc61-4d5d-8d00-ad6677008163,60.84,netbanking,success,2026-01-14T20:17:00
1cf31ec4-72d2-4a1b-8a86-7c79419a4453,abda0b96-a0c0-410a-9582-5fabdf5057b8,126.99,upi,success,2025-11-04T05:53:00
c5023268-3011-4089-b7d5-87aa0c6c0f4d,74bf5f47-fb3c-4214-8d91-afa32ffb34f7,29.39,netbanking,success,2025-11-15T08:21:00
b2e5dcad-7ab7-4854-b06b-cdc2b94da3e4,cb3130a9-f2f8-4c91-862c-bd3cfff5590b,63.32,card,success,2025-12-24T08:08:00
3f8ffada-fb14-4bad-9c6b-639e4bb766fc,bec44ca1-496e-49bf-a5f2-4dbe767039b6,77.47,card,success,2025-11-28T19:09:00
2d5bf45d-d13a-40db-be51-4cb4ff092cca,921c5a6b-63dd-4422-a3d9-3a841e24bf93,74.88,wallet,success,2025-11-28T01:31:00
0df0851e-60c3-4597-9dc9-42350f33c518,40c6013a-4a72-4864-a792-7def157c688b,82.24,wallet,success,2026-01-06T21:50:00
d813e1bb-d28e-44c4-bc32-3bdb586482c7,e348dd29-758a-4f9e-a989-8a2a6bcbc64d,234.92,netbanking,success,2025-12-22T20:23:00
7dfa38aa-3a2d-40ed-8579-c661d448f32f,efad0c75-da49-48ca-9d89-68872e0663f9,280.48,card,success,2025-12-12T08:46:00
cbd733bf-086a-48cb-93d5-e0189b75a7db,d926cc03-1fdf-4202-bd64-b4e5f3d4c400,24.57,card,success,2025-11-02T19:05:00
4139eb81-da65-46cf-b039-5378ba8be350,ea298446-1766-41bb-97a7-3160bb2c4a3d,18.42,netbanking,success,2025-11-11T13:08:00
8a7dcd8f-2018-407d-97ef-b371d6c4a9be,c736d8de-305d-4373-b333-c1d7b9e341e6,26.23,netbanking,success,2026-01-28T20:33:00
08375cb7-a37f-4e85-9f86-7e2b71fccc7f,04910389-5346-4835-a187-b003b44a27c3,35.51,card,success,2026-01-05T17:46:00
ccc563e2-b3c4-4cb9-a064-9d7f33f4f622,fbae9939-0420-43a8-954a-79efda89e1f5,127.86,netbanking,success,2025-11-18T16:50:00
b23398dc-93ce-4fb8-aa75-3249e8c126c9,bb06e76c-12fe-4a24-b34a-42dcd01ce121,28.93,wallet,success,2025-10-11T10:40:00
693e102a-a21c-4d4f-b4a5-fdb8001b51e9,6da3a716-0ed5-437d-801a-4273395aa736,48.69,wallet,success,2025-12-01T18:45:00
a251ddce-a8ff-41e1-8a41-37bb2c41b18f,702453fa-60ee-4574-a5d3-d9dc9ffc1be2,51.7,wallet,success,2025-11-22T13:14:00
792efdc8-2758-45a8-a2f2-bbd79a350a95,93545679-cd3f-4082-8967-3fa946ece693,59.18,card,success,2025-11-09T16:57:00
d962042a-9876-4af8-abe3-a1c528ce3992,cc0ee29c-eac5-46f6-b007-993b72be7473,28.04,upi,success,2025-10-18T09:33:00
b412c578-ecc3-4249-97a4-f4ef889f3239,5970500f-3dd0-471f-931b-053ec9901552,11.93,card,success,2026-01-02T13:25:00
e9f173d0-6f4a-4534-a9ba-b6f93a64b3f0,4874987e-a408-4749-9c48-e4ee4b328a2a,59.43,netbanking,success,2025-12-08T12:10:00
bf4e5d4f-6833-4d60-86fd-bc6a3f28c08f,6705a6bb-8bea-4ecf-8ece-4379a87ba2cd,42.8,wallet,success,2025-11-20T08:55:00
b7adbcc7-0b3c-4b79-a5f2-028b44255e04,17298e0c-724c-468b-9254-321b8a656b73,79.39,netbanking,success,2025-11-05T17:32:00
9ab7f4b9-71cc-4709-85f1-4eed16cf1b34,f643db8e-1cdf-4b5c-a017-df7eb4ee8cb3,243.2,netbanking,success,2026-01-23T18:54:00
d030401c-c170-4775-9715-287d13ddbe08,d4645e78-be53-446c-bf5d-a1d2a0d5872d,98.72,upi,success,2025-10-05T09:34:00
affe55b8-46b9-419d-9360-57acb6d929bd,82dd0177-e987-42a9-a85b-aa407d4b067e,19.02,upi,success,2025-11-22T07:56:00
4304f3f2-ee3b-44f1-941d-3dea7225178b,ad29b9ba-b491-4774-8f70-14a90965fd04,48.61,card,success,2026-01-11T22:07:00
48e08241-6513-4901-8da0-53afe52fee4f,a9d78b28-b795-4175-a94c-c757a21d90e1,139.98,upi,success,2026-01-25T12:13:00
2ea65759-ec2c-4a67-b356-cdf5efa10a3b,290f2f5c-7754-4e5e-8f35-8abd812d01f0,150.24,card,success,2025-12-30T08:00:00
ed8b5e48-1bda-4de2-ad75-a62b5ac926bb,cbffaf3d-8aa6-4713-b11f-b34332437e79,20.19,upi,success,2025-12-12T16:12:00
e560f7df-c041-41d5-b7e3-1523880779c4,040bf1e9-e5b2-4c1f-89aa-4612fbb2c45e,104.88,netbanking,success,2026-01-01T19:07:00
0402f002-105e-4e2e-827f-33c81f111bd5,de013790-69ce-41ee-8395-f7d594b338b4,20.93,netbanking,success,2025-12-09T06:27:00
ee611abd-5e41-4280-8ba9-852230400826,c88bcf8d-34f4-4bbe-881e-703af662a18b,12.43,card,success,2025-10-13T23:15:00
5c0decc1-2915-417f-ace8-9e65257833e0,deea9dbc-e8ca-4133-b062-7351436e9cb4,90.38,upi,success,2025-11-23T14:04:00
706ffb6f-1a97-40d2-a252-1fe98c82de02,d815f7ad-4313-46a9-8981-a3d7e8de9979,63.36,card,success,2026-01-03T08:11:00
518888a5-3e4e-4ea5-9dde-81cbb8492aed,974b3a3c-ff52-48be-b4aa-ade61393b103,16.28,card,success,2025-10-24T16:36:00
dc716c77-358d-4b86-b318-9c5688abc653,d13c3f11-f247-4d63-9b36-a1d7bdc229e3,40.8,card,success,2026-01-17T18:56:00
53ca00e0-56b7-4301-8545-566d8f40a27f,8ae41917-2e2b-4f28-9a04-1e8a3aeb1a31,36.87,card,success,2025-10-28T10:34:00
57424bea-12de-40af-8582-26c0580c9520,8c173358-9e16-492e-9d12-c5f161ba6d95,101.34,upi,success,2025-11-14T15:22:00
6292551c-3258-4d97-9acc-bad2a7752970,79e39de7-7142-4c5f-bb76-d4cb37f4370f,31.89,upi,success,2026-01-21T10:56:00
bfbef5ae-ae48-4af1-a4fb-d02edb5659a8,393420ce-f472-4ffb-909c-14f677edc506,49.88,card,success,2025-10-26T12:36:00
bb505501-b979-4e25-a4cb-675d2b35e13b,fe244f48-012a-474e-bda6-31b9619053ed,47.8,upi,success,2025-10-03T19:48:00
e8e6345f-78d4-43aa-87c7-552fc68bf31d,436c3d72-7b3d-43a0-b7b9-176bd875ac9d,147.99,wallet,success,2025-11-06T04:33:00
13eeee45-5457-4516-8de9-58eefc6df120,3ae82119-7eb5-4674-8359-5497811b4c8d,54.21,upi,success,2025-10-20T08:16:00
213e7f14-8293-4344-b47e-fccceb05cec4,f9e9f4ad-2d3d-42a3-902b-439a6cc96362,25.62,wallet,failed,2025-12-30T15:36:00
7a2cffc3-2d10-4908-8f1d-578df945c8d3,a306c9ec-1540-405f-8a65-41eeac41588b,71.82,wallet,success,2025-12-22T20:34:00
14e0471b-5ec5-4da5-bc88-b59c75492f6f,0d8e6ca4-f48c-4004-a59e-245823ddc9ef,29.13,wallet,success,2025-10-31T08:52:00
a68ed548-5e3d-4ab3-a9a0-853082341fe9,bd66dd12-21e2-44a2-8dc8-d53cb7f92ee8,109.5,card,success,2026-01-19T17:22:00
b3d015cd-2e9c-4748-9654-8265c00b29e1,77f0780c-110b-4a08-8ffd-fee7efe5c3f6,290.46,card,success,2026-01-16T11:12:00
6f584d55-0b44-40f4-844a-6045c20350e5,363085dc-11dd-44d6-9eec-e98b4776ddde,25.3,upi,success,2025-10-29T14:35:00
91b98863-3783-4c93-817f-8e2ca500542e,7c6b32f5-79c0-4d08-ab04-4531f4e4dca0,72.24,netbanking,success,2025-12-22T15:37:00
d2bf4d17-cd68-448b-b93d-add7994ad87a,7c6e62c7-a106-498b-b2be-b481a994e7e8,65.52,netbanking,success,2026-01-09T18:15:00
eee8440b-7285-4f72-a9b7-3ff208d352a2,c52969e1-17dc-4f03-9c80-eecb9e445e77,53.25,card,success,2025-12-04T20:23:00
27268563-8871-4987-95d7-0d1fd42af18a,49003483-543f-4a0b-8e0c-f59b2f2180ed,59.5,card,success,2025-11-29T19:37:00
dff6bcb4-df56-42a9-91e9-5343d220c35c,2fadfef4-7e5d-441a-9a2f-e5a73d85cd8f,243.48,card,success,2025-10-06T20:06:00
1c7809b8-2c9a-4a97-83b3-9a5d844ee4f6,732b0de7-7a46-421a-8ec2-57d610fc1f22,81.72,upi,success,2025-12-27T08:37:00
b6201cfa-5168-474a-8463-84fa08887425,8c3db542-20dc-40ef-bf04-193becb19362,40.88,card,success,2025-11-09T22:01:00
2a51ded7-a062-4aee-b829-ea522a83d041,5e5244ce-76d1-4bb0-b33f-03d9e865a040,36.12,netbanking,success,2026-01-17T11:18:00
0a5e29cd-ea15-4685-a694-bd542c361498,de8c455b-8526-4aeb-b930-c587e1e02656,30.13,upi,success,2026-01-10T21:38:00
59ec031e-8c11-47cc-8779-b1791cc98cb0,e655e5a5-f493-405a-afb9-244ff48685c8,22.06,netbanking,success,2025-12-30T16:40:00
5c44b88d-fa07-4417-a9d3-d9026d61465d,d6492564-a2dc-4d84-b73d-749d8878b19d,67.92,upi,success,2025-12-27T15:51:00
5ee294b3-53ce-4f71-b2cb-78f18f3af06d,8c727503-96da-4649-a2fc-c210fd6496b5,54.41,wallet,success,2026-01-22T18:18:00
dfeba702-8f37-4cb1-992b-eb91f54c6815,80c99775-9f33-4cce-8e41-50849a29ede2,78.28,netbanking,success,2025-10-25T07:16:00
dca07b47-fcea-41dd-bb03-6e6faba4f9b7,f8444704-297e-4995-b05d-eb360b8bce67,20.67,card,success,2025-10-03T17:56:00
7cedcd3f-5a38-48cd-934d-19edf3d254ef,9daca01d-83ef-4271-98f5-f5ab73a4603c,155.68,wallet,success,2025-12-13T16:55:00
b8b03a4c-2df0-4840-8612-9e9298053d13,6c1c4714-6264-4b83-b739-3aa1e5358f0c,68.46,wallet,success,2026-01-27T14:55:00
c12eb2ed-1213-4e80-86a9-fb2ad1648e31,e9da9bef-6c01-4fa9-ac70-7b4193578840,123.42,upi,success,2026-01-15T21:03:00
6dabea82-6f6c-4fcc-8a24-5ff8420b8f2d,41efaf50-7e74-44b3-acf8-a1098fd06fb7,21.9,upi,success,2025-10-04T07:56:00
5dd29606-62e1-4993-9875-dcbad69f17f7,8b572579-9c15-4861-a211-70bb1137812e,69.15,upi,success,2025-11-29T05:23:00
2f8cf9f0-c219-4f78-ab10-91a82990fcf5,62432d2b-f593-4cca-8e00-33e2b0f0b34b,48.54,upi,success,2026-01-05T19:43:00
3b8cf4ac-a790-4a37-9f1d-f5674e6177ff,9eeb8c4f-0f8f-4535-8f85-c1991b69d6e6,60.09,upi,success,2025-11-30T06:22:00
dfc371b1-9fc2-4257-a0a5-5e3ec7d7b907,825217e4-9197-4807-b6ef-ad55c1479a5b,86.64,upi,success,2026-01-20T21:39:00
3ac3e8d4-95fb-4b70-a145-27f0b0b4f5e9,3ec56ed2-046a-4201-8b2e-64eea650d946,37.42,upi,success,2025-12-19T10:43:00
f9dcd5bc-d89f-4e9a-b25d-dc579394d9a0,2305a1aa-70fb-450c-b1d6-e93f267b367f,71.88,wallet,success,2025-11-08T18:58:00
9fb5fe4d-25f5-4eea-a087-260b6fc19c71,feeaee42-d1ae-48d1-ac40-653cbf5d6d98,107.08,card,success,2026-01-10T18:25:00
85ae8f55-d2c8-4ba7-ada7-7d4966ee2e7c,fb38c461-1f6c-4267-b05f-319ccf2ce536,66.75,upi,success,2025-12-02T16:28:00
8fb96c19-d4f6-438c-889f-610a4dd2ad4a,751e5033-7eb2-43e1-b0e1-46705031f13f,64.98,upi,success,2025-12-09T07:06:00
4caeec27-2044-49bb-babc-f0b3dae9100f,8093b66a-25fc-4139-9706-828d63551f3a,86.36,card,success,2025-10-09T08:20:00
a1f97616-9c26-4482-ab86-951565d333e4,d82a6bce-cfcc-4f6b-bf49-0bcd1a2ec894,94.22,netbanking,success,2025-10-14T00:27:00
4f5043b1-b2f5-4d3d-9be9-ef85c76ab45c,3c96fdbc-fb67-4c0e-b9f3-7124d227c0b1,11.75,upi,success,2026-01-12T09:40:00
79e11415-3607-4762-9110-4de5e6bdc7fe,8ab30547-0d53-43b2-83a7-eef5021cb64d,19.82,netbanking,success,2026-01-28T11:42:00
c9e042d2-fe78-468c-8dfd-7e214dd467d4,e277d278-5ed8-4256-810e-a793ef7802bf,102.12,wallet,success,2025-12-31T07:45:00
60f3d096-00d6-4f36-8d02-2233d0a5c642,ccfb9d7d-27f8-4c00-bb96-b9dd18840af1,66.84,upi,success,2025-12-16T22:22:00
0b03c545-b977-4052-8b47-0cc7508879b1,91f6ea53-1a3c-48bc-923a-04ccb3d2c1da,25.67,upi,success,2025-11-08T09:01:00
642960be-9bf5-49b5-9b7b-9259ca3b9cdc,1087cf3e-3eef-4126-bbaa-8088764617da,41.31,card,success,2025-11-13T19:55:00
dc795d75-b673-4654-a8c6-d92b5f3d9c0a,fd894ab0-3b78-49fe-9972-97b9f295978d,16.18,wallet,success,2026-01-25T14:02:00
a9d2c104-e886-4036-b839-ed46a3055e27,159fb8a8-2368-4a5d-8ca7-c831cf098cc1,51.44,wallet,success,2025-11-28T08:52:00
b96cba48-6e1c-472f-aa01-2f4c18a5f371,4a373965-d629-4422-9d64-a0a8aec5a9a6,19.06,netbanking,success,2025-12-18T13:48:00
82084d94-5b06-4633-9518-f7eead561dc2,3580c7a6-6068-4c09-b985-95bcd201dc53,63.84,upi,success,2025-11-05T07:49:00
3f0f34a2-b083-4d0b-a3df-a970689c5496,42858c47-7861-4bf2-ba19-40eee50ac60e,47.3,wallet,success,2025-11-27T15:09:00
5807c431-708c-4058-b43e-9698a1942100,9eadade5-ddbc-4242-b846-1b3a02013b4b,63.36,wallet,success,2025-12-06T14:49:00
df38fb60-9d0d-4425-9857-17307f97f469,88f95653-0b03-4879-84fc-baf9c18d8a26,202.2,wallet,success,2025-10-23T05:01:00
267268f4-d8cb-4d46-8100-55ba11400076,3c353c4f-d841-40c6-a500-d6c363f24886,89.73,card,success,2025-12-27T08:48:00
4cc48806-65c7-449b-92c0-13fdb2c68513,d2e756b1-16fa-4cf8-8251-ebd23988fbb8,82.28,upi,success,2025-10-14T07:40:00
3307feb6-cff3-43b2-af6c-6d1d66af74bf,b72c62ea-3a4b-443a-9ccc-901f4f64773a,71.2,card,failed,2026-01-05T20:10:00
6d4bbf6e-5905-41af-9c14-7d1c252b4c7d,e70e622f-259f-447f-8f1a-4699a7d4fb3d,40.89,netbanking,success,2025-11-15T22:33:00
1092e0ea-ee07-4eca-9b78-6e1c18a7f399,b8e63887-3569-422d-80c8-4db8f2e931ad,36.18,wallet,failed,2025-12-05T07:20:00
7730b703-3521-4c5f-854f-1acafb6ecaef,9f301f00-7d75-42df-892a-f8633fa0e454,83.46,netbanking,success,2025-10-27T19:43:00
9a4e069b-205d-4274-ac34-ad35ac43606e,c4acd5f3-a9bd-4947-87d7-dfcd89ccae64,47.78,upi,success,2025-12-19T15:29:00
61dd37fd-fac9-4983-bffe-9af80f259880,4fa824bf-4884-424c-b5dc-14a39a971abc,128.82,card,success,2025-12-11T11:10:00
8405da6f-7a8e-4e2d-b9a3-97117efb5e49,ff3e4751-9876-4bd7-b416-4cf0474bf38f,52.72,card,success,2025-12-07T15:25:00
71861519-526c-416e-8cf5-366e46523db8,89151fa0-3ea8-426f-b6ed-05f1f16a86fb,10.97,wallet,success,2025-11-13T17:26:00
3b6ae351-0ec9-4748-acf4-979d087520bc,729b5fa8-81cf-4585-9197-02c6bb0d51bb,123.66,upi,success,2025-12-19T18:32:00
a40b425a-d949-46bc-9293-42397e4cce5c,57af7284-9ee3-4c9f-a505-f504e14cc7c9,36.42,wallet,success,2025-11-21T07:30:00
f4498cfb-992c-4b74-a3c9-6c4f4369d4d9,446b00c2-666b-4570-bbb6-9b94890cdf31,31.86,netbanking,success,2025-12-22T19:55:00
16d174f6-9054-43e4-8664-9d327ac07406,a8f4b0cd-b5da-410a-b616-52bc5eb5a586,14.22,netbanking,success,2025-11-13T09:38:00
c9a9c8ef-18ba-47e8-895b-061a6261bab1,843b3d4c-8fec-431e-92aa-b1dc89448869,59.14,upi,success,2025-12-18T19:56:00
312fc439-0deb-45b5-ac26-c74f2a440978,a5e06304-0516-4ec3-88bf-25a193e90fa8,75.16,netbanking,success,2025-10-28T19:16:00
882e9804-3735-4559-b16c-eb2de17bfe80,f2322dfe-1ef6-4e86-953f-825702e47b33,90.54,netbanking,success,2025-10-18T15:20:00
3389f75a-7d4d-4ef9-bdbd-b36a020e0188,acc1ab9b-a9f9-4b7a-b4b9-41e76e389f15,9.65,upi,success,2025-12-07T16:57:00
cf9bf0d5-9e2c-4bf9-b2d3-3a3c51a8c0d7,1c9dfc97-c522-43ea-b259-becec65cf600,61.35,upi,success,2025-11-24T17:52:00
c143e56f-8d15-4894-8a64-3267dec08b01,868f2163-cdec-445e-bbda-edc401de70aa,107.12,upi,success,2025-11-03T19:25:00
549fd760-0424-4606-9784-4432f0d70fb6,fc632233-0d0f-4833-ab5f-fccb43c06a18,35.14,upi,success,2025-12-25T09:45:00
2014af6c-e0e7-4f92-ac08-bd9de2be9740,b826ec2b-68a0-46d0-be4e-8a5ac28211d1,52.59,wallet,success,2026-01-19T02:51:00
cc94a210-3b27-45b6-bd6a-726fa85d05d3,1ca50857-ffc9-4ec5-acb7-de45c333867d,118.96,card,success,2025-11-05T19:06:00
ba59bee2-bdf4-4991-b2d0-64bb50e749e8,ac2def98-179f-470c-b0a9-af5420c44210,55.36,netbanking,success,2025-11-07T20:57:00
7dec05e4-e273-4f80-969c-4b9d0b67249a,91d3d4a7-bdf9-42c7-8765-d2aaa5848d9d,122.22,wallet,success,2025-10-05T17:55:00
127d411e-e5c5-43b0-af5b-81541b99d478,7e170fa8-75b2-4d58-90cd-73a296356b08,36.02,wallet,success,2025-10-27T13:39:00
db96b529-f88d-4265-9555-b8a91d4d82ce,79fbf833-db23-4c21-9e1b-442baf540cb9,18.3,upi,success,2026-01-06T02:24:00
d4ce0a9b-440a-4da8-be64-b3e402c2261d,9714170d-b1ac-454f-b29a-a22d212ad03c,21.5,wallet,success,2025-12-01T12:47:00
ce966175-e428-4b21-b2d4-e55af89bd773,75e573cb-d273-4dd7-a2c5-cafbe3e18673,74.34,wallet,success,2025-10-13T07:01:00
2ce773a4-13e2-4251-9982-062e12ccffce,71181092-b3cb-4adc-a444-ddc0011f5c4a,165.96,card,success,2025-11-15T19:46:00
465c8243-90d7-4c71-99d5-3675d8c0abb4,3a9582f3-bfed-4956-8aef-4d47dd454017,60.95,netbanking,success,2025-11-05T18:47:00
4efc1554-b5b5-43cb-af73-394ce3e1234f,7ce3b423-5fce-49d3-8b5a-7bb6069a7d07,68.76,netbanking,success,2026-01-16T20:24:00
8f56fdb4-456c-44a3-816a-04f6cf59b5f3,27948789-62be-4639-9c69-5a10ef814a1e,49.84,upi,success,2025-10-02T20:09:00
8deb6e77-ab5f-40aa-b91f-ded66d810e1f,100cbfed-0543-4664-b678-b1a53698d8bc,31.31,card,success,2026-01-19T18:01:00
dbd40881-beb3-4d36-b939-9aa8a90732f0,07514e63-7f7a-47a1-870f-8073563adfe6,130.76,netbanking,success,2025-11-18T09:40:00
085f32ea-93ed-4982-b2c2-30d125930986,08c0daf0-57c3-488f-92da-6730ae0397bb,39.01,card,success,2025-10-30T19:56:00
264a097c-d92f-4b72-a50a-503d20da5533,e0ad1b80-ab40-4bb7-9c80-2b464be94aff,57.63,wallet,success,2026-01-02T21:30:00
ec96bcad-3f41-4af7-84cc-60fed2e60091,0bfd8a38-3c9c-4f12-a659-eeff8461f47b,116.92,card,success,2025-12-14T07:55:00
76a3081b-937e-46e1-9852-e12d34d52fce,ee0e26bd-4434-4104-8714-4af22196f52e,305.82,wallet,success,2025-11-27T10:37:00
d0ed0130-db96-41ae-8b30-05a976c8a94e,81ce11aa-9654-4dfb-8e30-04a83a1667c0,127.23,wallet,success,2025-11-13T19:08:00
e1ad58d6-f2cd-4197-b229-5a3106ebf4f9,bdb50860-2985-42fe-888c-eb025ea7f341,56.44,upi,success,2026-01-23T08:44:00
ae35798f-9793-4cfb-ad37-7faa4c880c4f,2c61d9d4-87c0-49a1-9f36-19ec576937f2,38.1,wallet,success,2026-01-18T21:11:00
19653694-4db0-4b79-ad07-8256d57bd962,e2e617e0-e58b-45c2-a452-efc3741cc074,29.12,wallet,success,2026-01-06T21:06:00
258be826-3226-45a7-984a-f2aafe6196ad,6765a4dd-8281-4047-89e9-56e316403366,34.38,card,success,2025-10-09T00:10:00
3b042f43-c85f-445e-8b9e-8a4d43916414,f3c5e5ef-817b-4421-8eff-83b3dc064872,57.0,netbanking,success,2026-01-10T13:20:00
de522150-1731-4e4d-a971-84ad6af54405,537012e5-f06b-447b-9565-437c70ea74fd,81.52,upi,success,2026-01-19T17:44:00
f785ffed-2e04-4606-be88-11f0e1341a66,8db41212-097d-4d65-8104-77f2d2c1483c,193.23,upi,success,2025-10-31T18:47:00
a851ee2b-4284-4190-9a6a-833e11145891,10593a23-f539-449a-b281-3d474ff7c2ee,25.28,netbanking,success,2025-11-12T18:40:00
f1d03266-1b81-4412-a27b-f9b25e36f1f6,77f1e601-7c3d-4188-acd5-0022c41dc0a9,80.94,upi,success,2026-01-16T08:18:00
95e82868-da52-4303-b863-8ace3f766d44,1add4042-45c0-4735-ae32-73a79c3206e7,183.48,netbanking,success,2025-12-06T11:24:00
bb9e4b4f-15ab-4e7f-991e-d295aeadb17d,a71b2185-3cac-4c62-995e-cf1aefc17882,122.04,card,success,2026-01-08T19:41:00
d2c91224-dc94-48f6-8885-831db0bf5b70,2eeeaad4-4807-430b-be67-37fb02b940a2,179.94,card,success,2026-01-22T11:48:00
5cf48004-5e00-472c-8870-d71ab9f47a32,f34ad32d-42fa-4d46-bae0-ed2099fcc268,61.2,netbanking,success,2025-12-21T08:01:00
ca02ea8c-a67c-43bb-aac9-679b3032f1ec,b8926577-6b83-499d-ac6c-c0573d412667,31.14,netbanking,success,2025-11-24T10:35:00
23556081-f931-4714-9ac3-cbcf32fcf912,fff4d411-3b73-4cec-8e88-dfb20f0a6871,66.9,wallet,success,2025-12-11T17:29:00
89cba406-1b27-4cfd-982b-a64388891682,53d0a3e7-0880-4a44-9388-e27811b942fb,14.56,upi,success,2025-11-16T13:52:00
43d3ee36-bddc-42e6-9b6a-d6d65d07ea79,78a3ae73-def0-41a4-a897-3690694d8c58,106.91,card,success,2026-01-26T17:39:00
7809c940-6b0f-4b26-b416-ae4f14a06261,278210a2-140d-4c15-b157-8ddd075d4353,43.62,card,success,2026-01-12T05:32:00
953227bb-bd2f-4937-b8d4-10e301882851,764f9d56-e4f0-4c57-b75c-4ee63ec9fe7e,52.9,upi,success,2025-11-25T12:39:00
a569040d-4005-4e5d-927f-37c28e104c55,66e6aa38-317c-4881-a9d6-6a99ed9014f8,52.81,upi,success,2025-12-18T07:15:00
ae2e8827-c903-44a4-a444-7d7777110d70,67b0739a-8800-4dbb-9a0a-4f88b7878be2,20.58,wallet,success,2025-12-24T06:38:00
6f13725c-4fba-4047-aeb5-02b306f0679a,ec3a12b0-0365-4eb2-aa43-1566c9cc375a,23.59,upi,success,2025-12-31T17:34:00
2fac3e3b-5df0-4e28-865f-669234f013eb,78a8be66-d933-491f-97dc-fbbdd5d33fc9,30.25,upi,success,2025-10-11T16:56:00
265bc9bb-9427-4ba1-acc6-b89e03f0183b,18444f83-6981-4f6a-9c99-034f841e206c,23.88,netbanking,success,2025-12-22T04:20:00
54f13ab6-08af-46be-8c23-fdeb25e81cb9,ea05c81d-d43f-48ab-8bc4-6b7abdabe85f,68.84,wallet,success,2025-10-31T19:24:00
d4e5a058-582d-4656-88f0-b0e3f35ca0be,8221c947-c66d-4dd0-a7d9-091527233db0,30.94,upi,success,2025-11-15T17:00:00
aefecbc5-ad21-4889-8436-5c48f54c37b5,c64c9dc7-5113-458a-b8b4-a5adcdad4d5b,28.98,upi,success,2025-12-17T11:15:00
d9a2caf6-ecc1-425f-94f1-f7dff5afdff2,51d55772-8133-4804-9031-bf17224799f6,53.8,wallet,success,2025-10-25T11:19:00
94d17d1f-407a-4e44-82c7-e8b525b846f2,6de7a457-adb2-49a0-8e63-a97fd14d0d95,25.08,wallet,success,2025-11-19T17:27:00
c1ba8dcc-62c4-4441-9379-2146d93b8ece,ef207c56-e100-41e1-be29-de21868eae44,16.19,card,success,2026-01-12T07:58:00
42a15812-a5cd-476f-bbcd-fb79e4cf3072,aba30250-0062-4853-ac63-71a7935d2047,91.68,netbanking,success,2025-10-19T13:11:00
4ecd3006-e55c-4af4-ad9f-247680f6eadb,a15dd81b-3c36-475f-ac8e-4d676ceec923,227.64,netbanking,success,2025-11-08T09:16:00
e7a5bad1-0af3-425d-bb27-2d48067680a0,158556ad-4cd5-4e4d-9460-14d661440509,39.83,card,success,2026-01-11T17:04:00
0b878935-b114-49e5-afd9-21ded404402e,c8b45fb9-3f41-410d-bada-b842189b1ca4,10.41,card,success,2025-11-05T20:35:00
eae0c5de-95f5-4d34-8985-16a32cb4d882,0305dbc2-02a1-4be2-9084-71346c79b2cf,33.09,netbanking,success,2025-12-12T08:59:00
6cf4f742-4a0a-4546-9c97-3bf4052ffe79,eebd4d2a-949f-4b0b-84c7-2e6164933a2f,132.54,card,success,2025-10-05T17:46:00
0b6bf96e-cf9b-44a3-a016-d8cebb0e2d6b,be798f26-bab6-4120-b348-194367867c86,58.47,upi,success,2025-10-23T16:08:00
324c35a7-a55a-4640-b01f-a72c1dcd84b4,4852dff3-69dd-458f-aff5-520b8aa57bb8,163.89,netbanking,success,2025-11-23T07:14:00
27634e93-1829-4278-9402-602281289130,f374189e-18ac-4fe6-b882-1d7253b7b109,81.77,wallet,success,2025-10-20T19:01:00
ffe9d305-d094-4308-b816-dfdc57a27551,7099992d-b2dd-464f-8dec-30ba66505940,52.8,card,success,2025-10-24T03:00:00
b6e828f9-c17d-4161-be7d-603b6293ce24,640c5bd2-e98e-4af4-9b36-746e121f1d5d,28.76,card,success,2025-10-27T10:08:00
04de3be4-eb85-4eb1-aad1-e9e66e089557,a25cde7a-e6ae-424a-bde4-292b131d5fbb,20.52,upi,success,2025-11-20T15:16:00
d882e77b-4d61-4c57-8d64-af071576dd11,fce2b563-1562-47a3-94dd-ca245cdc6ea4,39.67,card,success,2025-11-10T12:28:00
6a26a328-0c2b-4af3-b0fe-0a148d842844,1c629222-eaa0-41e0-b663-4a5af26694c3,66.34,netbanking,failed,2025-12-12T10:02:00
28e5ddbc-727c-4fe9-a074-48cb57be9746,615a57c7-775d-4150-8b18-a44d5360d56c,14.76,wallet,success,2025-11-16T18:47:00
1d983014-5d8f-4d26-a706-b5cbcce088eb,5c572fa3-ea0c-4860-b281-f86828f632b7,57.87,card,success,2025-11-14T05:11:00
1f7160e4-5c3c-4b1c-a788-4b1f36f5da48,2572c80a-2783-4142-9d2c-5647098f5cbf,95.8,wallet,success,2025-11-25T13:48:00
67c7b8c4-383e-4185-ac2f-a94b3988d436,04dcdd54-1ddd-48fd-83de-e812aa51b113,196.92,netbanking,success,2025-12-21T20:30:00
e57d4941-330e-4cec-bbec-977c62e8696a,a9fc900a-f3f6-460a-b6a9-6fde89befc93,48.84,wallet,success,2025-10-14T10:07:00
072a74ee-a874-4b20-81b0-a06c803ac212,6d32f0b2-ca1f-495a-922d-12d584c2b736,87.72,card,success,2025-12-10T13:22:00
c23db575-ba9f-4113-8499-0ee4614e3442,b24b8891-85d5-4530-b32c-6cb84e5af6df,64.77,upi,success,2025-12-30T10:32:00
eb1b3794-e58d-43af-ab57-47f800d169d3,0f56ca02-b4ed-4de0-bfba-5be15dc40e11,32.13,card,success,2025-11-18T17:00:00
1a30dd33-9fbf-4c6d-ab9f-14bfc517b70f,f7a31708-7db1-4fe8-ba28-0e8d97b6d334,69.8,netbanking,success,2026-01-11T11:34:00
21c3e6a9-3f01-4cae-8fe7-c11a8205e7bc,394f4f46-3e37-4942-9aa1-81fed884517a,51.24,card,success,2025-10-01T15:46:00
6212e232-04b6-47ff-9327-0e581338ac9b,63512a94-d4ca-4017-ac4c-1eae083eee19,36.17,wallet,success,2026-01-05T19:47:00
cfee2aa0-28ea-42ca-89ec-e1eaadcc24b5,a4a3af0c-dd34-40f8-ba2d-5e2f9ede8b20,36.91,netbanking,success,2025-10-25T07:16:00
961bbc9a-375f-4498-a24c-04bf315d5b9d,8c2a43db-c52d-4486-9e1e-13de7da44800,26.83,card,success,2026-01-18T06:35:00
f2eb1603-8d5c-444a-ae44-eb1e92c8b725,da43e5e8-af4b-47d6-b758-136855914cf6,120.09,upi,success,2026-01-09T12:23:00
69f4f701-7c30-4f4a-b14b-9705058b4bcb,75f42cb8-5b99-455d-8735-4449b041d025,22.29,wallet,success,2025-10-13T06:33:00
b57ed46e-29a6-482c-abef-69a206b80cbc,42c00117-d203-4a05-a13c-db070369ac4e,47.78,wallet,success,2025-12-06T18:40:00
8b23a26f-ed55-4acb-aa11-c59208883242,f20e3e8e-f2b4-406d-851e-89750c9c1902,97.26,upi,success,2025-11-30T19:26:00
328a3a25-c39b-4253-9ab0-cd28c62e00ad,188a8174-2dc1-4fab-83b9-560f793593cf,201.54,netbanking,success,2025-11-05T07:35:00
5e0c8881-3f1b-47e8-abc5-031b44420dd6,655b5828-fe8d-4875-a684-9fd06125aefb,72.96,upi,success,2025-11-27T08:43:00
2d8dd456-f502-4598-adec-7c5e4efad3d6,a8d4aa5a-c258-48e8-8f36-c42e60e2bec2,242.0,netbanking,success,2025-11-21T19:19:00
44fa42b5-64a6-4c1d-808f-59acf998a5a2,bba99082-d891-4246-8b0a-a77a348bfcc3,40.4,wallet,success,2025-10-22T18:19:00
3a8800ff-7bb9-4e2d-bc2d-bbd2708c0880,e2e06cb7-701b-4f5a-846b-c7524da0425a,21.1,netbanking,success,2025-11-27T16:28:00
f63448f5-35f9-4f7d-81c2-17b948cdfda0,ed9e5ed1-be8c-43db-89de-6a8d45da2247,20.61,card,success,2025-11-17T15:46:00
49638b46-8b1d-4ddf-a6fe-59ce77f213fc,d156233e-afc4-4478-a247-5ef85a288d38,157.38,wallet,success,2025-11-01T20:54:00
c1a4f20e-509a-434f-9ff6-0f3538d44e44,bdd0bd45-14f4-42a3-976a-712cd584526a,136.08,wallet,success,2025-11-11T21:35:00
6f8f142f-421d-4399-af66-23842bf48fcb,97c59648-2cba-40f3-84a7-4e0474bbf9c8,65.94,wallet,success,2025-12-02T19:51:00
182ef851-6614-405e-adc8-1c6ae6c981e3,e21758d4-bffb-4f29-93fa-610790abe347,94.26,upi,success,2026-01-28T20:52:00
089ad1c2-6167-4c33-838d-298d531312ea,7d50cd86-9999-4259-af72-0381dac24cc7,12.31,card,success,2025-11-30T21:10:00
4cf62cb3-9c39-4e7c-8aca-2f9b4ac7e49f,385edc58-ed25-4469-81af-7c509d375796,59.78,netbanking,success,2025-12-05T15:05:00
f24c7da9-d101-4134-b440-c1f2b9dc8360,44ce8a80-3985-49f8-8e7f-8dd8238a8f17,50.88,card,success,2025-12-08T18:38:00
aa7b2fe3-d342-406f-8545-bb28ee869e67,e047d9d9-73d9-466b-bbb3-65aad86e8866,59.25,wallet,success,2025-11-09T16:46:00
f85a7cd3-7f17-4e1b-add3-6bc02578dc88,6fe57592-0a29-45b7-8091-a5f68239e63b,28.05,wallet,success,2026-01-01T22:47:00
b3e3395f-3728-4529-a082-e13dd44e2997,cce066ee-3fb4-421d-9c3f-e0da7f568c5f,51.16,card,success,2025-10-31T16:08:00
e20b82a2-60b7-47e0-b4e0-07d7fe82a915,692de7c8-5d66-4835-a437-4aeafb3ce00b,29.04,wallet,success,2025-11-05T21:52:00
1d33a05f-8df1-43a0-b68d-50e55eec8e06,b6d34207-babc-46e0-8e95-9d4eb7aa83d6,162.78,card,success,2025-12-07T11:12:00
129c34d3-4fb9-43a7-8e39-ea8019c0dbc8,b7b80dd8-c168-4553-aa58-3154a25297a7,18.77,upi,success,2025-10-03T13:04:00
aa9bb97c-e007-4551-ab36-ae350f54459a,db7c0ab8-99ee-4765-b2a7-4d26f4e302ac,80.34,upi,success,2025-11-26T17:24:00
bc12e3c9-97b7-4cf7-9ed2-f41aebc1cced,07f758e7-203e-43c9-a89c-050f07d81616,27.95,netbanking,success,2025-11-04T18:00:00
a29238d8-833d-41ee-b191-92f72d54bcf5,546a7abd-775b-474a-935f-bd40ddb70161,56.05,netbanking,success,2026-01-26T17:52:00
8204c533-db71-4f4b-ab03-6bef560ec586,c37d7109-22e2-4fda-8a5e-c2790d97d99e,54.02,wallet,success,2025-10-18T21:43:00
ab64ba22-66a3-47ec-869b-c81be7c4b3f7,efa1e9d0-57b3-4e0c-93f7-7388a7ca6ca5,11.12,netbanking,success,2025-10-18T07:29:00
d9c6abd4-8088-4359-b93e-c5f91ad8212b,8629430f-039c-417c-9048-a8aea92befe6,91.62,wallet,success,2026-01-08T03:46:00
dc9bbb9b-32c4-478e-bb74-9c447a30e302,9eea4e2c-7e2b-4597-8e44-62b5cc3e810e,41.55,wallet,success,2025-12-24T08:45:00
b2791648-96ae-41e7-a56b-a07f34fee46e,46a8b0b7-9980-404f-91af-e1ab907a37b2,58.31,upi,success,2025-12-08T09:14:00
bb97574f-0a70-41f3-a23d-396bb32081b6,14541244-c039-483f-b8ea-889d093a4c2a,67.86,card,success,2025-10-11T20:11:00
3f6819dc-8238-475f-9ebf-1e126c60dca7,132de96f-2fbb-440c-a136-7f343b617d1b,34.91,upi,success,2025-11-10T08:56:00
0f9f5921-5405-4a54-85ce-57494044a57e,aa0cea0a-4a7d-41ac-8e6d-0b4504adb79a,67.48,wallet,success,2025-11-02T11:37:00
5b0454ba-0950-4309-92b1-3efe7b58efad,6e5e86bd-0530-42b5-973b-bf8d081347dd,147.81,card,success,2025-12-24T08:32:00
22cc3283-f876-42c9-ba72-7e4b0737f872,3f038c6a-4c2e-4fb5-9fd6-b6a8b4336264,24.57,card,success,2025-11-26T18:24:00
0eb75f6e-83a5-4b95-a9da-1b8367a678c8,e7e279a2-b86b-4eca-927a-e005837d339b,82.88,wallet,success,2025-12-21T13:26:00
5971fe31-34af-40ea-b014-813b0cfbb0e1,d60944de-e318-4b91-a79c-da8a5966f9bd,86.22,wallet,success,2026-01-08T10:22:00
6c6f2d73-b4ee-4ec3-a310-a597a47f9432,940e8f49-382f-4e6c-aebf-c9e4d3d5d6ff,53.4,card,success,2025-10-02T21:08:00
f3d8d1a8-7897-4803-a6e4-737afaba95f5,430503d9-a26a-4e1e-9cde-ebadc9eac778,38.59,netbanking,success,2026-01-21T01:13:00
eb4677cb-8bc9-412d-8a3c-892c8cfe562c,4c6e6d8a-3782-4ffd-b8af-85297f91ab05,9.04,upi,success,2025-12-19T07:08:00
62342e37-cfaa-41fb-8412-f03d24aa70be,757e9085-cf7e-48d5-a748-7a5fccf78ce6,17.72,wallet,success,2026-01-13T17:47:00
c2ab0f8d-6b70-403e-9366-936bfca89dcc,383e20a8-7326-4bab-862a-56297b9e3aab,23.36,upi,success,2025-11-16T07:26:00
473f97f0-2d41-4cd2-9b2c-de605157f101,b64b61ec-d21d-4e0d-8101-a5dac75758c7,59.88,wallet,success,2025-11-27T21:19:00
a7b598ab-f9e0-42ea-8a55-3489061a04b2,49d06364-a7d9-4a35-85d5-0f79b33745fe,12.71,upi,success,2025-10-26T17:40:00
d0e55fc1-9bf8-4840-85e1-a0364aa26384,69547b2b-a3a2-4deb-91d1-72006f56572f,46.16,wallet,success,2025-11-19T11:14:00
1accf050-0187-456c-9e13-ffacb9efb54e,7aa41fa8-cdc4-469e-8b9f-8fe8e76e3751,59.56,card,success,2025-12-17T07:22:00
bec8aa14-2973-4057-9ce4-31483a0784ab,4df73118-d23c-4272-b4b7-4bf28017a624,120.0,card,success,2025-12-26T14:54:00
a3431937-7494-43c5-b369-309f163e51d1,4c616e08-a538-48b3-9ef0-808d9a6da761,24.07,card,success,2026-01-24T05:49:00
6b5e1453-8305-4fbd-9e32-32296dc53094,c691b564-e30b-44ee-915a-c53b7a211228,113.56,card,success,2025-10-10T20:01:00
c720064f-028b-4a78-a4c2-422a1919c1b2,91b08a8d-5056-401d-8694-16299f125526,82.76,wallet,success,2026-01-02T15:31:00
da009398-4021-43a5-ba02-3f54de93d210,f7be8e71-c525-4887-9823-816c5d97f6b5,28.13,card,success,2025-11-29T18:35:00
71545082-df7d-401b-978c-4c056826818d,100c6f5e-a71e-41a9-9216-652fcee753cc,133.36,wallet,success,2025-10-09T11:01:00
6046725d-5b51-4979-9fcf-255d353cc40d,bd2202d2-086d-4f0e-a3b9-ddb6c9ad60d4,29.41,wallet,success,2026-01-08T10:08:00
4b734d6b-899f-43f8-a8a9-85c255e756e3,eb083c73-a20d-44d5-86a2-2d08ee303205,246.12,upi,success,2025-10-15T13:50:00
4298d9b8-72f4-4e87-8432-9f78ac761d00,1f47a1d3-ef26-4f3c-94bd-c43b73010eef,32.85,netbanking,success,2025-12-27T08:52:00
d6df35e9-b405-40bd-8aca-8810864fdd43,7df1856d-98ed-47f4-92ee-99da618feea9,22.23,card,success,2025-12-19T18:00:00
c71b9f7e-0fe7-489c-abb3-58cf8a5e4f3b,a5f453e5-d802-4b0b-8e21-390f2c612d59,58.32,card,success,2026-01-12T03:41:00
f602a921-f1fa-42ed-a544-e3ba2248d6f9,4e5a2fdd-9029-47b5-b295-9005a60e51bb,131.22,upi,success,2025-10-09T09:53:00
93a7cff6-96e3-4971-84ad-ba5be52055f3,84e11aaf-0f66-4754-a77c-a0903dab4d45,58.94,upi,success,2025-10-27T11:39:00
83cca66e-83e2-4500-8bec-5f805b650442,481c5133-b355-45ac-9ae8-88278a332fb8,166.12,upi,success,2025-12-02T23:18:00
1a70686e-3050-423a-9972-6dea080a3fc7,53c4541f-7abf-4f3d-8aec-415d82d6e9d3,61.62,netbanking,success,2026-01-08T14:43:00
1e9043aa-7383-46a9-89a3-1d3d3d189db5,993c16f9-1612-40a4-b257-d8001c62ffd2,53.52,netbanking,success,2026-01-20T06:01:00
a80f2df7-2bb1-4616-a7cb-cfd607a725fa,58e4d3bf-dcb3-4cfe-b5dd-330d1b8cbf3a,83.72,upi,success,2025-11-25T20:23:00
1ddc135a-c907-42bf-8d2f-9c658e6d11fe,063ff8bc-82ee-4486-9284-d3463dc5f1a3,29.01,upi,success,2025-12-06T15:54:00
5cfcd4c3-882f-419b-ad12-022f49992108,55259edb-7863-4695-b65b-5de4865c1bbf,34.68,card,success,2026-01-17T07:06:00
35dbfff8-8b74-4dee-8fc8-a2972028dbb3,8e047e35-c63d-4a6d-b060-8c6c59c7bcdf,22.86,card,success,2025-10-02T05:18:00
c8547b2d-a35e-4f36-9435-ffc667bc0a35,f9a9cbf5-d772-45a3-92e8-b311fd4baeaa,9.47,upi,success,2025-11-24T11:59:00
ca9638bb-06a5-49db-b574-fb4e61336744,1eec1b17-adb3-4442-8482-cad183865c4e,182.79,card,success,2025-10-03T18:55:00
4c304372-a664-4217-ba83-9bfa8a21fabf,e2cccd35-9dd5-4aa8-9813-ee94416e80f1,10.78,netbanking,success,2025-12-02T23:38:00
92d1c6b2-498e-4b0d-9d6f-c1a67ef0f02f,edfdf42a-7b3f-4453-afec-f604e8a7b810,37.71,card,success,2026-01-19T20:51:00
b54d1a10-12b9-4a09-8299-ac1a1d9e938b,0ce6a4d6-f7e4-4932-bcbd-b827235c99d2,39.13,card,success,2025-11-07T16:11:00
be79e19c-8cf2-43db-b01f-39c2893a0adf,e6005d60-2351-4367-a7b3-2d77933c6d59,47.36,netbanking,success,2025-12-25T10:40:00
cbd2b30e-e1e9-4c2a-b092-e371c7e5f647,798e4a1e-535c-4905-9de6-c9a6bfaabd0b,51.08,wallet,success,2025-12-21T17:39:00
13c9dd4b-3cdd-4552-ac9b-f82ad4768b9f,18bb804b-4a22-4ef6-9913-9fe1af56799d,12.12,card,success,2025-11-12T17:49:00
88d4ba9a-6af2-4ead-9cf3-4fab052d6012,278a0cb5-e4f6-4703-b7c0-7572c97fcb47,23.77,upi,success,2026-01-04T10:28:00
4ebd104b-a23f-4749-b3fe-6f4124b948c0,c23882a5-cae6-442f-b911-cffe01f77d55,43.23,netbanking,success,2026-01-14T06:01:00
763702d8-00dc-43a5-801a-a6ca14faafe2,b6b948a3-1c07-4f58-a87c-186da4cf7fb1,95.84,upi,success,2025-10-04T12:31:00
f6ead97a-897c-42fe-92b1-d8dad2071719,e20499cb-1fc8-443a-ab74-2219c630c38d,35.23,upi,success,2025-11-16T08:07:00
245eb630-2a14-4ff2-b6bc-4d229ae482e7,3318b524-53ec-40ac-accd-2e0603c0c3fe,62.66,upi,success,2026-01-07T11:27:00
fa39f9f8-cdf0-49e5-88cf-f6c4897217a3,60153fb1-05d4-4a22-a9b3-b2cefebe98c1,61.09,netbanking,success,2025-11-15T14:18:00
27f2200d-df30-469a-98e1-e4f4c3c5a5a1,9ed7f02e-cc91-47a0-9169-40000cbae87a,55.79,wallet,success,2025-12-08T18:43:00
990c0838-9fb5-43cc-870a-3f1c251d937e,731eedba-4232-4d81-ba28-cdf870e83cd9,288.18,netbanking,success,2025-11-07T11:48:00
80074959-4838-4901-8b15-efb7bca495aa,e7b9301b-92e0-466e-902c-2bf83a565c42,97.41,upi,success,2025-12-28T13:29:00
804da6f3-5fc9-4f38-8071-c4258c3611f6,88a63c57-297c-46f8-a6e4-46a852eb093d,54.64,netbanking,success,2025-10-18T15:09:00
70f85f32-0c9a-45aa-83eb-9a306893601c,cf72d9be-1bc4-4943-b0bb-600cafd0ac48,148.38,netbanking,failed,2025-12-12T21:36:00
91dd445d-ad9f-44ca-ad87-538c5b41ea24,92be5b3b-e80a-4790-b5b6-b17a500c5d22,40.04,upi,success,2025-10-18T21:51:00
e839ddf4-15b1-42da-b1cb-d26d558fd8ab,8181a390-431a-4baf-a932-93ea6a22498f,10.89,upi,success,2025-11-17T17:16:00
09303c14-a9b1-4450-a4ed-0a2e9d7fedf3,18cd84a7-619f-477b-8453-94b2ed34c548,27.85,card,success,2025-10-04T16:25:00
4920e822-f9a0-4a41-93e6-bcc85a17a2c4,8be85ce3-d9a2-4151-b6fc-710a40941c97,49.8,card,success,2025-10-14T16:29:00
1043ba5e-8b87-4838-860f-082fa7beea28,d1cfe719-aca7-4994-9875-9281063601c6,30.36,upi,success,2025-12-12T21:26:00
86094ede-9d4b-4f64-a1dc-8f824e10f06d,c0595ba7-5ca4-45c0-98dd-31379fb623d2,27.41,upi,success,2025-12-05T18:02:00
416db21f-af70-4f6f-be72-2a6ae078925d,96f6a826-e718-4273-a307-366e2c6bed6e,49.47,upi,success,2025-10-07T07:22:00
e0031026-f61b-4234-a6bf-b151869bfd8a,5aad3478-a477-4a82-a33a-3b9d6550043b,27.53,wallet,success,2025-12-22T22:31:00
b87d06d0-b947-4a1a-b68f-d5decd61356e,5a47e9a3-4485-400d-8c2d-567c738170a4,29.64,netbanking,success,2025-12-29T06:27:00
3c380162-3337-46d4-981c-487e5279a45f,1419e635-2f0b-4b31-b613-c1eb99d043d7,100.6,upi,success,2025-10-06T19:19:00
5d1c849f-4b6a-40f2-ab57-113113491dee,39040130-0d42-41ca-ba28-d7506bb6cd5b,68.74,card,success,2025-11-16T11:29:00
78286c04-89d2-43c0-9c37-147a065476f2,e3af3693-c687-49d7-8b7f-499a0fb34850,103.56,upi,success,2025-11-19T07:01:00
074e02c8-5fdf-4a97-af9c-bf56613a39eb,46a1ec90-284f-42ca-8535-4a524e0243e8,60.9,card,failed,2025-10-14T13:29:00
0335cbad-0514-4bdb-b083-813569948a0b,0059615b-7e09-4503-a35c-bf96d1df99c4,54.53,netbanking,success,2025-11-24T06:25:00
afd08244-31b6-4865-9ebe-ef82998ba52d,c4ae3000-d6b1-4066-8c4c-74265af1aeac,38.0,wallet,success,2025-10-28T22:45:00
c64ad11b-0f6e-4267-9c10-d371a2c9c618,6f3029d3-107c-4cba-9c3f-30fc2a703ebe,28.76,netbanking,success,2025-11-16T17:45:00
18313a74-50c5-47d8-b398-8c8db466096e,4aec9833-290c-41ed-bcce-841b0025cfa8,72.21,netbanking,failed,2026-01-21T08:31:00
c324d68c-4d99-4125-8f44-dcac66e11dd7,35980218-f175-42c2-95d8-68723dbf0deb,22.56,wallet,success,2025-11-17T08:33:00
a3c6b313-32ff-400e-9bc6-fad8b007d734,5b499f3c-1c7c-49aa-8990-4e7076a32b57,36.45,wallet,success,2025-11-26T21:09:00
fde4790f-a62d-4ce2-8891-e9d29f156e6e,a9662330-403c-45b3-addf-da0de0b3a8cc,115.24,upi,success,2025-10-04T19:01:00
7f94a170-5ec3-4096-9e8f-3b5e38185b76,d4783924-5147-47ad-bce1-08d3bd8851e8,90.52,netbanking,success,2025-10-31T18:14:00
0ab4f17b-1604-4a99-9e97-6e1db048b9a7,ac2df5a1-604c-4bed-a2cf-30ab5273a58f,71.49,upi,success,2026-01-16T23:58:00
5873de6d-6789-4fff-8f29-de69cbce9797,3d233e1c-c9e1-4c41-9b58-b3576d9bb3d2,26.32,card,success,2025-10-17T10:58:00
4a6e3e69-62fa-458b-a728-1a96c84495b0,c5af2905-7405-4588-b3aa-c4789daa5984,199.74,netbanking,success,2025-11-15T19:02:00
6c7b2aba-53f4-46b2-944b-aa5398b76c47,37663f29-675f-483a-9b52-27ea23a660ab,14.21,wallet,success,2026-01-03T11:46:00
83aee6c2-cd3d-44c2-8879-bea7a6224ec5,51a0b1da-1aea-4a48-91f8-57cacaa37f33,61.86,wallet,success,2026-01-04T20:35:00
9f622f3b-7413-41a9-9a7c-ccc3100ba674,17d8786a-076f-435c-922b-56f0b058a84c,110.52,card,success,2025-11-11T17:21:00
30579268-378f-468a-a22c-92b6e5ea6898,4abdaa15-b1c0-420a-bc5d-d5f54ffc7ce1,10.09,upi,success,2025-10-01T13:17:00
16e787ac-cff8-4e5f-b54a-56d4645820de,e1927720-2c97-47ee-9935-d9d13ffbf446,68.34,upi,success,2026-01-24T16:22:00
e8c2caae-a2cc-4348-b8f4-37d7c7394518,80c7bd17-ac02-48c1-82aa-1defa1ec208f,33.75,wallet,success,2025-11-17T19:37:00
64a7b85a-5a58-453a-af87-54c09397f52b,456b4047-fcc1-4155-a127-a0b43fafa338,166.05,upi,success,2025-12-09T18:42:00
a266d41a-2ed7-45e6-82d0-c485f10527a5,87d53b41-7ae3-4894-904d-5ca5c2664269,78.3,upi,success,2025-11-12T20:32:00
44196932-4e46-4472-a0ec-0b63e880aa59,7dee219d-f1c1-402d-976b-2bceaafcb3c5,47.5,wallet,success,2025-11-18T07:59:00
341024d8-519a-4c79-9e2d-21ae0360ea48,bd1732f3-b83f-4dd2-8249-11fbf7bf2809,96.21,upi,success,2025-11-17T18:09:00
348ded64-5dbb-47de-a58c-abd83ac6e9ee,434f0e0d-a4d5-4e51-aa0c-2730736d4b34,16.59,wallet,success,2025-11-28T20:54:00
8f7bd5f3-9c6d-47d2-85db-2f6fb9985204,936702d8-bd75-4c0f-be80-2edf1684f69f,44.7,card,success,2026-01-20T16:55:00
70fa9237-ff05-43eb-ba3e-2f3b848712b0,7474d773-81c3-4baa-8ee1-abf6336a05f3,25.0,card,success,2025-12-20T04:51:00
a5400914-b9b9-41b4-8cba-e46381051d7f,4d3f150d-1442-4d26-9f2b-f38559154880,36.48,netbanking,success,2025-12-06T23:56:00
7db40820-8279-427f-8662-64852c8a67b8,19f3e541-8448-478a-8bdb-3d809ba6a6d5,62.94,netbanking,success,2025-10-24T06:29:00
d8da0c57-50a2-40ba-b5bf-cb7d88769fbe,db79a398-de7a-4271-aafa-fb8846b08add,46.2,wallet,success,2026-01-24T06:24:00
9f942b04-f0c4-4880-b04c-e34b1363515b,92c3e6d7-7e60-4891-bc44-e37e20b8759f,47.0,upi,success,2026-01-05T06:42:00
f3acd507-71c4-4f30-b56d-5825d856facc,c6e685e1-f47f-4f63-b6cd-4a40b7c04ee2,77.06,card,success,2025-12-31T21:06:00
ed46149b-2ca1-4c11-a645-6adfa810bbc7,1f947200-721c-4616-af1d-53e98eeb5ac7,22.03,netbanking,success,2025-11-05T11:47:00
3aa912c2-29d9-4f08-bccb-eddd38ddeac1,719d3f53-b89a-45ba-99c5-47b910527c85,63.54,card,success,2025-11-21T13:00:00
86da1acf-4ebc-423f-806a-f4b6c2faf641,45c562bc-e438-440e-8856-d98b4a0b4fb4,34.52,card,success,2025-12-07T17:20:00
886790d2-1656-470a-aea8-274c20ac0ce5,28656deb-7315-48d3-b722-9900ad98e6fc,25.75,card,success,2025-10-13T15:15:00
c87698a8-7492-4755-8783-c180e609a29d,5bbf595e-2ff9-4926-a4ad-87f97204af18,66.42,card,success,2025-11-20T10:53:00
a32d692c-6dff-460b-a7e7-fe958601f227,d93218d8-7f83-4383-adca-f9da7aaf233a,42.06,card,success,2025-10-16T09:44:00
44a8a002-e434-49f6-bda8-6209fb3d85d8,bdb80919-715c-4d6c-995d-abb018ee7499,39.57,upi,success,2026-01-25T14:28:00
674cbdb8-bca6-4087-a495-05146f02775f,13339905-02c5-497e-86c5-d18c48688639,48.46,card,success,2025-12-01T16:03:00
d91fec05-311d-460e-aa91-02411a37c229,1bb736ee-3d5c-41a3-8d92-7ec49d299ab0,99.6,netbanking,success,2026-01-26T16:22:00
d5089576-c264-4edc-bd4c-43eb848e15a6,4e3e8b18-e610-4a4e-b216-4d62e3628c51,40.58,wallet,success,2025-11-20T15:25:00
43ef5de7-0a71-4b0a-a5d9-50f5a087a4dd,6c512d3b-0527-457c-bd2f-42160051a242,149.49,wallet,success,2025-10-22T00:03:00
7af8a988-32f9-44eb-be3c-e5b673831d61,f5b91c71-b5bb-4a97-8396-0d6558e44e32,47.41,wallet,success,2025-12-25T15:37:00
0b665f03-523a-4694-8fa8-7b8c53e51920,8eb76361-6daa-4647-ab1b-1da946bf582b,125.76,netbanking,success,2026-01-26T02:41:00
1c9c327f-d114-4927-8678-1de30e82fc81,73580992-2c48-4b38-90ed-005b54c3d298,54.32,upi,success,2025-12-23T18:20:00
f79bc890-ff6e-4c47-b743-2cbdc79a2f68,e7b4a1f1-de4d-44e9-bf8e-ec96fb84a4ca,32.58,upi,success,2026-01-02T17:58:00
630d9898-1c4e-4314-afad-8da8f55aa6e5,442b8db5-0add-4660-839f-5ba389b9badf,93.14,wallet,success,2025-12-28T12:16:00
255e6533-1045-44b2-ab2f-003312f4d94f,306505fa-9c31-45f5-8a46-dc0954cf1250,46.46,upi,success,2025-10-04T08:45:00
55076f35-03ff-46c4-af71-28666a9cfe3b,6dbc8eee-0880-4072-b918-aaf3dc02bbd8,184.76,wallet,success,2026-01-21T18:45:00
bf1a1afc-b0c3-4be6-9c56-06d22f25c78a,6fa7c957-dff1-4734-a545-f0fbaf14c7bf,47.58,card,success,2025-10-12T21:41:00
f7f60404-9247-4e73-bc47-304898b9c64e,4195f84d-6a7c-4da9-be59-70260503742f,46.26,netbanking,success,2025-12-06T07:59:00
0b3d4dd1-1b59-41cc-90e8-e08c82ac5cb5,e46b0df5-e67d-48ca-944a-79bf51b1f4bc,30.0,upi,success,2026-01-11T12:27:00
f7147bc2-4511-4b2f-a274-9de54c187017,e4aceafd-10ed-4911-a7dc-2c5eee423d4a,181.2,wallet,success,2025-10-05T14:28:00
c86da18b-ef5f-4d86-a50f-1821a08f7c90,7c079d20-6d07-41b5-92b4-e664b3c66ed5,40.72,upi,success,2025-10-31T08:33:00
7a4ebde9-a1c7-4738-9127-03ecc872f70e,489501bd-dd07-4b20-93a2-f6448a615cfa,66.15,wallet,success,2025-11-11T19:33:00
de337d5d-2e68-4673-8762-15c3eaaf3d90,6af6a33c-d67e-47f8-bd0a-1bcf44555328,34.3,card,success,2025-10-23T17:39:00
91637605-305f-4de5-87d8-cf04aaface4d,3bae1dca-1022-4081-906e-c746f5ca4d8b,70.3,netbanking,success,2026-01-01T16:42:00
ea1da432-ba5b-4a96-9391-bf72d9121f0d,12ae3b66-54b8-452f-83da-473559bf5080,39.92,netbanking,success,2025-11-16T17:42:00
8bd4a84b-de4f-4a06-8624-b949fad38f35,d65fdae8-5f49-4792-8a9a-841de6126164,61.29,netbanking,success,2025-10-07T21:14:00
e7b14c38-0ae3-41c1-bf23-fc09477c3b1e,93033c26-7b30-4446-b170-ebabbd443563,75.73,netbanking,success,2026-01-05T18:24:00
244b2bb9-f989-4db0-8d17-bd917534afc6,8d42534c-d266-47bb-859e-f2945d028612,45.44,upi,success,2025-10-08T03:03:00
8d92655a-3ed0-44dd-936e-21a0f9aa06e1,7d8144e2-186e-4a0d-b206-3da4ced0816b,41.36,upi,success,2025-11-04T18:36:00
7b2d7857-251c-4b45-9fbd-f25125d02f09,2610fcae-c474-425b-8669-0bca3776d096,52.14,upi,success,2025-10-30T19:41:00
43216d8a-b4db-40a1-bf6d-4f3cf8ce9fc9,2656c12c-0023-42cc-9828-b7e335c2d88d,121.14,card,success,2025-12-31T12:35:00
761600f6-66ee-460c-8ea5-bf501a6aede3,94682e90-5d66-42aa-b9f9-36c1b6ec9e80,45.21,netbanking,success,2026-01-17T18:16:00
786a921a-acd9-4c4e-bc6a-f1eace2776eb,0273cdcf-2351-4eb3-9b98-6e2fce848d72,67.5,upi,success,2025-10-22T21:33:00
7ade192f-f232-4ec8-8370-a123e624ba05,1822aa75-efa0-4f31-9189-d4a5acef56a6,41.64,upi,success,2025-11-28T09:42:00
55a4a84c-bbcc-465a-b3c5-1f2a387779cb,a84cee0c-219c-4a0e-99e9-26e76d3a8d29,162.2,card,success,2025-10-31T10:14:00
f2005d90-7f66-417a-a5db-c5ef93cf773b,8c177ffb-f168-4d48-85e4-979b9d889748,50.11,upi,success,2025-12-12T17:48:00
38a39701-692d-41b1-a77b-d7cdb7e390e4,fad76085-83c1-4a9e-9602-dde74c930f61,95.96,card,success,2025-12-11T08:12:00
a50b5062-3feb-429f-8257-4fbbc15ebc20,f87c31a5-97f9-45f9-ac6f-e4c699eb4fb3,18.9,wallet,success,2025-11-16T02:52:00
c8f0ea6c-a980-438a-8156-2bb7f8050d58,1d502c10-a909-4e02-8c58-6972c8844096,23.25,netbanking,success,2025-11-16T08:58:00
bac0c9c4-4d6f-4000-b8b8-92a920ac3f9d,8b1b9b17-e1d2-4fe0-8123-89904e1ed2f5,59.88,netbanking,success,2026-01-20T08:33:00
8f046db9-0ca5-41d8-9097-14df818f64af,b3582c94-e0c7-4d20-a6ef-4a3d7b0824de,33.97,upi,success,2025-10-19T06:01:00
49a2b458-2604-4ce3-bdda-cfd0faf081a0,2fbee0ad-466a-4228-891c-019088282f06,50.72,upi,success,2025-12-26T18:32:00
b0b8a3a0-9aef-4900-b8c4-f876e0fbf278,ae46a221-d3da-4f77-a658-54d75ae3a644,121.02,netbanking,success,2026-01-22T10:57:00
e6012438-4abf-4f9c-9588-1f5904736f4c,3b7b2c0d-ecac-4de3-85e9-169ae2cf361a,59.24,card,success,2025-12-12T08:44:00
0d5615e1-881a-43fe-a386-05e56982a918,39a61c9b-8169-434c-a19b-9a4e3ae47f2b,43.38,netbanking,success,2025-10-17T20:57:00
09241c8b-bb68-4d4f-8efa-dcef31151b97,446bc6bb-8097-4cfd-9c5d-f0513ebd63f1,14.36,upi,success,2025-10-19T16:53:00
a022e064-3e5c-47bd-9386-db0b8d42cab8,7dea7b23-4a9e-4cff-83a9-14318d78c328,300.84,wallet,success,2026-01-02T06:04:00
11930698-fb99-4bd7-bffe-e1085f6d64b9,c1b484b3-175a-4e9c-972a-15150c7c2285,37.24,card,success,2025-11-23T17:41:00
75091351-05d6-4e6a-bd70-3a01edd2106f,c3a1d59f-73c4-42fc-a6ec-ee26b687754b,38.54,upi,success,2026-01-20T16:34:00
701a392e-88fb-4f7c-92a1-b9f7a81cee34,565d5447-dce6-4b7c-85f1-836ca46172eb,68.44,card,success,2025-11-25T06:43:00
cfc66492-fb59-4b01-a4fa-cc063cdb54b9,e3451f26-a1e8-4880-98b1-c9a18ec7da2b,43.41,card,success,2025-10-17T19:15:00
91ba42a9-dadc-48c5-a341-690bb1cf0b0c,9ae03a45-f751-4e58-9783-22ce29ccc417,16.98,wallet,success,2026-01-07T10:53:00
415aaf6e-4442-4b92-b50c-2315d839f07c,0d04cc8b-7eb0-4394-9dd3-40e346fbcd7a,19.95,wallet,failed,2026-01-11T16:54:00
b5dc9300-5d52-42d4-ad86-786f2eb10ee2,1fd48542-282d-44e5-8cf9-033ce5a00ef9,74.73,wallet,success,2026-01-24T15:05:00
6382ef7d-4929-4ac5-85f6-1770c5c63ff5,e02d16f8-ac9b-47ea-ba83-c936fe0c215d,69.68,upi,success,2025-12-03T08:48:00
3c12a0a4-5452-42fd-866f-c308a2f65000,43676175-72ca-48f3-b37b-ca95a60acfd8,253.12,netbanking,success,2025-11-29T13:57:00
50d6c91c-422f-49c2-a7b3-d0fa0115a657,6e1f2d28-8a24-4cca-867f-028153cc8161,62.04,card,success,2025-11-25T08:51:00
30e3971e-4ddf-4a41-9d52-4a7337ac398d,e34ae367-a513-40a7-8b58-ecdfa12ab835,39.57,netbanking,success,2025-10-20T21:59:00
1431655f-43e9-4f25-96ed-c72919216de0,b47c620e-4059-4747-b321-1990b16ca5a6,58.62,upi,success,2025-10-04T09:35:00
a57223dc-f605-4168-b304-5ef8ac343ae4,bd5dbce9-2b77-42e0-a39c-00978d1c56bd,183.96,netbanking,success,2025-11-22T07:31:00
bb9f8339-ad62-4027-8763-aab364a95a14,e68ba22c-cd93-450a-9c29-fb02e34137dd,42.61,netbanking,success,2025-10-20T06:37:00
f45ad66e-0219-4a8b-b6f0-8b121be8e082,e6af613c-6fc8-4835-82a3-e1616dd10044,58.28,netbanking,success,2025-12-24T17:21:00
35a1f56a-6cf2-43b0-bb4b-d0ae01b4f8c0,23a6b9a3-6cf3-447e-9805-fd76ee554c1c,29.91,card,success,2025-12-14T07:40:00
0cdb5109-4084-45bc-87a2-0ac4e71d066f,24ce24a2-7630-420c-bda9-1211724e1acf,26.64,card,success,2026-01-07T15:39:00
6d5a316a-1ce5-4010-9eab-28de186a52f1,e55cc8bb-5377-42dd-835f-8d413cb1afa7,34.85,wallet,success,2025-11-08T16:04:00
5e7ecbd8-8610-4ec7-93f2-5db6880bc72e,5d2952a1-7068-41fe-ab3e-9592b60a380a,13.0,wallet,success,2025-11-17T18:25:00
352ff1b2-8f77-4ec0-b732-c80f8aed1892,4a112721-02e5-4f81-a1aa-a6613769822b,38.45,upi,success,2025-12-12T17:08:00
87f696e9-4895-4b56-9c04-f0800885e674,3a690d38-5b45-4eca-9579-331edecd974c,29.5,upi,success,2025-10-28T05:42:00
217ec1ef-d567-4b99-b98d-aa44d8458b22,32c02afa-31ff-4600-a9c8-a0882204bd16,50.05,card,success,2026-01-27T19:48:00
018c2bd7-0adf-480e-ad03-fe5429ac6689,fd6637a5-21df-4df8-8889-fb974cd91710,32.73,wallet,success,2025-10-13T17:54:00
c62d2030-b0ea-4a16-aa5a-f02bbfcb51fa,043d34a4-58af-40c6-9bd3-6c1adb54ffc6,42.76,upi,success,2025-10-28T10:10:00
a1643fc6-56d0-4a66-aafb-d21a6c99c713,47a4f033-d47d-4ca3-a52f-18022095f778,81.76,netbanking,success,2025-10-22T08:31:00
f0e247c0-2804-417e-9316-52fa3a5c556a,17d714a6-8934-45a5-ac17-eb3317015929,28.28,card,success,2026-01-08T21:10:00
fecd49b0-f7fd-4721-b820-e9b01ffaaa4e,fd11543a-8532-4f30-b62e-c2f77da039fa,82.84,wallet,success,2025-12-10T11:58:00
367947b1-cb32-4b02-a9f2-6db2b186038b,0705999a-49e3-45aa-bbc1-0d8997e93e87,33.92,wallet,success,2026-01-14T08:37:00
1e83ef00-b19b-487b-9a73-cd2232167487,edd0ca36-e62e-4ca6-a6f5-88a7e1cebaf4,51.62,card,success,2025-10-17T06:00:00
9829f2be-e1e0-4e60-97e0-f53aaf648f0b,76711315-2916-4949-9f8c-7d944028af6a,142.92,netbanking,success,2025-10-04T18:10:00
7c39f3a8-8975-40c4-af7f-f523b4f4df00,6d792303-60e9-469c-81fb-6a6d2d524d6c,49.52,card,success,2025-12-29T17:47:00
4506db01-9ad9-43c5-bd60-fc2a6a548f16,a520bf2b-0737-4bfa-ae82-2d418ad24852,73.8,netbanking,success,2025-11-02T17:56:00
b2c0ead8-e960-446f-abf2-0ec7988789ea,cfcd91fb-3138-4061-82b7-5f3af68327eb,87.28,upi,success,2025-12-22T09:13:00
21ab349c-166a-4f06-8ed4-a1c2c2a73850,19930437-f77f-4874-9dcc-20aacfb6b605,70.16,card,success,2026-01-28T19:34:00
23bb693e-eda8-4bec-a11e-d1f065df7536,fee83a35-0b8a-47af-bd29-167a08ca4976,64.04,card,success,2026-01-08T07:43:00
ed3c8758-60af-4742-860a-6a4f19ae532c,4f3dc3a6-c268-4d01-ac27-c623e8510e3a,80.34,wallet,success,2026-01-16T13:51:00
a917dbbf-304e-4207-8474-a6729297c84b,d47e5d04-406f-406f-878d-a17155233e8c,146.82,upi,success,2025-10-29T13:12:00
0c335847-4c31-4b1a-9542-1c8e165ba34b,9d0fb461-4b7a-4160-bd7c-8a01377b284c,147.09,upi,success,2025-11-06T17:09:00
529a1b09-c598-4218-beb4-6bd935d8bb49,5445dcab-fec1-4449-a59b-dbc5023f864d,113.08,upi,success,2025-10-10T04:25:00
222f5f73-9970-40a7-be52-a6663ca347c8,3dc9b666-fd6d-41a8-b0e3-b08912f6de09,66.03,wallet,success,2025-11-15T19:55:00
b2d3db89-5b4d-4739-85a5-bf98d3abdcef,ff91f8dd-7825-4a1c-af4e-12b90af10f89,80.72,netbanking,success,2025-11-30T14:55:00
2673382c-00e0-4e83-94bd-70a3f2ae3fad,0b5166d3-3b36-4926-91c1-de4e404eb618,89.31,upi,success,2025-10-20T17:35:00
44ae9c94-5f55-4e13-9493-d933f64858cc,dc20d44b-01bd-43f6-9f55-9bc949fb844f,301.74,upi,success,2025-12-05T02:34:00
277aed3f-75d5-4e3d-9846-d56d8c9fe46f,cfc3be6a-727e-4685-bc06-e62d605b4221,88.83,wallet,success,2025-12-12T00:08:00
eba599a9-0da6-4141-a032-09762309a202,45eca062-71a8-4616-b95d-bdd3542a3e39,57.54,upi,success,2025-11-29T07:05:00
8ae1606c-6bda-41d2-9f15-2e66464a36e1,26cd80b7-ce5e-4c05-a748-6d348f70039b,52.22,wallet,success,2025-11-20T05:44:00
447b7f68-41b8-4d20-90c9-9c3e8e76b5b3,80d706b8-b558-4023-a267-22eb20af92b3,30.14,wallet,success,2026-01-10T12:27:00
1627569c-649d-4940-9a67-d38fca65e3ac,0c288fee-6758-478f-bcc7-cc6991c0aa38,124.68,card,success,2025-11-30T07:18:00
e00f90a7-453d-4341-9798-2a91aabb07c5,15c7fab4-f7e9-4edb-b04a-99279875d8a4,144.66,upi,success,2025-12-23T16:47:00
5ccffe86-6316-479d-8429-c974c8f45eaf,9361fe5d-4c50-48ee-8a1a-535d4ca4968f,24.79,netbanking,success,2025-10-09T19:51:00
7e725e55-1bfe-4e87-ae9c-2d8f936ad2ca,7029ae88-ba70-4386-8dec-401d538b023c,68.46,wallet,success,2025-10-29T06:15:00
c0461ac5-83e4-46a6-b77d-df70e19642da,69f1b5aa-7f21-4fa6-b6ae-bd0b9c2196c8,33.97,card,success,2025-10-08T22:43:00
24590067-f1bd-45e7-9236-1fdb0dce4e7c,7d0e2205-1aea-45de-8baf-a0bb9ad0a11b,41.21,netbanking,success,2025-11-06T19:36:00
3801664a-5c0e-4982-873d-6ac5b4dacc81,51775346-9a42-4dba-aecc-edd491ade1a6,46.92,netbanking,success,2025-11-12T21:36:00
aa9242c9-a649-45ed-ac59-4d09a2016736,e0682d57-bfc9-4a1a-86aa-bfce80cb522f,14.55,netbanking,success,2026-01-04T07:59:00
73cedb11-7dfa-4966-ad40-9a03e7e72cf2,43cc3d89-a87f-44b8-a866-11e249913d1c,98.6,wallet,success,2025-12-17T08:01:00
e23ca9c4-4ecf-4112-93bb-0a9c78c9c63e,33a0dd2b-638e-44f0-9501-7c36a0411ce6,38.14,netbanking,success,2025-11-04T11:30:00
4986f888-4a76-47ce-8b09-0e75633874dc,72eef36d-64c4-41e6-b80b-be65dd86f7ca,74.64,upi,success,2025-12-29T19:48:00
18c6cd74-de87-4a90-8f7d-b00dca579728,f4c2ddce-81f0-447a-a5af-69e2ea230343,109.86,wallet,success,2025-11-19T07:50:00
f816f893-d220-40f5-96f3-5b50c52a0f41,c4400e23-6f69-414f-a54b-b6e724ba06b2,56.36,card,success,2025-11-16T02:19:00
601a5543-a59a-4793-81c8-229214d659a8,54e0ec18-643c-444a-8a48-07fc1998c10f,24.02,wallet,success,2026-01-26T14:44:00
ac406dde-8b60-484b-a731-83d466077082,d70ff8f9-46d1-4c3c-9635-348130eae41a,60.72,netbanking,success,2025-11-30T03:52:00
03444c11-f77b-4795-86a1-df4b70452e2f,cff019ad-111e-480c-b68d-d952893d0104,30.29,card,success,2026-01-21T14:27:00
a40ffd9e-be18-433c-bcc5-5967c4cb8eac,528713bd-8640-47c8-88ef-f29262ba774b,30.57,card,success,2025-11-17T06:41:00
115bc911-965f-4722-b220-ce585f6b5def,001c22d2-cd5e-46b6-baf9-4cd746572c28,82.35,wallet,success,2025-10-10T15:43:00
019bb069-9e43-4667-aeac-c04bb8a021e8,e9e9966f-3c3e-4aac-86cc-f115db866fc1,98.0,upi,success,2025-11-19T17:07:00
7790c3db-9d58-44d4-942b-cb6598506e86,de26d4f5-b82b-4e68-82bb-b37b3ab86e07,33.1,wallet,success,2025-11-18T14:10:00
e07a34c5-fdad-4ab7-9a11-ce629702ff9b,c9416a2f-a9f0-407c-a0b5-9d39daffbe4b,46.15,upi,success,2025-10-15T17:31:00
e05a1618-c4c8-40ac-a56f-7ed9ba08795d,38843ebb-059e-4a23-b5af-6a162bce1489,38.86,wallet,success,2025-11-16T20:12:00
37f8693f-90e2-4036-8e60-6549ae98d601,b9dd28de-80d0-40da-a366-3978db80132b,38.59,card,success,2025-11-04T04:02:00
0f03319e-ff40-44a8-91ab-021665a47f34,5c442f47-ab6f-46b0-a62f-719cfd962e9a,17.36,card,success,2026-01-05T09:01:00
e4226b91-6bc6-4870-8177-1f4e1bfcfdab,49bf9b08-3c28-4dcf-a42d-88125d7668e3,70.4,card,success,2025-11-09T16:02:00
84cef851-a430-44cd-abad-760848433d52,3a015172-f219-45ef-9640-ebeacc4193db,100.08,upi,success,2025-11-01T19:13:00
a0fed2ab-bea5-4564-b2a1-97cef593bea9,0451c885-31bd-49d3-b00a-f0f7f675dfde,32.02,card,success,2025-10-05T18:26:00
2b8c726c-803b-4d23-a360-baa357c3cb33,b4305c08-1a17-4d91-aba3-522f75a81cce,311.94,card,success,2025-12-21T05:37:00
e2ec0e8b-d997-4d00-9f4c-cffb42dcab51,9a82af03-d594-4d9c-be65-0c044ece39ff,30.97,wallet,success,2025-10-24T00:01:00
0ec9260a-7440-428d-bb76-09d3f3d40ae8,c9c584b3-3b59-4b03-8d69-4668cebcf510,53.58,card,success,2025-12-29T20:49:00
71904eb1-a333-46e4-8831-eb6eec8e42e6,0b53235d-8f4a-4ab6-ad8e-c4fc44fca912,107.8,netbanking,success,2025-10-22T04:23:00
9391bb0f-09d2-4619-b0c0-6ba7d72be120,7de9a066-c564-4d2f-b2eb-635cb2e5377f,66.9,netbanking,success,2026-01-09T14:27:00
6305a043-104b-495b-8426-ffde4f621fb8,a7a4214b-2453-4ab3-96db-b31aa772a722,64.35,upi,success,2025-12-22T18:42:00
cb3d740d-97fc-4df8-9a07-fb7cff725ed7,9ea8798e-3a84-4920-a32c-41caa62a7d45,84.63,netbanking,success,2025-12-09T13:10:00
2518d8b1-4ba9-489b-82ab-2210fc9c7ab5,37b307cc-56f1-48a7-9f90-b494f389876b,62.82,upi,success,2025-11-25T08:35:00
2d261b03-d3c8-458a-b720-301afc85b366,a5bdc488-f898-4654-aeb5-4d0650688197,88.53,netbanking,success,2025-12-02T15:12:00
8a714e1c-1b59-4142-a15a-5db32b65dd3c,95f115ee-97ef-4436-aed0-90cda9433ff6,60.25,card,success,2025-11-16T03:22:00
187ba3fd-3416-4d6f-8506-d172f920634d,f378e797-cf73-43a8-8221-0d139392d257,42.68,netbanking,success,2025-12-12T07:21:00
e22fb54d-1bea-413d-9561-0f9a427992e0,4e2a3360-78e2-4eb8-a5b2-de7c98055d5d,34.61,upi,success,2026-01-21T16:39:00
e9a2070f-790c-402f-8ab5-7dbeb6fe26d3,39512d60-e020-45d9-8732-8a11cf6ad0c6,26.78,netbanking,success,2025-10-13T13:09:00
e6f56a7c-aa6b-43fa-bde9-ecb040c3cc2a,d42af68e-9d71-4a0e-8754-b3a124277852,19.64,netbanking,success,2025-12-24T12:03:00
e3b3df02-c533-4676-9dad-11ea047db919,b7062af2-d210-4494-92c1-ff922e5c7e75,35.97,upi,success,2025-11-09T20:09:00
9c814b2e-6349-4084-8bf8-2bddbe770c86,0314f771-5064-4336-b5d4-6cba79b9c1b5,25.18,netbanking,success,2025-11-13T08:39:00
3fe65023-19ef-402f-a143-a3a36dc0adf1,a79cb5b8-e5ed-4eab-b0e5-593156d2d4f9,39.69,card,success,2025-10-19T19:49:00
65844bf5-ee7e-418d-8e40-4ecba4f829ed,f322a57b-64e2-408e-9c58-57151b53770b,68.28,card,success,2026-01-22T07:14:00
0034f101-9c8c-4d4e-b975-ca4a51305642,6ce71a8e-3536-473d-a777-5bacef119e13,117.14,wallet,success,2025-11-12T19:13:00
d85f66e3-5b9c-4029-8a8d-dbd1913ee65d,33e18db7-1eed-442b-818f-089606cca5bf,45.82,card,success,2026-01-01T20:02:00
6ee2207d-9a60-483a-8ca2-ba90524be453,9269e2e5-bad5-47ef-85d8-ffa5a4800b16,40.61,card,success,2025-10-01T20:00:00
b923763e-5802-4419-9dc9-af7edfebbcd7,14fa4669-9240-4911-b54f-efc79b15d239,101.14,wallet,success,2025-12-04T19:39:00
1b7158f2-5a05-44c4-a4d1-7c7381b35e47,228ef361-39a1-43c9-913d-8d6db0d8f0d2,72.8,wallet,success,2025-10-12T08:13:00
2d594973-968b-4a08-b397-e8701a49d2bd,deed2c94-e917-40ee-853a-6ca13cc23522,39.42,card,success,2025-12-14T18:35:00
dadbbad4-3c0c-44e9-adb9-30c648c28b8d,084d764a-0391-47af-bdf9-ddceb6ae79a0,23.28,card,success,2025-11-30T19:19:00
3fc55040-8af4-4d27-bb3b-a1a20728e6a9,8a5ce59a-4b3d-42ba-a669-36af443f40ec,20.73,upi,success,2026-01-21T08:53:00
386aa81b-2529-4af1-ab3c-4d2f1a970abc,171dff58-476b-4960-9083-5a05220e7bc2,31.01,wallet,success,2025-11-17T12:33:00
097e5aa4-34d4-4e43-87a5-00847ba495dd,6bfe516d-60cc-4ffc-991b-cc25f341fe9b,47.94,upi,success,2025-11-29T14:12:00
e0443037-2cfb-42e0-97a7-5ef06b150f2d,c7a83acb-5fa1-4ed1-89eb-110dd64b7dcf,11.64,wallet,success,2025-10-26T14:47:00
df9eacaf-8ae8-4fa4-b141-4eb3d39e5ed3,201fdd6c-5685-4d00-a664-a561928895c9,122.22,netbanking,success,2025-11-18T08:29:00
be96b7e7-f274-4d43-b0fb-f1a0f3a7cd9f,c099682c-2de5-4613-80bb-469d910ee561,80.85,upi,success,2025-10-16T09:17:00
92cb96aa-65ef-4f67-a6a0-de0d6179489c,de348905-f7b5-4359-80d0-6c94e66b4d4f,89.13,card,success,2025-12-14T08:54:00
5c576594-36d5-4382-aa05-6f34b31c9a43,b2cb064e-423d-405c-b146-91fba9b74140,150.87,netbanking,success,2025-11-18T03:18:00
6ce38ec2-1571-472f-8867-2fd3dafa70fb,42f8d575-1254-475d-8d89-dc8e624aac06,20.04,wallet,success,2025-10-03T15:37:00
e79744ed-91f5-45b7-a7f8-f7a15094f0f5,5375a9c2-1911-428b-a1af-b644cd755ce2,79.96,upi,success,2025-11-10T13:48:00
5aff93c4-4b98-4558-9199-126e6fdc78c3,a819ef3c-4430-44a8-996d-685054a66aa0,76.17,card,success,2025-10-24T07:44:00
74342dfa-ed00-490f-a74f-3cb4e3b2bad9,9f53ab62-dbb8-4c29-a5bf-f64f880ef8f1,21.84,netbanking,success,2025-10-30T12:27:00
4375fad0-b0d0-45a3-b0ae-8cf0cb20e97c,df75760e-7c1a-4781-98f2-f85930c887a2,85.0,wallet,success,2025-12-14T01:00:00
27db0026-8bdb-415a-8fbb-52ed16c04855,2db80eee-5083-414c-9c81-6579751e7a4f,76.88,card,success,2026-01-14T10:59:00
04fad7d0-e1ad-4eb5-a76b-51726bf36cf5,c04d5c86-0068-45d2-9018-2fca8b782fc0,39.78,netbanking,success,2025-12-01T19:42:00
d6c4967d-c9d4-48f9-937f-00d6662bb0a6,3f5fa1a1-e955-40ff-bc92-ce412a1ea02e,106.74,wallet,success,2025-11-20T01:16:00
87dedc82-f2fc-45f0-84e9-bc7a34f89170,fd84460f-21d7-436f-baf6-5842141798b2,88.41,upi,success,2026-01-27T21:36:00
d9c37a3e-8907-4c15-9e6f-5338a313f53d,099ce2ea-8f10-4159-878e-56dfa527d468,21.52,netbanking,success,2025-12-17T10:20:00
952f5fbc-a590-4960-ab2b-85b177ff4b76,92b9c467-144d-40cd-8f27-fcd16e0d1894,76.65,netbanking,success,2025-12-15T07:22:00
48dfb323-e41d-4e01-a860-083cb110cc84,12e133c2-2d6d-4dc2-afba-9b7b7923a144,51.55,wallet,success,2025-10-03T07:18:00
9d7d8841-8325-4542-a353-31409e96cb48,2d99dab0-eeba-4cf8-bd2a-fda78882d48e,23.54,netbanking,success,2025-10-05T18:43:00
e56a9724-55ba-454c-beef-0c92c0e8b40f,1f78198d-dec2-44b7-b8e5-35020eedf0d8,76.53,upi,success,2025-12-24T07:18:00
3389de7e-988c-41ba-b74c-f7e0dca873c6,708c78d7-3715-4959-8774-bb2df75b0f99,62.08,card,success,2025-11-03T09:10:00
adf5f54c-c04b-4da6-9d39-a3fa0a734120,8213068a-46a9-4091-83e0-f6a917d194b4,64.08,upi,success,2025-10-03T07:02:00
8c4bc818-eb28-4ee0-a70a-5033d5b22ae3,5ec2e0a0-c4f5-48f5-8198-34b4dbac99e5,24.41,netbanking,success,2026-01-27T19:38:00
18e797c0-913f-4787-8c8d-17eb9940fe84,58ea731e-93f8-4e68-992b-33de61ffd1b2,49.91,netbanking,success,2025-12-21T09:10:00
aabede60-d714-4a54-9c24-a643835533af,44892ff5-eea0-420b-bff9-41cf198b8385,180.6,upi,success,2025-12-10T07:12:00
3013e9e5-7951-4801-910e-159ffb730bd8,fb3baa35-8e21-499a-9598-ac302012f8e7,210.48,card,success,2026-01-14T07:43:00
70796a57-7c57-4e80-8efb-302cb6ba6c48,776e5431-12a8-4ed8-8761-86a0c35983c0,29.94,card,success,2025-11-11T16:53:00
ecc85b1f-b9fc-4a4e-9567-71e41a7a82a2,6f381253-52f7-4b51-99ae-e37eb5ac2492,69.9,wallet,success,2026-01-24T13:00:00
97c43848-a258-46fa-8e5a-114afcdeb11f,505d5929-2fef-4b64-bfb9-057969ce026c,47.66,wallet,success,2025-10-13T13:19:00
5d42cc15-e89a-47cf-9306-f3a6bbba567e,8e19ce08-400a-41b3-8ce1-58195ee7c777,24.32,upi,success,2026-01-24T18:57:00
08d83480-054f-4f7d-9ef4-eb38f502bf5e,cc3b0b2a-e28d-492a-a360-c5a26617a694,76.98,wallet,success,2025-11-08T12:41:00
86a7f251-5756-4103-b972-ecf0226b6d75,b35fd410-9d5e-4aeb-b150-cfe0cd3c3cb6,36.9,card,success,2025-12-19T11:00:00
3bb2c5cd-9e8e-4891-bc49-c6979be4a5a6,67846818-0c37-4d74-ab83-fea4fc5b699c,126.06,wallet,success,2026-01-04T13:53:00
0416a6ef-3287-4bde-915b-acc24cbc42fd,3228d147-a104-467b-af7a-28a346e279df,50.3,netbanking,success,2025-11-03T20:34:00
e1b797bf-8917-44f7-b23f-0ee65544cf2b,2341a223-8c45-4ab2-8949-b0b18c193242,38.51,card,success,2025-10-20T06:13:00
5bd59f08-dd24-433b-afdd-e384976f1346,cdb39880-fc84-4976-87cd-3f0afd52bdd6,36.79,card,success,2025-11-21T19:18:00
722ed6a7-7f33-4a67-ae16-6177288bb11e,6fbf7186-37c8-4a1e-b88f-e896c7ddb107,71.94,wallet,success,2025-10-30T07:33:00
ce5927f0-8c64-4fb3-8801-7eef78987df3,73b21d0d-f7ef-46b2-86ed-6019831027d9,49.72,wallet,success,2025-11-15T08:30:00
bbf91246-66fb-416b-8df7-1b66506eb9e3,cf1642c5-c46a-4cdf-ae01-ec5cbd3a7986,94.66,upi,success,2025-10-16T19:39:00
a0e28518-b871-4a72-bda2-6045b01566f6,6f10c688-aa7f-4572-9271-f2d39b31c34f,44.32,upi,failed,2025-12-26T13:09:00
42754735-41c6-4033-bc87-e446b6b4bbdd,f2307f54-e4ce-486e-aaae-50c7b5e2182c,72.63,card,success,2025-10-21T17:08:00
dbe4f539-1bdd-46d4-aacc-3301272b6387,85c99d26-997f-4b8f-955a-905adfbee1be,39.0,netbanking,success,2025-12-30T22:02:00
956738da-c43f-4160-ad99-c0a7bba52751,30df749d-4b68-460e-9ba6-817734d5c323,235.04,card,success,2025-11-24T18:58:00
c29d877d-63fa-4e8e-8f91-75705cb42ca8,9bab7a1f-f65c-439d-80f0-7abb51f2ec5c,47.83,upi,success,2026-01-06T09:39:00
ee8dcec6-5f9a-416a-9500-e91e6c603680,ac7ef3ed-d97a-47bb-b749-11391adcfc4a,71.55,upi,success,2025-11-28T10:51:00
a79ef6d5-9360-412a-b13c-9e2f777b62b3,edd51dd1-6add-4ef7-b91a-1f43176c810e,13.76,netbanking,success,2026-01-06T19:19:00
21bd9842-fda2-4703-8d6e-14174695324b,1510021b-f44b-4ea0-a1db-c927eaff1318,73.92,netbanking,success,2025-12-17T14:56:00
8f194006-144b-41aa-9810-d094dfeccbab,e8b94385-5b77-457e-9c6f-d0afcadf7501,28.12,netbanking,success,2025-10-03T08:04:00
642bc91d-16d5-4f57-8016-2f2e63e5450f,f0d0e75d-222c-4b08-a645-145fd51df5a6,28.27,upi,success,2025-11-15T09:09:00
fe33c9a4-2b7b-4bbf-89d8-22e4a2095ba1,eb8ab948-6235-45cf-b01f-245823fe732d,134.04,upi,success,2025-12-20T11:07:00
0a62c8dc-d21d-4077-b31c-89c051a30d04,c58336ad-5cc3-4628-a711-ffdcba7b194f,110.72,upi,success,2025-11-28T19:29:00
2ebf5adb-c892-4f1f-9b63-e1e9f3dd6930,c43287d3-e65f-4a05-a1a2-da49d12dac8c,32.87,netbanking,success,2025-11-07T17:44:00
5c613bde-f2b7-400e-b1a7-92010cf28cbc,fae86d6f-f9ad-4c0d-b0b4-637b6761ced2,24.11,card,success,2026-01-16T19:00:00
6c34937a-e7cd-4deb-beda-7ff9012cafe8,726d3d3a-ded6-4dcc-9980-4143725c2a21,13.73,upi,success,2025-12-20T20:31:00
179ce625-cd46-4d7b-8849-f8c8c582fd33,d6713e91-10a9-4aaf-93a0-9d30fac0d5b9,35.98,upi,success,2025-11-19T17:25:00
67f1066a-2be3-4ff3-9bbc-d650bfe4a55e,b9fac3ca-406e-4511-b187-7c74555ad43d,30.32,card,success,2025-11-04T18:29:00
10b575c2-c627-434d-a78f-e84ab34b3130,05f789ae-0c51-49fb-b4e9-78b62ea029d4,60.48,wallet,success,2025-10-17T15:08:00
093a7cce-b02a-444f-bced-ed0938a7f5d9,809fd0d1-c671-4eb6-8de3-05255068d938,143.2,upi,success,2025-10-01T21:06:00
1305ace1-2888-4c64-bb06-c771eb90af73,7b572890-a126-40cf-8f7a-6c1c2a3b3568,53.28,upi,success,2026-01-14T07:53:00
5497ac9f-4bf7-4aaf-b72b-6d1d6938d47b,e750e993-4e10-4408-8fa6-00e758b9e2ee,28.05,upi,success,2026-01-08T08:53:00
6a1ac102-3467-4bdd-8afb-763c23a43949,c1483025-b7ac-4245-b203-3134c8811645,29.26,netbanking,success,2025-11-18T18:05:00
d21918bc-08dc-4d2e-a526-632dbd1630ad,3940377a-653f-4f44-a308-b3d16ef2b88c,16.25,upi,success,2025-12-10T16:52:00
03838321-a062-4e1b-a546-3562f53bebf0,e3764234-d39d-4461-ba62-ed9008969e79,38.18,wallet,success,2025-11-14T06:02:00
c0fa9e99-25f6-4809-8afb-7ee214a4cbdf,63690dfc-06b0-41e3-aa44-7d777a9eb4c3,159.0,upi,success,2025-11-11T08:14:00
ef4ea1b1-0595-4e21-80e2-a89bb3adb451,9bded7b7-37fe-40e8-ae5e-ed8c2ba954be,12.76,wallet,success,2025-12-14T13:18:00
e9d246a4-bb80-4f69-83e9-dcacbf2b2c44,132daa9c-99f1-4736-9905-b27d8db9d2e3,41.0,upi,success,2025-11-17T17:05:00
9de63f16-95d6-4f6b-a8e0-ca6750a65e6f,d5a9ec9a-5533-49c2-8cd5-49a6f99a044a,63.33,wallet,success,2026-01-02T18:39:00
4419a508-8980-46dc-8371-36965ef0564f,8db09129-3eb4-42d3-afb5-18e875e2e5db,24.29,upi,success,2025-12-16T15:42:00
e51bb813-779c-4765-bad0-3e613aa42736,32be3340-d182-4f1e-8d73-740048d3f4f2,14.16,netbanking,success,2026-01-27T10:15:00
0a73e78e-10a2-4dd9-a659-515922e88937,13521a24-ee0a-4d85-a354-5f36d23f82e0,33.56,netbanking,success,2026-01-12T15:00:00
0dccb037-f743-4116-9145-ba54b86a3e70,87ab5f6f-6f11-4cd3-a9e6-242cd85924cc,23.5,card,success,2025-10-05T00:41:00
7966fb4e-e019-4bf7-b4e4-927cab9fe566,d05fed97-d640-4b53-945e-cb1d9963cc65,61.22,card,success,2025-11-21T18:48:00
e514b77c-00b1-43ee-8837-e2d7945a4ce5,2031c219-0070-4649-add2-d2470f7123d4,43.2,netbanking,success,2025-12-29T18:44:00
3577105a-fb2a-4ecc-977a-ea5168156390,cf8a57a2-ec9b-4573-94d3-952ed4c9eca7,88.91,netbanking,success,2025-11-22T10:03:00
1018cfb0-3b5a-46e9-aec7-cd0fd2bfdb05,6a0e643e-7a26-4cef-ae2e-e156a027172e,76.68,card,success,2025-11-20T09:20:00
d72b59dd-54e7-46f3-a2d5-5e7f64021a01,007f8ea2-925a-4841-8272-046f32c7d34d,33.97,upi,success,2025-12-14T07:49:00
113e1737-1495-4d1d-a186-f093fdabb01a,381e6ce5-076e-4eb6-9fd0-bad76f7ca605,37.56,wallet,success,2026-01-28T00:17:00
34a6644a-6dba-4c7e-a624-a97be97e542f,3c029487-3fb4-4aeb-8ca8-fe4741fc850d,27.38,card,success,2025-10-25T18:18:00
6d7cfbc8-5ebe-4402-8360-f0f1369060ed,8e9474c0-a616-49da-9950-1d58254bdc27,179.28,wallet,success,2026-01-05T20:02:00
0adb62d6-37b0-4649-8c5e-1b27f0238a42,7ab2ae58-cbd6-4040-b03a-cef339b2e8a9,89.86,wallet,success,2025-12-29T09:54:00
89bbf684-428a-4a39-8dbd-c4b38fc7ce89,c11a6f57-13df-48d3-a75f-285e092f1e55,74.72,upi,success,2025-10-12T12:53:00
c26655df-94a2-44d9-a496-b05f532f81d0,9f9a054e-a769-4ce0-8b17-333e09fc078f,9.89,netbanking,success,2025-12-08T21:50:00
1da114ba-5e48-4d8c-986f-daccb99af2f1,19a61d45-eda2-477c-8771-98a255c15024,59.4,netbanking,success,2026-01-09T12:18:00
714608c8-2d39-4ac8-84fd-a97eed43e79e,d6bd1895-e40b-4461-a50d-3d2f9f2ef5aa,94.86,netbanking,success,2025-12-02T08:47:00
f41c98e0-dabf-4089-a218-898cecbe14e2,1f41aff6-2cd5-4c13-905b-fa60e5bbdd48,22.64,wallet,success,2026-01-10T10:36:00
369ac8e1-9908-485d-a6ae-d7b6c402e59b,b4155e9e-a030-4669-9434-76e787ca46e5,11.34,netbanking,success,2025-10-19T13:44:00
f2125930-4254-4455-b15f-4dee18492115,f7d0fc79-8374-477a-b139-0d088f014829,71.85,card,success,2025-12-16T19:40:00
23b44c69-9190-4d86-9a2b-8206c8a1487f,987187b4-15a1-46d2-b0f8-845509d33421,233.08,upi,success,2025-12-12T08:11:00
5d688eba-f7f5-420f-aab7-790f8caac0d9,1affc8b3-c051-4fbd-9b2f-2be2db02c184,45.3,netbanking,success,2025-11-04T07:29:00
c6647cca-651b-42ca-9c4d-786a86bdafb5,c463743b-51e9-4d6f-ba4c-98219a2e5b0a,26.11,card,success,2025-12-05T10:50:00
d5c85ab4-0622-4f2b-a1d0-eaf45da1eeec,aa93e717-8dea-438f-a7f9-8043213b2703,73.88,netbanking,success,2025-11-25T12:44:00
16ae6b10-9973-46c7-914e-7c568ebf8578,f77a1884-9fac-43fc-9e51-8e368c9a8672,81.28,netbanking,success,2026-01-06T15:14:00
b223bec4-a105-45c9-846d-2fa116de8426,b972079d-6e92-4e8c-9a50-4590bd3a990d,55.05,card,success,2025-11-12T16:52:00
e803263c-6f8c-4345-85bf-3e97312e7e4a,e794177d-6870-468b-b054-9cf19e3c5935,27.96,card,success,2025-10-26T07:42:00
6419181e-26e7-4fb3-9cdf-236b2a5ce805,6dbf0eb3-8862-4dd4-98a0-bf8ce66ad07d,39.7,wallet,success,2025-12-14T23:34:00
c85ef1a4-4b5a-467e-af62-a4f9061bb1af,71adb1d1-d847-4672-8089-44a96f48d4c6,305.7,upi,success,2025-11-13T14:20:00
f2efcedd-7259-4f10-affd-19f3280a3a33,c2cfb715-503a-441c-bc5c-c584648d41ab,56.44,upi,success,2026-01-17T14:48:00
8b9430bb-6e86-47b0-87fe-f1960f068af0,3239f2f1-5aad-4f0e-973d-d14fdaba439a,37.55,netbanking,success,2025-11-11T00:13:00
926306aa-8c88-40da-8ca0-9d049826023a,b2b36947-e6a0-4158-a1a2-da249ca03183,53.2,netbanking,success,2025-11-25T20:22:00
cf1468e3-aa60-4780-b597-901a6f05b082,f7c9fd56-4ad8-4038-97e9-2e010ae4e946,36.74,netbanking,success,2025-12-23T00:33:00
470adefd-06de-4e25-88bd-9e5a1ebc7b29,089afecc-c94e-4063-956c-691e54807528,49.24,upi,success,2025-12-03T20:36:00
b7e65af1-387f-4d70-9d66-aea6412c00be,e095678c-af43-4c2b-b1f5-df8379c83a8d,20.84,card,success,2025-11-23T22:46:00
f0613f5c-cafb-43ca-a6d7-b0b146c4440c,f3ea4f03-0ba8-4c96-927e-1db7b0ff1b49,33.57,upi,success,2025-12-19T19:21:00
4bba617e-5ef4-4544-831d-91869d9df229,c813140d-ad64-4a8a-8aae-460746ae5ba9,44.58,wallet,success,2025-11-01T18:33:00
ddd6f6b9-4023-44ea-b5e1-f77cf1a5d212,0d385d5a-57ac-4c5b-8e37-bd87d513ed7d,47.1,upi,success,2025-12-30T17:29:00
558410b4-c3d1-4695-818a-9da863d4aa9a,2b52b384-e74a-48fd-97d8-2e83fb2dd42e,38.07,netbanking,success,2025-11-22T14:49:00
eea02ace-3ca9-4eb6-8eec-90a0af68752f,822a644c-037d-4d2f-b86f-69c509e79686,144.63,wallet,success,2025-12-03T08:04:00
d2b861c4-eb64-4f50-b730-98a74bd259e7,ee40b162-e041-44eb-bcf9-d979ba78ae48,22.83,upi,success,2025-10-04T22:29:00
63aba19d-351b-47b6-a377-364b5f34a3a3,f8d62177-7d0f-4f98-85a6-7c698f424580,85.5,card,success,2025-12-05T08:06:00
16e58c0f-eb52-4ac2-94ee-5d7ac491b23d,f285b2ed-e52c-4ae3-b0ad-296ff05c950a,66.8,card,success,2025-12-28T08:33:00
2cbcca25-da0f-4cba-b735-ac476472ceea,bbb7cc87-f541-4ef7-8bcc-da26c92071de,20.67,card,success,2025-11-24T16:40:00
632621a2-ac58-4547-81d1-3cc5b72636ad,a6630d8b-ea97-4338-b239-a98cfd092fc9,92.56,netbanking,success,2025-11-20T09:45:00
372cf760-10de-43bf-93a3-ced9bdfe2825,3bbb0f1e-b68b-463b-aa5e-5478cedc3ccd,72.96,card,success,2025-12-25T08:08:00
01d89d4e-e731-4ae4-81dc-a3817907ca3f,2fe5a51e-952e-439c-8058-4164f5b58b32,106.48,upi,success,2025-12-11T15:34:00
b7ae55b5-84a5-459c-ace7-36d24b4b6e7b,49151ddc-f885-4b0e-a0b7-da5066438556,157.36,card,success,2025-10-24T11:03:00
d07749dd-998a-4bae-a8cb-cff5987789df,7477990d-d20b-4f78-ad81-9107b4b5c468,78.11,wallet,success,2025-12-09T07:55:00
1aeac8bf-d733-4686-837d-ca0d2964b6d7,b6a82a0c-6c79-453e-89a9-589908cf3895,64.38,wallet,success,2026-01-28T08:38:00
28bc5516-513a-4af5-95a0-21ffa2d9b1e9,3d2378c7-9412-4c12-938a-4613f4c6b04d,39.5,card,success,2025-10-20T14:07:00
a5f0224d-43a8-41c1-96aa-3f75fb9357fc,d745853b-04e5-4c5d-b331-abf9b688b254,8.53,card,success,2026-01-28T06:28:00
35ac406d-eb57-4a96-81bb-b3994b801766,3b74a039-fdf8-4b70-9d37-760e92900c71,41.22,wallet,success,2026-01-25T08:10:00
cc86a361-25f3-4b99-9c14-988bb30b1dd3,372b0ad5-8a22-4bff-836e-5fa0c6167a4d,45.16,netbanking,success,2026-01-25T13:36:00
b1913638-3421-44ba-b81b-3307c7073c23,086e155c-e38e-4541-a4c7-40ba5f957bf9,17.44,upi,success,2025-11-20T16:25:00
3559d5e4-3e02-425a-a8f9-aba2204c4cc7,ca2bb562-e275-4198-a736-ee9f67b7c322,17.51,netbanking,success,2025-12-15T13:16:00
cd058ad3-2cfc-4b0f-90c9-385c26f723c1,c095c6c6-a883-4ad3-bf89-0998a0e9e6e0,109.88,upi,success,2025-10-27T20:13:00
fd5dd8da-c6ea-44e7-b991-80be49daddab,748118e7-3ece-438f-aae7-0835102c495b,312.06,netbanking,success,2025-10-07T11:18:00
820df1f3-6c98-4924-ba2e-ec78fab28d24,a08e3080-6b21-4c49-9014-2937c54b2a67,85.8,upi,success,2026-01-22T03:32:00
3f8755e4-e736-4e9c-a86c-0d6af7dde9b4,f1c49597-cc9f-4b4c-bc35-a787b8d879fe,55.14,card,success,2025-11-08T08:47:00
93a80b50-842e-48af-b4d3-5cc68a60ab45,64a37ab5-de80-40e0-8565-ab92016667ce,87.72,card,success,2026-01-10T07:31:00
dcdd90a0-5204-46ab-b46e-f202650de9b2,55b9c523-03ac-4cc0-bd77-d49a736215f6,19.48,upi,success,2026-01-20T17:58:00
05982bc0-d8bb-408c-9539-ae9a37723453,2b02ac4c-7b0e-4e11-bb2a-ce7b0f20e8f7,60.14,upi,success,2025-12-29T19:15:00
8465814e-aee1-426d-b91d-5d31972a5d51,69e46843-49d4-44c9-bb2c-ad1b0ae1e221,34.98,card,success,2025-10-02T19:46:00
84b4e6a8-173a-44c2-8b85-792bfd8f8305,6c036c26-1e93-4b36-94f2-833959b33154,47.56,upi,success,2025-11-28T12:29:00
5eab12df-5905-4d77-879a-016b336bedf5,7bd081d6-16ae-47b6-8345-ade864c42a04,148.2,netbanking,success,2025-10-22T05:58:00
c06c9399-37fc-4e34-a040-61d0e493d748,0660c2e0-10f9-44b3-bf62-a4234fca4174,19.03,upi,success,2026-01-06T17:15:00
bf7585be-015b-43cf-8bf7-d06e361ad320,b4db29ea-4775-4878-bee8-82bc92b210ac,29.77,card,failed,2025-11-03T17:59:00
4a52ac31-128b-45bb-a942-79e67975bba1,44b6ea62-2a24-488b-9de4-28dadc608a96,118.48,netbanking,success,2025-11-04T12:57:00
eb309c7c-880b-4301-98c2-b17b496fed65,23e5ffab-d75f-48a4-98b7-18b416bbe605,95.54,card,success,2025-11-08T17:20:00
65554ec5-1a70-4dd3-9ec0-90135a83a040,bb595f11-2d6a-4958-83d7-35676de47ec4,17.83,wallet,success,2025-10-22T05:21:00
9fbeadad-20c5-49d3-8818-6a754f4324e4,d64d09ef-a045-4938-8f18-d261a3466222,133.62,card,success,2026-01-10T18:46:00
2eebfe7a-c5e0-4182-963d-6baa603f4285,3330ef65-103a-40f9-a69b-de1d3260e708,74.32,netbanking,success,2025-11-12T18:01:00
4c9d3594-34b0-4aec-9e1c-ffad56ff0968,16764ff6-aa55-4907-93ef-a188276c0259,59.72,netbanking,success,2025-12-23T17:03:00
bcf2812c-390f-41e9-a5b3-5528c9292360,67c8724b-89ac-4101-b691-f9dcbf1ec3cf,20.76,wallet,success,2025-11-04T18:54:00
0b318011-3c09-4aca-b805-133f92d80950,1110b4eb-8262-4745-8bd4-f0786a3c9eeb,305.94,netbanking,success,2025-11-07T12:53:00
59f6f16a-669c-444c-b62d-750646dbea0a,202f16d4-1ecb-4bb2-a0c0-656c3cbcf9f0,50.5,upi,failed,2025-10-14T14:06:00
3436428c-a8d4-4ef0-8a2d-199c7c2002a4,eae247d7-a39b-438e-99f5-7371353be9e0,49.15,card,success,2026-01-08T18:20:00
b2e8437a-4677-4507-9991-797babbf4ef6,40f4a469-5c2f-4038-8366-64e51a3ae24b,50.97,card,success,2025-10-21T18:41:00
1e604cee-482b-4eaf-9407-9543efd0dd45,c9623f4b-8ad5-4b7d-a87e-8ef2a40cb798,20.86,netbanking,success,2025-12-02T13:55:00
c53b8486-f1c9-49df-a966-aee408c1af14,3248418e-4fd1-4681-a74a-b00fc5827f5b,111.1,upi,failed,2025-12-21T19:14:00
48cd8512-2d70-4ba6-a682-354b784f6444,0381c698-943b-4b31-9426-837c9f819fc6,107.24,wallet,success,2025-10-19T14:33:00
fd29cfc9-e967-4e67-95e9-759f1bb85cb3,959213b4-56a8-4fcb-9947-87dac1a1c986,82.5,wallet,success,2025-10-26T03:55:00
a7259ee0-fcc6-4aef-873a-423118ae659f,8c341abe-a966-4317-8849-c1dd663318eb,143.31,wallet,success,2025-10-25T06:23:00
b40dad68-858f-4034-8a91-04e4ae08d765,c22655ca-c5f2-4db1-8368-bc07148d7400,56.91,upi,success,2025-11-23T14:20:00
f31f32ee-3ee5-403f-97e0-ae8f223fbdaf,19417f70-0d2a-4390-86eb-5beb2f30f4cb,29.3,card,success,2025-12-21T12:37:00
9433cd95-a104-42f1-aaed-5bc54b922470,eb2d2532-4c65-4a88-a98f-e317911235d5,88.48,wallet,success,2026-01-21T21:19:00
0c4245d1-3cd0-4151-8bc3-45517c34031a,9a04dcd4-3b8c-494a-8fc6-6e4fc84be724,141.0,upi,success,2025-12-14T11:25:00
f84dfcc3-d9f9-44ed-afdc-1acf0ef6b889,b465bf3d-7ec2-4fe9-8dd0-0e2c70b6d0c4,23.64,card,success,2025-11-19T12:46:00
3bf2ffb8-b84e-4d14-89eb-553bdbc7873f,9078daea-ab6f-4b23-9817-19a318a0fb20,77.2,netbanking,success,2025-10-27T12:46:00
0ec2a13e-c1c5-40cd-8856-ebc68321ef1f,ca2857c9-3290-4965-9b6e-ab398c4de1db,49.9,wallet,success,2025-10-21T17:25:00
ee3fe2b3-2c27-4a2c-b4fc-3cc4c78513ca,d5c30634-58bf-47c6-a185-09ef01298071,13.08,upi,failed,2025-12-16T15:08:00
edfa177d-d7e6-4cc5-b191-7188d064227c,c3978285-0043-43e3-b888-4b86b873cbcf,14.74,upi,success,2026-01-11T13:13:00
9aa2b845-e2bd-424b-a360-cd0c0870807f,ba6d3927-74d7-4a77-8988-0bab97deb19c,190.32,netbanking,success,2025-10-27T18:43:00
699b5ab6-59ae-4833-9ae8-e581cf80036f,a2d69943-0bc0-4005-ac3f-406d9b16e190,40.44,wallet,success,2026-01-08T07:25:00
9db0ab7b-9e3e-49af-9040-e46f4ea9b2bc,f76c96c1-8462-4361-a6f0-da9a40c63d55,67.57,wallet,success,2026-01-03T18:56:00
04b7031a-a120-4ccb-a3cf-6145eb7a0dfb,25ecdb98-7da8-4de9-9cbb-c0f5b12fe530,59.12,upi,success,2025-10-23T07:52:00
27c4a617-2a0d-498b-9ea3-18311fa4c20c,2ac6feec-525e-44ee-9f66-daedabe8cd34,166.26,card,failed,2025-10-28T17:18:00
df7d105e-40b0-4be9-97fd-357efb5df7cf,1b1ce20c-ee72-4409-bde2-0581efb674b6,258.84,netbanking,success,2026-01-18T12:29:00
e609045e-0d3c-4f5c-9d2c-ef8288a612f8,1bc55966-3f30-4f72-acbd-dec61caf123e,36.51,card,success,2026-01-27T17:29:00
c391cbca-8876-41ae-a230-e3fe40ec7a7e,0bec0339-bf00-46a5-adc0-3a4b7a822105,54.86,wallet,success,2025-11-08T16:51:00
7d6ddacd-806c-4a8a-8853-c786b18c88e9,d205f605-6d96-4d0a-8ccf-4c54b299d481,65.88,upi,success,2026-01-03T17:59:00
1d2d96f8-55d8-4c26-a604-88947e78ad56,689a8f1a-fd3e-4767-954f-1f806c9e03cf,79.59,netbanking,success,2025-12-20T20:58:00
370be11d-b819-4d78-9da1-ca09982e2901,af5afe27-1e05-4885-9ad7-b1dd0717a68b,62.34,netbanking,success,2025-12-06T09:38:00
ebd2eb08-66a9-42d4-b68c-b8297832f65b,bb1da01e-0e1b-4bad-bcf7-fc38a28ca9fe,138.62,upi,success,2025-11-09T08:15:00
b2b7f179-dc82-4b35-8a8f-e93f89ce8672,ada7d559-c415-451b-acbb-9e013805c5a1,16.29,card,success,2025-10-27T07:48:00
ee94d33a-f133-428d-a8fb-bc288e57a627,7e8337b3-ee48-47a1-babe-e3a7b0388d0f,71.97,netbanking,success,2026-01-12T18:41:00
33a27cb1-0f5b-431a-b7d7-e5b62f51b5f1,2c6e3fbf-bd36-4b70-b5e0-1f20c2acf621,244.26,netbanking,success,2025-12-13T17:07:00
d5ea8b0a-aae5-449b-8fc9-b7a33273aff1,d09a6925-0ddb-4586-b238-de7458e19984,17.92,card,success,2025-11-21T16:13:00
922ac88b-a93a-4462-90b7-1f9008720fb1,fbdafbb3-55e5-4902-ad2d-b368eeffbe0f,21.47,card,success,2025-10-14T06:10:00
ab3ce91c-9194-47b6-a79d-cf2861a37c8a,89f46654-1718-4731-a689-ee58b54f8be1,258.36,upi,success,2026-01-14T18:17:00
7fa4e4fe-f6bc-43bd-8412-207b0eec8811,715ea6cd-60d5-41d9-affb-03384c60051b,17.02,upi,success,2025-10-15T18:29:00
b28b0363-f269-49dd-a835-9cf2d93f189e,bee86651-3f04-40b0-870a-4fe6a6bccfe5,76.62,card,success,2025-12-20T19:29:00
905a1f1f-9bf3-4596-99ce-b12e04b4b039,6ba9afec-02ee-48ca-8d3f-4e5d07371891,51.9,upi,success,2026-01-23T14:41:00
2c0b161f-968e-4779-b05b-68c5fc8bd903,8c4cbd8c-fe12-4179-9e96-3148388cae2a,121.44,netbanking,success,2025-12-24T22:28:00
8bed4e61-1961-48b5-9a1f-107813e3cf4c,0fa88663-d7f3-4e46-b6ae-4bba45e01c6d,161.88,card,success,2025-10-05T08:04:00
3fe6e752-b43f-4a5c-bc83-0083b5a0ea6f,8d61cd3b-aaf3-4686-bdce-e398a43dbaad,62.91,upi,success,2025-11-29T16:28:00
dc28af01-7ea6-4bcf-b42c-0edbe42ae7a1,b08e8e36-8c07-4554-b998-52ea35b72f9b,35.02,card,success,2025-10-01T12:45:00
675a1a79-6551-4e25-a77f-3035580fe3e2,c934bc26-4765-4934-a0b5-cb923df6173b,113.34,wallet,success,2025-12-26T15:10:00
7f2bd710-d329-4c48-92e3-b7716d0e98cf,5a6c61a1-bc7a-47b8-bcc9-db1b1c05b496,169.26,netbanking,success,2025-12-11T17:38:00
78d85607-2b9e-4881-8fe4-82afbdbaffad,085b36d6-0744-447c-b1e9-46c504f686fe,69.0,card,success,2025-11-24T07:29:00
eabe8b75-6866-4704-9e37-a40b4827f52c,c4b39b74-4c8e-4c7d-a29c-0570cd7b04c1,11.35,wallet,success,2025-10-15T18:30:00
7eb84f03-493f-4d9a-8716-bf90fdee2640,1007a8b2-c9b0-49a1-b639-6ebca137cbe9,14.3,netbanking,success,2025-10-01T09:10:00
d866d719-12bd-4b2e-82ad-ea7170f8f6c4,14baecdd-4175-45e7-b762-4e76d3e546e9,81.92,netbanking,success,2025-11-22T23:59:00
ac0873c6-cd7f-4cc6-a2e4-88d09fceb4d5,9b386bd3-8495-447f-af85-57fb7131a3ad,104.15,card,success,2025-11-09T20:46:00
f2ceeeba-319a-4643-966f-c747119612a6,a877c3ad-64b5-4370-9841-ba20333b0d92,24.57,netbanking,success,2025-11-07T22:42:00
1ccc88d9-3a9a-49f0-a585-a7dc8694dbff,72163b31-6905-4bf7-89a0-a64ae177a1d0,45.32,card,success,2025-11-17T11:21:00
626ee806-91d9-4baf-99bf-a2ce1734dcc4,48e7ff70-00f6-46b7-8280-880a40eefd8c,16.69,card,success,2025-12-15T18:56:00
76bb587a-fa42-4dc5-bf6e-5695bc19cb00,6cbd6308-a34c-4c3f-ac8e-8118e58e67d6,36.21,upi,success,2026-01-10T14:46:00
3f7a12a7-a057-4068-a4a1-87096f6dc42d,50e59ea2-66b5-4959-a451-28e01de83745,33.63,card,success,2026-01-02T07:25:00
3c596340-df38-4b5f-969b-1a3648988ba1,965faea0-8195-4be9-912d-9f6e7a0041f6,45.66,wallet,success,2026-01-28T08:40:00
bac9256b-7718-4ca5-ab16-0ffabf938eae,fb317366-261e-4856-914c-49380c60a9f9,129.0,netbanking,success,2025-12-06T13:50:00
8826c514-ecdc-4928-9d23-9c5060ebf4be,8bd3bc2a-4581-4611-97d8-9fe00e554727,22.56,upi,success,2025-12-12T17:11:00
89d83c4b-a06d-4060-8e94-2af45cad8c35,1f4cb50f-6484-4d65-82df-4a89f01aad9b,24.32,wallet,success,2025-12-09T19:48:00
7f2edfff-bc84-47db-8b74-5ef1cc555d4b,97b3f01a-178c-4e77-a5fd-ccbe2c86278c,76.24,card,success,2026-01-01T13:53:00
20196855-7c0e-49d8-9d1c-eec5d7560d8d,4973f23c-d6da-4bb6-a421-c2931a6d41b7,32.03,netbanking,success,2026-01-10T16:27:00
43aa6176-5110-442d-97f9-40d41a7095bd,95df7182-6d7d-41d3-93de-e9cdc4f61c3b,75.72,upi,success,2025-10-09T07:01:00
0b4f46fc-1420-4167-b4bd-13d615b33fc6,a763653b-f006-4aca-b578-afcb50d416c8,26.69,netbanking,success,2026-01-24T21:31:00
5fea89f6-1090-4f8c-90fc-8e0d40be0a54,9650730b-8dcd-4c2b-8be9-3ffe0e32a574,129.16,netbanking,success,2026-01-03T09:10:00
913b21e7-507a-400d-945a-bc19fed70bbe,e84c1563-0362-42c7-8566-a382dc1152bb,91.94,netbanking,success,2025-10-07T08:06:00
85a1e687-354a-4eb5-9b8c-f156675d95b8,54329060-2e7e-4468-9566-ec05672aa23d,22.59,upi,success,2025-11-18T16:33:00
b67d619e-ffce-4410-9c8b-177d4921fc34,01d98c06-9c04-4259-b28c-20fa889dcbc1,42.9,netbanking,success,2025-12-07T21:13:00
1031d275-8c4b-4d88-b841-92f48476b176,319a11ac-cb91-4ec1-9557-df8e4e281193,24.73,netbanking,success,2025-12-26T17:18:00
da11b798-f07c-4f76-811c-b20408b1282a,8e4c70b1-5538-4023-af4b-99ff20caa8db,61.06,upi,success,2025-12-17T18:44:00
1bb258f1-1e01-4c90-acba-08141bf51830,c976829c-8063-4d90-9abb-f0867aad58d5,34.28,netbanking,success,2026-01-26T06:57:00
4f784ec7-ae20-4c39-b03b-2d9dc77629fa,aa2340b1-e8a7-4092-98e8-7600364690d9,49.46,netbanking,success,2025-12-29T17:16:00
5d61b8e1-0e2c-4bf2-b09d-eef50d8b2745,b5fbab7a-83bf-4a04-a6a5-28449f27a418,98.58,card,success,2026-01-20T12:36:00
f5303169-4d06-427b-aebe-e5cb2fc68e16,47ed1cf1-271d-4e74-ba1f-782fd23532c9,38.38,netbanking,success,2025-10-17T17:18:00
98684549-a879-4cb3-9582-02833babd4d1,cb2559f9-7046-4263-b6c9-2c119ba0b189,23.07,card,success,2026-01-22T18:20:00
52a90238-b2fe-4bfe-b270-017300776fba,b17e96aa-f0d4-4dda-abdd-d9d582e4af42,35.49,upi,success,2025-10-31T17:46:00
44409854-ddfa-4bd8-aebd-1b6684ed0ab4,5c01b221-5e20-44f5-beb2-834fb17dae25,91.88,wallet,success,2025-10-02T20:12:00
63c6004d-9211-4708-bbe8-abfda970ebff,7dffd608-a65b-47e7-b962-e87a0ea5ee2d,76.44,upi,success,2025-12-31T14:47:00
d55b6f99-6ba0-4f73-8dd2-a953e0182251,1c75c244-4e27-4246-9f9e-493d87197ea3,175.04,netbanking,success,2025-10-17T18:36:00
940e1350-d09e-4fee-a93e-5b4a1c333295,4628b673-8e8d-4618-bbeb-f217cc3d2d22,46.1,card,success,2025-10-30T17:37:00
57a9565e-c1c4-4c67-8ad1-4a32733e967f,e2ff7012-e377-4b84-8078-fcfc71fbf500,58.5,upi,success,2025-12-04T18:23:00
bfd2b1d7-7dfa-49f4-ab6c-5d3db3cdec2d,62c5e8ea-4e61-4b6e-b4a8-1fa8a0b4b943,31.89,card,success,2025-11-18T09:32:00
eaf8c919-b41c-4a36-b7a7-992d46d217f2,82356851-0d29-4a36-a0f8-26eaeab5462c,31.29,card,success,2025-10-25T22:41:00
3e3f604b-b428-4b9a-b00d-54936c58c7bf,dc42f96d-1e8c-46e9-8fe0-37d3e3af3b1c,301.32,card,success,2025-12-15T08:49:00
1a9c6234-920d-4e16-b53b-1e4735372f2c,58b4a9da-aa7f-464b-8b2c-1c37d6b51509,18.11,wallet,success,2025-10-07T13:13:00
c71da8d2-5605-4ef6-80d9-9734189a8912,c5b966b3-368f-4242-93dd-c6596d31b0a9,181.62,wallet,success,2026-01-22T19:06:00
f94c842a-9e65-4b0b-bc32-eeb754c04f5f,21f3a9b4-bfd6-40f6-a732-41b6b7b4f8dd,31.71,card,success,2025-11-14T08:53:00
a198caa9-06ba-47f4-a31a-2e1ab7cc8b34,07f55a65-b962-4bd3-8ea9-9f8a3206a852,33.43,upi,success,2025-10-18T05:22:00
d90f944d-9a6f-4c0b-9f24-4df9d54af1fa,879a886f-03e6-4309-9695-ba805803d89d,107.48,netbanking,success,2025-12-29T13:52:00
10b05ead-66c0-4d87-a701-977bec94b967,6d53fd8e-2e97-4bf3-8d30-fd8b9eaa8140,9.61,wallet,success,2025-11-12T18:17:00
a4bd04b9-18b2-49c8-bd46-ae43b2532c48,4547a3e8-d27c-4031-a636-d75bb5dbb0e8,43.09,upi,success,2026-01-20T09:09:00
83822ac5-966f-4204-81c4-33fe787f0540,806c0bbe-538d-45d2-ac48-775ee5690767,94.5,wallet,success,2026-01-03T20:48:00
998a08bc-816b-4db5-aa29-a33686b3a74e,cefe4570-94e5-457c-b589-17a0cf3d0323,90.48,netbanking,success,2025-11-09T17:39:00
6937c81e-7e96-47e6-b7df-503de145ee27,4aa57d9c-4cf1-41e4-abbb-d63284b8db1b,70.29,upi,success,2026-01-07T16:25:00
02d08335-e38a-4699-978f-08588fac505c,a2f28a2a-f6eb-4b9e-b4fa-195ae201423d,43.12,wallet,success,2025-10-30T17:31:00
401bd2c9-32d2-4989-8acf-b95f06380750,f8237978-1a8c-4c78-96b6-0acfd111ea21,116.86,netbanking,success,2026-01-01T08:17:00
95b5de12-5635-441a-ab12-645db85e5acf,bb6490e5-4449-4cc1-b990-d80b50866eec,26.59,card,success,2025-11-04T10:53:00
8b160c5f-44d1-4aa0-bda1-522ba16ab568,82fb7599-25d9-4d60-bab6-6538c7333625,40.94,upi,success,2025-12-13T14:43:00
9cbc19cb-8a47-4ee9-a555-24f7e193854a,710ab136-5bb6-40ec-bd12-f9ecd38a6a54,75.86,card,success,2026-01-26T16:47:00
3bef1308-2883-4c2b-8480-6284f005d91d,e5f8b81f-52ce-4f12-a53d-f258248eb570,48.31,upi,success,2025-10-13T20:39:00
97750dd9-051a-45a9-a46e-20301d9a9a49,8b3538ad-d8bf-4b0a-bbd0-e117a4f76e7a,105.36,card,success,2025-11-21T21:56:00
14c7b8c7-c75e-4c8b-aece-ce708e7ee29c,357af594-6a50-48b7-bd5c-f65081f3f2a2,56.07,wallet,success,2025-11-28T08:27:00
0b369148-bb43-483f-87df-22daf95fb5bd,215a6504-6c07-47a1-8a0a-aad9568c3d4c,120.6,netbanking,success,2025-12-22T18:21:00
4b026374-44e5-4496-8a7c-8ad3d5bd746f,4fbcf20c-b6bd-46f1-b2ce-ac28e47558f2,75.24,netbanking,success,2025-10-12T15:56:00
8df17dfc-d292-4911-94cd-f2c2d82f4536,57eb3cb8-5c48-461c-b0e8-5fe71be5b574,376.86,upi,success,2025-11-10T08:13:00
44818a7c-9d14-4cae-8843-be5dc4e1d248,27c72057-27e6-4856-9868-373a4fd41ae1,53.76,wallet,success,2026-01-04T07:32:00
5059a83c-aff6-4a0a-b78b-ddd2165dd3b5,e80d9605-6a19-4340-9d0b-69da884829fd,100.98,card,success,2026-01-01T11:54:00
398b6df6-8dca-4e27-91ce-b0069bbbb49b,fae2908b-c5c9-4de5-983c-8c876cdd1087,86.19,netbanking,success,2025-12-24T08:27:00
4f3a936f-c38c-40e1-b4b5-6aaa2dd5d6de,e65315b6-646b-4925-9065-b89b4a312cfc,46.78,wallet,success,2025-10-09T09:20:00
e7fe3340-d066-4e9e-a826-e6320ccce9a9,c9078a0f-0c8a-42e8-932d-1efcb2b93c52,64.72,upi,success,2025-11-14T08:42:00
85e72bb8-39cd-40cf-a62a-59fce70f789d,18624837-d200-4e7b-95d2-7daa14f4bfcc,73.16,card,success,2025-11-06T20:15:00
33047cfc-484b-4421-a844-bf4d4a59e21e,81dc87f6-2402-4811-b2ed-ca15394e0ad5,173.76,card,failed,2025-12-11T08:33:00
1b82f36c-a85b-4db3-a153-28e73736d08e,edeaf6b6-88ec-449d-a754-d5a5f6f25299,84.64,upi,success,2025-12-07T18:20:00
a1035841-c40b-4406-a2bd-f738c5d4c058,473e4f66-4185-4767-b6db-40bb899921e9,161.34,wallet,success,2025-10-22T04:48:00
264f1111-15bd-43d5-bc66-c75603e304cf,02fda128-2e64-4d7c-87a8-a0f2e41d13a9,69.63,upi,success,2026-01-04T07:44:00
6b65936c-76ad-4b46-982e-52c8a1ab0155,dd35d864-fde6-456f-a59b-34755bf3d05e,54.3,card,failed,2026-01-02T20:20:00
e8805326-344e-4c5f-a534-52f2f0b75578,5dd23cee-6a6d-4143-b26f-2c152e03eeb6,195.48,netbanking,success,2026-01-01T09:40:00
c4bd50b9-987b-48e9-b679-cfa8713b89fd,41b5a156-8573-496d-95b8-879eb41affbf,25.33,wallet,success,2025-12-21T11:31:00
55468586-1fb4-400a-81e2-2cbbdfa4f535,6903aed1-3091-477a-bc9c-cb6260029e4f,287.88,wallet,success,2025-12-09T21:25:00
9422b083-0b84-4505-a116-e7cb3572b15c,3904ed94-52d6-4122-bd8f-1e648213c8a9,35.8,card,failed,2025-12-06T18:14:00
9e0207da-508c-4d05-9ac3-2dffb302e62d,f86ace1a-15b5-450b-91a9-cbe63615ba0d,55.84,wallet,success,2025-11-12T21:29:00
d3e53764-428f-4b31-bd8f-4f5be64d7c2a,8e0a8598-ca17-4f91-9f19-44acb52148ff,69.78,wallet,success,2025-12-16T14:59:00
4a8e8678-55a1-4f43-bbec-33aea5e2bb0a,99d36bc8-a43a-409a-a911-da1e50eaf382,83.12,upi,success,2025-11-17T13:31:00
2064ca13-fc00-4750-af66-646aae836a38,1682d2af-db27-43e5-8e36-3ff9452df142,34.48,upi,success,2025-11-27T10:57:00
761b7dc3-f113-49e4-827d-e31c47dbc1ef,a294144d-0ce4-441d-a046-b97b32eda3fb,275.96,wallet,success,2026-01-18T19:36:00
320007dd-c61e-439c-bc3e-28cfa810b9e5,16f42448-4516-4fd2-8898-a5a8a472ab30,33.82,wallet,success,2025-10-16T08:22:00
9b326bec-e172-4d89-a694-1efcd5859d7c,4afa5697-53fd-4803-8f33-485f63b7ae7c,52.86,netbanking,success,2025-10-28T12:52:00
916f37de-bf9e-4432-9177-218ee61d71b6,19ff54ef-4ad7-4eed-a394-5fb9698d2930,234.12,netbanking,success,2025-10-20T08:12:00
2a173cbb-d046-4a35-88e6-a2a1f6551cd3,01aa96e7-8d1e-46db-8010-2b24915ac17f,23.47,upi,success,2025-10-06T15:24:00
0af8399f-f40a-473e-af83-e6d8aaed21a8,35b4373d-1780-42f0-b7e8-026ea58579dc,136.8,netbanking,success,2025-11-13T10:13:00
d73325e6-0973-45c8-a36e-074b2a9c85a0,159fd66d-2b9d-4160-9411-fbff826f75c0,132.36,upi,success,2025-11-04T11:25:00
1b0cd534-3e60-458c-aec0-d0ecbcaa63b0,6510f4bd-6a61-4661-9bf6-2bea85958529,135.18,wallet,success,2025-10-15T10:52:00
6621a6d9-bf89-4f8e-a2be-537dc63ce355,93feae93-4589-4b91-a8c5-38094e5127f4,20.39,card,success,2026-01-12T14:04:00
658bd99c-f9bd-4688-98c4-73179148f856,a386f9f9-f791-4e24-8bde-d1a98a9ca4e4,29.17,card,success,2025-10-24T17:39:00
bcb464b4-7f61-49dd-8abe-63309d6f1573,174125ad-9748-4801-bf39-c7097fd8aa56,69.5,netbanking,success,2025-10-14T23:18:00
6b66c28b-16c3-4416-adb4-2a016669d1ac,a1bcc1cd-08c1-481e-8ca8-ce1f10938aac,41.46,netbanking,success,2025-12-01T16:52:00
04d01b3f-afc8-4bf2-9d13-167b5e46a1a4,fbd136ae-a0fe-4c3d-87ce-8cfdab5c2a04,8.61,netbanking,success,2026-01-22T11:40:00
64cff5d9-652e-4799-838c-62ed48acc110,e09d50b4-6c79-4964-9351-a5854d059ef4,22.8,netbanking,success,2025-11-05T17:03:00
2a536bc1-219c-4b78-b715-224b92d101a5,d0cc76c9-798d-4367-815a-7f52d2b12822,60.36,card,success,2025-12-26T06:51:00
d570b46c-e942-485d-8a98-dd59095847d2,cd9b19ed-770e-478a-9f56-1de5b5c5e61a,120.9,card,success,2026-01-17T07:52:00
c388d206-7866-4be8-9b06-48712e7c7fb1,253be40c-a6f9-42df-98b2-7371cd8b7ab3,29.41,upi,success,2026-01-03T10:25:00
a2913725-3c74-40ae-a7b4-fc9e3b38db12,98de8525-5d72-4bb0-a2e1-9271237f6b07,68.62,netbanking,success,2025-12-20T12:06:00
9607e1b1-0f05-41c9-8706-f190060ca27f,085344d0-6842-4d78-b837-994ea43e8657,74.27,wallet,success,2025-11-20T10:09:00
85761f8a-0733-4fb2-8142-cc4fc55e823c,f6ed27a8-ad6d-485e-83ed-8ab5519f8feb,66.4,netbanking,success,2025-12-16T15:54:00
154e9ebc-1790-4903-ad06-7e4ff7a60830,56e00f4f-2787-4bca-bbee-b933aaf5ffac,41.05,upi,success,2025-10-19T09:57:00
fe3175af-af62-4eb5-bd27-0bb9675e8777,63a289dd-1ac5-4016-a7d7-18c40c3f641d,83.01,upi,success,2025-12-07T22:10:00
631ba78b-98cf-4323-a18d-1f5a154abfd4,062d2837-a789-470b-a117-08141654e49c,76.26,netbanking,success,2025-12-23T20:51:00
ebb4d986-7757-40ec-9324-f95667476368,0179f854-dd9f-4f60-9614-f5d50224890b,16.25,netbanking,success,2025-12-26T17:08:00
518355ab-05c2-48e5-a174-d6a4ce5e3ca6,ecc8ecd6-df57-414f-a848-f20cb41f6b25,48.44,netbanking,success,2025-10-28T17:06:00
3890d0ff-9243-407d-8205-7281e53c48dc,ae980dc9-1085-40e4-8f26-deb7d383005e,57.46,netbanking,success,2025-11-11T18:13:00
3ee93aad-8b55-4a59-9724-a5b87998e563,d79426b8-3128-4399-a934-cc3fca426a58,27.49,card,success,2026-01-10T20:54:00
79bbac0a-d630-47bf-ad7f-02ba7828d525,6b2e7db6-fb63-4a59-b49a-a48224df648d,40.57,netbanking,success,2025-12-31T18:11:00
753e9986-1c4a-4974-881e-1c95bdcfb5e0,61db8adf-525a-49b5-b19f-81137ee5da05,13.53,netbanking,success,2025-12-06T16:49:00
62ca6ed8-969a-4811-8083-8c43f046079c,7eb43721-0f2f-4b5b-afbf-07c4623b54d7,21.23,card,success,2025-10-17T18:43:00
092cb870-2adf-4ddf-b382-ac6c0395bb57,5edf4b8c-15f8-49a8-a91f-a1c5c3cf337d,100.52,card,success,2026-01-19T21:48:00
4f55afe5-2086-4555-923d-c575084e8bd4,866b9d91-b351-4f54-a144-72c21cfc4ff1,87.36,wallet,success,2026-01-04T17:25:00
bef7fedd-1ae9-4ef8-813d-f28c6717a88b,195e8523-a5ce-4b30-81f6-46b1088423a2,52.6,card,success,2025-10-24T01:13:00
2b415d79-bb57-4efe-b43f-8689a7337334,c784efe0-d264-4819-9f65-e4d97a75660e,91.8,netbanking,success,2025-12-02T11:03:00
9a82830e-2953-47df-89da-4ef0c437824a,56100b7a-d9c7-4150-97f1-a64e1784dfb1,45.33,upi,success,2025-12-04T10:13:00
a234a433-8ff6-46d1-be59-3984724b43da,522b620d-74cf-4f6a-a950-0a6e42c939d1,33.72,wallet,success,2026-01-02T16:39:00
7e12527f-1e3b-4cbd-bb5d-8a6296e18081,629be9a9-382c-44ff-9c5b-0473c05baef8,24.36,upi,success,2025-10-07T07:01:00
d597288e-6e2c-4082-941a-a718359e4868,6771bf87-2c08-44eb-96ff-2efa26075b66,42.3,netbanking,success,2026-01-15T07:44:00
0dc58eb8-bcd5-4776-a6dd-980936b7264e,a4f744ee-9a44-4de2-88fd-1cd3a2126648,72.3,card,success,2025-11-13T07:07:00
120e8e14-1ca6-453b-b36b-2a374321a555,2ee672fe-c179-4bcc-88f5-18bfefb8c26d,36.2,card,success,2025-12-30T07:48:00
74029e17-720c-4e7a-8002-20891ffa6c9a,20370242-abe3-4c11-837f-828491781a22,38.85,wallet,success,2025-12-27T06:18:00
2e750490-411b-4854-b60b-86555f0c3ad5,1f873840-89a4-4e55-b33a-8f3b754c5ebf,31.29,upi,success,2025-11-13T11:53:00
fb10c803-af11-474d-957b-df9b10d42047,e9d075d4-c9c9-415d-92ad-c502670166d7,11.46,wallet,success,2025-12-02T17:22:00
91328321-f5b1-42a8-9f97-8537c60a308d,6fbc89c7-f474-4998-b5f3-55f4e917c475,47.82,upi,success,2025-10-18T08:05:00
105e23d8-a944-497d-b89e-ea2f3534797b,620b991e-8c41-470e-96ea-d77717736284,24.95,wallet,success,2025-10-26T18:40:00
4991dfe9-743d-40dd-801b-468a925ad799,cc47c4a3-5a3e-4942-898a-f917feba1fc5,132.66,netbanking,success,2025-12-06T19:03:00
66ff8dd2-78dc-45dd-b476-f69296bcebec,b1a7b158-bb7a-46bd-b5be-9548eef07fc3,121.6,netbanking,success,2026-01-18T18:26:00
d97e504e-190b-470e-853b-5a8cf12441de,f8841a36-bce7-45d4-91d6-dc10b7c9b731,78.18,wallet,success,2025-10-14T06:47:00
1d87ee04-b65e-4827-acfd-af6a150e02cc,4ebe53d1-ab8b-4b69-a423-e60e1d90dcd8,55.94,netbanking,success,2026-01-18T13:49:00
a06bbe5b-6385-4b45-b8f8-bc4adc12e512,a0549b4b-186d-42de-b201-f4cf0d5e4367,37.01,upi,success,2025-12-02T14:15:00
d50356f4-7f34-412c-a161-f495353e787f,c49d7191-b11b-4dbd-bcad-7f9e56c86286,90.38,upi,success,2025-11-09T08:14:00
ef460335-c564-441a-a4ef-6109fc86bb64,a0add2dc-a9c5-4caf-b406-1cccaaf0559a,24.95,upi,success,2026-01-01T10:13:00
72771c55-a150-4d8f-8ec6-846577f8709c,d9447d81-4b50-4291-be94-4e6d84e388ce,31.83,card,success,2025-12-26T20:33:00
adb98c31-d25d-461a-81a1-741d95bf15ff,f2fbbe0f-cdc0-4754-8bc4-f3705735a1e7,90.6,wallet,success,2025-12-26T07:03:00
77685348-ddbc-4962-a0a0-a1b38b64cea0,691722df-980c-4ec6-97a5-53713cd90ed3,40.85,card,success,2025-10-27T08:02:00
f888240c-bc22-4e4a-9900-5aed8e67f0bb,28b0bd73-1abf-4c20-a067-f8481c1e8992,25.39,wallet,success,2025-10-19T08:57:00
876c9bd8-34ae-4155-a719-c87c4026dad2,e4a98f21-43af-4474-9745-9b860330b5be,32.14,wallet,success,2026-01-02T07:08:00
405f2baa-ef07-4cf9-a023-4a2c12b46308,5844fac4-4010-477b-b712-1846c153451f,29.71,wallet,success,2025-12-30T16:05:00
60c4fc5d-c899-495d-9651-d7fa4a78b6e8,694aa73e-f70e-4894-bfa2-5993441f3ac8,301.62,wallet,success,2025-12-23T09:51:00
01295ed2-7781-471a-9aaa-aacf97256e46,9f4adbaa-f6f6-4344-9ef4-fe486e1ebaa4,152.49,card,success,2026-01-18T08:26:00
b9ae51ba-83d6-4da2-8386-c009a30a744e,5d84a405-2333-438e-8858-098e3e64b184,80.72,netbanking,success,2026-01-11T15:09:00
37185846-cf9c-4204-9b20-635c03d893bb,310e2e0c-9f39-4845-9b95-492746c3dcb8,97.76,netbanking,success,2026-01-28T20:43:00
ebd55ccd-5a86-4001-8ef1-a52089a8cb24,9b13dccd-9e5c-4552-bd57-a9e8e91998ae,258.24,netbanking,success,2025-10-29T22:30:00
f26a7ada-48f6-4da7-9728-0799e1d23d9f,1a77ae43-0439-41d0-a875-65f9f57ae0b4,41.96,card,success,2025-10-21T15:46:00
86cb4231-6946-4b31-a878-99ecd4d0f895,dcf304ac-a101-40dd-a53b-1cb0fc99b533,30.9,card,success,2025-12-08T08:00:00
60f2272e-842d-409a-af6e-702981d55d59,893e4ab8-13ba-4485-a867-e8ad3530d8c3,18.2,wallet,success,2026-01-23T07:33:00
22cda4ac-e2df-4874-bf45-a5c7be58b908,fe4fa03e-8351-4eec-9b8e-7deafaf78792,86.72,wallet,success,2025-10-17T01:20:00
5f656c11-aa4c-4438-b639-606889fbdbf0,58a5368e-1cd3-4aa1-b2bc-64aadf6b6ebf,34.01,card,success,2025-12-17T10:21:00
7a472f23-6268-44c0-9c70-df505afd63a0,6b3e4a0c-dfac-4fcb-b406-19ba4a2a77e0,40.64,card,success,2025-12-18T10:08:00
977efc4b-1983-4481-a9dd-9f3f53630fa0,12daa20e-6686-4682-ba85-108ae45b702a,35.6,card,success,2025-11-18T21:49:00
d9b1aab8-6273-44c7-a869-04ddfe98336d,4c97bd1b-2b6b-454f-b44a-2dc099ecef9c,36.41,wallet,success,2025-12-16T12:24:00
15ab5bc2-a40a-4a64-a3e5-5d776bb7218c,c43d9b90-77ee-42d8-a761-2b9e198167eb,68.11,netbanking,success,2025-10-15T13:14:00
a36317e0-c648-48e5-984f-78d36d085f8e,862820a4-67cf-40d8-a57f-353837db1489,23.14,card,success,2025-11-26T08:36:00
684951ca-d348-407e-92aa-55e8f9d5db3a,a2e3d7e0-8db7-45c0-83ef-552914b94339,112.92,card,success,2025-11-02T14:41:00
b718c09a-22b8-44f9-af37-b6682a1a4453,095bb8a8-f924-4e5b-80a5-98aa543a59b1,11.38,upi,success,2025-12-08T21:25:00
196d8b69-a8e9-4944-b57a-932f501512ca,8aad6c38-5e26-4e18-9854-dcee709b957d,70.53,wallet,success,2026-01-05T07:02:00
1b5a2736-17bc-4546-a6dc-1929b65bacf2,7a21270d-c2be-4338-9fba-ef3cef3ad0f9,52.09,netbanking,failed,2026-01-10T20:31:00
6155a1ce-7bdf-4ef8-b447-ef2f0ed43d15,593b0088-c8f5-468c-9369-b96f661da8c7,136.0,card,success,2026-01-13T13:49:00
b2c51d48-53ad-4d38-beb6-702834b95ada,f706da89-90e2-46ee-8e57-8c5033a3e280,51.41,wallet,success,2025-11-26T20:37:00
3015cde6-1a3d-4ebe-9d0b-1266755456ff,3187a52c-5cb4-4aa3-8a9d-2bc9f5d5d8fc,47.87,upi,success,2025-11-25T19:37:00
d4839177-b93d-4660-8a6b-ee2429d14a6b,375ba973-b288-4f71-a9d5-344c46495cc4,10.18,wallet,success,2026-01-06T21:07:00
a6fdab78-2185-4bb0-bce7-a6121114d3b8,aee6ea26-1189-4bd0-aaba-b405b58438c0,41.38,card,success,2025-10-15T09:53:00
161c345e-0b38-44d7-b212-7d270cf5404d,4d4ee30c-25f7-43f4-8d97-3aa803a9a754,102.03,wallet,success,2025-11-09T08:38:00
00837eda-c590-4286-95c9-d8b632bc9b6b,d60a4028-573e-4ba2-b6c2-05f7319d42d3,23.45,netbanking,success,2025-11-09T08:20:00
55ebc331-3e31-4a15-b93f-1def624bd61c,468942f3-4623-4802-9c66-84ebd1f3de99,23.68,card,success,2025-12-21T09:10:00
7ffe2eac-037f-44d7-9ff8-5c34983e06bd,9c0ba5ca-c3d8-49b5-b87e-718c6da3528a,59.19,wallet,success,2025-12-31T12:42:00
2d8c94fb-2ca8-4b7b-a357-cabb56bf5cb0,6596da97-c09b-43f3-b177-7f86607f56cd,48.58,netbanking,success,2026-01-23T15:47:00
1123a361-d3df-4609-bed2-cad5fd662230,88fc093b-4b23-4096-96b9-592694e3ce17,87.02,card,success,2026-01-21T12:36:00
ac816f3e-78a5-47d2-8437-90a73fa81d85,4f804236-e2e6-457d-b22d-79abb7a7cf34,26.1,card,success,2025-11-08T08:30:00
3f4e9cb1-d219-47bc-8b9d-5303ff5fabf1,d62f61d1-2c45-42c6-b161-1208314bdeb6,155.32,netbanking,success,2025-10-07T15:49:00
5a524cec-66a2-41ca-bacc-40f6e30839ef,d43a389c-2441-4d01-bdfe-2f8b44d37c84,138.09,card,success,2025-12-16T14:46:00
90dcf94c-6d00-405d-a571-3aae6f002bb2,8f6a9d99-5128-45cf-8789-c269a8c0ba63,63.3,card,success,2026-01-05T17:04:00
4c7c3ac6-a4f3-46ce-a1c5-64e0ba8266c5,2e7fe4c8-a5a6-4858-8300-0badde3303b5,25.0,wallet,success,2025-10-31T20:04:00
8e39676e-4fa5-419a-ab8c-14a69ba023cc,db851560-fcbf-4a0c-b86a-536b41cd7164,39.48,wallet,success,2025-11-28T19:43:00
94639a3e-064f-4ddf-be1b-a4b5fc22dc2d,679f45ec-b2cd-4ecc-ac45-bf7dfc014ae3,181.41,upi,success,2025-11-27T08:20:00
b754c4e9-274a-4d4c-b712-c60d316196fa,a59317b6-6a2f-4c1c-81cb-2238cee12e54,53.62,card,success,2025-11-09T09:19:00
1a85fbee-ea92-433e-8e26-8c5ac77bd86f,0fd00b7a-5d8f-44ba-82be-ea3b82dc4025,161.19,upi,success,2025-11-21T14:41:00
bad23b34-3aa3-4897-b785-48851f3d66dd,d0766c62-229f-4012-907b-4316bfdd3680,76.48,netbanking,success,2026-01-02T06:22:00
a45b8720-ceca-4181-b55b-dadcb8c156bd,43587246-01c5-463b-87cf-48f0a9e8cb51,87.72,wallet,success,2026-01-08T05:13:00
f1d36c67-7fae-4c20-9091-8ab956a5ce98,ab0ea54f-91f6-4304-87af-5924eeabe925,39.76,wallet,success,2025-10-13T12:29:00
aea54d45-3a9e-4bea-b000-30d6a04029fb,3a208ed3-27e0-4ad5-88f6-2755997f0bf0,57.03,upi,success,2025-12-21T18:52:00
82f48225-1815-408e-9e42-d8da3c35677a,852b1020-b3a3-47dc-bb66-9c711b54bfa7,79.81,netbanking,success,2025-10-24T18:48:00
1a82f931-4b34-4d25-8a19-25673cf481e4,ed713cfb-72e9-49cc-aabb-92b24b22703b,8.74,wallet,success,2026-01-05T06:02:00
a23f5ec9-e3ec-4c24-88b4-0b1457d54733,54cfb629-b0d0-43cc-b20a-82a4c337fbc4,120.72,netbanking,success,2025-12-30T19:09:00
29bc95ff-934a-4e46-bda9-8af917e783cf,43d3463d-64c2-4c84-9774-df0175e7418a,58.9,wallet,success,2025-12-06T16:37:00
346191bf-a64f-452a-98f4-1e9e43b12e11,ebf4a98e-137a-4156-9930-0d04ab19d6e8,153.42,upi,success,2025-12-24T14:16:00
b4862c93-9242-4514-8cdf-9d6cbe00def0,bb49417a-06e7-4f4f-9420-36360411086a,19.46,wallet,success,2025-11-26T18:13:00
9217f65b-79d7-4210-8356-9e0f556a39ee,2c145415-b834-4e0c-82b6-140367628a77,64.92,netbanking,success,2026-01-02T07:01:00
300430bc-9847-4947-b000-4665fd5e703e,828c6680-0f8b-49e6-b23c-b426e18c05d2,48.64,wallet,success,2026-01-26T22:00:00
7e924fbb-9904-4325-a777-0d5fbd13cef2,88750814-124e-49b0-9a80-7f03ea0af820,72.07,wallet,success,2026-01-01T14:31:00
420612f1-140a-49e9-bfc8-d29d4e15ae46,ab3d7186-dfd4-4082-b90c-a83ff21ea001,81.27,card,success,2026-01-05T09:53:00
70e49774-fa6c-48c0-9612-c84482a0a70b,6e457592-4d81-4902-b639-a29bed9cd210,33.96,upi,success,2026-01-16T09:51:00
a4bbeffc-9332-4bfb-a7af-049de1fc3815,c22f4c2e-dd22-4108-b0d6-b7f9b1688e6a,34.16,card,success,2026-01-19T07:35:00
3f0ac9de-9618-4529-8997-79cb6c928ff3,6ad7516b-9c52-4997-a37d-4859a05a2b55,50.55,wallet,failed,2025-11-29T12:59:00
38f59d7e-526d-4770-b967-52892988f695,f9db0ecb-7bf2-4e9f-a23d-1a08860c52e8,15.12,upi,success,2025-12-02T18:53:00
0d168225-ad8e-44b4-bdca-1c3f543a694b,bac8ced8-beb1-4e3b-aee3-c7c7c88456d2,41.3,upi,success,2026-01-18T16:46:00
2bd10ab3-abb9-4027-a11c-c437fe304881,37fde07a-8169-4407-a290-78f10c66ce5f,42.26,upi,success,2025-10-26T18:03:00
798cda72-bda3-4e54-97e9-4d12d163d09f,fede6d46-077f-4fae-9ece-5b9e8ef68a9a,159.66,netbanking,success,2025-12-02T07:29:00
72de5c37-4830-4edf-9a21-991fb10a306c,2c817067-dae8-4077-9310-b55a6147615e,68.14,netbanking,success,2026-01-18T05:50:00
62a8d67c-97c0-4517-8e74-c011754e5f52,9c23ed6a-bcb6-4fbd-8bee-8bea5e011296,48.56,card,success,2025-12-16T17:21:00
4490ff6e-3911-4f14-9962-8c170f91e3b5,df985257-72b4-43ca-ba6b-7009eccb1332,22.64,upi,success,2025-11-17T17:16:00
b4eebcc2-61d9-4d87-b4d5-42adf0728f8c,82409f9f-3e72-4149-8058-cee1cbe8a87b,45.44,card,success,2025-11-22T07:34:00
08346051-d528-4ee4-b34a-cb7f62a10322,a0dd393d-08ce-446d-ab75-4ad10fd0f0a3,77.08,wallet,success,2025-12-24T21:12:00
dafbbac4-70c8-4a5e-bd7b-d52eac581fda,3ce1913d-838e-4e31-9d4d-4931682ccbb5,34.88,card,success,2025-11-05T14:50:00
8b933b7a-b835-4b06-ad8a-118fe38fdf27,4c6927bc-4a68-4692-bbb7-0a2f5a1aaab2,33.54,wallet,success,2025-11-18T12:09:00
cda5777c-8903-40f2-9e59-e94f33b8d05f,c5db2967-69b9-44dd-9512-a33df0a1cb6f,176.61,upi,success,2025-10-20T16:26:00
c7919880-74ff-47d4-97a2-3e690de98673,a48c4221-198d-4c9e-80da-e084f7baa67e,160.95,upi,success,2025-12-24T20:19:00
8e0bc909-c1aa-485a-86a3-b04e668b6bfa,857403ea-e7e4-45a0-9acb-ac8fc2686468,55.68,wallet,success,2025-12-22T08:20:00
c6d8031b-272b-4bdf-8df0-bf25b7724f9a,30702f89-c5f4-4905-82a8-964a17b63bf3,62.07,card,success,2026-01-21T22:51:00
5c0ab544-d7b8-49f5-be4e-a8952b9fecc1,5be6647b-fe4a-4ba9-b0e1-4a82080e3b35,34.86,netbanking,success,2026-01-27T08:06:00
5f527899-e879-4a12-9d21-0255b9ec5727,4ae7be14-c91c-42b2-b3f1-20c2a0c58088,38.89,wallet,success,2025-11-08T17:54:00
bdacaedb-c293-4941-90e4-8e8bd1a2cf62,0b1edafc-30f2-41c9-a4c3-eb7447d078a1,91.12,upi,success,2026-01-22T13:22:00
33ff50bf-ba12-4021-9765-0df7f820c73f,72615282-c3dd-4975-ba90-af47016fdf50,43.96,wallet,success,2025-10-20T07:50:00
95704a5a-d081-4eed-9835-0789293ea7d3,9d662ea0-d385-4914-8fd2-0af479ae1be6,45.64,wallet,success,2025-12-16T06:11:00
623aee9c-7185-4beb-9a9f-88e03f11a3f9,f6ff18f1-1a31-42db-8e9a-cb3d3254d598,10.45,netbanking,success,2026-01-04T00:05:00
f99a9df2-8f5d-430e-b941-56808384a633,ddb9d14c-212c-4c6f-a850-783f028b22f4,93.75,upi,success,2025-10-26T18:13:00
5a83ebb1-58fe-478c-b870-cacce4ca9bd9,4534aedc-bcbb-4a89-a10d-5c8f7a58488b,24.47,wallet,success,2026-01-17T07:20:00
303dc345-11ec-4ea5-a8f0-17fbdbf187cb,0fe8cb5a-ab73-47b4-9637-922f92ca379d,25.45,wallet,success,2026-01-16T10:47:00
13281672-7428-40a9-9dc6-f0ba02ca1013,0452b77f-0fad-4d33-9fcf-3d7bb621563c,58.01,card,success,2025-10-04T09:49:00
5087c6aa-e8f8-44c4-8473-1b135e34e3b9,47cd0cd3-8cde-4887-b7c9-ce28467fe77b,118.92,upi,success,2025-10-19T17:19:00
85478efb-a5f7-43a4-b0c8-27c273601334,7711a482-fb85-4944-9232-958c6b3304f3,75.91,card,success,2025-10-26T07:13:00
bea96943-0b2e-42ee-a660-21089daa0152,2a69f995-e4f7-472f-a1cf-e0a82e2ceb59,271.0,card,success,2025-10-20T18:46:00
f4d9687b-6d58-4ced-868a-fe8fdb2200ec,9528e3f8-e70c-4cfe-aaf7-f0f5a847443b,56.74,wallet,success,2025-10-17T08:35:00
df1d4504-8255-4992-9060-977c848b5502,ca69d684-1f42-4083-9bc1-5b14ac073cc2,75.06,card,success,2025-11-10T19:20:00
dd169e2b-5b92-4ed8-b972-e4a3cb1e2971,62786f92-3a40-420a-bce1-b7bc8f775bc6,49.17,netbanking,success,2026-01-22T15:33:00
3f5eb7a6-ec21-42dc-863f-78666acbb795,745f1710-47cf-4ca6-9d0b-644f84795770,31.4,netbanking,success,2026-01-15T17:20:00
ea9440ea-3f4b-418d-b35a-847d495619bc,d92b5573-e474-491a-9127-018b87ee6f35,22.69,upi,success,2026-01-15T12:46:00
02f633f3-ff0f-49bf-866c-066d35b78823,15d88887-2bbe-4a12-8025-29a8b5732ea9,138.2,card,success,2025-10-21T17:43:00
87d68123-11c2-488a-9d5b-f84ca21e91c8,2aace383-98cd-466e-b9f7-0aecc72fa3c2,61.59,netbanking,success,2025-11-08T17:27:00
00de6242-a801-4eb1-a22c-faf7839df344,b7a3d275-804e-4f3d-a9d5-8b807b59af7f,29.27,netbanking,success,2025-10-15T18:28:00
508d9189-5e45-4300-bb89-627d44334050,076ace86-e8fa-4ea2-9fd0-8457f42a2cc3,68.82,wallet,success,2025-11-15T21:17:00
cfb181b9-8218-428f-9b18-ad5a8c9ad0ee,2eec2cf0-1f75-4ddf-bd98-d432ff6399f8,63.75,upi,success,2026-01-21T12:24:00
ac210d1d-e2c6-4a2d-a0d2-c90f5bb83592,5b410e3d-b8b7-412f-be13-50000d15cdbc,24.96,upi,success,2025-10-15T19:50:00
2186c7f9-75d7-4600-afc1-86d8d1c7746d,cc4d8258-2017-4f0d-83a6-88d92eac5969,22.39,wallet,success,2025-11-06T17:35:00
e2cc738d-de10-4e35-82c4-fb72ce86ab62,42f52ddc-ed6c-46f4-b988-7b3457ee9a69,51.63,card,success,2025-10-22T08:11:00
6b71c632-bda9-4271-862d-31158e5b1a46,7dc82eda-8b7d-481f-884b-dbfc64335749,71.01,upi,success,2026-01-27T14:43:00
95c77f35-8fc9-4ba5-aa26-af6be785a0dc,40469ffb-82d6-400d-8b8a-0aa699c49343,21.15,wallet,success,2026-01-28T18:23:00
ef9288a0-076a-42f2-b31d-d4a120a110b2,a33b7d2b-a19f-4498-beab-43036d93fa09,27.02,upi,success,2025-10-06T12:07:00
0fbf96f2-6ac7-46ad-a9b3-f45b619223f3,c1e62806-0d2b-40a8-bd1f-2efd16d7fe28,31.88,upi,success,2025-11-12T17:27:00
4db81e33-316b-48fb-a2ae-1c5dcd64a7ce,bc870cc6-59b0-4cdf-9f92-c381bd13ead3,64.86,wallet,success,2026-01-27T10:05:00
8d00333f-0b07-4ce2-9691-31e6249c245f,8c4b6877-1887-4264-b482-3a909cf07314,100.82,card,success,2026-01-06T18:18:00
8182a8cc-73e6-46b5-b389-86aede42d11c,3bd8aac8-0695-46aa-af58-c1d945eabad0,39.84,netbanking,success,2025-10-06T15:05:00
96f5395a-3c35-40ff-a233-733bf52bffea,8ba6c16b-d8aa-427d-bb5b-c75c662e63d2,31.05,netbanking,success,2025-11-20T05:02:00
fd6b9f6b-6dbc-4b9d-afad-b7fa1815b4f7,d3c9c35e-cf5b-435c-ad90-8dada80d47a1,173.13,upi,success,2025-11-27T08:42:00
f48bfba5-b1c6-435c-bf06-8b8f5f29101d,83e5a9b0-b21e-4a6c-87a8-57978fd2aaab,129.87,netbanking,success,2025-11-04T07:57:00
17860e1d-68df-4623-8f6b-0e9a65cf536d,18d70ab7-6c20-49f6-b1db-fc30f5b536aa,40.17,upi,success,2025-10-01T19:49:00
ed7a8116-a759-49b4-b5eb-0855ca507328,7a44355a-1f60-4a43-9bca-3984de8964bf,331.92,card,success,2025-10-09T12:34:00
d00788fb-7fa0-4236-9fa0-032df3522f13,bc0b3240-996d-46af-975f-5de7aaef766e,19.71,netbanking,success,2026-01-09T20:24:00
98effc42-9b36-48be-8cd9-97fcbeb16c77,bdc19793-bb83-4e63-baf3-1f02393e79ac,103.56,upi,success,2025-12-11T18:18:00
875ef3de-2389-4cde-8513-8ca44fd36f41,ba0d650d-a66f-4c9e-a43c-419d880d2b0c,35.84,wallet,success,2025-12-26T15:37:00
a150543d-3375-4830-8c31-04b40ff1c843,4f017b32-9d75-4aff-86c0-6eb2e50ee028,23.12,wallet,success,2025-11-14T10:57:00
141f96c2-a5d3-4677-8b1e-c6b2093e870e,91047612-1fc5-4948-9f4f-d5a021a51010,27.86,card,success,2025-12-27T13:25:00
4378a46e-4dc7-42bd-bd97-08f891ac41d0,ddeb720e-0a88-4027-be16-d09d42905529,147.5,card,success,2025-10-20T05:56:00
c8d6383b-ed32-4df4-9a86-078886f71e5a,e1808946-4e35-40b7-addc-17d175a8f1c2,33.8,wallet,success,2025-12-20T08:00:00
97469a66-0fe4-4230-8953-0d428a651ad8,ff280fae-0088-49e1-be34-520aa970010b,32.69,netbanking,success,2025-11-23T17:20:00
7de97dae-717d-474d-867b-15ca91e2b03c,5174ae2a-c972-4eb7-af45-5dd09bdd35ed,37.62,card,success,2026-01-15T10:00:00
eb49ce3f-811a-4e20-9341-399f91f2a78b,d032de61-5051-4f30-ac55-245213485f70,84.84,card,success,2025-12-31T14:02:00
0d925603-6f03-4675-9880-c80ca95dc560,e90263ff-2c63-42d3-8097-1926ddad5aad,32.76,wallet,success,2025-11-21T00:38:00
e6a0acfa-d30a-430f-ae44-24dd68caf492,9940a226-f05f-4485-a712-b6ccace831bc,46.84,netbanking,success,2026-01-24T07:39:00
98dd16f6-a8ed-4345-81dc-8d696ca34a01,7734c5e8-6cba-49a6-9c2b-d8743ac00651,39.32,netbanking,success,2025-11-11T10:29:00
47c721f6-dc42-4b2b-bb15-7aadc97df288,9f3de047-29dc-4b8c-b32b-aca620223879,34.86,upi,success,2025-11-28T12:45:00
7b84b32b-6f28-42ce-83af-19beb924bc54,4aa3fb05-5b10-497e-a8ea-84bb5d5d33c0,93.18,wallet,success,2025-12-06T17:40:00
2aed9280-d922-4cc3-bc2f-34837e1ca6d5,9fa5ec16-3f8c-4d07-8741-61d1911fef55,454.56,netbanking,success,2025-12-25T19:11:00
98e50e8f-8b36-404f-bd3d-a69a4b408200,5eca4a60-63e9-4934-9898-961fc39247a3,35.38,netbanking,success,2026-01-15T23:55:00
819cc702-3a29-4732-9b93-c077c892a8d2,82e51190-31e7-463c-b7bd-28823776c5f6,14.68,netbanking,success,2025-11-02T08:38:00
03015638-ca6b-4328-9f50-49e3102bef1f,3d1ec11b-6298-4f00-b98f-c0aee72d4eb6,125.91,wallet,success,2025-10-08T09:47:00
76e2f4c6-8dce-4ed0-897c-2307a3d0e3ea,aadd7abd-013d-4f48-ad11-316f6a3110be,60.02,wallet,success,2025-10-09T09:41:00
ca5ab81f-facf-4a83-8897-6ed7f2d522c9,824fcd8a-9d70-40a5-a06f-4348c7415ce2,20.67,card,success,2026-01-20T06:14:00
8d0dfe94-d9e7-4ffe-b5de-78461fc792f7,b12348f6-83cc-403a-ac94-13bb51d96622,43.4,card,success,2026-01-14T12:34:00
fad224d2-0404-40ae-8da5-0d311b49ff73,0171fb6c-55a4-4d18-867a-df5319e6c6fe,117.92,netbanking,success,2026-01-15T20:31:00
0407a0e6-a2fc-442f-b2cf-4e2d45dee7e8,ea36faea-14a1-47c9-8776-e5207d1bec0e,40.18,wallet,success,2025-12-12T19:54:00
e25f6804-ffc9-41fd-8f09-fbc09fd89b41,8afce246-4ea0-4910-b6d4-27e580514faf,52.92,wallet,success,2025-11-19T13:27:00
26299b64-e089-458b-ae85-e346a29ae6b9,64855bfe-e9b6-48e9-9e98-b56613d4a395,23.36,wallet,success,2025-10-25T20:22:00
0a10fb25-e7dc-4e41-9e2f-8a20a4dfc7ff,bac1807f-7a89-4605-ad63-d0362fe1aa0e,88.1,wallet,success,2026-01-04T15:13:00
3e571962-6118-4db1-a993-eed9289e11fd,70f66c7a-ba58-4369-9a2d-56825dd79598,79.89,netbanking,success,2025-11-24T23:57:00
47fe84ff-a600-44d9-925b-5b7332f317cd,cb76c7b3-ea6e-461e-bb92-2572cf4392a9,28.99,wallet,success,2025-12-29T15:21:00
5a69397b-e052-4ab3-b737-5da3784c4029,64b83e35-5249-47f5-ba8f-b5ce657a599a,29.53,wallet,success,2026-01-09T08:10:00
756e71f2-814b-48ed-b069-ecaaa1df2fff,e7c2858f-7e54-4811-83da-041f3e509b56,33.97,wallet,success,2025-12-05T00:41:00
45090d5d-7a5f-4621-812f-de656e24d8f2,b8d5ca1d-9c52-418c-94e3-054a3aed1327,10.78,card,success,2026-01-15T03:47:00
b0b8ccf3-0956-4136-a948-29d63e8277ad,e9b484d8-ee5f-46e5-96d2-86e736a7f260,67.62,card,success,2025-11-25T19:35:00
def60988-e4c7-4738-b18e-090abb5e911a,c88a6c7c-e328-45dc-9676-dc64312eca0e,132.96,wallet,success,2025-12-31T11:18:00
f4ab4ed6-3cc9-4a01-9018-c064bf2982ab,9e7e47e2-ab89-444e-8eed-72c4707755dd,39.96,upi,success,2025-10-25T01:47:00
e5d71db6-62d2-478e-b669-fdcf3ecad093,eefe8247-c038-46bd-bc41-a9ec97ca61eb,19.97,upi,success,2025-11-10T19:35:00
17b02d16-b2da-4966-bfa7-477035df9a24,c1dd08c5-1266-4c65-ab30-d19d0a72aad0,94.48,netbanking,success,2025-11-13T08:20:00
21bf2e61-f2c6-47f2-85fc-59f16e93d458,fea7b232-43d7-40b7-8fe1-1d79105b1fe2,76.66,wallet,failed,2025-12-01T12:06:00
e4742e7d-c655-4dc3-b597-430d4edd1eca,42aecf95-47dd-4e67-8711-e095f4fbbb28,117.6,upi,success,2026-01-27T18:16:00
6a1bc621-a8df-4b02-bf9c-fbd9eee071c6,a4d75da0-a574-400f-b231-9d78dd84d502,181.8,card,success,2025-10-04T16:24:00
b6e5fe7b-754a-4d7d-8d75-1a258d755717,b18fba22-6b1f-4ffb-85fb-6220538db0f6,352.92,upi,success,2025-11-11T09:55:00
1451c2b8-a7b3-48c0-99b2-bdbe68562b42,a983f99f-d0ce-4794-af7e-c40fa19ed417,114.42,upi,success,2025-12-06T17:47:00
ff1de260-eab9-4969-bba4-e571f86ff1c5,ce00b216-615c-4c48-9df8-bc588a95f059,116.44,upi,success,2025-12-18T17:44:00
52f9d763-4a25-41b7-846a-20cf72facfd9,a8c6f3fd-0077-4a2a-8ef8-be6fe35a6250,52.94,card,success,2026-01-15T10:11:00
f0d5365c-3d03-45a3-a412-a7fb916c7256,a178a402-35cd-4c3b-83ba-d9de87c750c7,103.83,wallet,success,2025-12-04T19:42:00
42620ec8-5cb0-47a2-aad4-fb3362fcabe8,75737ebb-d606-40a1-8f2c-30809165a068,100.04,wallet,success,2025-12-10T17:08:00
4eafb817-e4e4-4687-a829-f7b8f840a6c2,0c657125-cbda-4b3b-b006-08eb1075073e,86.22,card,success,2025-10-21T23:53:00
bd87084e-fdcf-48c6-b528-4d226089749b,7ca10bdd-baae-4480-8298-55389da65829,33.44,card,success,2025-10-26T12:32:00
0e7349a0-7c81-4ed7-8d95-23f84c698cec,6b90f108-74b5-421f-a606-5cec72641daf,51.28,upi,success,2025-11-06T16:11:00
6693a69f-d6d7-4c60-a36a-3bd49ab8ef7d,9c6aed8d-acc1-4b04-89af-1cb8a3580f91,78.75,card,success,2025-12-10T12:31:00
2466d736-8275-4e65-a648-100909eb1f02,eb7ff062-a898-4d82-aa65-7f4e82284e04,64.89,card,success,2025-11-10T23:04:00
1b96993f-b8d8-409a-afe0-2a6bd4809639,50e187b8-d1c6-4070-810a-f673cbc38e09,163.08,upi,success,2025-12-07T07:45:00
e9cf1f1f-3081-4269-abf0-c386a7f37b9b,11a65d18-5954-45c1-abbd-128f03db3741,48.78,wallet,success,2025-10-06T07:29:00
4bf793a7-b487-4a67-a393-7f5c8dab5b7a,d74f8887-5701-443c-b663-95a1f9b8f7fb,54.08,wallet,success,2025-11-29T07:15:00
9fe55ee0-c743-46bb-9d4b-3c550920ee00,6ad77663-2d33-4c2a-91a9-d39a2e93365b,79.14,upi,success,2026-01-13T10:31:00
24f97f38-c057-4c00-be0f-f22bca2ef688,051d218f-8cf3-4ad3-a99e-e08840ccb2a8,61.65,card,success,2025-12-17T09:56:00
fd2e4dbb-bd77-4d65-a4cf-4ec70fb31c13,dbeaf8fb-238a-4253-b7a1-785f26c98839,22.11,upi,success,2025-10-22T13:04:00
e233b158-2026-42b3-847e-496681a265a7,73bfb7fa-2963-4ca4-9911-ba83141cdd8e,52.94,wallet,success,2025-12-20T08:31:00
9147dc77-d03a-4693-8ee1-35151ec3b956,6fe22939-ecfc-479e-b5f4-abb09a43ec6c,20.49,wallet,success,2025-11-21T09:10:00
afadd292-a581-4eaf-bf43-7ff6649ed361,c9cbce8f-d71a-4d4e-b74b-19d2e9e49888,201.48,netbanking,success,2025-12-15T17:56:00
0adc2b31-ca92-4884-b1b8-12cb1e808ca2,56a7039f-21b7-44d4-a560-9eb104b187dd,47.59,upi,success,2025-11-30T10:51:00
d893ca1c-03fc-44c5-8d46-d1035f403ca8,8e569010-eac0-447b-a99a-c10a67084ad8,93.57,card,success,2025-12-06T11:03:00
acc5d07e-dcfb-465c-88cb-c1d7227bd651,9c7839df-2de6-4dcf-b617-27298057e294,8.75,netbanking,success,2026-01-19T10:31:00
25a84d99-b3d9-48ba-b143-a27f863c2b74,8162e569-d7e6-45c6-9c62-5bd3fdce7202,26.04,card,success,2025-11-28T08:10:00
2088dcf1-eab4-480b-a094-dd4e8ef79926,34163d97-6abf-430a-b45b-ef7e83442b86,97.56,upi,success,2025-10-10T13:45:00
1f3b17e7-ffc6-44aa-bfaa-59ab58300dc4,47a899f4-1697-4d60-b1d0-e4513c672353,40.95,wallet,success,2025-12-30T05:53:00
cb456b7c-168c-4cb7-a8cc-fbf17bd31498,90f22ef3-0c18-416c-a9f2-c668c0c91c3d,80.52,wallet,success,2025-11-08T20:59:00
53bac174-384a-41d4-a0c3-f0965d5491d8,7e39c9cc-0248-4887-8721-800ec86007f9,44.49,wallet,success,2026-01-27T12:16:00
a74c4599-1956-448b-a751-385c8e0f768c,e7936e8b-6082-4b65-ae9b-f5d5e6cdd8d2,75.04,netbanking,success,2025-12-19T16:39:00
4b9013d8-4a61-4f09-8dd4-9b6555a07fa1,2f29d2f4-fff7-4106-b216-632e0cb94d06,24.28,netbanking,success,2025-12-07T14:20:00
512b2f59-eee9-463a-85ed-11de87054437,564b7967-51da-4d27-a556-1f33888215a9,20.62,netbanking,success,2025-11-21T07:46:00
daa3f052-843a-4e2a-8ea4-952a9e992bcd,bd7e3a7c-c02a-4e4a-99b0-4960e9b6e469,60.3,card,success,2025-11-26T14:30:00
ab054d79-9b64-4d4d-8894-06b0bb80b3bb,3afad411-7c1f-4af9-8042-6693fb0bbb99,185.44,netbanking,success,2025-11-10T19:04:00
1ac98bdc-1e92-4f76-ae51-f5456c287271,e28d6df4-1627-4cdb-84c8-5b15a65631d7,68.52,card,success,2025-12-15T17:07:00
46ae4030-5050-4b06-974c-b7e970568339,427bf900-966f-45ad-927d-46ec61beb181,42.66,netbanking,success,2025-12-13T18:32:00
4d2da880-352e-4b4e-96af-e94d3faa1f7f,9f101217-00eb-49b8-acc0-50992f218012,201.96,netbanking,success,2025-10-26T12:05:00
0dc242a5-4f77-4fe7-80d3-abb08b1f24fe,121e1be0-8095-4670-9e8c-eb1710f2a353,104.64,netbanking,success,2025-10-25T20:21:00
06c6fa8a-ec4a-4b1e-8762-efe4a383e677,bdc8b70c-b757-44d9-be18-0c2528e89c5f,99.22,wallet,success,2025-10-07T18:06:00
3c14f854-2a79-4ef0-a9e9-e92c3ae50cee,6530027f-312c-4b56-a66d-a8c032586f19,22.86,netbanking,success,2025-10-14T12:19:00
b9ea7f7f-8dea-4b3a-a24a-c10accb3bb04,b5be87e6-2559-4882-99c1-3050517bb4cf,32.22,card,success,2025-10-06T17:05:00
3b6a6611-0876-4386-aaa4-cc8508dfb37d,72ef9457-603d-4dce-aa04-5aec36c1680a,42.64,upi,success,2025-12-01T04:21:00
6a3aa4c4-1237-4f32-b19e-0ffaf815d308,0ec14e08-d233-4bee-a3d6-e7165a226d80,49.68,card,success,2025-12-11T22:25:00
fb7eae11-9d50-4b4c-863f-3f08cbc99798,aaf89ba7-15d4-4e27-8bd9-38936c483eda,28.65,wallet,success,2025-11-29T20:54:00
6e39cc96-bba6-4b1d-b110-3c55d614d3bd,ef7a10b2-5e8c-41bd-8304-b6c4c985987a,74.88,card,success,2026-01-12T18:53:00
29f13984-67e7-4529-b769-ea5dec7d4e76,ddede686-9018-4fd4-ab8c-970c32a2e284,41.73,wallet,success,2025-10-14T16:04:00
99556f10-7e02-4da1-8bec-c7fb85e98be3,2c4bc029-7642-4103-bb36-08a8e3b1c717,31.59,wallet,success,2025-12-12T11:17:00
61e60dce-0426-48d9-aa50-36be9edbfd38,7c3b5740-3ec1-4951-9658-1591ed9f9d03,113.43,card,success,2025-12-14T07:23:00
182869d6-170c-4d63-8333-7dedf186d063,7237a2b2-5311-441c-9ffe-03cde2a25f83,49.78,upi,success,2025-12-28T12:08:00
7c865afd-2f52-44f2-acac-f990447b2a61,636a14a4-7f24-4c78-82da-5213a228a6ec,48.74,card,success,2025-10-23T17:36:00
12adf56f-b926-47f2-b248-b873c2e0214e,d6386e88-0efa-4fc3-9f96-f0009151f8b2,76.91,card,success,2025-11-04T01:18:00
5a113684-182b-4b13-8c4a-4d7feeb69048,0bf5b473-9564-4e70-9208-798b84a99920,58.52,upi,success,2025-12-23T07:44:00
8b6b63e5-ee3e-4c98-88a4-b974a6f93d6b,c4c0a7ea-c2f9-4b98-9728-14dd0fce192a,11.74,card,success,2025-10-14T18:22:00
7a41c990-b828-4fd4-9213-96daad142da6,d5b5c2ad-3481-4388-803c-118a73738baa,67.01,card,success,2025-12-13T18:23:00
d5d6d144-58a4-4dd0-abd7-79d7f81da0da,95051f9c-4225-43fe-8709-fe8553a84f0f,40.94,upi,success,2025-11-23T19:59:00
8b36ba18-d17d-49d6-9166-ef97d43814d5,e6b9d0c2-c0cd-487e-9130-eb2e501a19fe,37.08,card,success,2026-01-13T19:04:00
3d135343-54bd-45fc-a380-3a6d4159c69c,25a0ae4d-d2a0-41d5-8821-7b419ffc1d3b,61.38,card,success,2025-11-28T19:19:00
815e3334-b78c-45da-b58d-2802c7572467,0699014f-edf4-4b32-873f-503fbf83bf02,84.42,card,success,2025-12-27T18:28:00
2436cee2-f30e-4d4e-ad50-2fcb6719f23a,25444c87-2ef3-4a67-8247-d1ca64b6af6c,60.36,upi,success,2025-11-20T17:23:00
5995dcab-2631-4d76-80f8-19e1dcadaf56,f1810c3a-6d72-40de-9410-40fa96daf309,37.99,wallet,success,2026-01-22T05:23:00
a614d05b-863b-4dfb-94a6-96c4f651bb5e,1caf697e-728a-4ba0-9217-1ffaf58dae5a,21.84,upi,success,2026-01-16T14:11:00
9a84669c-1e65-4dde-81cd-f1a25b1cb8c4,2f175c9a-b72d-4744-8e3f-d3d5ff2be4b9,108.74,upi,success,2025-10-20T14:49:00
4f0946b0-da95-4815-b84b-a7e596797745,77be666e-9023-4131-9634-bae7a3150882,25.68,netbanking,success,2025-10-04T16:01:00
273da6f4-58c4-48c4-aa4c-a7a532ff7480,780ab262-b573-4f0c-b14f-bc0b146d979c,44.97,upi,success,2025-10-28T06:04:00
a35c7e53-5d01-4fd6-8809-d907df6d6275,97012ef7-ef7c-42e5-80c5-289f35f3bb57,46.01,upi,success,2025-12-15T16:16:00
2aacee6d-e70e-4ef6-9b2f-13d9888fad45,a81e1434-18a7-4908-8c18-1daa94562df6,20.89,card,success,2025-11-18T20:26:00
db917cbf-3bbd-49bc-843d-3c1f23b59ccd,6d46d12c-fe24-4ac2-afd3-a5365c850d34,116.72,netbanking,success,2025-10-28T19:18:00
a6a4b1ad-71a2-4e3d-b840-ef5297f58bef,d372585f-c7fb-4b5e-a367-ebd21abc3ca3,20.82,wallet,success,2025-12-07T11:37:00
10770370-574a-47a2-afee-43c3f4732097,1be20fa9-f64e-4457-83e4-f38d2e809787,80.16,netbanking,success,2025-10-17T07:08:00
c844d7d4-0c23-480d-bf05-f15b4e55abc8,85170fd9-8962-4847-9d01-2cf0010781ad,27.56,card,success,2025-12-08T11:05:00
463cfd80-c926-45ed-b90b-3916e727a93f,239af6f4-4362-490b-9e84-58c91e55566b,56.01,card,success,2025-12-06T08:08:00
b29a0e17-1e0f-42ce-9145-d97b5c6c4380,224bba99-f8f6-4f6b-98dc-a13c9087adb1,57.08,netbanking,failed,2025-12-07T18:51:00
80705d9f-e1fa-46b5-a834-e0fe9be4a9fd,2d949417-084a-460b-974b-4b0ffcf59e91,50.58,wallet,success,2025-11-02T16:31:00
324938c5-fda0-4ae9-b3aa-4b7d2188fca7,2e72b098-8780-4609-ba42-e27d733a900d,59.76,upi,success,2025-11-28T07:19:00
a08e48e8-c508-4278-9d27-2d664a80907d,cd5aecb1-986f-45e4-bfa1-0701fbe9465d,36.67,card,success,2025-10-08T19:40:00
72a713a2-08a9-4e6e-99b8-abeafaeb19b2,4c982467-5297-4adf-8848-33e11979c79c,245.04,netbanking,success,2025-12-31T10:25:00
5eb31bbe-d439-4812-9dc9-a5f388d2120d,a84ba3ce-d6b5-4b00-8fc3-36c3cc351769,103.36,netbanking,success,2025-11-16T14:43:00
1fc0e8e3-1037-4aec-b2bc-8bcb8097aed3,9031efaa-2d0e-4ac8-bd1f-094b95a855c4,17.16,upi,success,2025-12-12T08:03:00
f8260b09-c42c-4a92-b370-78090cdef5cd,2427e45e-9198-4788-9fb3-2e7cd6b57ecb,63.24,netbanking,success,2025-11-13T16:52:00
f35369be-a204-4122-89a2-faa7fea46db9,b3fc1a5d-c6e6-4151-960a-c46cdea7863a,202.6,card,success,2025-12-12T06:10:00
5f1552f7-cacf-4592-b684-9c6e38b5a1dd,46dc8077-c4c9-40ab-80c4-facd4399db0f,161.52,card,success,2025-11-12T08:40:00
60de3a40-5390-456b-9740-ae92061f6b81,08c1925a-dfde-457f-bbc7-534af1c7a281,99.31,wallet,success,2025-11-23T08:40:00
2908b533-dd02-4753-88df-b3af3e5dea0c,56638d89-25d1-4448-893d-41de870e1f9d,33.08,netbanking,success,2025-11-02T15:51:00
b01b74bf-5455-4662-b583-993747860b77,d69f41d9-0aec-474d-9c61-ec78ba6afc03,11.94,netbanking,success,2026-01-13T02:45:00
b92cccc8-6853-45b2-a826-a9574324c390,ee685053-2983-415d-89ef-b06660ea10c6,30.71,wallet,success,2025-12-31T00:42:00
747aa67b-eda6-4885-b057-1af2029beef8,495cc510-0f21-4512-bdaf-5851f2c56072,75.14,wallet,success,2025-12-22T13:25:00
3ba87cff-b25e-4fa0-97a8-1ab6902f3c56,abebde39-e38e-488a-bedb-49555db2bdb3,63.69,wallet,success,2025-11-16T06:43:00
dd5afc58-fe7b-48b1-bd46-72ce5c640d54,56a33df7-a812-4c64-bdb1-3a7f24d09e0b,127.47,wallet,success,2025-11-08T07:02:00
986afcc6-eb4c-4d76-b5eb-5be2bfbf8855,b4b41967-f1c2-4fb3-bef3-307d36be65ec,51.4,netbanking,success,2026-01-19T07:16:00
919dfad7-82c8-4975-8ad5-02d7a7ef0492,44ba69b7-856e-4b17-9078-193ad1c1dfb8,30.3,card,failed,2025-11-10T17:56:00
27242db8-dcc4-4124-9b20-c0af8d8548d6,459f4c07-0fed-4a9a-8c8e-6814e82eaa7d,110.28,netbanking,success,2026-01-06T21:02:00
f3d81d7d-0893-4836-b62a-9b4e047a2f9b,89a1ab5a-b090-4cd1-904f-64d843bed548,80.25,card,success,2025-12-12T08:37:00
7770583b-2990-46e0-a5f2-cbeeeb03376f,dd175073-a8ae-424c-b7d1-1f00c1426db9,97.08,upi,success,2025-10-14T10:56:00
8c507199-3b4a-4bf9-8d7e-7768e29055cd,4933e441-548a-429a-92ba-7c89f5c70a3d,114.94,wallet,success,2025-12-06T16:13:00
1d76e87f-d3c3-49e8-a4b3-6f9fd0149fd4,45d352bd-e188-45ec-8f06-2818c4132f20,38.2,card,success,2025-11-29T04:59:00
55ea5b73-ba88-430e-94ad-190365351208,5042e406-e772-4d74-a14c-f23a19c76109,77.13,upi,success,2025-12-04T12:09:00
c6033f1c-524d-4168-84ad-00c87c4037ea,f5255aa1-4860-4771-a3f9-d172946d0f95,25.49,netbanking,success,2025-12-25T11:40:00
386503cf-9672-43ac-a7f4-5c1f7f3747d3,1aa8220e-8ae8-401f-afef-c420fb8be6de,176.28,netbanking,success,2026-01-20T10:39:00
1bd8ad6f-47b9-47c7-8b9e-e81247bcd6f0,81059c99-c05f-4ac1-bbc4-d5cad343d6b7,41.14,card,success,2025-11-07T13:11:00
f830f3b6-62be-4b42-983c-13b3bbf0ac74,3beb58c3-86d9-43e5-9c83-376765abd1ff,69.73,upi,success,2025-10-21T14:50:00
9d8ae1e4-8a49-45cc-8868-09220bc10410,a98aa077-0831-44df-8ad3-0189eaa59bac,58.26,netbanking,success,2025-11-30T12:27:00
4a0c3d6a-ddc8-4eaf-832b-f30b3f823576,ea6c421a-2d8c-4910-9e0d-31203a904582,77.9,upi,success,2026-01-11T08:23:00
1e2f0417-a6db-4fa2-806c-01974cefee6e,b30cfd74-6c61-4bf0-9768-8502d4e00e1a,21.92,card,success,2025-11-30T15:13:00
9ba776c4-b7bd-46bf-affe-6c2bdbd093b4,2fe6e017-0dac-41eb-907c-d6cd75c5a974,12.76,netbanking,success,2025-11-12T09:41:00
e4209dca-b215-4b95-bed6-61c05c98deec,b05326dd-12fc-4904-aa90-6d8ed7ef17ec,57.4,upi,success,2025-10-18T14:05:00
a729ce42-7050-46b4-8f72-8cb25386623d,5a6e152e-3584-4b05-bf82-3e2a5ab78f00,53.59,netbanking,failed,2026-01-12T21:26:00
3aa703e8-6837-453d-b412-6eaca15c741f,2b98be2e-c968-494c-9f8d-d6064217cb51,36.87,card,success,2025-12-09T12:48:00
5a464ee6-b803-4029-b206-326b5f71cee5,3334fced-720b-48b1-975e-35e3b1ffa7bc,180.84,upi,success,2025-12-18T08:55:00
850efbc5-291c-4972-9311-0e8cab3e89d3,533fc023-7903-4fe5-9a42-6f93d26cba63,34.36,netbanking,success,2025-10-21T16:27:00
651f28d9-9df9-4d35-bb3e-bc5d44618eea,302b420c-a7b4-45ca-88a5-a216d1fc1cbc,235.4,card,success,2025-11-26T08:56:00
ed987de9-b15d-4a0c-add3-4bdc99290160,cb2f297b-b97d-4285-b14b-09408e98cf36,31.38,card,success,2025-10-26T14:03:00
8795ac8d-8c01-4d76-af5b-7354d8b06096,9c3f5bfe-4b58-4848-aa00-6692dacb71bd,111.88,netbanking,success,2025-12-12T20:59:00
e093c50d-0405-4125-921c-93e661627157,56953493-bb96-40d5-9a51-88d4be85daf0,181.44,card,success,2025-10-26T08:32:00
d2f55979-d748-4221-afdb-363673fc1bc8,38b4c892-2e55-4e90-85cb-087e6de8c2d8,44.65,card,success,2025-12-27T01:09:00
2c4ff359-d820-4d24-8e88-774d1173a027,003621e9-2da9-45ca-b2a1-c336d143fe56,170.97,upi,success,2025-10-23T19:04:00
bcb2e4c2-eb1b-4727-8549-569fcfda69f1,c8ceb7f7-71e9-4e09-8272-eff665b1e968,103.8,wallet,success,2025-10-08T12:46:00
d00512b7-e766-48bc-bc69-6afa84194cbe,de4988f2-b14a-4a9f-a734-ff753fcaa3d4,52.07,card,success,2025-11-07T11:33:00
2a4da7ae-635c-44bb-8eea-6bfaf66f5a3a,cbec2575-6f39-468f-8b3c-a68bce021e90,82.05,card,success,2025-12-28T18:45:00
c1913316-4537-4a95-8a5a-86bf1c5dc461,96461e58-566c-426c-9455-66cdbec3c9d8,9.82,card,success,2025-11-06T05:45:00
ad71562f-d88f-429e-8386-38d23a540a50,8602bd11-5cbe-47cd-bb5a-bb79903d5f55,20.41,card,success,2025-10-01T11:13:00
83a48cbc-7305-4191-8d2f-d8632f767136,15b9f02f-7f40-44f8-99d6-01350b6edd29,90.68,netbanking,success,2025-12-17T18:40:00
91974956-9a4b-4a01-b318-3349f0c5ad50,c09c11ec-64d5-4475-a87e-f32c9ae9b7a0,61.55,card,success,2025-12-24T18:56:00
e9b4892f-625a-4235-965a-43e4a0420baa,2dc14326-6c12-466b-8584-4099a7fcc1e6,40.9,upi,success,2026-01-23T16:38:00
67b1fefc-aa71-4693-b9e2-a92c59250c03,71569fa0-0c3d-4a8a-b25d-f8451d05445e,123.66,netbanking,success,2025-12-27T21:54:00
827c6306-833d-435b-a31f-a0866f15db00,13aa499e-844b-4297-a269-ca344b8e9886,97.22,wallet,success,2025-12-05T00:54:00
c7f0bbe2-ecfe-44a2-bf39-f548b365b200,ee091238-7d47-453c-83fa-3c45fc9bb558,58.6,upi,success,2026-01-26T02:14:00
ace75fd5-c014-49ce-8b8b-2e713a96e286,976325df-558d-4129-ae0a-f15b8a1f83ca,23.88,wallet,success,2025-11-05T12:59:00
464f2e66-ed5c-49e2-99df-bddde1ce168e,8d2436fc-81bf-4541-8b72-1577ae0213de,42.6,card,success,2025-10-13T22:06:00
64d2c0bf-58fa-4697-9970-945073c95b2f,b80b77cb-922d-44a4-839a-8ec1ca47801c,76.39,card,success,2026-01-22T01:05:00
7ed25b1f-8937-41a5-82ee-27842ff94d48,4a731847-3447-42ca-8467-1e19fbf25831,64.05,card,success,2026-01-03T17:50:00
2b544b41-1acd-4741-9529-da43df47f4d6,79f1b0bf-6885-4b3c-b6bf-514834c0c1ba,60.48,card,success,2025-10-15T07:28:00
84130ccc-fbcb-41a8-8b50-2cf98794a39f,d3421e4f-5fae-4111-90b2-1adc00fc027c,18.21,wallet,success,2025-12-03T12:48:00
f0042af9-6207-40d3-afe4-005d299045f7,48c20785-b3fa-460a-8c45-b317842d6a93,107.22,wallet,success,2025-11-30T18:41:00
70f37f20-5da4-4b74-a2e5-d2bac3f1719a,299a8d1e-a8b9-4ef8-ba7e-4f50c83de58c,68.85,card,success,2025-10-20T11:13:00
c7b4b459-fcfe-4d1e-bec7-b2294603fba3,aa29c024-bcea-45dd-b099-e0a6224108e0,52.34,card,success,2025-10-12T10:48:00
367f67cc-457d-4aa8-8940-47bfc8251d95,bd6da4d2-eec2-4e39-9a92-e0e77b13a6bc,54.82,wallet,success,2025-12-16T18:50:00
32e73437-287c-4874-8a9d-9de5b35e6c2c,a70b0ca4-28d1-4494-b2b2-23267b8f3e89,129.76,wallet,success,2025-11-03T08:14:00
8988de66-3d60-4d7b-b878-c09fb639122a,08852eb6-0586-4a69-8866-41a14682767f,81.84,wallet,success,2025-12-24T03:12:00
f6a3f2f1-833a-440b-9ed2-ec1ad23e2548,2c916f18-dec9-42e8-a281-05ca0a709a5f,278.28,netbanking,success,2025-11-15T15:39:00
cce265ed-c48f-4e05-8e2f-ad05fc406716,cec75ea0-7f9a-4a22-84a2-f89ad9238d90,10.26,upi,success,2025-11-27T17:51:00
dcfdb31a-b9c2-4402-a4bb-75b0ca34d519,359dea81-78bc-4d19-8773-de19820d8523,29.62,netbanking,failed,2025-12-25T17:35:00
05bcf6a9-b54c-4d63-aeb4-df4a3a28626a,5277daa5-ca6f-4729-8b4b-bebb1899c168,112.98,netbanking,success,2025-12-14T19:29:00
69f1e0b5-b359-4f4c-a6bd-8765fb6013de,cb5022ab-1dbe-4aa4-aa68-aec042ce53ed,22.3,netbanking,success,2025-10-08T11:27:00
4e486eb3-152e-4d1a-9288-98213afddfbd,a90b00ae-0b4e-4cf7-91ee-4cd64c6cf163,28.67,card,success,2026-01-18T06:44:00
8bc135c7-ba48-44b9-be4e-e190c4cc4602,b154b34d-16a7-4819-a0da-fafff1fd1f22,41.72,card,success,2025-10-15T04:34:00
358a9b55-768f-4551-9b41-549bb9263195,a5bb8b13-bf43-44db-ac64-969bf9c7905d,12.81,netbanking,success,2025-11-09T17:51:00
60bed591-d2c3-40c8-93b7-9d98562e3580,79df4db1-9186-4276-a77e-ef2c1c90e47a,63.93,wallet,success,2025-11-27T17:15:00
799ec83e-978e-4ed3-8088-e4256192462f,9ebcdf51-debc-47af-82ca-3bcfdc49ebf8,46.41,card,success,2026-01-24T10:30:00
f8613018-d40a-4741-8348-c389e652437c,4fb46c60-3809-4631-8bfd-17137b2df70a,186.32,upi,success,2026-01-25T15:24:00
ed8a9df1-d896-4775-ab41-c152535caed3,e09697dd-2640-46db-8668-08976415f923,56.92,wallet,success,2025-11-03T07:39:00
0d053288-a0d6-4906-aa53-51c839f4dbb5,aa86cdcd-cc46-4d04-882a-2a54199740df,54.06,wallet,success,2025-12-28T07:39:00
16df9824-a123-45d6-aaf8-21a4dcc9d66c,54a94c3f-6fab-43bd-a8b9-020f3bc5ffd1,46.18,wallet,success,2025-10-27T13:22:00
83e7ae2a-b492-43c0-8731-7d8557a775cc,ca33e90e-064a-4559-8bd5-533b6c3a8be4,55.95,netbanking,success,2025-10-29T14:17:00
d04ba1cb-f181-45a5-b6ef-679382c964ff,ee3ec597-9a2c-4d5c-a99a-c1264ff69918,12.38,upi,success,2025-10-23T15:19:00
ea089da0-2e73-4550-b93a-21bdef5e389c,bce7e0b5-a873-46a2-a2bc-9858dea12968,38.28,card,success,2025-11-18T11:04:00
ab09a3cc-a044-41f9-8e62-7ae27c5e292c,982b63e7-fba4-47ec-8ef4-2fadc37faabf,99.6,netbanking,success,2026-01-25T14:37:00
a8c04edc-762e-4a5f-80e6-2fb427a7199e,98e2cd23-0907-41d6-bb57-2a643ae97c12,69.86,netbanking,success,2026-01-19T09:04:00
7c3b3c2f-c221-41df-83ca-a88482a15953,0c8f564b-d120-4b56-868d-aab4b1d5b85a,57.33,upi,success,2025-12-19T08:21:00
7f3c6173-5761-4fd4-975c-504cd4af1064,daed0a55-d8e3-4962-b0ba-8fac5c109bb3,48.64,card,success,2025-11-16T13:59:00
c3754743-036a-488c-8607-23cfdacbd4d3,25a8e3e2-161c-4fa3-b222-47b3a21f3269,96.1,card,success,2026-01-22T08:37:00
2e6c6067-2708-4cf4-b8be-bf99821ed873,814db07f-7282-48a3-9360-9c26c8c55e3d,36.06,netbanking,success,2025-12-25T22:25:00
14d9e9f6-d8f3-452d-9dd9-8d155ff2e7d3,0e38c734-76d9-4925-8f75-f6a3c76c49c8,98.8,upi,success,2026-01-27T08:09:00
f7a7e10e-aa8b-43e6-8a1f-c3c62ad3b83c,9b29fb9c-84ab-41d7-86b3-b697d44a888f,17.17,card,success,2025-11-18T10:38:00
399dcf4d-1726-42d9-b743-cc6215c84a7e,8de4a0c6-7f5e-430c-86b5-64efada744af,108.04,upi,success,2025-11-18T18:30:00
b55a1f72-10cd-4af9-9a0d-27dd1746802b,f8e2a20c-566b-4f5c-8d31-2213c0009cfb,56.56,wallet,success,2025-11-08T10:46:00
e41bb054-686f-4119-a0a8-9f67457d12d6,bca73ebc-279c-45e5-99c6-41bd4f0b094e,80.02,card,success,2026-01-02T12:57:00
fcea0be4-3d47-4164-8b7c-33314e519f17,18a5410e-f8b4-4954-b23d-e4b4e5173d14,244.52,netbanking,success,2025-11-07T20:44:00
5be4efd1-b716-4b7d-8ec7-fd9f0e294aa4,4307ea58-b220-464f-892f-f0b74b918bd4,61.58,netbanking,success,2025-10-01T18:12:00
335bc092-4546-43a8-bf52-f4fb504c7644,2a47dae7-7879-469b-9633-af306e4f9b44,70.58,upi,success,2025-10-19T19:18:00
b0f77279-58ac-457c-9dd2-855ee971aff2,1844a8bd-804d-414a-b8c6-29346de05960,61.12,card,success,2026-01-24T17:07:00
fb5a0178-3b89-485c-93cd-adb3102fab49,49739191-77f4-47ad-a976-b9526c446da6,40.03,netbanking,success,2025-10-14T13:33:00
089a3d76-092a-46ab-84ce-faa740e370f4,5ec8c074-218e-42e6-9bc5-61c8b11df520,37.01,wallet,success,2025-11-06T15:56:00
f9f34dd6-c398-4bcd-851d-465c7b0d20e2,2a347002-0db3-4e6f-be15-2a532f7213c9,46.83,card,success,2026-01-08T18:16:00
7403a465-f183-468d-a4b3-91b6f04ac6b4,e718b78a-fda5-4078-9e7e-6af668fc86cb,41.49,card,success,2025-12-22T18:00:00
e604737b-1f35-4ee7-955f-d96724885efd,44546c2b-8a57-43e3-bd17-9f4d47750f5a,40.68,card,success,2025-12-17T14:34:00
7188b1b0-3d72-4ebd-9a43-b91f60a86b97,44304bfb-928b-47f4-8f2a-5fe2a0a657b3,25.1,card,success,2025-11-28T20:24:00
b9a8da1f-f020-4dcd-b199-e0a23c9c202d,da608c71-0ba1-4745-90ca-079c4d74a913,20.41,upi,success,2025-10-06T12:11:00
1ae54403-b094-4fac-9e07-320a47558be9,d725226a-fc6d-45e9-9952-6cc1b8fc4689,38.07,upi,success,2025-11-12T17:06:00
4ba3d5bf-881b-43bc-9d64-7714c550ac65,55a495eb-1397-464e-b2ba-a33d8270f4c3,126.36,card,success,2025-10-21T18:11:00
ef1984b4-05c4-466e-9126-a3fcac7f3ef2,d01996e7-5a02-4733-8d94-74bab7da265f,94.86,wallet,success,2025-10-25T09:57:00
edcf9ac8-9058-4277-8c1a-dd0589d6cdad,75804856-d123-46bf-b340-2ed03b853397,20.62,netbanking,success,2025-10-15T12:11:00
d92ef4cf-494b-4282-b287-672e9f9781d5,c5226e79-a035-48c7-a140-00b3f3ffaecf,28.97,upi,failed,2025-11-11T16:08:00
625688a2-5c82-4a43-92b8-98327f5e5897,6d487044-daa6-4e3a-af80-d1a79fa34f80,20.03,card,success,2025-11-19T17:05:00
ec02ce03-7736-4718-8fd9-ba8a746d64c0,63479cb1-b74f-4785-ba7a-c73c2be71b64,30.41,card,success,2025-12-20T09:58:00
dbecf6c1-7b61-4e95-b9ad-227b27ae5b4c,a9e7dd25-01b2-4a60-99b0-f6f3d25c37a7,74.8,upi,success,2025-10-14T13:07:00
93192863-c81e-43de-bc89-47f029f38eef,a497ed10-4001-41f3-9b31-6b16fc518828,30.14,upi,success,2025-10-16T17:08:00
55484caf-a60d-4092-a17e-857780f5bcfc,ff5eea73-9422-4fb1-b4ac-c4754f597d1a,37.68,wallet,success,2025-10-29T09:56:00
0e6496a5-1566-4d9a-86a1-65cf9336fc41,4bd4bb69-476a-407b-805b-cac7f362c034,81.63,netbanking,success,2025-10-28T18:41:00
36771e82-c6aa-42d0-8b1c-d0f7ebf5afc2,6e113a8e-a8cf-4e82-b708-582ab8600b39,97.8,netbanking,success,2025-10-08T18:32:00
72f03f91-debd-4b28-9524-758e8b170c24,68a80ebb-d7b1-4a88-a615-1bc2dbcbc7c8,26.73,netbanking,success,2025-11-20T19:22:00
043c0574-8ee5-4884-b25e-ce4b7fd37b83,e041fc04-7bab-45cb-9391-414b09ad20c7,80.44,wallet,success,2026-01-19T08:20:00
eee70b8b-298c-4c16-8d1e-b9cda90d1747,9546736a-864e-43b9-a962-24c01b8b3201,23.42,card,success,2026-01-13T14:39:00
14adedf3-fdc6-4c83-bfaa-09c1f3f94697,5305aece-ca59-486e-b70e-7b5f2190162c,14.21,wallet,success,2026-01-07T06:17:00
a455d897-1c77-40d5-9022-a0366e9d76c5,f38a9afe-2619-4928-8bd7-c69fb974b184,78.78,wallet,success,2025-10-14T07:05:00
4b3d7bab-8aef-4215-ae88-5e7c4b617c30,c71609cd-61cc-4553-bbb2-7b8fd2c4b892,101.88,card,success,2025-11-15T17:26:00
17ffd6cd-2659-40f7-ad81-13ee0c642139,cf8b4b86-48e8-492b-a254-39a86040b1b0,75.15,card,success,2025-11-17T19:14:00
224fa0b0-745b-4187-aa65-fe4c598df46f,2c9a3ce0-6c13-49e6-a307-6e3ca4ea009c,40.93,netbanking,success,2025-12-19T21:18:00
2961c962-135a-4227-9ab0-2318a13fd116,1f826cf4-2d97-4de6-9978-8eac8a027a75,20.47,upi,success,2026-01-06T07:52:00
a060663a-b951-4bd6-9f44-05e4ff90f2f4,d1fa15af-6942-4f22-9069-ad3b44dbe0ad,161.34,upi,success,2026-01-11T06:50:00
0929091e-1fca-498d-8f11-834a6248d923,c365a954-89ce-4187-b896-1f544e23ea3e,64.24,card,success,2026-01-02T10:24:00
05a38f4b-3f51-41ea-ab49-2165486e07e3,0cc197ec-28db-4b71-bdf6-067d7b0d6a7a,212.68,upi,success,2025-12-09T07:34:00
637eda42-85a8-4fa8-bfad-9b0899ee6705,572bffae-ec96-44d8-acdb-f0373305e468,29.74,wallet,success,2025-10-16T09:14:00
ca83beeb-a361-4fde-bab7-951c6ebf0fc6,d23252d1-10b2-49b2-8798-3bc41f4029e2,45.55,wallet,success,2025-11-23T15:49:00
9beee4b8-8cc7-4f8b-8b5e-e0ef191d40a9,48fed09e-f8c1-4961-9657-bf87162b7e4a,16.39,card,success,2026-01-15T07:27:00
9d5a9b4e-7533-4c31-96e2-3b38580716fb,2ab5943f-ab5c-4704-8579-cb3c3542f4d3,67.3,netbanking,success,2025-11-04T07:36:00
4115fe2c-7e86-454f-9d7d-cae18e1603cc,c940ee4f-cab1-4772-b044-c86eccc73955,31.3,upi,success,2025-10-29T02:41:00
f292ca8e-18f2-4f6b-8464-35ad5b8e1351,8b4aa4e2-431d-47d0-a1de-27bb64e3a6b2,112.2,wallet,success,2025-12-02T18:06:00
5fe7b2d1-28d3-4c54-b43a-8ba9437ab6a6,50607ee4-c855-47a6-9be1-13e258899d25,106.14,upi,success,2026-01-28T10:35:00
ceb42043-7fe1-42e6-92cd-2519a9ac1354,befcd628-07e9-4cc8-9436-c644af316ead,39.42,netbanking,success,2025-12-19T09:46:00
897b60ef-7af5-4ad7-8fd6-465aeb046aef,307dc863-01e9-4e5b-beb9-68e246406fe5,34.89,upi,success,2025-10-24T00:29:00
f3770266-575e-4d04-9fb0-c54508b567e1,3040ce83-88dc-4de3-a2ad-5eea9cc2a252,31.18,wallet,success,2025-11-01T17:55:00
a5bc6731-5a1d-414c-96b4-b6afbe41d7c8,5b88f77f-c560-40a7-9a0d-866dd6655e79,200.88,card,success,2025-12-04T08:38:00
51c15eec-deb3-4225-90f7-c8d85759abd9,3d6fc56b-0862-420f-89ff-f7d885c2ee53,48.52,card,success,2025-12-04T09:56:00
f146e8cd-1a72-4466-90d2-c665de01affe,b722d048-65c8-4482-91f8-d6755a4bd58f,61.16,upi,success,2025-11-25T08:02:00
a7b6b379-aa2b-4218-9e6e-c7142b075d1f,c30705ea-bf64-4bf3-aeb7-eee550992be0,60.44,upi,success,2026-01-16T19:57:00
299ac198-b1b5-4375-847a-2198e6b200fc,729c70e7-3e01-4360-8ab6-ef7088df3651,28.44,card,success,2025-11-11T09:11:00
e7d9b308-7e9d-40f7-a6d9-9ace5dd93725,c3318f00-9d21-44e5-9e46-8ec87e3421c1,144.63,card,success,2025-12-02T19:39:00
29d943fd-23a6-4717-a9a1-8170e0f3dec2,95e737e2-757b-4978-a2ca-a015d4d0b59f,60.2,wallet,success,2025-11-13T07:44:00
1361fd48-9077-4035-91af-c60c24980352,30b69661-d732-4782-a999-da056155a767,16.06,upi,success,2025-10-17T07:02:00
15e6c943-cdfb-4e44-99ad-90daf6222e97,9dfdb504-f2fc-4bfe-9198-446bce6f6471,52.41,upi,success,2025-11-23T09:56:00
4a6bd1a4-8bb6-4f26-88ba-c4024277fc5d,0b795d8a-204e-4f8e-a821-441353417dd0,98.68,wallet,success,2026-01-21T12:33:00
a886f43a-1846-4e76-83e5-cc2d28835fe6,68be55e0-6452-4836-8717-7560ed7d9845,80.72,card,success,2025-12-01T14:10:00
3e243f4e-8fe9-412f-9e33-934c5a80225f,83aed91c-9263-436c-9747-cef73ea40c85,47.9,netbanking,success,2025-11-30T16:02:00
b6b854c8-adea-464b-97e8-0b34948a718e,ec3a769c-069f-4f9c-8cfe-5a6e70d59965,236.76,wallet,success,2026-01-27T08:08:00
56808b39-c17c-4537-b908-e3647e1611e0,213a8e2a-2011-4674-84a3-7f04d26a7dbc,27.19,card,success,2025-10-25T20:33:00
14c0c51c-73d8-43a8-a605-b282a404925a,0ba63231-35a4-459a-810d-cb0b130a5643,49.41,upi,failed,2025-10-16T20:36:00
06f15938-2a62-4e93-9016-76e174e508b0,737e2c79-fc92-4af9-b78c-6e05f8c8fa84,78.12,card,success,2025-11-21T07:09:00
05b8966a-4a79-40c2-8aea-c4252871910b,9268108a-acb9-470d-83ce-dd8c2f99a9bc,51.78,upi,success,2025-12-28T18:01:00
a2f26f4c-5a2c-4c70-b9f9-c611af5ff62b,8c280cb6-6813-4ac3-b8e6-7badad0144a0,49.25,netbanking,success,2025-11-27T17:06:00
0d24e383-3f16-4565-9d38-eac3a8bbc83b,a8322e30-9853-4eb1-9c17-26b9729fc3ae,48.33,netbanking,success,2025-12-12T19:55:00
d03cd025-ef3d-4958-8ca3-af2fd84cd073,42a64bc4-f8d2-45f3-8013-0a263ac5340f,36.4,upi,success,2026-01-27T12:53:00
66fa9b75-4304-4095-b2ca-01c3acca2c96,f4f7a6f3-ffcf-4f31-880f-04e1499c6b13,47.26,card,success,2025-10-24T07:16:00
d9350d7a-4fc8-46b3-8c23-80276e48c01e,6353257b-6393-469f-a640-d3640b971689,161.46,netbanking,success,2025-11-23T16:16:00
3891151c-eb83-460a-9f5d-60a10f001405,d554c9ff-d2fb-49a5-abce-c37be87be705,146.79,upi,success,2025-10-04T18:14:00
f6b410cd-9af5-4abb-9bc1-2f780a56b059,2b435776-2cd0-409a-bb7b-3f4568baa7d8,95.31,upi,success,2026-01-03T20:08:00
3ed5cb63-3c63-44db-93b0-04d50ff56d1c,9bd0cd7c-168f-4dc4-807d-d44012100d71,41.62,card,success,2025-11-02T02:18:00
0f48187d-40d1-4db4-aea9-79e215bafd2c,87a00dd9-e3bb-4001-923e-a7b2efedbfe8,33.45,netbanking,success,2026-01-27T20:17:00
3a09a080-e08f-429c-bfd6-f76ee1026320,ce86627e-970c-4cff-964f-c49f6fae34f2,57.78,upi,success,2025-10-01T19:30:00
c2b610d3-7b93-4e9b-b378-0298989e4616,0b525dd4-d9e1-4bc6-9a18-3715912b122a,23.95,card,success,2026-01-24T20:33:00
bd5a0957-7e70-4e07-ba12-b33d2f5b40be,eec5ed73-07c7-4783-aaaf-4957032df185,47.16,card,failed,2025-12-26T06:56:00
d7a33166-5559-4d89-8ea4-1dc685e5dd47,b4d1186f-3971-4579-9cc3-a528615db2c6,66.2,upi,success,2026-01-25T16:04:00
ea99077d-d252-4b8a-9c74-10800d00b0fb,61c4f53e-60cc-489d-aeec-72c7f7a58978,284.64,card,success,2025-11-13T18:28:00
0caef102-6e39-4d35-b509-b1f6cc0539ab,ecb029ff-fcf5-47df-83f8-6d43b90256f6,85.08,card,success,2025-11-11T09:19:00
b7735a14-e4ef-4277-8180-4e5c1c4741e8,c9a17a06-03f6-49f7-bc51-716448278f87,60.2,upi,success,2025-11-01T12:40:00
5ad0799f-9bc7-436e-8419-f212c73d80c4,28e3139f-2e25-4cb4-9293-1c60535146a6,64.64,netbanking,success,2025-11-02T13:30:00
9a1f575f-e247-4e38-b45e-f5ab761e6167,95bd0c19-2ad1-4bc8-8406-3d272042a097,94.08,netbanking,success,2025-12-05T14:14:00
862047e7-42ab-462b-9cbd-3f74ff8b6895,5f1ce9ce-58dd-4bdb-84aa-dcf6e5628fcc,105.66,netbanking,success,2025-10-15T12:15:00
64d6c30a-f741-4f83-b9c0-32516fb08ee7,573199e9-ea3d-44e8-bb78-99c7a8230d60,71.07,card,success,2025-10-16T16:08:00
42630f36-d2a8-404c-8728-f7540bab81cd,0a75fa7f-1c33-44e2-87a8-cd2029029662,155.9,upi,success,2026-01-14T18:29:00
2972f337-b9f5-4b99-8b63-aba3d4d1db03,3cde9375-bfbc-4e69-96bf-b696344eebe3,14.13,upi,success,2025-11-12T11:03:00
e2338bf6-3fab-45fb-9696-6f5b332da3a9,40849ebf-d676-4678-8c1e-34c8f5cb6537,16.65,upi,success,2025-10-11T19:49:00
44345fa6-2b6f-4523-86a8-04d0a15a5282,7516ac3d-7b57-433c-a06d-dc77d7209c96,22.52,upi,success,2026-01-13T13:40:00
b748553f-5bac-4ca9-9003-da76282fb83e,cbdf8d2f-8325-4258-a456-d2c7d51e5940,57.76,upi,success,2025-12-04T06:12:00
51132f5a-077a-4177-a340-cdbe096eb265,44bdb6ff-56b8-4929-9b23-35435ea5255c,119.84,netbanking,success,2026-01-28T17:23:00
16e9f93f-c0cc-4ce1-aaa9-333e2895af7a,7ab747ae-8a91-4ac3-95ce-66f1d3a43c3f,40.99,netbanking,success,2025-10-23T08:37:00
522331da-2a64-44dc-bd46-7137aa4ac771,13e0c2be-226d-47e0-bbf1-e7eb40a534ae,135.78,upi,success,2025-11-24T08:23:00
8e93c82f-b845-4c5a-84e0-834a2f9b6981,2167acdf-f7d2-42c9-9a41-07157c1b8774,122.04,card,success,2026-01-11T10:53:00
3e6fef83-29d1-47e1-8df2-3ed5fd09c484,5788581a-6627-49d9-b490-be98e1dff3fc,185.55,card,success,2025-10-29T18:23:00
f8726161-d1ba-4473-9427-82aba87a8def,2baf56a9-8a9d-4f2a-8f5b-a95def97c12b,80.28,upi,success,2026-01-23T15:25:00
dbe4c3d9-2d4c-47a7-abee-c0cd04cf0c2c,1d8e7854-344e-4531-90f1-7ec17a9ff8bb,63.66,upi,success,2025-11-06T11:45:00
a0fb1e78-8221-4a26-a3ec-5def4afc84ca,281b891a-0bb9-40f0-aade-50594b61aa44,33.18,upi,success,2026-01-15T08:59:00
4a8059f3-7a59-4cd4-90d1-51196bcf98c6,eee6b09f-a4ae-4cbc-895d-4d114347885e,33.41,netbanking,success,2026-01-13T12:41:00
e2145dfd-bf11-4955-aaaa-a94347dd8520,67c4edba-2c9f-4f13-88ff-4441a383fbfb,77.23,card,success,2025-12-04T05:06:00
4a3a864e-5e6f-40a0-b286-336087f3e0ad,61d569e8-b39b-4143-ace3-2022483b93b5,16.9,wallet,success,2025-10-25T10:14:00
0c11d3a5-fbcb-45d3-b166-3ac46c1f87a3,40a4331e-5ea5-4525-af5d-a398195f6f34,10.14,netbanking,success,2025-12-26T07:07:00
d77d52bd-d8eb-4cf2-ab6c-ce34e9c2c0a2,deeae330-2fa0-4270-8d6c-afaf668f64a1,14.14,card,success,2026-01-09T16:55:00
92aacb8c-87d7-44c6-b0fd-de3b58420580,6a4e4af9-846c-4d3e-8865-68502d6d0b96,28.98,card,success,2025-11-15T13:58:00
6d3d197d-cae4-4d6c-ac5d-1bf612c5cee8,80b19b5e-435a-4c4b-aa12-2ffb76c73afa,124.66,card,success,2025-11-18T18:57:00
17177482-14f1-4a1c-baf2-e933c2108a4c,7e5a5c46-6e70-470f-bf87-d4f0d537c4a8,52.22,upi,success,2025-12-21T06:58:00
51c33b75-61c3-4793-96cc-3cf6612cca81,1b787a16-073b-4e63-8b48-05d858874a81,22.36,wallet,success,2025-10-24T11:08:00
7920f687-4d67-42ac-bb41-ee57bf3a00a1,e29f66bb-f27a-465c-b863-5eee64324951,34.61,card,success,2026-01-05T15:01:00
70ea0092-a80b-405b-99e2-aa34c5a7250e,f45085aa-1675-4629-baab-14b2ef404b87,47.86,netbanking,success,2025-11-02T21:18:00
ba0d31f0-9863-4903-86f3-1e7143229949,f0e414e7-7ddd-47df-826d-be971e1ba390,124.41,netbanking,success,2026-01-22T00:21:00
38ddfec9-0695-498a-95dc-7b2a6b906614,ea202226-247d-4c01-b65d-1c5952c191bb,91.66,wallet,success,2025-10-17T16:03:00
1edcd218-0f07-4c4c-8e75-22c8d8556518,2c989d96-afee-42cf-a1d5-b124423fdf3a,13.15,card,success,2025-12-28T08:33:00
00f5428e-f3ea-4a34-8f8f-a86d9e8aa0fc,db470067-fa17-4391-8804-94fd794a0fc2,109.58,upi,success,2025-10-03T18:29:00
79cd3993-a791-4579-b5e2-af2316e94028,3c0a49cf-6062-4299-8540-f2d0153c29dc,34.87,card,success,2026-01-20T12:26:00
f0b13ff3-9689-4601-b858-858203667bbd,a17315f1-3591-454e-b429-4593b4032fae,69.61,netbanking,success,2025-10-08T18:29:00
e645b125-7243-4636-8c91-f796cb8769e3,e7db819e-4237-468d-9c1e-7c549f60d147,59.3,wallet,success,2025-12-31T19:51:00
92ea94d0-fec7-4251-9d4d-3673916a1e2d,491bb945-fea4-4fe3-a137-7801c8cf4081,96.56,upi,success,2026-01-18T18:29:00
c0eb681e-2716-408b-8897-d1d956300594,eeb68958-66dc-4f89-ba8c-73a4f84cbf06,54.39,card,success,2025-10-17T07:03:00
55bcdc20-5a86-4943-afe3-aa46d679086d,e8e2170e-2c43-4a9f-9c59-098839672dc3,37.81,wallet,success,2026-01-26T07:02:00
fd86ec2f-8175-44c7-bfcb-409468316373,297087f0-d7f8-44e0-ad41-fb3dc0c4f8a1,159.72,card,success,2025-10-18T18:21:00
26d55c0c-813d-4cd1-bfcf-749dd90473d6,8e423dc6-42bb-4748-af5c-52dc17cc9808,57.69,upi,success,2025-11-10T07:48:00
117c8f4c-4d05-428a-a3ca-5887f34503d4,86d103a5-2b6f-4515-bb83-28c496eb5873,23.72,upi,success,2026-01-28T05:03:00
187279ca-5433-4a1c-a064-1461315888b1,8cf147b4-bc33-4b20-a88a-f344ba220945,45.46,wallet,success,2025-12-10T21:32:00
3b340047-d8c3-4819-96d3-9292d275eae4,4e3e37bc-81b1-46b6-8eaf-2c247115422a,92.43,upi,success,2025-12-28T14:11:00
6ccb1457-9277-4487-8db5-f19f86bb16de,c85f9381-8288-42a6-947f-95a8f96e1602,41.42,netbanking,success,2026-01-07T08:56:00
951029e4-aa8b-4a0a-8284-f05501c9ae61,83adece4-acc2-4073-bd69-5ad8ac86869b,70.94,card,success,2025-10-15T07:33:00
974aea7e-c3b3-42ab-b36e-7b4cd728e7a8,e44aeb0d-5ed3-40c7-8e8e-a876ca53ab11,21.18,wallet,success,2025-10-16T14:20:00
949d2d13-dfe7-4055-a28c-25124ef44138,3e8b1fee-d9ec-43a1-8d8e-d6a78ba045f9,50.11,upi,success,2025-10-06T08:06:00
1a990087-1106-4040-8079-448d0a0d5f31,b7600ea1-b682-4325-9ef6-8bc81a8bfb76,30.59,wallet,success,2025-11-06T00:42:00
192d93d2-ccf2-463f-8bb7-26752d3f60de,a7f1b2e5-285d-411d-b948-1dcce5e61e0b,292.74,card,success,2026-01-10T02:24:00
18212597-1af6-46ab-a3a0-451eca47be10,8f5f0026-c0f1-4307-b28d-c6be1ca8672f,66.5,card,success,2025-12-24T08:30:00
8e3595c6-6ec7-4922-87e7-4709a499c9e3,df0ccabf-bfea-4d1b-a4bb-26d9eede71e2,221.72,wallet,success,2025-11-23T17:23:00
7b846b9f-2b3a-40cc-a783-f7f27fad1ef2,47811634-65a9-423d-9947-c875f61decea,131.36,netbanking,success,2025-11-26T12:24:00
a8461106-70be-4ea4-9709-fdca5725280a,47777139-4cab-4ccf-a783-ee229005d1af,72.45,card,success,2025-10-07T08:01:00
b16645ca-1864-4fd3-8679-15b0d1c1c727,9dd5aa08-d791-451d-9ef4-10d39238bff4,19.0,upi,success,2025-10-10T16:17:00
78c6a195-2dd4-49ba-bdd6-188f1868f8f9,ecae4c22-c43b-43bc-9356-d3c861696c5d,185.88,card,success,2025-10-10T08:28:00
c9011b9c-5b77-4702-89c7-9c00e15622a1,4e28fc20-f298-4d60-9ef5-fb87ff9ceb7d,21.02,wallet,success,2025-11-04T13:50:00
e8d7c8d4-bdaa-468f-b4c2-f47b67a5d55f,5a0f7851-fa23-4639-a728-4ca65103b1b9,39.93,wallet,success,2025-10-07T10:30:00
9801b00d-135c-4b4b-a394-e808952fb888,c9e373fc-5081-48c1-9786-4044b17236f6,63.22,netbanking,success,2025-12-17T20:27:00
c88d117a-98aa-4b85-84f0-1e8eebd37bec,072ea423-5dbd-4327-848c-e6c27e1d9ca9,27.63,upi,success,2025-10-13T09:35:00
6c78deab-bbf6-40dd-a92c-c1715f3de951,b4ffbc98-bbc5-43b6-a920-ea3a731e494c,73.04,upi,success,2025-12-13T18:04:00
c552a55a-bb4a-4cf1-b395-5f54544c9daa,a0a21878-3cd5-40d4-b32f-d9592040252a,81.96,card,success,2025-12-27T10:10:00
e08271de-e73a-4520-8cfc-35a1ef9c6e32,7204858e-c2a2-48fa-8f28-c792e18ddfe0,10.47,wallet,success,2026-01-27T19:52:00
c85cfb80-2292-46c8-962b-4ccf530ef2d4,eb34ed32-b28c-4fce-83fa-73fd13ed4091,95.78,card,success,2026-01-26T00:49:00
43a78acf-a989-43dd-a40b-0b5d313847d3,67c37e1a-895f-403c-96ea-8b0ebd52a823,31.01,netbanking,success,2026-01-06T12:24:00
f091aa01-3fe7-47f4-8f1f-8d1f7a4ba5a5,f269bff9-0bb7-4294-ab48-3139ab2c950b,58.3,upi,success,2025-10-03T20:32:00
0d0267d0-52b3-4e2c-a4ed-11ec5b14c203,a2b508e1-56d4-406a-9c0e-fe168a8fdf5b,78.36,upi,success,2025-12-29T11:29:00
16feb9b8-d6cb-4d1e-bfb8-d230dfe5879b,a6cf4509-b99f-42f2-b481-4514dae5c2a3,49.4,card,success,2026-01-15T15:56:00
45a7e1ea-e582-404a-8c69-99211fbeb14d,ce2d6522-4eeb-4dcf-ab17-1ee2ae9f5e41,50.2,netbanking,success,2025-12-18T17:33:00
68a5b695-5d86-4fa5-af32-aae603ee9ba3,076da365-217f-4bee-9a06-fbbeba37ec87,57.42,upi,success,2026-01-08T10:34:00
7f0b105c-22d8-4b66-a74f-77aca7a8f3e0,00204040-59cd-4f12-905a-e3abf629ae8f,32.7,card,success,2025-10-06T18:10:00
73b17428-d995-4394-8e0c-14580857d7a4,db2e3aad-6d88-4d5c-ac7d-45e1223ac2c0,58.24,wallet,success,2025-12-28T17:40:00
a478bb75-5f3c-4601-b5c8-6e6463adf6c7,11876cdf-462c-479f-a168-cf4206d10a50,25.51,card,success,2025-12-20T17:06:00
44af287e-3a15-40dd-bb34-95ee698b6cb6,576b008b-1cc6-4372-bf7d-b60216754067,144.96,netbanking,success,2025-12-15T09:07:00
85f299ec-93d9-4fa2-9ae6-ff57285620e3,36624221-03e0-47ea-a357-23ac85d496f8,148.14,wallet,success,2025-12-27T20:17:00
694b8055-e977-4fc0-8582-98d347508132,23306da4-8e49-4591-b55e-3922d5b64fb8,68.43,wallet,success,2025-11-30T07:52:00
75318da7-0d4b-48c0-b1dd-08212fe729bd,3933ad8b-8ae1-42ff-ab8d-6a0aa1c4093e,122.06,wallet,success,2025-11-30T08:24:00
bcd24db0-0158-4289-91ff-79db8058c080,ec852ddf-fe29-448a-970e-567bc0b703e6,10.84,netbanking,success,2025-11-11T17:27:00
f903045e-8d0d-4dde-ab37-3037a765d1bc,df89d99f-d7e2-4b41-aca8-aeea04e2fc98,31.78,wallet,success,2025-10-21T07:21:00
0937eaf0-916f-4a08-9997-8491ae740f27,a752e2a2-1567-48e2-89f9-5f3ac05a0aa6,91.54,card,success,2025-12-20T14:11:00
cb3d0131-cc6a-4b09-8419-7bffe8bc17a6,44ae0ab8-fd31-4243-b12a-6603d8887a0d,28.02,card,success,2025-10-17T18:25:00
b38162b1-4904-4fbf-ac50-404c151a07c0,efc0713e-299e-48c3-8387-dd4b8795a66f,88.32,upi,success,2025-12-18T08:53:00
5766baca-efc3-4358-aaa2-42c561ee3c3a,d2c7b2ec-6bc7-4256-bd68-53f01b500dff,19.31,wallet,success,2025-12-13T22:31:00
ef9da84a-d2ef-437a-809b-d85b7cc17841,c6e6318b-a701-47ca-8c04-2d73d80cd7e0,192.36,upi,success,2025-11-05T00:18:00
40828ff4-3848-4b1f-a6a3-b43ec919d48e,5d857a36-d2c7-4fe3-9e2b-428bf8a0cf6b,51.18,card,success,2026-01-23T23:34:00
1b6adb0f-e203-461e-a30d-7546c47044af,ce99e447-a7fb-40d6-bbdb-321ca0c18e09,29.4,upi,success,2025-11-10T08:39:00
7e8211cf-a342-47cd-b984-d6dc53c24450,48c79b4e-46f8-4841-a021-bb9c397dbe81,103.31,card,success,2026-01-04T08:26:00
002f4375-3bbc-4d34-8cf9-e1dcce5d9a53,63c0962e-dcfb-4918-9d7f-3b2cbd64b1f8,163.44,netbanking,success,2026-01-05T20:39:00
b8d80718-25ee-46d6-bcba-830164cbea36,4c5b7454-66d2-4154-bb22-75937bcf3f48,88.64,upi,success,2025-10-24T08:37:00
c5bb2667-e69b-4818-9437-df34d2c66edb,bab9b9c0-25e3-4c3e-8b4e-2d289674d66e,101.62,netbanking,success,2025-12-12T09:09:00
0ba4356a-4426-4fdb-8548-c62f2b16a85e,4b633a6b-4ab5-438f-806c-8c4c45f66037,25.69,upi,success,2025-11-27T18:00:00
f66ad4d0-e39e-42c1-82e2-50c9096106c3,acde1666-aaa3-4299-ad1b-f3f2003695b3,65.7,wallet,success,2026-01-01T10:19:00
763ceced-3286-4376-bbf5-c2156c70a920,9f194cc5-235d-43e1-9989-2548b93ca27c,72.57,card,success,2025-10-10T02:11:00
73bff370-5a31-4737-b433-3d207f85ab46,100f008c-1e61-4038-bf38-214e1b6fcbae,68.76,netbanking,success,2025-10-27T16:39:00
e0dd701b-12f9-4ef2-8aa5-b3d169d096cc,f84cbdbf-3662-471c-b4da-e08e837bbbee,16.6,card,success,2026-01-27T14:03:00
3cd50955-92c5-4d57-beb6-3a9ba6357780,0dd78166-24dc-45fa-a73b-84f4e91496c8,35.37,netbanking,success,2025-11-20T09:27:00
ff7a22a6-83a5-4259-8dbb-ff30e62cfd84,af5f82b6-8118-4e24-9321-88407574ee41,91.96,wallet,success,2026-01-27T19:06:00
b9fe52f9-6007-4555-b530-0a1dc014f007,4951b0f3-61eb-4435-9261-5a7d10705cd7,77.19,upi,success,2025-12-31T19:09:00
28e97b11-8911-45e8-8d95-76b664c7eb4a,ea9cc86b-e8ba-4b85-9ff1-b1c32fa690d5,84.93,card,success,2025-12-28T18:43:00
f4813374-c893-4af3-8252-1c45a463e4ce,b355e6ae-a962-4830-a839-7432cbf206ae,49.55,upi,success,2025-11-10T06:12:00
7052c470-f406-4b0a-a4f1-8c47c015dcd9,8827d407-9659-4677-9c51-008c0bc34331,42.34,netbanking,success,2025-12-12T02:10:00
06b99710-6278-421e-b2b2-685196128546,4ce09241-28e8-4887-b2c9-c8132cb6b81b,47.56,upi,success,2025-12-03T08:22:00
14f48540-1109-4f73-acb1-64c3ad6f3c30,7fe381ae-4031-4aab-8c9c-dc10fadf6dbd,23.78,netbanking,success,2025-10-02T17:40:00
b27de9ef-eade-4e3b-be87-c0480b3f5812,7de41cf1-7391-4ab9-9f9f-da561ef418de,102.64,netbanking,success,2025-12-22T17:02:00
157604c2-8c3e-4939-92be-e4428c2045ff,ffae6884-adf7-4dfc-9cbb-020664deeccb,29.13,upi,success,2025-10-21T12:15:00
2d39e194-dc7f-4d76-881f-1319075ec49a,cce304db-12ad-417c-b46c-3368c3eb4485,51.94,netbanking,success,2025-11-09T12:39:00
113339b9-f1eb-4ded-b08f-7124f8a29f34,22498854-03b2-406d-a8c7-9781c6163309,184.74,card,success,2026-01-25T23:29:00
d41f98bb-9b1e-4830-9c23-6349996c2fd5,6fc3919f-f18e-468b-8668-caab3bde0ea6,22.95,card,success,2025-12-03T06:46:00
16998756-2ca5-4188-bbab-29941b135fcb,167b5fe6-d08a-4b67-9ec6-d0620db43bb7,39.36,card,success,2025-10-04T11:08:00
0113c5c4-7ad8-48bc-ad34-e378eac22131,6674756b-ebb4-4fe4-9ca8-79187d0dfb06,35.04,wallet,success,2025-10-01T13:13:00
f0440b39-5c17-43af-a881-6704ff518dcb,469d06fe-80ac-4e33-a5f0-b1c511aad36b,38.59,upi,success,2025-11-26T13:04:00
1a37a858-53a1-4761-8493-e76a9bb8a940,0ddabccd-d102-49f6-9372-11622de383d6,76.59,wallet,success,2025-11-26T08:06:00
cb026e62-38b1-4f63-be5d-9e1534ede897,139f26e3-225e-4b81-811e-03433eed35f2,25.34,wallet,success,2025-10-17T09:44:00
b2f38a5d-fc68-41a0-aae8-246ac88937b7,ca4b7a1e-f956-4802-945c-8aa1d821bb25,21.7,wallet,success,2025-10-12T11:52:00
e3c892c2-2d8f-4cb6-96b1-db48438e0f94,8bd0f873-5db4-49f8-85f3-eeb4cd4df9e1,146.64,card,success,2025-12-12T18:23:00
0979f097-0c5f-41d8-ba6d-9f9dfbcd217d,e10ebdae-e16f-487e-9816-fc5a377c5829,154.8,upi,success,2025-11-20T10:27:00
6b4ab97c-7a08-400a-aad4-fc8a2e181665,e6dd2c80-5e39-4536-bc17-e76f56c43bf9,261.72,card,success,2025-10-26T21:10:00
27cfb7d1-48dc-4b68-a401-b681823f990f,927c682d-3e48-47fd-bf12-268df10e6b6e,70.5,wallet,success,2026-01-17T17:20:00
b8c42043-3a1a-4821-b8a8-5e404f62fc03,72ce0daa-07c9-4b1c-88ee-019c964124f8,34.53,upi,success,2025-12-19T09:19:00
a2746264-9012-4d82-b8e8-0b39c70d48fe,c037330c-87d1-4e2e-9e26-162cbaf7c05b,99.54,card,success,2025-10-18T06:46:00
02fd10ce-4f69-4b0a-b234-20a1a2c0cc82,dab32ca7-46bc-4582-80ed-f9796563f80e,215.92,upi,failed,2025-10-15T09:24:00
25de5234-d3a3-46dd-81fb-680dff40a4fd,51f99ac2-cf8f-4f9d-9557-205b1538d4dc,31.68,upi,success,2025-10-24T05:53:00
65ea89fb-c0bb-4557-9c4d-7b638cb61901,3a900390-2e1a-4af1-9aeb-e87c4c5f944b,34.55,upi,success,2025-10-19T14:22:00
85cf85d8-d26e-49ce-aa87-6067004367d8,87ee07cb-0358-4d06-bbf5-7643e85db9db,67.06,wallet,success,2025-11-26T19:08:00
47eb3dcb-e58f-4d0a-a635-c98f60f4039f,5834a557-9394-4cfd-9b69-4c59bebbcb52,78.44,netbanking,success,2025-11-03T13:03:00
ddae2fbd-8a5a-4a76-9aee-4419c8dcb056,5e3ef176-cb51-4250-ac13-d658bfe73e2f,37.34,netbanking,success,2025-12-24T07:03:00
bd2b6389-ffe7-4786-b601-bb0d754cad15,936ddf73-02f7-4495-aa97-abc824f2ba03,65.37,netbanking,failed,2025-10-07T17:27:00
936972b5-e161-4b7e-b619-f6a2c16c8c37,56f36e50-0edb-4e3c-bade-eff3a3a4e5ba,31.75,wallet,success,2025-11-17T07:20:00
98e77df1-049a-44ee-aec2-68d9250dd6a2,d2c58ef0-0bc2-44dc-9890-12d548e1a099,34.64,netbanking,success,2026-01-12T20:23:00
99b92286-4053-4022-831b-c354331a4b3a,535f3030-2034-4aae-bdfd-8cab0e09818c,23.59,wallet,success,2025-10-13T23:31:00
cb56c50e-0b37-4f7f-a41b-e310ac9fc5d2,c19dce6c-c6a2-46f7-a84c-c97a2d8c9197,39.52,upi,success,2025-12-02T11:49:00
dba33ed6-c1db-4df4-909c-e7252a0f316e,78df3eb7-0dfa-4b6e-a780-d161ce30fa6e,8.99,wallet,success,2025-11-05T12:15:00
ca73432b-fed3-4b0b-8626-5c5e916ba772,e208a2af-ba8a-4cb6-a16c-ec0f7b952228,55.28,netbanking,success,2026-01-19T09:49:00
67327aa0-0ca7-4943-862f-57eca73547c7,f01e196a-63ec-41ba-91f3-57cd6e882dce,20.12,wallet,success,2025-10-04T17:07:00
1ac50b30-b433-4510-8ce1-326aa4dc5ac7,498168ef-a641-49a0-9132-225d51981788,73.88,wallet,success,2025-11-20T19:16:00
bd150e9a-9f7d-4b99-8851-4790bc6b50fa,f16e9b8f-2c8d-4c29-9322-5a52c2753c52,29.42,wallet,success,2025-11-12T14:45:00
dd0d7e66-ddda-4534-bc9c-52449fa88a1d,df8ae6ca-d113-4ce2-b946-577378221901,60.55,netbanking,success,2025-11-05T06:20:00
7cd9ed54-0926-45af-a939-523ed5f51b0d,3e4a08ab-4eae-49b0-bae6-29aaed8c4714,38.25,card,success,2025-12-09T19:36:00
e719703f-f51e-4bc1-bc68-b33bda47f5ff,db6d6d86-6521-495c-a903-c72b3e99a46f,94.72,card,failed,2026-01-26T06:15:00
62ea8a62-46f6-4f4b-aafa-24ddc0da2c3c,6509bab7-5eaf-4116-a66b-0f0b4fa77ea0,63.84,wallet,success,2025-11-14T20:12:00
35a77b2a-68a0-4664-8a40-886561be5077,f4d3098a-56d3-4e8b-92ea-8fd4cf3a1d4e,38.97,netbanking,success,2025-10-19T20:44:00
214f908a-56d8-425a-915e-41e3dcadf802,3c5528ff-a705-4d16-a8fc-3f619b3a98c5,161.88,upi,success,2025-12-22T19:05:00
c76624c1-7fe0-45be-9de3-ff874edc2392,dfa392e6-d128-42f6-bdfa-67ec4725e98b,29.63,card,success,2025-10-14T09:19:00
0af912ea-2d03-44de-ae40-8717cbdf27d4,92f9f733-9293-4a6a-b30e-d68f621ff68e,84.08,wallet,success,2025-10-07T21:03:00
743c5b38-d842-410b-b109-a92a5b19833f,e6760e0a-d71f-47a4-90c3-dd7b4f55fb7a,58.92,netbanking,success,2025-10-13T05:01:00
a69d6c3d-916c-4445-ba1e-a1b715386def,badc2af0-3a44-4091-bdd7-1b93282a5c9f,39.84,netbanking,success,2025-11-04T18:40:00
00c8be45-83ca-415a-90bb-bef58c6bd9ca,ff43d828-f942-4f4a-be64-a908203eb6bf,26.92,upi,success,2025-11-02T19:23:00
1815745b-974f-45da-96bd-733a753af558,40d14b2a-bef0-4936-9a88-6d5b22c32d97,44.27,upi,success,2025-11-14T17:57:00
25b83bfa-4f24-45b1-9072-135202a87a15,92ed90df-1d6a-45bd-a95b-b38e8a7e6a45,67.29,upi,success,2026-01-08T22:24:00
708a2cfd-2aa0-4a2e-9daa-065af36e2a21,1e263a6b-90c4-4f1f-83b2-aae3a809d055,114.28,upi,success,2025-10-21T09:22:00
0852cacb-b8e7-4f13-92ef-0859b85a6d77,b1b30724-6adb-4521-b77e-bd84c6c57dd4,53.13,upi,success,2025-12-24T21:31:00
a3c3ad0a-0ca7-4274-aa7e-5fb5a0394bc3,ae3dd751-44e7-4cf9-994f-698f15c1d1fc,12.53,upi,success,2026-01-20T14:39:00
fd807462-6cde-40d8-91e9-bd68eb987cb5,89e2d1b3-77d4-4ffb-91fb-9b6b16e3c766,71.76,upi,success,2025-12-04T07:38:00
096a5c92-bdaa-433f-863e-51bb14fe352f,900e6107-66da-4865-a2c6-6cdcd3826a84,41.83,card,success,2026-01-28T19:19:00
f8c6d3cc-3bcd-48fd-b7ff-2293516606ab,6babe004-b146-4495-9d7f-8b255e9fb99d,67.2,upi,success,2026-01-25T05:37:00
3cf7930a-6c50-4331-af39-6461118bca22,483aba55-d556-483d-ac7d-a3d7a2a6442e,13.21,netbanking,success,2025-10-13T17:11:00
656c5a8b-7015-49cd-a815-0f20ebab25eb,0e71cba9-383e-428c-a782-463ed46fb9f1,129.24,card,success,2026-01-19T09:23:00
bc8e5d86-b753-43c9-aaba-1e1e822cbef1,44e2581b-2cf0-4a81-b9c7-d760c0a3ce9d,71.25,upi,success,2025-10-29T17:36:00
1d53e448-d0b9-4bf1-9830-e736fc70efca,3876f260-6eac-4a82-8fd4-14fe01548f7e,25.64,netbanking,success,2026-01-06T23:04:00
a3d8e328-1cb9-4476-a229-a4e780f5ed97,9ec8788c-dafb-4a6d-b73d-f8dd94d71341,108.3,netbanking,success,2025-11-09T15:36:00
a9bed54b-eae3-4584-add9-7d966757c82f,960d9b70-a588-4f70-8b51-9990a19c04cd,79.44,wallet,success,2026-01-24T16:02:00
c15cebb5-a653-4b67-bd0e-a7b5ec450ec6,7ccecbd0-0034-454e-98fc-951ccd444777,61.17,upi,success,2025-10-12T13:53:00
7e50348a-1bab-4605-85c7-91d0470852e4,fb075f6e-18e2-440a-9681-6ae367c5f0ee,136.2,netbanking,success,2025-11-04T06:56:00
cbb20d29-f356-4470-9c61-cb7d2c04d4a7,30002355-eac9-4717-8022-318e517436fd,70.5,card,success,2025-10-06T08:00:00
6026aa94-0c30-4913-ade3-4e63cc1f6c4c,783ab1c6-402c-441f-95fb-34141a43f0f7,61.17,netbanking,success,2025-10-10T18:07:00
dba799ff-4357-48b3-ad93-2fbc7a6159cb,89334330-88bd-42f6-a45b-c427b2a7f522,98.9,upi,success,2025-10-08T19:13:00
6e5f4876-87c8-4fa7-878f-30cd8e56ef53,1adb62ae-db22-41bc-9e15-3130cd4ed20b,81.57,upi,success,2026-01-14T13:05:00
935fcc1e-4429-4b40-85ab-32e8db169970,b4f2e3fa-8a5c-41ef-a627-d6e8eaae2288,30.44,upi,success,2025-10-03T11:10:00
351f3e4f-1ac5-47c7-bf0b-3f245a073180,67e92edc-012e-426f-81a0-4708dba1187c,57.42,wallet,success,2025-12-10T13:57:00
e3d0b16f-bbdc-4acd-b434-080dd598dbb9,f0dee252-ac6d-4d54-9248-b850838dd24b,66.12,netbanking,success,2026-01-21T15:36:00
968a4349-ba4f-45db-989e-a807a3b2765e,8363cf17-a389-4b6c-9b92-48b317292a1a,50.82,upi,success,2026-01-27T09:46:00
f010d59a-fce0-4a5f-9e3d-51b452ca2dad,796ee5b2-5db8-4428-87ec-7b04a20f2e57,181.71,card,success,2025-11-15T18:37:00
14e82d54-2ae6-4fd5-ad51-fbf591a40c05,9ac830c8-c3e2-46b5-9aa0-f58e02306cf4,58.12,upi,success,2025-12-09T08:12:00
05a7e88c-f2f5-4081-8f59-9a2e83bec7a9,9dd9a3ee-b04e-47a5-85d8-7d16128c626d,12.97,upi,success,2025-10-14T07:10:00
e86de441-a749-48d5-8327-d8e79e1f279a,7b155ba1-a3b2-45b6-9351-a5af580cdb3c,58.36,wallet,success,2025-10-19T07:19:00
520d58b9-3550-4d0a-8696-7f60dd7f07dc,ecc7e55b-a755-4cf7-b5a8-d4adfe446494,35.51,upi,success,2025-11-08T09:23:00
3e7b9ceb-54e7-4793-bfc2-651651476e47,e60cce2b-a36b-46ce-915f-0592d5ac0d7d,25.78,netbanking,failed,2025-10-17T08:06:00
d50e62b3-d682-46b5-9d44-342d2c781fff,da0f549d-134a-4bc2-88eb-56b6a2e0ed0b,25.44,upi,success,2025-11-09T10:09:00
1670833c-0da5-4225-bef7-38e36b56dedc,bedb7b75-dd8b-4efe-805b-ec81a0c5a245,29.27,card,success,2025-10-07T09:52:00
9ec038e9-12bb-4307-be5c-a6f4d0ea0920,13a48447-687b-4363-8ca0-406e775bf30a,27.01,upi,success,2026-01-03T18:07:00
a19deb1c-8da6-4b60-a90e-4abc9f71cef3,b8571c01-4b4c-4a97-9118-25082dcfcb50,17.8,netbanking,success,2026-01-23T07:56:00
b03e0672-3c51-4efc-90de-e14bbcd18cf1,fb60385f-7aaf-464d-a293-4ea09cf4f9e4,77.52,netbanking,success,2025-11-12T11:58:00
74cc0245-e642-43f0-9023-8f76f1b01cbf,4a579551-e6fd-46f6-9e73-122809c55726,79.78,upi,success,2025-10-15T08:38:00
788013c4-b335-429d-9ed6-a77f95a5acd2,2cfa4bfa-b489-4333-894a-b2c75dc6b7e4,63.94,card,success,2025-12-16T08:31:00
128b3938-c781-4f1a-ae7e-fe85aa5fa4ba,cbc14fbd-36de-4b16-acf6-7cd9ddfb5e52,70.95,upi,success,2025-10-12T23:50:00
ebe82500-dd2a-4b6f-b234-f8451ec4c484,c8f462ea-e101-4c18-9f7e-3d7acc6ca04d,49.64,netbanking,success,2026-01-01T20:01:00
3ff7cf72-bd16-47ca-8e49-2f061f0ca951,2ae38e65-9507-4967-8441-2c98343d25f6,154.32,card,success,2025-11-17T18:26:00
93f13f01-369d-47cd-a32b-3708b8357300,56192fa1-55b9-4b39-98e4-eaee51f45448,82.12,wallet,success,2025-12-21T11:30:00
50a78800-84c7-4c17-a65f-9acef8e0e3c7,b7e0cebb-ad2b-4f5c-9891-00d111a7abb9,38.24,upi,success,2026-01-27T16:32:00
55a09567-d8c4-418a-a683-250c908281b3,c84fc3d7-00e1-4129-9fb5-c77a6c462bc5,167.46,upi,success,2026-01-10T20:33:00
3530cda3-bb85-4d3f-9571-7da6c5ae4543,453645e4-c2ec-4b84-8661-681b9f11d346,54.04,wallet,success,2026-01-01T15:10:00
8da26417-2e8e-4a34-b5a3-16dc8f121442,d53bcfc7-cc76-4ac8-8491-af9a76b47c6f,27.36,wallet,success,2025-12-06T06:53:00
9450af38-9865-4ada-a00e-6ff88c29c735,37b7476a-6b8a-4081-ac9e-e635ed67ef21,27.38,wallet,success,2026-01-11T12:56:00
493b515a-aaf0-4af0-b87b-a2bc8e2734c9,3e950c06-8990-4f23-aedb-db65bde7c500,33.79,netbanking,success,2025-12-15T14:27:00
6bb28504-ab55-41d0-8724-a21f0b2f1761,fefd95c5-244b-4e45-b7cb-b47382d2b8de,101.48,wallet,success,2025-11-05T16:39:00
2c93c8c9-3301-4ade-a74b-3a3a4c83399d,b195a30f-f927-4d69-be72-76e78d4dcaee,120.6,card,success,2026-01-13T10:20:00
d24c459b-d8cd-4bc5-84c2-22933cc518c6,049a4edb-0d1b-4e35-955a-ec098b69beca,129.99,netbanking,success,2025-11-08T14:36:00
0473e563-5505-4e81-ab16-a03900032d3e,7492f39f-7cea-40ac-88fb-e2221a69570f,60.83,card,success,2025-10-30T19:26:00
6783b464-0413-4e98-ac2a-8e95e037811c,3f18e07a-d4a2-415c-8494-58509d463cff,38.64,upi,success,2025-10-28T22:23:00
2381bcb7-2111-48ed-92ca-21981182088b,7764fc13-ec19-41fe-8d16-c279b13adff0,84.04,card,success,2025-11-01T18:50:00
332fc42c-a4db-4b3f-87a8-be5dbac9d99d,0f1af40b-c09b-40b0-b79d-e42c7f7bb455,38.33,upi,success,2025-10-30T16:08:00
9562796d-ec3e-4b7f-aa60-91b8cd1b7f6b,818ec524-9c5b-4bef-94d9-38fb6f0c9720,40.15,upi,success,2025-12-21T17:15:00
50966acd-7dae-4737-a839-6779c28bcd04,0199a0e1-a289-474d-9b68-4066bdb84d9f,42.03,netbanking,success,2025-10-31T11:02:00
dc157ee0-a0d0-43d1-b3c4-97aebde1ac51,cfb22d4d-4b44-4dfd-a1a7-dc0147fa84cd,48.8,card,failed,2025-10-15T18:19:00
3c87e921-0c77-438f-8b17-253c4694cb30,593c8474-cc78-4fd2-9f42-12f32fd22621,19.65,wallet,success,2025-12-23T02:35:00
d22bf488-9b83-4080-9375-eed2ec11c873,822714fa-97e9-4f8b-b191-9a79cc361b60,21.21,wallet,success,2025-10-09T21:36:00
9f9fba0c-2be5-4633-a1ca-7c902787195e,58411e10-14ac-4b2b-aad7-8f974cf8e3d0,59.94,netbanking,success,2026-01-20T17:41:00
080808f9-a280-4ab3-8568-12af2e263cd3,4b12dd1a-6110-4446-9032-0d980bcc4a8a,25.19,netbanking,success,2025-12-30T19:30:00
20c7299f-c42c-4a47-b808-bc72f99145da,403e608f-6e8e-4625-aa5f-563473dd4bc1,62.35,netbanking,success,2025-10-29T20:59:00
6a3fe6a9-c427-4570-b1ac-6b7b8b11f5b3,a8329b49-91f1-46cc-a56d-95b80cfe20fb,23.44,wallet,success,2025-10-15T17:05:00
fab738de-91d8-4ce2-a5c6-fe91695cce0c,3033d76c-ac36-4aa0-a01f-1b3e3987ee95,20.32,netbanking,success,2025-11-13T00:24:00
497a4d4c-dd25-4ba0-ae20-a4da8eb6f5e4,7f1f8096-2f90-48c8-a12a-255aabe78693,107.2,upi,success,2026-01-27T19:25:00
3a00a4c2-6b82-4b11-ba90-33401cbafa00,3c67b4d7-fa5c-4412-b7be-00a2c68d6247,34.34,card,failed,2026-01-24T11:48:00
985a3ec2-1ef3-444d-8c0a-d7da842cc501,565a9ef8-b947-4ac1-ba56-d480b1240ef7,52.26,upi,success,2026-01-13T16:06:00
eb22cce4-e014-4dc9-9879-2de2ae705060,b2dfe5d2-bd16-473e-82b8-79fc33f2d8dd,89.79,upi,success,2025-11-30T07:44:00
d9d1dfa6-2234-4130-be5b-21e0a3d7401c,dcf67667-51e1-44e1-a391-3b9f0360f0d7,41.25,wallet,success,2025-11-12T08:52:00
3830e1b8-4f75-4454-9313-26deb63f6154,61b69d39-935f-4cf0-b2b9-c3c0c8c22453,30.05,card,success,2025-12-12T10:16:00
6e9541d5-c4a2-4a93-8122-41bca20db59a,09f2e7f7-c6fe-4881-9cc7-74a2228cf5f6,37.09,card,success,2025-10-17T09:54:00
e47077f4-9ef2-408b-a450-1d23b9ca65b1,cd4c4cb9-83d6-40e1-9d44-7272511152d5,106.1,netbanking,success,2025-10-23T07:09:00
f7039358-9c88-47aa-a4ab-e4f6c45898c2,1a3c3cad-5095-4a09-a95b-b46fc52be330,48.16,card,success,2025-12-22T20:08:00
c9a68eee-0798-4ac7-a9b2-1a7fb57135fa,25437fc8-9afe-4829-ae1b-aff36ca6e427,40.61,netbanking,success,2025-11-25T20:53:00
c679cd82-a135-4cba-8c12-ee9b719f40cb,6a3afb87-30ac-4623-96cf-00fc5893b04f,88.38,wallet,success,2025-12-10T09:10:00
93a0bad5-4593-41ac-97ea-e1a71576cb7a,57955017-5d79-4df2-b4de-988b1c976bee,36.02,netbanking,success,2025-10-24T08:41:00
f1d79672-041b-49cf-8b27-3a6f5bba9865,f4507214-2270-49a4-bcea-79cc54feb2a6,352.62,netbanking,success,2025-12-02T15:30:00
9e0f6c65-ef7d-45bc-97b7-60c673bfaaba,85aba10c-bbed-4744-9867-a0beb40e7c69,84.44,netbanking,success,2025-11-11T07:41:00
5a7d253e-14a8-46e3-98e4-96c7b1195601,18ae16cc-4a79-4511-8d40-85dea6885865,30.68,card,success,2025-11-20T13:53:00
d79c02ee-82db-45ce-b065-e66e5262d561,2c28619e-3c81-498f-b681-8bbc21d55af4,52.3,upi,success,2025-11-26T10:23:00
297405b1-850a-4be9-9b5c-728d8de82399,415524f6-e9b5-43b4-bdf8-e2b5b02e073d,51.72,wallet,success,2025-12-17T17:20:00
1cb14e96-429e-4501-b3e0-f16d6847042b,c50b0b72-d33a-4d02-843a-2ca5d595ca01,69.73,upi,success,2026-01-22T21:03:00
0c562a93-ea15-4af9-8237-2663d190bd21,416a1012-0db2-4403-896a-4b0cb0fc424b,33.52,card,success,2026-01-28T10:27:00
5ef466dd-cd67-47df-961f-c6ea6368ff56,c160b1ab-0240-41e0-a08d-55851ea0f00b,340.92,card,success,2025-10-21T06:52:00
1e68e4d7-8d7b-4907-bbe9-5e796c79d5a8,4e3d1d2d-558a-4f16-a1fe-a066116eeb03,28.18,netbanking,success,2025-12-30T15:03:00
3ce24722-7ca3-4a7f-be76-4a83ee69b9ff,3a0bd93b-050a-46cf-9e18-0cc8b7ff82d7,84.6,upi,success,2025-12-13T14:45:00
27ea4b2e-e1d8-4c0a-a800-1b1402a169cf,8f105f5b-dcb1-4f89-b6c2-4012fddc4be7,59.05,upi,success,2026-01-02T14:40:00
78cc9efb-3ff8-47c3-b5b6-07807eff9242,782ec2ac-64e8-4455-9b7a-4de4b6fbaf50,104.58,upi,success,2025-10-23T16:42:00
1bb3f54c-8d91-4cb9-b4a0-b1718bef6124,54f3bcd9-ae27-4fbc-982c-a5fa1241e846,89.01,wallet,success,2025-10-07T13:34:00
8b3b9178-5a7d-4ac9-be8d-d9a6ec155df8,05755d43-dca2-4e88-8d0d-1c75ea196dd7,41.34,netbanking,success,2026-01-02T10:46:00
caa3d008-b53c-40ad-965f-2e10ba47e11d,71ca9ecb-969e-49df-836e-d78624efe1af,135.44,netbanking,success,2026-01-15T12:56:00
b04137d0-80ae-4ccf-9625-e398d5cb8c6b,5a7bfc8f-e71a-496f-bdce-63ac0ebb6080,221.22,netbanking,success,2026-01-24T19:54:00
8fc46c7b-cda2-4bd4-b0f4-38d478c0783c,b1e21910-fea3-458f-8ffc-6ccb09c3e684,148.83,upi,success,2026-01-07T11:13:00
ad5b10ec-c5d6-4c21-998e-f2261a2033dd,f49e434d-9013-4960-a71c-bff18fd56438,192.09,wallet,success,2025-11-09T08:55:00
64e3858e-75ef-47ea-859f-01d5d6867e8d,a8357321-1a57-4122-8f3d-066c54dd8167,33.69,wallet,success,2025-12-13T21:50:00
11bbfd88-2d06-4175-acdf-e9aab68f4202,fe00370f-dacb-4c39-b001-5e4719bb1c0f,66.3,upi,success,2025-10-09T19:13:00
423acd08-c43d-4d87-a117-007696c9c261,d5578d46-d2a9-4e08-95de-adba17e16549,42.91,upi,success,2025-11-07T12:01:00
60b29413-7316-4105-a013-d2d839a84691,a21cb475-8897-4cf0-93e8-5ceabf2021d7,149.76,upi,success,2025-10-19T21:15:00
f13d2b48-f096-4df2-b582-9862c40f8169,4af62491-cb40-43b7-a9b6-548d857f8e75,14.49,upi,success,2025-11-02T11:58:00
d1732764-4918-4af6-86b0-b74621118680,0e4213ce-1505-41bb-a725-c05efa302d5d,108.34,netbanking,success,2026-01-06T08:50:00
92f4240b-f515-4696-b543-b37b561e0b5e,1da24227-6db5-4afb-b9d5-9aff4824b84f,30.48,netbanking,success,2025-10-03T10:33:00
752d794d-57e3-4128-a3c9-8718e93a7f81,f755a3de-c89b-4fd5-895d-80a0a534bf24,48.53,netbanking,success,2025-12-12T12:16:00
759ea4ad-b348-48cb-ab60-94e036a506fc,46c99848-d312-4116-b12e-76770ccec57f,70.92,upi,success,2025-10-28T19:02:00
0c3f6863-eff0-4905-afb7-1f1380dad5b3,3957beae-51a2-45a4-9fc0-765e1256c111,226.0,wallet,success,2026-01-19T17:57:00
0fafd88e-6e3b-441e-a76f-b86d4d1ae455,80e83458-9676-42e6-a59b-9f7b62b657d6,59.16,upi,success,2025-12-11T21:47:00
b5376dc5-285d-44d0-a50d-07ecd25fdc76,d745fac9-00c9-4d2f-b26c-3c8ab307043a,59.72,upi,success,2026-01-18T09:22:00
726cedbb-1cde-46d6-9b01-e0391fc7ccc6,f4fc612c-a8a4-480e-85cc-00e32766122e,120.04,wallet,success,2026-01-01T08:42:00
be2b85e0-83b9-4e76-be9b-2f27f2ce8576,225c43d3-f9ea-4267-8820-ecdce279e1af,91.12,card,success,2025-11-09T11:33:00
a9a8c329-73d1-4ec8-a817-89dd3aaf8bfd,4d6e7d77-40b1-4984-8602-970aefdd300c,39.05,upi,failed,2025-12-02T18:43:00
9e3ab630-43d3-4bde-8224-7e0064b8d407,36074113-6601-4660-84c1-aefb81332b16,52.64,wallet,success,2025-10-29T13:14:00
f00d3a33-9d8f-4df2-af64-7046d7172051,348cd15f-d413-4c7e-842f-34585563a4f3,66.27,upi,success,2025-12-20T09:54:00
fc98f352-9161-4354-8452-ae1190c39b32,08b286bf-67bf-465f-b029-8f406fa87ca3,116.22,wallet,success,2025-10-14T19:33:00
d7d589fd-82e5-48cd-a560-8e4338c90de5,f0580101-b0c5-4b7e-ab93-f53e01f602e8,382.56,card,success,2026-01-26T09:48:00
05af3bbb-435d-4bb8-a275-4bc3d344fd0f,f8239549-c4e8-43d4-a70e-886b2a355816,51.47,upi,success,2025-11-27T19:57:00
d195dce2-b36b-462e-a4c6-782ca0dd5c3c,a4e94e03-1fb5-4c49-b2f3-bae230fe10e2,25.9,wallet,success,2026-01-27T11:31:00
2fcf4c20-deba-4eae-8e2c-75c326f4db4d,0bac1f22-ab24-42ed-939a-f9e206ed9298,160.71,card,success,2025-11-16T08:09:00
64f76fa8-4920-4e43-816b-76cf1352e086,51a8351e-677f-4759-b2b1-e2da047fca1f,147.54,upi,success,2025-12-07T16:26:00
a9b2a9c8-e7ea-4a09-b8fa-8ec2b10a0004,b458bff4-5946-42ca-8c34-fa87ec26cd88,53.44,wallet,success,2025-10-29T18:38:00
e8cd3ad7-d3f1-4bda-9714-8d922c1a5b07,1e3311dc-c1a8-4701-bd6f-d6a63399e28d,34.06,upi,success,2025-12-30T15:29:00
ded17998-8940-43cb-8917-29e83014f7bc,d5794d2a-0eee-463e-8335-ef3078c7906f,36.29,wallet,success,2026-01-28T10:16:00
5cda8fa4-cbc3-4117-8fd2-51c1bfd6071f,dc618ab9-faff-47a4-b737-c061fb11cc32,26.07,netbanking,success,2025-12-08T06:29:00
469a03e1-cb8f-45f7-9499-0149d729cefd,c1f91007-0896-4ea2-bd82-82c9a9a9303e,24.23,netbanking,success,2026-01-11T10:42:00
8ddfecbb-d225-4ce2-87ee-e58f2c56f04c,591de677-b95b-4e29-a240-aa71f60a351f,91.06,netbanking,success,2025-11-11T08:29:00
ed5b37ec-d70c-4640-944c-46c1beb40abd,0e03ff23-81f7-4e3e-8a16-00ef3b23e862,13.49,card,success,2025-11-15T17:56:00
187099ca-d001-4735-b1fe-769d10666687,2e01ee4f-0f60-45cc-92b5-a4ee51710536,80.28,upi,success,2025-11-04T08:47:00
06f47275-5e9e-4c2e-a687-efbec9fbdf1e,2fc49807-3333-4350-8182-9e38cc581195,227.52,card,success,2026-01-25T08:05:00
dbf6b84d-eaef-443d-acae-991b1597767b,9b499b60-d12c-46f9-9f32-390b2849b322,169.83,netbanking,success,2025-11-30T09:51:00
fd0fef08-550e-4ef0-a23c-01630863b4f5,f4e123ab-780a-4ae1-9a3d-3423e452ee37,334.56,netbanking,success,2025-10-21T17:23:00
3b9208de-2709-4641-b26f-45f9c9bfab9e,4ac0dceb-597a-4fdc-bfb5-f551010e7dc2,38.52,upi,success,2025-11-30T08:29:00
a3f34463-a684-4624-b7f9-c7d0a3b31b28,271acd17-c5de-41e2-85f8-a5795dfae5b5,46.92,netbanking,success,2025-12-02T02:51:00
e5ddd27a-a3fb-4344-845e-cc58da11a0ee,68bdc5c7-2d1b-4038-9648-cca0516e7afd,72.47,netbanking,success,2026-01-16T09:28:00
b4eac083-4323-4733-a8ae-5d2cab4ec702,970daf0d-f249-4784-9def-647e0fe7f244,50.98,wallet,success,2025-11-08T21:38:00
1adce829-3a7d-4c67-ae3c-6cbe8ae13616,ae0b34ce-aebb-4a6c-a5ca-87d6fd95c86a,107.55,upi,success,2025-11-10T09:54:00
2684e883-0672-407d-8367-c1acf1346936,22b6da37-ceca-49b6-9612-7c3675c586ac,79.98,netbanking,success,2025-10-29T15:50:00
236df437-3e8e-422c-bc7b-71c2ff528377,1d79587e-a024-407d-b5d1-79a6a8a9db33,42.81,netbanking,success,2025-11-24T22:35:00
0f471298-9996-4fee-950f-929f7dc4bdb2,c58a7e4d-542a-42c8-8c61-551bf18520ab,85.62,upi,success,2025-11-11T07:30:00
c28ab633-c65f-4602-9343-15f211a302fa,905f26eb-7550-48f0-9576-327146a609cc,71.56,card,success,2025-11-18T19:34:00
36bbf3d3-f887-42d6-99e1-829b3e1b0223,9a348594-5597-4b6c-9e68-6113dd6d3567,25.72,card,success,2026-01-02T19:38:00
8811ad33-7e6c-4ac3-8468-f66ef54f58d6,4489e364-5aca-4b40-bb2a-c65723e8faff,32.84,netbanking,success,2025-11-05T05:54:00
08a3cd81-61df-45ac-b8d1-9a5a515fade6,71998dbd-0ce6-4733-8eb7-9774fc3ba123,57.84,wallet,success,2025-12-11T19:44:00
a7b1c8b8-ac3f-49dc-849d-397463683de0,6fcb2714-eb5a-462a-958f-8cf6735cf40c,82.94,upi,success,2026-01-16T11:06:00
7a253c13-3078-489a-9d65-b5dddbd538cc,5a880cff-6116-4bad-b86a-586c1ad71776,171.18,netbanking,success,2025-10-30T18:32:00
0e4c6ff4-15ba-4baf-abeb-cba54b29e0ae,e6a79b6c-3087-48d3-8754-d5d12292be02,43.01,netbanking,success,2026-01-11T15:36:00
4c072db4-d51c-4f21-a0ea-59e11bb0935b,fcb40d05-534b-498c-99dd-5642c28a1bbb,44.52,wallet,success,2026-01-10T19:32:00
ffab6e87-68aa-4677-92de-390b2e7e863e,a51a5939-b177-4059-b6c6-082b2eec88ab,95.3,card,success,2025-10-10T19:29:00
c904f25a-d283-453a-bd8e-67c0d6e86e46,5ef7cf3f-ded9-4ebb-a257-e62e9047d28f,67.74,card,success,2025-10-20T07:55:00
17324373-e31a-4a44-9a1c-309011cdc01a,cad19141-04a9-4b88-9947-e204d068fe1e,21.75,card,success,2026-01-06T19:44:00
5323fab6-0817-4857-b694-0bdd2e7cc719,dafa1858-c7cb-45f3-a4d7-fd6d2926aef8,86.92,wallet,success,2025-11-10T20:43:00
a0755ef4-202f-4dc9-a8eb-14a5f292bdf8,80c364b3-467e-498c-8dd0-33d15a2e40d9,111.84,netbanking,success,2025-12-02T09:11:00
cb7db9ec-3c4b-4596-98dd-cd316a36c19b,ab78d859-c351-4892-9757-10e6a2e681dc,126.81,card,success,2025-12-08T20:32:00
d3fe1e07-3830-473d-bed3-8635dd4707b7,8dfa380d-efde-49e9-b4e4-8cebaeb36a88,55.32,card,success,2025-10-23T07:52:00
74a663da-589b-412b-b670-eeb6eca9287d,b81ceb3d-1fd5-46a8-a9a5-8397050a7342,107.64,wallet,success,2025-10-14T08:02:00
1fbee81c-8718-49f9-b137-28df705d67d4,116eed59-97ed-4d64-8497-7c6c70d8bb59,60.54,upi,success,2026-01-27T09:05:00
7b7352a7-0878-4a5a-8ad2-2586fc1cf1b0,e486a3eb-885d-4515-985b-f3ffd47ce76d,77.06,netbanking,success,2025-12-07T17:52:00
94cd5523-b844-4bff-a4a0-d6cb2ff5ca77,1c6b4519-340c-471c-baae-191e8f921100,90.33,upi,success,2025-11-13T09:25:00
9d3cf34d-d39e-43c5-9bd3-af6f236bfc46,d6080c8c-8ea5-4e26-a619-bcbbb686300d,26.4,upi,success,2025-10-05T22:25:00
f4aa3608-77f4-4d64-bec9-e9a95dd54a57,b019d23b-3e9a-479f-83f9-0de5297b2de8,81.04,wallet,success,2026-01-12T10:46:00
85bb3d6c-769b-4ea9-ba23-2c2d3a03d871,3a148d59-0741-46ce-b19f-731711022e69,46.24,card,success,2025-11-16T08:47:00
6e738de4-5e31-4a03-81d8-210b6f207862,41fdc775-162d-43e0-bd1b-41a85a4a7f4b,31.72,netbanking,success,2025-12-05T16:56:00
a19cee25-b4c3-41c7-a078-ab433c9c85d0,8733ea01-f5f2-45b0-8b7a-f7e5a9a84318,58.11,card,success,2025-11-11T05:03:00
c7a26fae-81ba-4749-a6d0-a1f366180af1,5084fee4-8a74-4c99-a137-5b3bce519ffe,80.16,upi,success,2025-12-23T16:19:00
050edf49-cd39-4e86-a5be-3396ac2231dd,8edae2fb-fcac-4c77-b5a6-92cde3f609bf,94.8,card,success,2025-11-04T12:00:00
888e8a2c-c098-429b-b52a-55cdb0dd128f,851c20a2-37c8-43d6-b895-3036b461224b,203.52,netbanking,failed,2026-01-27T01:42:00
4daed61d-0a54-49fc-a01e-3a914ee13212,66d30f93-f103-49f1-850a-81bc58329488,73.7,upi,success,2026-01-05T13:00:00
f3968751-a36b-4646-b2fc-152a26649ca0,c121ded5-336a-43fb-9f05-76327d70f969,42.05,netbanking,success,2026-01-25T16:32:00
34125803-1b47-47a1-b47f-5332d2b8427a,271575ba-5085-43b7-bdb7-a4cb710db717,141.99,card,success,2025-11-18T16:41:00
10454aa6-7056-45cd-9b68-48219ac24ec6,8ec88e19-7f68-4c84-a63e-5cb60558b712,171.36,upi,success,2025-11-10T14:37:00
7920d61d-7825-4bc6-a661-a12623add902,574068b9-d61c-49a8-9d7c-e35083dba2f6,54.73,upi,success,2025-12-07T23:52:00
2862aee2-c8dc-4643-9576-8b75edd6cec8,fe121051-c609-48ac-a4ec-43ee59ae03a6,59.0,netbanking,success,2026-01-10T07:41:00
f2d2c6e6-37c9-45c0-aa89-4aff52a679cc,ed8be96e-a347-4900-93c7-f7e2a669475f,119.16,upi,failed,2026-01-23T08:27:00
7613d393-3af0-483d-abd2-c44760339329,b157f749-515d-4b27-9d33-d5d8ea4fcdbf,76.94,card,success,2026-01-28T07:31:00
59049756-b330-48b6-9705-c0354a7f2bb5,112dd53a-7b75-415c-895d-287407c12d0b,124.64,upi,success,2025-11-24T11:20:00
e9afd4fc-4afd-4ef6-a827-022e1abe647f,ce6d8a2c-63e9-4f5d-a521-f42f753aa41c,50.46,wallet,success,2025-11-16T20:35:00
b6420abe-c015-4e3d-917e-f6a4e8c07425,0c4a013e-7797-491e-8c01-3224d9f7b3a2,10.01,upi,success,2025-11-26T10:08:00
df096f7f-0ccc-4e4b-81eb-33b9f59cc6ba,2ef55516-997b-4a18-8625-196a018afe55,85.86,upi,success,2025-11-29T17:57:00
0c180236-2d4d-439e-825c-e8c55bf09f24,98272046-51f2-4ae6-9f24-485336a240a8,49.01,card,success,2025-11-14T13:55:00
d170b754-26ac-4025-b23d-06b790f36d44,221e8dbe-1baf-49d0-a666-93888d429590,18.48,wallet,success,2026-01-05T11:25:00
05d66296-a55e-437e-a873-ff2b848a716b,91b95901-dd4c-47d2-bd25-7e6d2cb07ee4,273.18,netbanking,success,2025-10-29T13:48:00
0b55a753-e325-4861-91b5-e880024408ef,2c7db491-89a9-45b6-a774-4ea0611782fd,51.24,card,success,2025-11-04T18:36:00
714cad75-cef2-40f5-ae6d-610d56f51ad1,96690d3c-844f-455b-966c-ab737df380f7,119.34,upi,success,2025-10-23T17:34:00
f2eb12e3-b1e5-47ce-9651-a5f46ea271ad,d00217e8-71ce-4178-8cef-c46d8dfa243f,18.94,upi,success,2026-01-25T17:27:00
06403e55-1895-4fb6-a0a2-7afe8cbc2569,fd190127-daad-48bd-8e6b-9bbad0856307,34.69,netbanking,success,2026-01-02T08:57:00
718a2a5a-4d7d-4224-b84d-3f5cc1649e03,7674a52b-57b4-4cd6-8502-ffca75998974,25.14,upi,success,2026-01-12T03:04:00
dd20e638-bfde-4feb-b300-c9dce9126bae,281e36ea-348c-4b3c-a6dc-1de3f273b053,45.48,wallet,success,2025-11-19T19:25:00
2bf58ce5-95ba-4e14-900e-9084e9958cac,a477f18d-e823-4c9c-a338-4f895c4aea16,33.45,upi,success,2025-10-15T09:36:00
d2b72865-6369-43bd-81a4-f94b2a407559,944e53d1-ccbd-4c8a-ad6f-fac360c24847,26.08,upi,success,2025-11-21T11:20:00
db4d4b94-6870-4a15-9c27-f2d617131997,e66bc5f1-4408-45a0-9e69-9a6c3195f94c,15.89,netbanking,success,2026-01-16T19:58:00
596fc7a7-fa6d-4119-ad8b-16ce8efb6b59,5fbb58aa-4791-4efa-9287-a54e0a305fdb,212.24,wallet,failed,2025-12-11T06:34:00
9366b6d1-1e8e-4844-acd4-21d746cbabe5,af5d7ee3-6b71-4f90-914d-135db69bd97c,19.8,wallet,success,2025-12-02T21:08:00
0567a8cd-2475-477b-9ee5-72c55e6a781e,230b37eb-047b-4837-935f-b26abfdb5b21,132.06,card,success,2025-12-15T07:09:00
cb3205a2-f34e-48ac-ba57-089846c1eb04,430d643a-3eac-4b29-b724-ba016515cae0,169.05,card,success,2025-11-22T18:15:00
f7070263-c7f8-4843-8cd8-266ba719edef,79ba3d9f-ccbe-46c6-89d7-9f2a2dc268ac,79.3,upi,success,2026-01-24T20:55:00
4b285252-5fe2-4062-ac35-41e799d3376a,5d670914-0ff0-4d86-b3ef-18dfa6ff9122,48.37,netbanking,success,2026-01-09T07:55:00
1d861842-5dc4-4913-9c49-40132f7af59a,ae0a7f2c-b4e8-4709-8218-01edcda4c0df,119.24,wallet,success,2026-01-08T16:17:00
0e4f3597-fca6-49f1-b16c-177220cd2325,d8894cb7-f31d-449e-ab81-c386b4727b6d,98.64,card,success,2026-01-22T12:33:00
29f02937-b121-434a-a6aa-7d2d462db065,860f175f-7513-4046-9620-24fbf7164c75,35.64,netbanking,success,2026-01-25T17:02:00
daa2bf8f-144e-4f95-b2d9-f420f36e7ec4,6159075c-c959-4aa1-8711-dc034505c1b4,93.68,wallet,success,2025-12-22T20:26:00
3a944f64-149a-45b8-94ee-0cf5608136cc,8fc9b027-d568-4dbd-9ac4-f22a6ef5b431,22.32,netbanking,success,2025-12-10T07:39:00
616554ad-3199-4ad9-8f95-bc39bd709f0e,feb9bb5d-44d4-473d-90ce-ef79a5da2efa,370.04,upi,failed,2025-11-01T09:07:00
6c16b05a-91e6-42a8-9116-1c7e65b96dc1,eb12b412-5df9-4c9b-afa6-1d07bb5df8a5,34.74,card,success,2025-10-27T20:55:00
89bca992-15a0-4f36-9321-d5584177884c,dc074fec-4fbd-414d-8080-e449602ae1a7,23.87,upi,success,2025-12-20T17:22:00
11a51c97-e1a0-4aa1-a95f-c12cfd0b7a2f,fc3459e6-d7fe-4128-87c4-c05b918d43c6,18.13,upi,success,2025-10-01T18:05:00
4bafd7a1-038a-469f-baa7-cb3927946e33,bfa2b644-98d2-4522-a5e5-285da61283f8,36.96,wallet,success,2026-01-04T18:51:00
07575092-2115-47cf-9bec-3b8fa6e11096,1dc97643-75cd-4d46-8588-494fc41b0e0e,36.13,upi,success,2025-10-23T15:55:00
982472d1-b3f4-4576-8244-bbfa7dcd489c,fefb308a-614e-49de-8ab8-ed4949ac41dd,49.44,netbanking,success,2026-01-27T12:12:00
0f9ed277-f9bf-4245-8e17-3f450f1654db,c1eb45b5-f731-4373-a1c4-d982fcbbde50,42.79,netbanking,success,2026-01-06T17:23:00
d0308fb8-67c1-4df4-853c-ebbef09bb987,f52ca060-e744-4967-b646-49a80a18c407,25.64,wallet,success,2025-11-28T20:48:00
c36e0821-daa2-4b15-b6cd-d9870357bcb1,59872ffc-c910-4091-9b99-1d59928a084f,74.55,netbanking,success,2026-01-06T17:08:00
af7514ae-16ea-4a59-b9d2-c11488e2323f,6816b829-f9f5-4e58-a745-9ca11f3143ae,45.94,upi,success,2025-10-31T17:12:00
e49e1e8d-6c87-470f-a54f-12960dd94cd6,c0704ed0-cecf-4b06-9449-d622ae1194e3,115.68,card,success,2025-10-27T10:36:00
eb139176-4421-4c77-8151-d77513012808,8c781c3f-47ec-4b64-ae8e-e73584a470e4,80.76,card,success,2025-10-28T18:37:00
e795e77c-b7ee-4a26-b1b6-c7c828d71d29,ff54b480-81b9-4690-8c89-d065a23cab17,85.32,netbanking,success,2025-11-22T15:04:00
30810e6e-265f-47a3-92e5-aecb70da5024,7737ad2b-ce16-44c9-b5b1-bd50913f011a,106.98,upi,success,2025-12-14T08:15:00
17cab2bb-7d6a-4edb-9390-c4d31163c466,4321a371-500b-4d89-9c56-850f82bebf2b,78.88,wallet,success,2026-01-12T16:39:00
d616d98e-0ece-455b-99ba-53cc783499cf,f077bc67-01f5-4da0-8291-28ec436a064f,49.83,netbanking,success,2025-10-06T17:46:00
dacc2f72-a991-486a-a7a5-9ce888c3bd99,8e4f0285-d283-4576-bfb7-aadf66081341,43.97,upi,success,2025-12-14T21:18:00
4a3a4e76-e077-44f8-80e8-e5b2eb08d739,3c4c33ee-35bd-4655-81ea-19917c4b1698,37.06,upi,success,2025-12-01T03:08:00
3a5136c7-6e9d-4603-b570-b35e6ed064e5,06226c10-c0b5-479a-8e0c-431d6157dc04,33.29,card,success,2025-12-09T19:27:00
a80330c9-be83-4ac7-a86c-c709a345282c,a2f8cb70-4bf8-43b8-9c7b-564db187074a,142.77,netbanking,success,2026-01-02T17:47:00
3205421b-5b96-4ac1-979b-dbec79f375c8,4395c42f-1087-4efa-9167-f5cc82bb9350,25.44,wallet,success,2025-10-28T17:30:00
a407a862-ddac-4ed8-a602-905b0c991096,93d92a21-28b5-42d8-81cd-da519d6754ad,75.51,card,success,2026-01-08T06:18:00
b9666893-8aa7-4b51-a095-e322826617d0,b89050d0-3552-4d43-aee3-b038f07a3346,70.33,netbanking,success,2025-11-29T20:53:00
febd9525-2d88-4efc-84d5-efd148424726,afffff03-c458-4a47-b7bf-0e659fc19e82,56.07,card,success,2025-10-29T08:59:00
02986628-42c1-43d5-ae6b-62011f9c2677,b9a8e2e6-24be-4d48-a949-4015399d158c,64.43,netbanking,success,2025-10-29T20:06:00
eca25982-40d1-4b77-8e1a-1bf50fdebe95,b73b3bda-6ea9-4b88-b20a-8fcd2488e5d9,151.62,netbanking,success,2025-10-21T17:37:00
b57a52c0-a549-4217-a463-9f4c7dd4bb9c,32d78e72-0403-436c-91f5-795e4320f26e,220.14,netbanking,success,2025-12-16T20:37:00
91cec01d-76da-4d39-9fc0-c07324a67c36,39b0e30d-3bf2-4121-a98c-9bbc10924a7a,48.52,upi,success,2025-10-17T16:38:00
5901791c-0e04-4a14-b599-3cc09eccb709,af1df55b-9acc-48d2-b4f6-1344e25e717e,20.27,wallet,success,2025-11-04T04:36:00
754b3ab1-e791-4ec5-ac17-adddec083737,7e6e7cf7-afb4-46f1-9df8-18ec426aaf24,49.18,upi,success,2026-01-14T09:18:00
8432cf5f-063d-40a4-b8b9-04ddad5f05c3,b8b8e0d0-01a6-44fc-b720-87497c99d621,174.44,wallet,success,2025-10-10T16:57:00
43e2c4eb-12a3-4e5a-8e82-574bc68ebf90,8e55f819-5730-483d-9a8a-8d54cecf16c2,16.01,card,success,2025-11-04T07:13:00
7a57f1ea-0693-4a28-817c-0ddffbca35dc,2b834d62-11a9-4245-82bd-fcc33ff13f45,91.08,upi,success,2025-12-27T09:34:00
5c33b360-a7f4-4a99-8f7e-d0932d905045,bec39d6d-0f80-4d83-84da-d902e0cd525d,270.78,wallet,success,2025-11-08T22:21:00
5ffe1725-a781-4922-af16-dea378f356ee,a7755bac-29d8-45cc-9ba1-b0af9944ec53,48.4,upi,success,2025-10-04T19:25:00
4fb6925a-f55b-4abc-ab57-d2be16a25be1,4c302fed-76cf-49ce-929e-9d30cccfb4d4,22.07,netbanking,success,2025-12-28T19:01:00
769ba9dd-c3f6-4bc6-a866-076a98a6726e,b12902af-afe5-46a6-a31b-161850c12899,382.26,upi,success,2025-12-01T20:31:00
a48172da-7296-48dc-b935-6af0831a631e,56125c5b-b80f-4784-a111-40bd3c4ed6ee,78.0,wallet,success,2025-11-20T14:43:00
94e61a13-3bdb-4678-8849-3ae14e8d14c8,5cdac40c-1de9-49e3-b411-32c49812b8bb,225.0,netbanking,success,2025-10-10T22:16:00
732c7054-823f-4c9a-8df6-99246aa13dbe,7e5618fe-1a2e-4858-bfa9-18d6e407c04c,75.97,upi,success,2026-01-22T08:14:00
8c7f63a8-8d83-4655-9510-0eabb7132d13,6c77be3f-a414-433e-83db-4c4156b698a3,39.54,netbanking,success,2025-11-14T06:38:00
1575ec8f-35cd-47f8-83fa-73bacc4df373,e8f67e28-46d3-474c-9150-b8570f2d960d,71.31,card,success,2026-01-11T09:46:00
cc55f10c-9e94-4abd-8b30-57772bee3294,b4dc78a4-e711-4e77-a966-42631079c919,41.38,card,success,2025-11-25T09:47:00
491c8f8e-58fe-44d8-901e-f84bcfac601d,09edf6bf-91f6-4ab8-95e9-6702cb967eaf,210.56,netbanking,success,2025-11-07T12:38:00
ece01855-cfa3-4d2a-a913-d3484e4a55d6,1ce28d3b-e88e-4e3b-b817-a1fccc7c064c,24.75,wallet,success,2025-12-12T20:46:00
414e585d-9d26-4d37-ba69-74aed345bcfb,852a5ff4-6981-4833-9072-b71cddfe541f,49.7,card,success,2025-12-15T09:11:00
8c8e07f9-fa0a-4dc2-b547-bcc7a1c7d936,feff35bd-edb5-49ce-998a-57bcc9c77210,49.78,wallet,success,2026-01-20T19:43:00
2f485446-520d-467a-be24-02a6baf5b325,66017b58-584e-4677-beb8-a0c8f1135735,63.28,netbanking,success,2026-01-25T19:53:00
b4d078dd-28b3-4ebb-bf5a-77d1941ab1d7,50ccedc3-76a6-4b4c-bed0-4872f5b73108,19.69,wallet,success,2025-11-20T22:44:00
8be8988f-f407-4bc5-b639-cf8a6ce449f4,9926fef3-d12d-4bd6-b9e5-481e46184d91,138.0,upi,success,2025-12-16T09:20:00
8e6211cb-08eb-48b0-bc8d-674a2c33944d,e5ff94d1-bac9-47d6-a370-91df1d0c381a,48.16,netbanking,success,2025-11-09T18:21:00
9e9bfacb-565b-49e7-91e8-378ae2cb3371,4007af99-4cef-45ae-8590-5925a1bbac36,211.8,netbanking,success,2025-10-22T14:36:00
129638b1-cc2a-4a18-b418-5a9d75b5a91f,a2b30a3d-8261-4b98-bb39-46c85aaae5ee,146.34,card,success,2026-01-16T08:59:00
4def3c94-8970-4e7a-9664-9ca3a49d1b68,2abd39f4-bbe9-4bf9-8d45-aa81dbb644cf,39.99,wallet,success,2025-10-20T13:42:00
6f1c8cdd-c37f-41a6-b518-850e53f7a184,35934a71-616c-4dca-9bd8-d7606745a16b,48.89,upi,success,2026-01-09T19:50:00
4e856c99-f5f1-4ad3-bb28-1b95821d63f5,038a1349-a54b-45db-a735-6bc357e9f109,53.33,netbanking,success,2026-01-22T15:44:00
35db9773-0b1c-4a4e-a954-d7a2df78dc26,98500f11-08a4-4b09-bac6-3cdf9194bd1a,52.22,wallet,success,2026-01-12T18:38:00
72a50f2e-8786-4127-9841-346031c24556,e07eeca0-153d-436f-8ecb-faf3a616449d,63.72,netbanking,success,2025-10-27T20:08:00
00033f6f-f4bc-4fe8-9861-86ac302eb669,206f541a-ac6e-476b-8f4a-fecfc1e0ff96,32.7,netbanking,success,2025-11-13T17:53:00
e47c4c52-86ff-4097-870e-c52c59dde4de,01445d95-8029-4f8d-ae49-ba4e4b10f891,22.83,card,success,2026-01-08T16:26:00
df08f4ae-fd82-4e78-9358-58a57960969d,5afd74bb-f58f-45c7-bdb0-168e423fc52c,46.33,wallet,success,2026-01-13T10:59:00
b44c377a-b6ea-4dcf-bdbd-a07aa09f22a6,35f076a4-e6c4-4b30-959b-3990fa1d4c1a,72.09,netbanking,success,2025-12-05T13:38:00
80da164b-edbb-4924-a98e-1da3f1a1e146,973a5099-3e37-42c8-9677-72b9f6836546,29.82,upi,success,2025-10-19T13:00:00
876d93ac-75b7-4f9b-bc25-00c233c14de2,4c2b50f5-3d08-4cd4-b9bf-0a4f7d4cdba1,39.42,wallet,success,2026-01-21T08:06:00
a463c722-1960-45a2-ab29-2934191867f1,b344dbbe-e808-498b-806e-f32200777334,202.62,netbanking,success,2025-11-17T13:32:00
1aafe370-229d-4d46-be39-c152fda1354f,5a725322-a3db-4559-8d4d-e4adb0316296,26.58,wallet,success,2026-01-13T18:34:00
5892ffd3-2be7-44fe-b57c-0c3ae9197206,5f78ebc9-e413-468d-ad69-15565e81c795,170.08,card,success,2025-12-10T18:51:00
8c921cb2-7de6-4375-88da-3970a87eae2f,6a807135-bfc7-4c01-aba2-5ac0c0875814,58.59,upi,success,2025-11-29T20:23:00
15936cb7-1359-4690-adde-8d7a9983ef8e,4933d797-3e76-4c66-9048-50dc20ba7bd4,113.44,netbanking,success,2025-10-13T20:45:00
faed322a-288d-4744-ad7b-56b3a3f96652,cc48e522-7a08-4c9b-a2fc-4e8a5191a5fe,109.59,upi,success,2026-01-01T08:43:00
4af34010-df02-4408-aac1-5c68ec7783a3,968edb79-5b23-40e0-b0ff-7c1aedd4cfe7,73.11,card,success,2025-10-29T19:10:00
0e5a77b1-04b4-4d8d-b6ee-e14a497e0446,a95ab684-ffd6-468a-b295-b94b513bca01,38.56,wallet,success,2025-12-21T17:58:00
df60d2f4-6d53-47d5-9c31-17ba899b0d0b,a941b5fe-c478-417f-b556-b419b6f5d44d,25.44,upi,success,2025-12-12T02:11:00
4238e4f1-4a1c-4006-93fe-57ff9011186d,ae47630c-9c4a-4dc6-b511-cca23f2d9437,50.73,netbanking,success,2025-11-20T17:31:00
1526ef49-9c6c-4315-bf09-0242123e3b4e,f8e25206-5325-4fdd-8db5-b83b9fb53374,78.9,card,success,2025-11-07T08:55:00
04e1761a-243d-4758-8af8-18c936a945e1,40fd4e57-a2e9-40fc-91ff-39745134994c,13.61,card,success,2025-12-15T18:31:00
a2c87770-5821-4d67-a7ef-606b5d2ec185,ca9e4743-3f8b-42b0-8be0-53563df5934d,45.54,wallet,success,2025-12-06T08:52:00
592a27c9-27ca-4cd8-a77f-34225e4a0fc0,4ed633b8-0ec6-4530-9e72-64a13ebe7aa4,82.2,card,success,2025-10-07T18:09:00
0363bc2b-bc75-4a62-b4e3-062955a17ff4,eb9c1f28-6a51-4e68-aab1-e26893d3499d,44.6,netbanking,success,2026-01-02T13:56:00
3e422efc-d943-478b-9776-fd02002a9b73,1bc5a46e-cca3-4325-b8b7-80fe20ef1736,44.1,wallet,success,2026-01-23T18:08:00
e6338ef2-92ed-477c-add2-7417982da11c,0b828a5c-b067-4633-b582-b616c51bf527,27.29,card,success,2025-10-11T14:44:00
6f3a1006-ba15-4807-b3a5-f8ce0cd8a973,f365de5e-c090-45a7-affb-25e53284ed69,115.05,upi,success,2025-11-21T14:37:00
4e770cde-13a9-4ada-b111-443331d0868f,d0f893cb-2f05-4c93-993b-7cc23f2d79d9,46.3,card,success,2025-12-14T19:56:00
faf418fa-5d28-44a3-b2d1-9f02235e56db,acc0141a-f296-40ce-86ce-1b4d476bbd9c,47.1,wallet,success,2025-11-21T20:57:00
079914db-dec8-417e-921c-8623bd5781a9,5d241df8-db83-402c-a666-2a9267a417a7,204.52,netbanking,success,2025-12-18T20:21:00
e99e00fb-aeca-4c3b-a312-a00ee666dfb2,0cdfed80-1544-4f5f-8a99-89341d4cdaad,29.9,card,success,2025-10-08T20:16:00
782e5983-78be-4c61-828f-173301cbbcea,027dd59e-a066-42de-830e-13486caa497a,41.42,upi,success,2026-01-16T14:22:00
668e7a05-a645-4a04-ba0d-03e3950889fe,a4914761-1f09-4254-b278-2ac5c030b69b,16.19,netbanking,success,2025-12-21T19:12:00
b8b29efc-f565-4916-a72a-6baa0dd31f2b,e2e75805-bb49-42e6-a54f-bde3c8b30e2d,70.8,card,success,2025-12-27T09:11:00
075186ad-0a20-438d-ad82-413d574c6a9c,0b1237d6-894c-449e-a464-bb3864be84ab,173.31,wallet,success,2025-11-24T09:27:00
c8056abd-7c67-4bcf-8044-97109d155641,c996485a-88c2-4982-9659-54658c902415,112.52,netbanking,success,2025-10-31T08:45:00
c24a1477-daef-407d-b6cb-ff5934989452,9f999889-1a45-414c-9824-6ea4c75a1f67,78.76,netbanking,success,2026-01-09T16:33:00
5a20ddaf-711e-4e24-9927-8e3d880f84f6,cd9bcbb3-5590-47fa-b51c-b202162af364,180.0,card,success,2025-11-30T12:06:00
6965adc9-5292-4da5-bf7d-69e6031cbacf,cd1c0b95-9787-4a85-bf16-cc7b871a9301,96.93,netbanking,success,2025-10-07T15:29:00
3bcbbf20-d2a1-44fb-99d8-10467aa18f3b,65793512-a40d-4e48-9ed6-b25759588d51,59.22,upi,success,2025-12-08T19:53:00
ce9d373a-2d23-4eb8-b2e6-30de5ca01a74,c48e627b-93fa-4a50-af26-87e4cb587337,104.01,netbanking,success,2026-01-03T07:28:00
a512577d-fac7-4a16-b476-d707be55f2b4,48a90b0c-ef12-4bac-bee2-70dbbc3f1e96,28.55,upi,success,2025-11-11T17:03:00
32d31b32-060b-46b5-9cbe-9eb8a05c6e33,d49dbd42-8e56-4d7b-98e5-0112475f5da6,85.98,upi,success,2025-12-21T18:36:00
ed2580d0-02fe-45dd-ad22-497c2e76f4f6,98cee8dd-f1ac-4521-9c7a-2964725789e5,145.72,upi,success,2026-01-04T00:34:00
e3a14451-a8f4-4ae7-8ae5-22608e9f35ac,0cac532a-429f-49dc-bc2d-fa216955eaeb,13.24,wallet,success,2025-12-14T01:52:00
ec0b244c-e05a-410e-9156-4765511e576e,7018614a-4477-463f-b970-888273291e74,42.24,upi,success,2025-12-04T21:45:00
ebadff1a-b531-4dd0-8bd9-eaf74db4a9e9,a77b417e-6517-4b55-9984-a4d84d5fb34c,62.7,card,success,2026-01-08T15:02:00
40a44318-6348-491d-9807-78e0a5d86db0,e7dd2882-e789-4f12-9f13-c57b46b604aa,73.56,upi,success,2025-10-29T18:28:00
d9c70f73-99b3-42b4-9d16-92033aa399f4,f7fd4b04-921d-4f6e-9d04-5814963add85,112.45,card,success,2025-11-15T20:26:00
fad3803e-5faa-42ab-b7b5-0f914169fb37,8ba93f90-4c35-404c-a048-f36ec25afbc6,141.76,wallet,success,2025-12-18T08:52:00
b40038f8-08fe-4a7d-b0f5-dd5a99c3c36d,9e9c8953-471c-4065-988e-24faa899abe1,76.98,card,success,2025-10-04T10:35:00
85d43af1-0b27-4812-a8d7-2846a7f4708b,c8c096bb-ec71-41b0-aa30-f5217c1d3872,27.92,card,success,2025-11-16T12:03:00
47ed07d9-a8ad-46df-84b4-92a9f7e1cee1,588033b8-a7e9-4325-af4b-a4db43af48eb,24.51,netbanking,success,2025-12-16T07:02:00
c3c1af3f-3e73-4a03-9d6a-aaa11f574b2e,fc325573-35ad-4261-a3f0-a7c4bab8dca9,105.78,upi,success,2026-01-21T07:14:00
2d8a7bbb-f0eb-497c-ade5-a1b31cccb26f,cb9e0418-30bb-494f-bc65-3e69837b1406,72.39,card,success,2026-01-15T09:41:00
50add506-173f-4855-bed7-0558d290b0cd,f71aa674-2b82-4ac7-844e-a7583cfbdd2c,44.96,card,success,2026-01-01T08:36:00
142d89ce-d4d4-4e9f-9db7-98a6b7052fd7,5140c0fb-0e42-4f59-9605-889c011c6c0b,23.14,netbanking,success,2025-12-14T17:14:00
7eae4808-dfa2-4c7f-b39d-ebbb66c9766f,95e29014-23b8-4f0c-ad9a-a698e7145f71,25.11,netbanking,success,2025-12-09T07:09:00
6ed536c6-820c-4f40-a124-85f4c54ea20f,ab59e906-95e2-4dcd-827c-e4d99762382e,60.1,upi,success,2025-12-01T09:32:00
03b29a6f-76ae-45fe-9a0b-8e9953ed0c53,aa443878-34d7-4b0e-813c-a1d91c43cf43,53.04,wallet,success,2025-11-18T15:52:00
cee1d64c-2f43-4c77-be8a-1b1a7811c962,c5839095-f74c-4ed1-b07b-0921ccff480f,23.7,card,success,2025-11-02T13:55:00
dd55028c-e9ba-4d91-a887-572b9ceb0fa6,c4f1bd0f-9d4a-4a08-b279-49ab1219510e,15.8,card,success,2025-11-01T18:00:00
0564e854-dbe6-47d1-b67d-5331e79bef9e,c8f87b16-3fd8-4a95-9b4c-35cd3552efc5,103.66,upi,success,2025-12-30T17:46:00
96236b04-ddf6-4700-a822-54322c9b6391,b5c721fd-6e72-43fa-93ee-60a5176900a3,176.52,wallet,success,2025-11-28T13:51:00
d9911a6b-db37-4586-b440-1354128098ca,c94bcf78-d6bd-47fc-a523-e4811d9eb351,87.27,wallet,success,2025-12-17T19:10:00
7c936018-e679-4d58-9d10-9d62908ff63f,391a7c01-b235-4f09-85d7-c81f32bec3d7,30.74,upi,success,2025-10-25T07:03:00
5ef0d103-5566-4712-83e2-2cc4b1db6bb4,f89abdcc-c6c9-4c21-b4c9-578728c30eb6,14.0,netbanking,success,2025-12-13T11:49:00
279a4d3e-77ec-4fbb-9373-efb04419530d,bb7897a9-2e37-4ad9-b2e2-6767327dd789,77.14,wallet,success,2026-01-16T17:20:00
cb6d392f-7e40-4a7e-8471-b78278b6c524,d726fb60-5220-42e5-8db4-7760bee3ef5d,46.3,upi,success,2025-10-02T17:25:00
cacf3c13-c698-4046-8325-66a5b004529a,b8836ce8-3b04-4dad-9ba2-de23419e1f0f,19.52,card,success,2025-10-17T11:36:00
6c3bdfb5-462b-438a-8f54-f3b78589d9ac,49eeb110-6f04-48f6-af75-6c01130735fc,154.11,wallet,success,2025-12-21T08:46:00
95c23e97-ff69-439c-b7e5-0c06debf2f5c,350532e2-9eda-4461-8d9b-9d9e6c597f73,79.75,wallet,success,2026-01-10T18:28:00
99ed4909-833c-4d4c-a19e-4841a3b8cf89,b09a19b4-2623-4ef4-bab4-20e29b1a5bed,46.28,wallet,success,2025-10-03T17:06:00
113345c3-ec3f-43b6-afed-f18482190663,6f92b75e-3f0a-4fa2-b210-a895a31c5336,45.33,netbanking,success,2025-12-03T12:27:00
2bebe2d3-92ce-40c4-a7b0-aac12c2d80c3,09e5bd68-6741-4585-9eac-8ded98c44249,93.96,card,success,2025-12-18T06:49:00
10d7ce5a-c918-442e-ba39-f9f79aaed925,8a4294c4-16ac-4a5c-aa66-9f8072a17ce9,62.04,wallet,success,2025-10-10T05:31:00
560fb1ef-f03a-4eea-af18-bcae6b6218a7,c12d4300-96a4-4f09-b51e-a2b68b779bb5,50.06,upi,success,2025-10-01T20:33:00
ad25df69-c90b-45fc-b4a0-64d1d01801c7,6befc056-9165-4c1e-beb9-fea3672d6d09,25.78,upi,success,2025-10-31T12:47:00
224c8967-48bd-4c05-bf76-bc4ec33a1722,62fc1c39-37cc-497b-b405-56b04f6e6584,149.07,netbanking,success,2025-11-11T12:48:00
b07f30a8-0f09-4d11-9c6d-7d6450b40428,eb7aac58-39df-4748-83e4-e1ef8979882c,70.68,wallet,success,2025-10-13T09:27:00
be1c3c43-0065-4f27-a8d1-61fd1c8a79dd,04375281-8943-4ccd-b676-3db036b25504,180.93,upi,success,2026-01-13T09:10:00
89571d44-336b-4fcc-98e1-d1a5cc95ae65,48b63434-c875-4082-aa98-33e93da07a6f,12.92,card,success,2025-10-02T07:14:00
a16d1c78-fd1d-4d86-9c47-7831b2a207c3,6aded0e5-ae36-48ed-abc2-be67d9379acb,95.61,wallet,success,2025-11-10T18:32:00
1ca6edad-4bb3-44e0-b3ee-1351b0e68250,839084d9-0df6-4512-8a02-cc99e4b9420a,47.12,wallet,success,2025-12-26T21:47:00
2e6a45c2-982a-4dc4-855b-d7c9f89b3231,b3d79b6f-388d-48cf-b3b1-ead9226018e3,15.89,upi,success,2025-12-11T19:25:00
3df7e999-c02b-4a05-bff3-67f285beea7c,eb365798-d593-4a15-8941-818ff740c0a4,142.36,netbanking,success,2026-01-13T15:21:00
123d43a1-c57c-405e-8d46-6ee72ccd7dba,3b5c430a-7955-4edf-ba8d-23e97621cc78,196.88,netbanking,success,2025-11-04T18:01:00
0e386393-f098-4502-aec6-fcc17486c7a4,3687e5a9-4291-4717-8dc0-11ceaf191cbc,95.55,upi,success,2026-01-05T19:51:00
a2259089-0283-4d74-bedd-67d8804edd65,83e2f13c-d9df-451d-bb53-bbcbbed0b36e,132.28,netbanking,success,2026-01-15T19:28:00
c0ec7309-f3c8-4594-a4a9-167f4b9879e7,0d18d689-9add-4b08-9c81-7d4b422e1f22,66.27,netbanking,success,2025-12-01T10:10:00
0d9e00bd-a60e-4ac5-83d4-05e2ccfd39d8,c3b4ff3f-3439-4d83-8aeb-dcefea461863,34.03,upi,success,2025-10-19T07:34:00
e909d506-25aa-4625-8c97-007b47f9ce81,640fdce9-93cd-419e-af23-a993a4ceecfd,29.45,card,success,2025-10-28T06:20:00
4a567d4a-b5b6-4ee4-a86e-9047646b954e,8b9d4e90-7879-4a55-84b9-f1ec6d0b4e0e,26.27,wallet,success,2025-12-07T07:29:00
941f08d7-46b0-441c-8bf6-5c723a67e0ea,cf5d7b85-7172-47b5-a772-30b7def9b134,40.78,upi,success,2025-12-17T12:25:00
cfd6296a-0d3e-4f30-acbc-f9d373ad90c0,43f0f7a1-c997-49c7-9a94-1e1c0252a4dc,55.83,upi,success,2025-11-27T18:48:00
12386bb1-f264-4c18-9bc2-b79b29ce2e7e,0fe9e84b-324c-43cc-9ccc-fad917f25f2c,32.37,netbanking,success,2026-01-04T19:22:00
7b83d0a9-bb7f-4aa8-8add-6805337c747e,02d440eb-569c-446e-b34e-cbf0e8c315ac,147.03,netbanking,success,2026-01-21T20:51:00
21af4170-0ca9-4c70-9f2e-c9dbf9ec8911,9570b0d6-57dd-4a1e-ab2f-4be15ee1c656,35.78,card,success,2026-01-13T18:48:00
9644e799-e00a-49e9-af58-31f0fe9bcaa8,9817c389-b95b-481a-8338-d4067000143e,95.88,upi,success,2025-10-27T16:39:00
b665bc40-f7d5-44cd-8d2b-bc74b096655e,481b0faa-b0f0-4745-aedd-d96a0ee555c2,97.17,wallet,success,2025-12-25T08:10:00
a3096548-f532-4f21-aa31-cc4e7a7f3a72,75c9e79e-0416-41c9-ac77-9ab1a001cbce,91.74,upi,success,2025-12-28T05:52:00
ee3eede9-c454-479c-a4c0-9b03910e65fb,fc6c33e6-99d0-406e-b048-e144da05ad44,54.28,netbanking,success,2026-01-04T19:24:00
b60df875-3368-4a18-83bf-ed00b12cd61c,33900880-b7b4-4f1b-a3a0-4d948c461d5e,23.7,wallet,success,2025-10-10T20:34:00
d9427cfe-0a13-4398-bb55-3221029810ed,fb98ed36-1060-42e3-b244-8de0c723e726,138.09,netbanking,success,2025-11-01T22:39:00
dcfdf277-f188-4e7a-a443-7997cff08c85,6b400001-cc3e-4e90-8875-b506fe06749b,162.57,upi,failed,2026-01-22T15:31:00
ec928f46-a7f3-446d-b287-c57b5ff02463,890537da-34a7-4f6a-9127-454cc7efe8df,89.43,card,success,2025-10-14T19:48:00
4ca59e0f-a637-4f42-94e3-102f893f6e90,fbc15bb9-74cc-4864-8b4e-771f4c601006,28.41,wallet,success,2025-11-09T22:17:00
db6221a2-4459-4db4-b995-dcbf95d45625,706f216a-4a32-4930-a5e2-93c2e3ad7f90,76.29,card,success,2025-12-19T17:30:00
56aa328d-7c3b-444d-b653-91dcb27d2714,93dd9c3c-7db5-42f3-bb57-3636e74c4d4d,26.09,netbanking,success,2025-11-26T12:02:00
45cb1d6d-1b64-4732-8f30-2399c03f7366,195d9c07-7913-4230-ab6a-3bc5c79c0841,81.14,netbanking,success,2026-01-20T16:10:00
72f45d1d-42e8-4ff4-8e14-e52dcb161a4a,d8c92375-781a-481b-a781-1cf25cf71178,98.86,wallet,success,2025-10-11T18:33:00
3d1c6fd5-033f-486b-9870-888230547c0f,27c82b46-25ee-4bab-8394-d92bb0f5c1b7,55.14,netbanking,success,2026-01-04T15:22:00
c7a90deb-4eb3-4f85-b563-50a9e136d4d4,f449ad7c-4de6-4515-ac97-8898ee21afdb,36.87,card,success,2025-12-16T19:19:00
c42b525f-6672-40aa-82d8-860d031958ed,acf6d357-da86-42ca-bbee-2331ba481556,20.16,netbanking,success,2025-10-15T14:11:00
0d3f85fc-a5ba-4ad8-b072-0d2b42a7ceaf,7faca24c-9a15-4289-ab68-ea6cd3e334ce,86.44,netbanking,success,2026-01-05T19:12:00
0aec3989-2a6c-4610-9ffd-e90a2474db52,ccff7d7f-dc31-4803-b30b-19dff55b6439,138.54,wallet,success,2026-01-23T16:42:00
615fa91e-4017-4aa9-b8b0-97790a117339,8b004502-d2f5-412a-915b-d8e6f5c7b09f,50.54,netbanking,success,2025-10-25T11:37:00
abfa8c31-fca6-43b4-bf82-a0e8b8789843,c30f19d5-74c4-4e49-aaeb-03dd35298a11,58.66,wallet,success,2025-12-22T17:25:00
687c8617-b427-4bc6-bb15-609fb43bdf58,b036ba33-66df-485c-9c5d-036b4be60f03,31.92,upi,success,2026-01-15T19:27:00
490e7c07-e54f-467d-b7f9-23951b0004fe,655509ec-dbdb-47e7-895e-c8ebbbb83240,16.7,wallet,success,2026-01-18T20:59:00
e183ed15-47aa-4fec-92e2-7207de5eb7dd,0e68d989-c42f-4aac-84e8-7c1b5aded4e9,40.98,wallet,success,2025-10-06T20:03:00
e97672d2-b4ea-482f-bec9-941943d77a63,209868c1-ed41-4bbd-a77b-3fca9a59453a,48.45,wallet,success,2025-12-08T15:29:00
b5de88bb-6439-496d-a9cb-618787521603,14ae1957-d795-4747-840f-f4bec2a93807,115.17,wallet,success,2026-01-07T12:10:00
91da194a-055f-4f86-b0dd-0296d3b5d2e7,6fd58187-6bb0-4791-a48b-267ab62dd81a,53.12,upi,success,2025-11-29T13:47:00
a8e392ee-94ea-4798-bccf-60ab683721fb,87b85c32-c4f0-4dfb-9016-f67f763360f7,207.27,upi,success,2025-12-21T08:03:00
3d6b8c62-77b3-4c95-93f3-8d32d7c2382d,073d7615-416d-4cd6-9176-cf5c0cb55757,19.7,upi,success,2025-12-14T21:33:00
30725831-8ff1-4209-acd8-7301ff98ee00,0f8ed3dd-76e5-4fb8-8449-63c22f56de37,216.18,card,success,2025-11-26T06:21:00
dae6b63b-d984-42bc-b6c7-0b788092f421,b34c9711-8c60-4d49-a4bc-3867b871a9f7,21.05,card,success,2025-11-10T21:18:00
a3719cfd-cc56-48a6-86c3-259d96d34786,13b55f81-e86c-4f39-a7fe-c834415d6a77,71.84,upi,success,2025-10-19T08:50:00
bcc9c512-338a-4708-8a92-c6ba1c353a47,2afbf814-e349-4a95-862d-eeae95ba96ea,52.02,netbanking,success,2025-10-08T10:19:00
90e39176-6301-4d90-8d1d-d66d8976fdf5,5396da55-a67b-4f47-bd13-26dd5c75dd6a,56.72,wallet,success,2026-01-04T08:07:00
a3d90e62-81b4-4af1-9293-7a8f8b8c4d82,d92bd256-8514-4d96-953a-6204fd8f8285,50.66,card,success,2025-11-12T08:30:00
f00fd63d-430f-40d9-820f-072480a04d6f,df4e9d42-2357-44ce-8a2b-51cc2f1f91b2,31.82,netbanking,success,2025-11-26T17:06:00
62dacc55-20ea-4444-a248-bd0dfbe55807,15542a0a-a5d7-41c1-aa33-d4bf25690651,28.09,upi,success,2025-12-24T19:22:00
f13ac461-7a4c-41a8-a340-932d4eca5d4d,e7774631-3e92-4476-b587-02daa2ea123b,68.5,wallet,success,2026-01-22T04:16:00
a2dc087b-14ef-440d-8c88-fa3e71a746ed,1d185ecd-ceb8-42b0-9d0f-a7853c5bc798,203.37,upi,success,2025-11-05T19:27:00
8d96d863-ae9e-428e-a30b-964dbc173eb8,42e3d7fc-a473-4b29-8ea2-6df677df49fb,25.91,upi,success,2025-11-13T13:58:00
164632f3-c123-4988-9e34-48467b707244,0d00a9b9-c9fb-48cb-9032-a26c4ca5aa2a,10.24,netbanking,failed,2025-12-23T07:13:00
2482ddcf-0123-435f-acc0-a0cc93f189c2,98e4fdbc-e21d-4ed0-aee5-06fcd0c942ec,71.52,upi,success,2026-01-04T09:19:00
834e6ecf-ce5e-4876-8873-1ff547b0cd61,f4abe422-ab20-4efd-ae73-03f5128c3e2b,34.98,netbanking,success,2026-01-13T06:56:00
0b71e3ed-a139-4d42-bf67-12540a5b0857,b27f0cc4-5a75-400d-84fd-1e6d8c4774a9,70.82,upi,success,2025-11-03T11:05:00
569ec150-ae86-442a-b320-5b172bee70e9,95dcf589-022d-4db2-a76e-c434921a5535,165.8,card,success,2025-11-01T17:13:00
d05c8bf0-893d-42fa-b4d8-f4061a63ffc9,26c88065-6379-4b5b-8e7e-4a8a4035bde8,158.4,netbanking,success,2025-11-30T18:18:00
c895f6a0-6c91-491d-9292-73d5c0d3ce64,f4f52fd2-1369-4072-9320-006fb920eb17,41.39,card,success,2026-01-08T17:37:00
c25bd8ef-98a9-49bb-8b2d-d47d41dea1d8,561cf67c-d67f-40f4-9a2b-1d5e6b3f38b0,30.14,netbanking,success,2026-01-16T18:26:00
aa732ac7-1fd7-499f-9963-ff1ba5afc3e2,211fd7f3-788f-41de-9320-24e5ab5ba54d,46.14,wallet,success,2025-12-08T17:11:00
0e68f0f8-8f80-47d5-86bc-6b8a2d22149d,f4835a0c-2631-4a49-b160-46a5807707e1,46.86,card,success,2026-01-23T18:07:00
eb0b265b-2aa5-455a-ae4a-16b6c26ca22f,4f9827ac-7e01-4d4e-bb14-9ed218858793,13.46,netbanking,success,2025-10-28T14:15:00
821949cd-82a5-4a2e-8572-d72f3dd5a15b,f05f3d19-51a0-4eb6-9b7a-84b9b7fb5e48,78.02,card,success,2025-12-13T16:40:00
8faa966e-0576-49d2-9030-9e587d7df27d,de5ddd29-89ac-4e81-85f8-6b1442ecf3f6,67.8,upi,success,2025-11-27T21:53:00
16298713-0798-4c26-9101-379950cdc8df,55605585-01e5-466e-b3c3-564263e06cce,110.58,wallet,success,2025-11-06T07:34:00
45e3c405-4415-4551-a067-27b26ff2835b,a6ae0b09-28e7-45d9-b55f-54ea71bf3bee,46.45,wallet,success,2026-01-15T08:52:00
f6d70861-408d-42a8-95c9-b5c4ec245e61,49257062-fca7-4e13-80b7-53db6280e403,52.43,wallet,success,2025-11-29T08:42:00
0815fc97-9599-49b5-99f8-63b7ccaf415b,e1cbe6c3-3362-4f16-85a6-790fd95c5f9a,24.91,upi,success,2025-11-03T21:18:00
7ecb8a00-a576-4155-bdbe-e23f870d0c42,a68e33d6-8c30-4d84-8923-b7e753d9f5c3,50.78,netbanking,success,2025-11-26T01:10:00
5229b037-ff3d-492a-807e-3e5a87fada36,67fc3be2-3f7d-4a1e-b2c5-fd93209e9eba,56.63,netbanking,success,2026-01-28T06:01:00
bfd85eb4-bf25-4711-8a16-22558fd3f2f9,c443f630-5664-4f1f-8154-6dd64b032a54,82.41,upi,success,2025-11-03T19:11:00
4d7bec63-289f-467d-b021-7a2e3cffc03c,ecdbafc4-53ee-4595-81ac-f78bde092b1d,171.6,upi,success,2026-01-16T07:48:00
832ec029-96ad-425e-9350-f0aa7b041301,956213a4-d99a-4a9e-831f-01598f01aaf6,147.48,upi,success,2025-11-12T07:12:00
40791736-afbf-4144-839a-73974f835208,ede824b0-0813-477c-bd98-a12c414eaef2,96.34,wallet,success,2026-01-22T11:46:00
ee8820ec-d9ec-4dc4-a8f2-cfe77ef583be,73a46dc9-5941-4e73-b610-57103440f3eb,80.8,card,success,2025-12-03T14:43:00
a349ed39-81d6-46ce-9707-f3dcc04f2c03,d323add7-971d-4114-85b2-ea89a97e7b02,27.3,wallet,success,2025-12-02T08:06:00
53a300c5-71e1-4b51-9190-b321ba9815bf,8647460a-3e89-4779-bbf2-29d5229d5494,158.16,wallet,success,2025-11-16T08:07:00
cbe7a51c-a30b-474d-b9b7-3f5650b892b7,449fed55-b4c1-4a7a-ac94-ec63b1f4fb34,80.04,card,success,2025-10-29T17:13:00
a5733163-7836-4897-ba9c-fb78ac206734,db2ad9fe-29b8-4f9a-affa-b8af359060ef,85.68,upi,success,2025-12-19T09:38:00
29deab83-4575-437c-b717-663587fda0a4,d0546e18-0ac6-4939-b822-b9e1eec7ac40,40.83,wallet,success,2025-12-02T18:21:00
a6814a02-4894-4421-9333-68fdf620a50b,39ba620a-d5b0-49ad-a75e-758e289d2b80,41.12,netbanking,success,2025-11-26T05:44:00
e3edaaa3-1395-4586-b95d-e0766f11a57d,76bc3a2f-ca12-455d-9cd0-6686896eac22,23.62,netbanking,success,2026-01-20T16:43:00
3c18747d-7ecd-4ec1-935c-3ec4db186b5a,ae2ebf37-efd0-4e47-9d35-ebf828c66d02,26.17,wallet,success,2026-01-25T09:55:00
54f915ae-6f74-444f-b99b-7a80c84aaaa2,aba4b23a-cc86-4eec-a038-51a8379c612c,184.11,netbanking,success,2025-11-07T08:34:00
9b7e3cb8-5d23-4cbf-ad48-de39f143a1e0,0441f2f6-70d0-4f01-80df-655a7d3e62a8,33.51,netbanking,success,2025-11-20T15:00:00
b0b638f9-2672-495b-979a-bf570d4d079f,e46a8997-e176-432e-a633-e055d0d469ab,166.52,netbanking,success,2025-10-30T08:37:00
3f341a7f-55b4-4d19-a029-d92419fcbe5f,6e70257c-8b00-47bc-90f0-50e891daaec8,58.09,netbanking,success,2025-10-07T22:12:00
ae795531-e8ee-4151-ace5-fabf30bd9edd,3a7fcbfe-e0ae-4ef7-93da-29da05211586,34.17,upi,success,2026-01-27T21:31:00
ca997937-7a56-455a-b662-65eca4740c92,35182bd9-0753-4767-b083-37ec1a2b8843,29.73,wallet,success,2025-11-02T09:27:00
679ecd7e-982e-4e9a-8eda-cd6cb9c74d9d,1b2d9c36-063f-42f6-88b3-a1b179244185,34.03,netbanking,success,2026-01-26T18:53:00
f038777e-20e5-4217-b888-9a849ba4fdcf,a4741b5b-ea55-44c3-8e8f-c131ba9b4de8,61.1,wallet,success,2026-01-28T09:00:00
37fef38d-39b1-4a26-8ebb-ac7d5db3e30b,6db9e4ba-4c58-4185-8aed-0c18499cfc3c,55.98,card,success,2026-01-16T13:50:00
6e72fab6-9dc8-4c02-be24-921ec922b56f,acde9171-6e1e-4725-bdc6-664c9557a49a,72.09,upi,success,2025-10-03T20:40:00
5ad3e946-9b8d-4cdc-9cde-55d494831252,00510993-f0da-4ab0-9de5-b2224f1fa6a2,138.12,wallet,success,2026-01-12T09:17:00
1330bd6d-6d5d-4c84-b265-3cc37702dfc3,f61511d4-a96a-462f-b15a-936f86edbc03,36.96,wallet,success,2026-01-08T10:56:00
df162fa2-5a8c-4e33-9f50-75cd21e5616e,43c40424-e16c-4a29-8d03-3fae6ea2ca1b,59.37,netbanking,success,2026-01-27T03:57:00
9bacf37c-4ab2-4232-bc12-17aace0f3f64,24094a6e-e47e-41c1-bd80-d9381ba5fc83,17.12,wallet,success,2025-12-18T15:06:00
f2df61d0-709c-4867-88b0-222186a5b8e4,f6dba9c6-a5a4-4b23-9f5c-b2aaa2054e82,31.98,netbanking,success,2025-12-09T07:36:00
f9fb2eca-1788-4ec6-a46e-da85609d93c3,bc42db88-8362-470e-966b-dc7d58e03868,48.49,netbanking,success,2025-10-05T15:51:00
4d141894-8728-45ef-8b22-97ac417be240,2e0dceec-f128-4bb9-b878-0a7af02983c4,20.26,wallet,success,2025-12-10T11:17:00
481edf7f-c828-4808-9984-6adc1661257b,7c36a217-2086-44b9-b7f1-435ec03c32ef,23.0,upi,success,2025-11-02T20:33:00
65630b25-29ed-4502-b3c1-5b28faa423b1,95064673-c82f-4591-9f5e-74fae59c8b9f,121.96,netbanking,success,2025-10-17T07:21:00
1e3b05de-87ea-43bf-b4ac-13985f175147,751bc2f4-bde8-4a05-bdc5-14e737a12fa3,58.1,wallet,success,2025-10-08T18:47:00
57767122-acce-4831-97f4-576d20b0e9ff,31d09bb9-b555-4a21-b80a-5c12c06b7675,43.57,wallet,success,2026-01-08T19:25:00
98d69a64-44bf-40df-a1c9-4f49dccf36d3,f9440b17-39b9-490f-afad-dd130b2dca36,95.31,card,success,2026-01-27T08:39:00
74979cc9-be06-4f78-b090-2722a846e131,aaa51dcb-ef75-4657-9c14-bed7902f5dba,141.76,card,success,2025-11-26T11:30:00
91ae4812-7f36-4063-a7b5-72d3c052a784,1b8d52be-215d-43f4-a44e-32d8c5e5be4d,160.29,upi,success,2025-10-06T18:02:00
67546dae-ca01-4be0-b87d-405838434c19,ee4096bd-7ef1-49a6-aaa6-ba4afab732ca,22.29,netbanking,success,2026-01-27T19:55:00
68b7836a-9607-4e6d-89fc-6fb99553c71d,f98c7d7b-48de-4a8a-a567-6a601df6a170,181.62,card,success,2025-11-27T13:20:00
417f1e4f-269b-403c-a13c-9b531f688555,904c6faf-82a0-4363-838c-8a510ab22b2f,77.36,card,success,2026-01-11T21:18:00
5d3ab5b0-69a4-4d51-ad87-9505bfd4d4d0,c094714b-3360-4661-bc9b-9c99587debba,27.46,wallet,success,2025-11-19T10:54:00
2abaa369-67f2-4fae-9f53-e88d005c751d,aa21fbb4-e08a-439d-8483-8c70cc7d92e6,25.42,wallet,success,2025-11-17T08:55:00
1b14120d-b790-4f1c-83ac-5780cda6d5ff,9241bcf8-a931-4dd4-9112-0821a9e9e072,55.96,netbanking,success,2025-10-17T07:53:00
8eba86a7-7457-4602-8897-7adaa2dcbff9,d385c188-c962-4777-b762-6cb7ba9896d6,76.88,netbanking,success,2025-12-23T10:46:00
b58418c4-b10e-4d02-87a5-e7e3a7c91947,83de42bc-791d-4cb4-97cc-46d6f08cc7b8,132.36,card,success,2025-11-29T15:40:00
0150b847-5a96-41b2-abc5-674be5e0fe32,8dc44c86-0475-45c2-b803-5ce0f62cedce,153.32,card,success,2025-10-24T05:49:00
6e42c0fa-af47-4aea-bf3d-9cb2e666aad7,af1d49d1-f6f4-4a74-ab77-909a4b3d9bd2,30.7,netbanking,success,2025-10-17T08:07:00
eea25947-e646-4120-88ac-8109a0305c4f,23808925-1450-41eb-ab57-e042e4db3a0b,84.39,wallet,success,2025-12-18T20:39:00
bb19a52d-bd7e-4f12-b7a2-9db42e796a74,98b126c5-db12-4a45-b2dd-851fbb59fd51,54.96,wallet,success,2025-10-17T19:19:00
bbcfa4c2-6e59-4965-b631-2863d3a7828e,9c54f718-218a-4534-8399-42106fcc71e8,104.14,upi,success,2025-11-09T08:05:00
0cd89643-05e2-4242-848d-47098308595f,8e34cf74-8111-4080-bc53-33e76335fa48,27.98,upi,success,2025-10-07T19:06:00
59b658fa-3406-49d0-b144-2d99bedb3d77,0c14c77f-e1c4-4f1a-adee-6c4af24cc0eb,91.94,netbanking,success,2025-11-12T20:21:00
1934f17e-3366-4d70-b878-39fdfdc1ccba,0e1ba54d-dc33-44bc-8f98-1056945e2a3b,21.04,wallet,success,2025-10-30T12:53:00
b152f91e-aaa0-4684-bf49-8935e96836ab,11de8fa4-b46a-48af-b5aa-30177e800f00,41.14,wallet,success,2025-10-10T09:43:00
39abae4a-0019-4622-a0bc-48de78263d26,29686bb9-22ac-413d-a660-7e270fcfb594,45.96,card,success,2026-01-14T21:35:00
965757bf-3fdd-475f-9689-bfc67373bb12,0fff1df1-292f-4d7e-bda9-73086f9a1fac,135.68,upi,success,2026-01-10T19:10:00
43f75e2a-a435-4766-bb93-274969146cd5,d65aa383-6222-4235-bbdc-5b6ff7f30eed,17.7,upi,success,2025-10-22T09:06:00
59832d80-aaa5-4f95-a4ea-4ff188e73af5,85b43ac1-8788-4f5e-b201-06b2edf48d0c,35.34,netbanking,success,2026-01-14T11:59:00
35dcff4d-fcc4-4f8b-bfac-f1884743f6d5,f298a9e8-1a85-4eaf-ad64-4fce2c50ce6f,17.45,card,success,2025-10-31T15:34:00
5662c08c-7eea-453b-b24a-5d3ab98c868f,0dfbee3d-bd6e-4a6f-a46f-918575f63a2c,40.95,card,failed,2025-12-13T16:05:00
7da9af40-bfd7-4f78-9a16-59bce6472399,9195fe56-3e40-4cbf-a0b7-e97ef7cf7f3a,45.9,upi,success,2025-11-09T17:38:00
58bab280-7ff9-4940-bfca-11ec4861b979,77d14b27-5913-42d4-8dd8-94378ca3da97,264.84,card,success,2025-11-12T09:30:00
2a610955-64eb-4cff-8ca3-30b47e240d1e,92e1d591-9cd7-4919-b1eb-e1699d54f26a,49.05,card,success,2025-10-14T21:05:00
a6ba12a4-12a6-4710-a931-821799b8b7cf,aae3c3a8-1ccd-433d-8b04-af4fd64d82ba,51.46,wallet,success,2025-12-10T03:31:00
6bccd121-4a05-402c-a106-81d90c3b6648,c8bfa811-70da-48ac-a6dd-8f9d66f41f01,34.81,card,success,2025-12-08T14:22:00
9f9a76ec-5ee9-406f-a1fb-bc31edb6e0d3,f0c0d55e-a8ed-4043-a2c1-bb0cc4e0ba1f,71.74,netbanking,success,2026-01-11T08:48:00
a941e613-a822-45b8-beb4-a0a1cfba1acb,84d830d1-8eaa-404f-a2b6-6038728d619e,43.16,netbanking,success,2026-01-19T17:44:00
7cc5dfed-6710-4e07-8449-66e6825c8fe0,d2b0ab56-7b8f-4590-9e92-0a8933700aca,69.4,netbanking,success,2025-11-21T17:35:00
7831b5e2-d3e6-4046-a511-af5cbd04ba99,78429788-c8ca-4604-a424-70ab62819fc8,28.36,netbanking,success,2025-12-14T08:52:00
4d42feb5-ea48-4827-bbdc-0fc3b643ed5f,694e8c80-ddd3-4731-ac1e-361c0438291d,84.16,wallet,success,2025-12-13T20:03:00
be0ac198-bf5f-4bf2-b492-952742ec424e,b6604f25-ad72-4971-930d-ea4ce08f515d,47.86,netbanking,success,2025-12-01T19:33:00
b59ca415-16ed-4608-ba05-fb887784dd11,d014b6bc-4c6f-47ca-a81d-d810c44d9b68,75.17,card,success,2025-12-25T00:21:00
be0c4d33-a579-4a5f-b6d1-6759efa61250,1abc4f09-ea80-4bd1-bb6b-ef6bc4b8707e,81.61,wallet,success,2026-01-14T18:16:00
63e8e2a4-c214-4e13-ac23-e1bb321adabb,6872939d-ef25-4e2a-af07-c08732558dfd,49.14,upi,success,2025-12-08T04:59:00
a6a69e38-30cb-4424-8f4d-af85e115aeaa,1755141a-cae6-4208-b4d9-001e35f8c631,48.08,netbanking,success,2026-01-23T08:04:00
a20c2ac0-f953-463d-b4c7-26d50050720a,7c85b346-f8be-4f3d-b884-f2b649e64d6e,19.16,upi,success,2025-10-11T16:48:00
ae7b80c8-c9a7-4ea3-9a0e-7d8e880c0d4f,dab8cf3a-212e-4069-8d82-2abc88e13383,30.13,upi,success,2025-12-01T19:08:00
508f816c-ddfb-47cb-85c5-3e40711fece7,534e60b9-4196-4fe2-9f62-f17c7d0abe16,92.86,upi,success,2025-12-26T13:32:00
08bf20b2-214f-41b2-8a8f-770aa9213b0d,2442ddba-3ad9-466d-9eb2-f27e6ffb85d3,73.5,card,success,2025-11-15T08:16:00
ece19927-b201-4dcf-8d26-8741baf6cc9e,fd6170c2-c1a4-455a-a972-66b9cc2a9909,19.93,wallet,success,2025-12-10T12:33:00
592c3255-ecb6-492b-b0d4-8bbeda6b3707,14bac818-3a88-4421-a6b9-e9049c4d124c,51.77,upi,success,2026-01-22T15:13:00
1ea01076-87d4-48ed-8ea1-52a64ebd8ebc,b1c8248c-00a5-4195-9eee-35af4ee44098,118.4,upi,success,2025-10-19T03:30:00
c32f42ce-fd0d-40ba-97b6-cc1a74fd1f65,bf581770-9828-4f3c-bb5b-54d8bc7eb230,55.05,wallet,success,2026-01-10T08:57:00
26d8ec38-e123-4f29-b66b-520a03dc1918,9a72449b-8cc3-4e8c-8587-185312ac6678,22.56,wallet,success,2025-11-09T12:53:00
68901d47-c43b-44fd-a0d9-8a05adaecfe4,5322a4b1-c091-445b-a265-378798199e1c,44.25,netbanking,success,2025-11-01T15:02:00
56f8e92d-be4d-43f4-8522-b6048280937d,1b51a1c2-0303-46d0-85e5-45e4e2e3dc10,62.16,upi,success,2025-12-30T09:43:00
2bb0582b-0dca-4aef-9bdd-bf9aaaa05370,9b47afc3-72e3-4dde-9d1a-8c42e95070c9,178.26,upi,success,2025-11-11T20:08:00
9115766d-9484-48a8-bfcc-ecadfbdbcf7f,b1f0e6ec-4faa-47ca-8f01-c6bc0f4ad3df,62.69,upi,success,2025-10-28T08:43:00
cdec8c9e-9bc4-4d3f-a2a7-04bce15e25e0,2ef4ce8b-e3b3-43fc-91eb-fcde800da75e,28.36,upi,success,2025-10-17T12:02:00
2eb6ecef-9608-40e4-8bfd-8c804685e998,ea4b2ce6-6f47-4f5b-921f-12bfe5b92439,77.47,netbanking,success,2025-11-27T07:50:00
2f70c5ab-26a1-4d38-b5fe-63c82921d695,982f0c53-2a78-48eb-98f7-198e14e52202,39.36,netbanking,success,2025-11-08T07:36:00
cf705442-8ce5-4cde-9fbc-a48030bb305f,31da8ee2-b086-4fd7-916e-d776a331a67d,25.41,netbanking,success,2025-12-14T09:51:00
795341a3-2c42-4758-8f95-0fdd601f3445,39525a6b-d16e-4be8-b449-9b51bb4393e4,50.08,netbanking,success,2025-12-04T18:13:00
8f3c76d9-1b02-4f3e-b571-e9f3c51946a6,cfb0c428-b38b-497c-a740-634c97dc799c,162.92,card,success,2025-10-29T16:58:00
56e9a1f3-3244-4bfb-aed3-eb9d67c9bbd5,9c735604-e892-45da-934c-9acfc39049a5,73.1,card,success,2025-10-19T19:10:00
7652de9b-9dde-41b3-9025-6065738057f9,765c7b57-5349-4f16-bfcd-10bf9f11810c,58.26,upi,success,2025-11-06T10:14:00
bf2b7058-80f5-490e-940d-2bc43fa3bbd2,8137b1e4-07d8-42b8-8ca1-2d349ece16fa,52.81,card,success,2026-01-11T14:37:00
51e8f628-d233-4f05-9f3b-b3416a3babc5,1a9e2968-73ac-47df-9751-860ea7be5d82,115.64,wallet,success,2025-12-09T01:48:00
2103aacd-48c4-4458-8596-439c7b14af8e,64d80aa5-d579-4295-badf-bb7c0950e19e,100.16,netbanking,success,2025-10-27T09:07:00
a62a0a9b-0441-4d18-8ada-e356fb93bd1c,07f1374d-6813-4a2a-bb9e-67d5febb02ee,20.23,upi,success,2026-01-14T22:15:00
b63e06d7-8c2d-43b4-9453-15727c1a56ec,bd641026-1bf4-456a-a162-ef668f887c5e,165.24,wallet,success,2025-12-21T18:26:00
98a8a5d1-47a3-42ba-8fd8-43b2f77dd4cb,7eaf354d-40c6-4e5b-89c2-b1eb967a9063,37.64,netbanking,success,2026-01-17T01:58:00
411921eb-eade-4f76-94c8-49790375f91e,581f9e15-9e76-4b54-a4c4-0628d7a5fcb4,22.57,card,success,2025-11-17T21:54:00
72932c54-da76-4ec2-885d-0705385f29ec,87d692f0-8ceb-4746-9e42-7cc0a75759e8,53.18,netbanking,success,2025-12-30T06:37:00
2bfffa32-771a-4059-8bf8-319c1506b4d9,397c8d19-d017-42f6-beb6-36783bac6665,204.84,wallet,success,2025-12-08T00:18:00
b231b38d-9014-46ae-a772-1be58000eaf0,26e81f30-44f5-4187-aa10-e755218f4245,121.46,card,success,2025-12-19T18:25:00
aaa8ef06-e4d5-4e56-8c46-5815e5c7d9f4,f87019ae-b6d5-4d9f-8734-8f485ea13234,45.02,netbanking,success,2025-10-19T19:05:00
45b9acbf-a775-4874-9b81-f1f2338275e4,6d072e96-6046-423f-8c44-19a451a0807d,106.62,upi,success,2025-10-08T01:51:00
362300c0-20ba-4109-9f17-296907113a64,5126793a-99d2-4c6c-95f3-3aca7e613a15,48.97,card,success,2025-11-10T08:56:00
1aeba37d-7c13-4521-bf3e-cba008ea6075,4d1b2751-e3cd-45a9-8348-5ac738974905,37.14,upi,success,2025-10-20T23:55:00
308356e0-69e6-4fe1-8358-ac2639e45663,42d27887-d588-4b84-bf70-494f6f9c7320,158.7,card,success,2025-10-01T17:10:00
c4c2ad44-e029-4d52-82b1-b2111b54f2f4,9e05c691-e849-404d-a72f-d843d3a28a97,41.56,upi,success,2026-01-02T21:20:00
e15c66f5-113d-4ef7-b48b-d2df3e7b4baf,4dfeb642-c54b-40a4-83b0-b9d1e22a9839,69.96,card,success,2025-12-16T14:33:00
d5c9f5bd-d1bb-464b-8762-a564be2b855a,727f3bdd-36e6-475a-b082-480050ca8194,53.34,wallet,success,2025-12-06T08:04:00
0b79e9f7-f9eb-4619-84ed-1c5aca3d22b1,cc5dd6e5-acbb-4b41-8ab0-f7cdb0916a97,28.39,card,success,2025-10-15T14:29:00
f656b269-9eb4-4b46-87b5-3552ccb286bf,19ffdc7d-2fcc-4232-b887-5b44773ee41a,85.82,netbanking,success,2025-12-06T05:16:00
2f2f0339-21e2-4933-9ffd-5817c989ff0c,a94b23c7-2663-442a-8476-8ad1bd93d9aa,31.96,wallet,success,2025-10-31T23:17:00
921ad1f2-6872-4726-b13b-613f3932fea9,a20e7fdd-aa93-419e-84c8-efe3a8809c28,12.31,card,success,2025-12-06T09:23:00
19372362-ac6c-430f-8c65-78bed3db96f1,6175285b-6d9f-41c8-bc3d-282f1b9554d6,274.8,netbanking,success,2026-01-28T18:28:00
6c0085a2-587c-4172-a630-ef5300d122c3,59bddfdd-44c9-49fb-b5b3-4c8643a321a1,39.41,wallet,success,2026-01-17T07:40:00
ee5c457b-7523-435e-8094-67b8af967b5e,4426e8a0-f5d9-4f2e-8640-15ad6ef384cd,90.54,netbanking,success,2025-10-23T22:04:00
8042c7fc-cc8f-42d2-9324-a17d2fe8ca8d,22a84143-3c57-4412-be84-8390664353b5,57.72,upi,success,2025-12-06T16:01:00
755d2db4-8290-42fd-8e80-b1c90ff266bb,caa79d1b-e91f-4930-8f7f-4ecd83086f5d,414.78,netbanking,success,2025-10-20T01:29:00
a2822dd4-05e5-4bfc-a1cd-c4c87e32fa62,b46373d9-9a1c-492e-bc24-ed1bbdef86a9,96.6,wallet,success,2025-12-28T18:28:00
0565d5ef-1354-4b49-831c-1d7e0f3eb5a0,7fe68d69-ebee-4296-b0d7-436001b1e593,49.44,card,success,2025-12-26T08:56:00
fdd6b670-b246-4793-bae0-881ad0d183a8,77570cae-1781-4b3d-b450-8d2cd32cd856,14.2,wallet,success,2025-11-29T18:02:00
f8c75ffe-cc6c-4b30-ac18-7404c3f25e06,67f155bf-65cf-40d9-b8f2-f32f08e38207,73.52,wallet,success,2025-12-15T15:43:00
8fcd2251-3925-46fb-9218-309c6c6e1aa4,c097d184-0d4c-4e68-aa9f-e7daa7c67fe1,88.59,card,success,2026-01-16T19:44:00
f3ad8d31-5696-4e79-a6ba-b41e085deaa5,50e66c9c-3967-46f8-a1ac-259429682ba8,101.78,wallet,success,2025-11-23T08:03:00
01c03da9-d585-4989-9638-89595b71fe3a,9b36ce89-9a6f-48bd-8d06-d4b4efb58a9e,26.59,card,success,2025-11-23T12:28:00
8ef3ba51-826f-41cb-8fff-8bf2631b4edf,bf1cf7f2-145e-49cb-ad51-0cb2fa71b689,51.97,upi,success,2025-10-17T09:46:00
fbcf5de3-2de9-4295-91f5-10c2fe98b6bf,77988237-8ac3-45a3-a25f-1260b7167b83,64.74,card,success,2025-12-15T16:22:00
c36703c0-f0f6-4cfb-8bda-efa3e1d652b9,0a7411a7-3e44-44ec-83ae-91fc5ed05fcf,91.5,wallet,success,2025-11-15T07:43:00
d91b1e61-691c-4894-b866-b0febe587c16,b539ea12-2412-44c5-930d-fe0f4737d1cf,14.12,wallet,success,2026-01-04T16:56:00
b195db50-f6e0-4e47-9cda-46ddb577239a,dd9f40dd-8d54-408e-af78-2e0311fec0e4,251.4,wallet,success,2025-10-24T20:07:00
91f2aa36-2406-48e1-9974-ae03c58ca23a,0eb1234b-5a41-4787-9c4f-2f4cdb9d51ba,37.14,wallet,success,2026-01-19T16:31:00
78aeac8e-f843-4acd-a785-aa0b0374ad32,00148bd4-0d1c-4c20-afd0-d85da0f2caa8,25.59,upi,success,2025-12-11T10:55:00
c9aa90ac-2ba2-4c48-89a8-90696e72c313,7db63498-e8f5-4cb8-993a-9c94d98696e7,24.77,upi,success,2025-10-03T21:59:00
f8e7da04-4f0b-449e-98a8-f977452abb5e,2f34f9d8-d952-40db-a863-e1870fad87b1,313.38,netbanking,success,2025-10-22T12:48:00
f9b7f01b-b9d8-4cb8-9cc3-5bff54e9e045,bf386023-f009-4ff3-92a7-b556d9660dc7,49.3,wallet,success,2026-01-18T06:45:00
6fbd4169-0e9e-4d96-9f78-e584c3fd2a71,ba13954f-5ceb-4e2b-a614-b01e0baf193d,88.08,wallet,success,2025-10-01T20:22:00
ae8792c5-08cb-49fe-95fb-f1564f43d7cc,0fba00e3-5c2b-4dda-baf9-6f6c3bf262f9,36.0,wallet,success,2026-01-18T06:39:00
46152f70-17e0-41a0-a0f2-0e265e4a82a6,2fb094a4-cfbc-4d29-ba6c-13caaa616dd9,28.06,wallet,success,2025-12-21T20:23:00
8ce6f6b4-c529-487d-b41e-0f926f1eb6aa,0eafe228-d808-4971-933b-e225cfbee79a,157.44,netbanking,success,2026-01-07T17:05:00
dfc81fc3-14ec-42dc-8bd5-aa9df8014130,3fd6d11d-3dfe-408f-aacf-25f83c3f983c,40.9,wallet,success,2025-11-12T23:53:00
e7d8acaf-c7c1-475a-a045-ce6b8178e3fa,7124eae3-5134-4d31-92b5-8b6e0d9f7474,39.42,card,success,2025-10-29T12:01:00
be9ce30f-9e0a-49fa-a542-d8689e6dc4e5,a9b9208a-e533-4d00-ad05-0a7e9f304188,94.6,card,success,2025-12-03T16:40:00
91463c30-9b52-4356-be32-a5a7413a7a74,7550c05d-1ba8-418a-9f99-3704d7c0cecc,34.86,upi,success,2025-12-28T06:57:00
8f663c05-ed14-432f-81b2-6ee3a56933e9,a73f1f89-e6ac-437e-86b8-db460407aba9,148.2,upi,success,2026-01-25T17:20:00
685e5bb5-e43f-4ed3-81be-14fb8e50b0ad,c55c8a4b-1df1-4766-8ae2-a89c21c07980,16.16,card,success,2025-10-16T08:10:00
35dccca6-34b2-4fef-b6ef-222f8c7a0804,85a87cf2-893b-457c-a420-bcad84b39be3,78.42,card,success,2025-10-06T09:08:00
ef006cfb-598b-4b3d-bbc3-6da002e525fb,ec56dbd5-543f-4d68-aa8b-65ba8b830c5a,46.4,card,success,2025-12-22T00:49:00
e2eb677b-4be0-4841-a2d9-7b57938642a2,e66d6766-7f88-4ed3-9ede-af08794203e1,125.68,netbanking,success,2025-10-25T12:22:00
48647c6c-2a67-4a3e-afc2-5fe0b3963454,96add857-58fe-4d71-8952-6f21f974e724,268.02,wallet,success,2026-01-12T17:16:00
b47ce202-abf6-46b4-a234-432ed7337d21,019466bc-243f-4dea-945f-a0a39e7a728c,66.7,netbanking,success,2025-11-08T08:48:00
28151305-7163-4df2-b24d-14c5763d2f79,ea846190-e2b6-4a6d-a789-43727d92dc27,20.38,upi,success,2025-11-08T18:00:00
1259186c-fe6e-4de4-82cb-dfdf9254f7b3,35509c37-bc7d-4e52-995f-15013ec71be5,98.85,netbanking,success,2025-12-19T19:37:00
64b39580-da8b-4aff-99c0-4da36e7fd04c,f045e99a-2f50-4dfb-b4ee-e0a5c1f2445b,33.34,netbanking,success,2025-11-21T07:22:00
8804cdb7-b2f7-4bbd-93f7-a9fc06ccfd95,3cf62516-8004-4102-8011-26dbf8efca05,23.43,netbanking,success,2025-11-26T21:04:00
d16aeda6-2d32-479e-a8d6-68d2d7acd7a2,48f2d167-2304-4d53-aa70-b9bbc80fc5bf,68.0,card,success,2025-10-13T15:54:00
df973734-4c41-4d43-9c77-c3a5fd33dddb,c087ce38-fc90-4460-82a4-54faadac5b1c,29.15,card,success,2025-12-26T17:24:00
bfa0ca6f-3eb2-459b-ba5e-176607c02fbb,098fd302-fd10-4ea1-9221-a4b32ea9c3b4,29.48,wallet,success,2025-12-29T08:14:00
99eba51e-caa6-48f8-b260-3815af895ce1,50ef2d72-ebf2-4242-9a74-a09772a58275,43.66,card,success,2025-11-28T18:14:00
909ac85c-ac0a-46ed-b322-a59b26ea3f4a,c886a358-6c7d-4e2a-b942-15885f3e6362,64.39,netbanking,success,2025-12-22T08:34:00
ee5e0db1-d1f0-4f42-8788-8b29451cccde,fd382213-566c-45d8-8c5d-f96089da7fa2,27.61,card,success,2025-11-02T17:43:00
0885d58d-dca5-4c37-b87a-59f17bf0fc5d,684fdf51-8aba-4ea3-8dcd-4621f847600e,84.14,upi,success,2025-10-15T15:45:00
61866dbc-eada-4a26-abee-2003adb29169,c8cce22f-72e3-49e9-af4b-e6eaa61afd27,120.02,card,success,2025-12-15T19:20:00
dd5f2a4f-d947-4e64-a3bb-420aafc1569a,46cab14b-4ab2-49b6-ae8c-f6aa0cbb3798,41.23,netbanking,success,2025-10-27T16:03:00
b59dd88d-91d1-4d55-97d1-1ab3af46a424,bfc6aad1-700a-47e8-a455-a9409937b2d2,35.47,card,success,2025-10-11T13:42:00
a7be3fe7-5280-4b9f-ab4e-07202684152b,4847325b-e5b8-4843-9081-e5741ee86aee,17.96,upi,success,2025-11-13T20:28:00
52807e3f-bb18-4284-b3ef-fa3a2cb468dc,abe75f87-2e31-4d31-af5b-f14b740efafb,99.86,netbanking,success,2025-12-02T08:02:00
de6a74bb-3ea7-4c62-ad80-2a841328f076,d478bf69-5726-4207-a022-7513fcae32cc,39.46,wallet,success,2025-12-21T07:15:00
03c74837-8561-49bf-bc88-f93918351574,93c13e50-f894-4908-9cb7-661f4fa0f43f,50.97,upi,success,2026-01-21T13:03:00
b45e1fb3-a4c0-4510-83e5-13df44493152,8eb947e9-95cd-4792-861c-03beea5b03d0,34.88,upi,success,2025-11-11T16:06:00
409c3595-2958-45d8-9988-d1063f4478ff,9507153e-9bb2-4020-bac8-ba04d5a7b077,45.66,upi,success,2025-12-16T10:57:00
b7db0dc1-963a-4ac8-a543-351139357fef,0b648e99-2332-45ba-9241-4f9669a90d40,38.76,netbanking,success,2025-12-23T10:39:00
ba42968c-020c-448d-94e8-cbd52fc78945,5bbfb918-4cd2-4324-94a6-5eec550f2fea,58.14,card,success,2025-12-30T21:06:00
9dce0f1d-af1b-4e88-9d86-9229e2c167b7,93226883-8755-4a09-a06c-04fb4fcae1ba,35.58,upi,success,2026-01-27T18:31:00
7c29d279-d014-459e-8112-9da62b2ff00d,5c216c4d-f36a-487c-88d3-b7f3bcef7b32,41.95,wallet,success,2025-12-12T08:43:00
4e8bee04-0a95-4474-8c41-68424b3ec359,43eecf4d-4cfd-4a5f-a07d-afe650eb5402,58.46,wallet,success,2025-12-25T17:00:00
8cd60c44-44df-467e-be8c-134c0da8e4bc,37b0aa9c-6522-43e2-a347-3b441b570ef9,185.92,card,success,2025-12-29T18:10:00
a3bcc80a-bf70-4fba-8bf7-6afa03099dc2,af2ae37a-aa19-4a77-95ac-bfbfaa3b636e,74.01,upi,success,2025-12-20T23:57:00
1871a50b-bc2c-443c-9892-d114d21939ad,ebb00a9b-5dfc-452a-a948-baea3c518688,207.52,netbanking,success,2025-12-31T13:37:00
f316dcaa-3136-40a7-8bcc-50d74db14a34,571622cd-e6cd-4bbb-9bac-b23b5ff5eef2,62.45,card,success,2026-01-17T09:06:00
8bc795bd-7a09-450d-9223-9bfc7be29d06,714b089f-6ad5-4e2d-81cd-4a3844e1975b,49.24,wallet,success,2025-12-22T09:13:00
36e42607-3d82-4978-ab3b-2f7e3cefd79a,e425afdd-6b31-4374-ae7c-d69823f5725e,40.64,card,success,2025-10-10T13:57:00
275ec9da-9f12-48ca-a518-f4f843ef4d10,4e90616e-8f9a-43a9-8631-56ff339cc638,64.75,wallet,success,2025-10-26T17:47:00
e30e7b0e-7e7b-4a1a-bb7d-74f993a45ec7,05e19df6-736a-43c4-bc20-134160e388df,111.54,card,success,2025-10-17T18:54:00
a44b0da4-3449-4e9d-a2d3-342a46513918,149e7b34-f254-4fb1-81f4-56b07c74a5ba,37.45,wallet,success,2025-12-18T18:58:00
02437174-847c-4cd3-8509-bde37d4675bb,b1ba5ece-18dc-464e-82fe-c85fe14c6e25,173.94,card,success,2025-11-07T18:53:00
b5231d1a-18c5-4895-aad6-630f6fc3ce0b,09854c22-fdb4-4026-af37-93b3342a01d8,83.42,wallet,failed,2025-12-24T08:30:00
8bf40be1-b715-469b-b949-8356446c75a0,ec42f537-38c5-4d92-82b1-57ef60b21ac1,50.3,upi,success,2025-12-24T21:20:00
94882747-2671-411a-9211-24d1403f62db,7342b083-1b32-4295-bed8-97374b4f6e1f,10.94,upi,success,2025-11-09T02:16:00
eecec934-26c1-412a-af67-9004530a8cb0,300d92f6-649e-44d0-86d4-8f329b4e8023,55.0,upi,success,2025-10-27T09:27:00
1dfccb4c-9e73-4797-a133-e6b8129beafd,75152f5b-bbff-4312-8607-da7edebce0e7,37.87,upi,success,2025-10-12T10:04:00
0beb62fe-c7bc-478b-84f5-ae473c9b0677,22f4b970-7033-4066-87b5-9bbd0f2ba1d9,39.76,netbanking,success,2026-01-17T17:12:00
5562f815-f186-4891-b3b7-e9dc6702626b,a5aabe31-2d6e-4fb9-abb2-52afc6b10c5b,21.82,netbanking,success,2025-11-07T14:45:00
9421e1c9-b578-488e-acb9-f1a5b94b4de4,59befc83-626a-4f1b-bc68-b69a21c1cbad,49.8,netbanking,success,2025-10-18T09:38:00
f1dee393-059a-4aff-bc16-197a96d88bcd,00459dcc-ca9c-4da0-929c-38d9f92dc184,94.04,wallet,success,2025-10-05T03:10:00
5651f352-5768-412a-b549-078d4c69ce7d,b02eb55c-eaba-4df2-8f4a-bb7eddc6ce49,46.88,upi,success,2025-10-01T06:23:00
f8714ecb-c5dc-4fc9-bd1c-b2d0b81f5d82,a8c71553-0ab1-45cf-b332-ef06747e25d7,18.47,netbanking,success,2026-01-16T13:41:00
31ef9621-191f-4192-b5bb-f0659bc7771c,1f366c88-76d7-4410-bdad-4d6cfd22ee7f,20.82,wallet,success,2025-11-26T08:36:00
8e6d7735-5345-4f4e-a2cd-1654806bbccd,ad6247e7-b736-465b-9920-5a3bb361d3d0,86.67,card,success,2025-12-10T20:52:00
13945bad-f66d-48d4-beef-5b39cff3a9a9,68c6151a-55a7-4bff-9ff2-5e795265dab9,16.99,wallet,success,2026-01-22T20:47:00
d6e6d177-27a3-49f6-964d-70810dcf939a,4fd200db-1fd8-4ed9-953c-c265cf4f6cb5,191.64,wallet,success,2025-10-05T23:12:00
6e0619d5-cbe6-4ed7-a2d6-51f4f6990436,2254e5e4-1d3d-43a9-93f9-191548849a5b,223.48,wallet,success,2025-10-22T19:37:00
3819e2b1-c653-4de9-9548-6da76b28e0b1,004134d8-9ac1-4279-9a42-98cb268cbda1,11.89,wallet,success,2025-12-26T12:23:00
a35520ff-fed0-4a61-9856-cf5e4ec60ac7,c5917084-8211-49ed-9a7d-b33a91aab280,35.09,wallet,success,2026-01-07T08:20:00
05410103-9aeb-4e16-bedf-f84ca1b23ceb,4244b0c2-9ea8-4080-b831-11a23bcb834a,59.54,wallet,success,2025-10-09T08:52:00
66b00a7f-f73f-454a-a9d3-c1286285654c,11c7d3c9-572d-49bb-9a59-e5643cd016e5,56.4,netbanking,success,2026-01-17T10:33:00
75568c76-81af-4503-9d11-aafa499c0c5e,67b5bd70-4354-42a9-ac1d-d148ff49d7b5,16.88,upi,success,2026-01-11T08:43:00
f129c28c-9017-413c-8d37-36289f20bc94,4c581f5c-dac6-42bb-87ba-41eb3a288abd,18.82,card,success,2025-12-13T07:14:00
8ec99034-cf16-485c-9fc8-fd4aa332bc9b,e3e389cb-a4a7-4ef1-a08b-08332557664f,42.77,wallet,success,2026-01-25T13:22:00
fb6aaa46-b9e4-4d88-be06-c343f1a9f6f8,a1775e00-160d-44ae-bdec-729a6f3ec50e,101.96,upi,success,2025-12-17T20:15:00
e3693266-c517-4695-ad6c-f548a0550c2b,7ea9cb34-9b82-4a14-a526-2667a920ce8e,81.5,netbanking,success,2025-12-19T08:10:00
ff0fcf21-8a7f-45df-a497-daee486bbbc8,c48406ad-b679-406e-94e8-f6968a74188e,103.5,card,success,2025-12-16T06:05:00
1db6b63f-6e79-4f30-accf-6cfb00c1379e,1d755e2e-bfbe-45a3-ba2d-ce4442c45934,68.97,netbanking,success,2025-12-02T21:15:00
d60fe9d1-ec1b-4117-8558-a76dc2edd02d,bc0f969d-b233-4959-8aaf-c0d366665bf6,17.76,upi,success,2025-10-13T17:41:00
677d2661-da99-4d04-b8e0-4437e5287144,498296e9-7e00-4df9-8e23-a58011fc29f6,36.59,upi,success,2025-12-08T18:55:00
93f8beef-6a0d-463b-9c91-313e31bf1fbf,7d4eb30f-b4f6-447d-9462-e35403b1cf9d,67.6,wallet,success,2026-01-22T07:01:00
f573356a-f59a-4daf-a092-33e0af8d7373,070894b5-fbc6-4879-ae64-3f9fd13f6142,49.08,card,success,2025-12-30T07:56:00
a1af1364-2348-4ca6-93af-7e7b169ecc28,4f313ddd-0401-4bb3-8da5-c6b9ec016230,75.02,upi,success,2026-01-23T18:59:00
b03826a2-de70-4269-b35f-60bb6ce5883b,1466c955-2cfa-4d4f-bf93-eb64e6a1940f,45.85,card,success,2025-11-08T08:33:00
0aae4d66-8132-47e5-bec8-b53c07abfdfd,8519d911-9913-4d8c-8f7f-8f3d9373f9a4,30.61,netbanking,success,2025-11-25T15:14:00
7fa6e0ce-5fba-4ab9-bbde-2b2325375643,982402d9-409c-4d4d-9a3c-c7b01745f43b,176.34,wallet,success,2025-12-26T14:34:00
22dc70c8-16dd-49ce-a5ab-4cb923967e52,9586123c-7d59-4051-9026-b32c00ae5b05,69.36,netbanking,failed,2025-12-29T00:38:00
5dcca22b-1d9e-4b01-b812-7b52d49788c5,860e58e3-5176-4b28-8ab1-57d831c1d529,48.78,netbanking,success,2025-12-01T00:12:00
524edeac-00b9-4b76-8d16-c93e271aac0e,3a5e5c8a-5ce3-4732-a581-0208d99e8f0d,69.84,card,success,2026-01-05T12:39:00
a5eb6865-b7c3-4775-b5c0-ef9f833cda64,b1ef964d-1f0a-4642-be78-777af59c3910,44.23,upi,success,2026-01-02T14:14:00
0dd83553-1c17-4c82-add5-15cf730a0205,0f83081a-1ddd-4894-9202-e4f7ca3ac958,313.2,wallet,success,2025-12-05T12:26:00
e2cf01e9-2565-4b18-8d06-2b9e6c9af65a,c8f2f0c9-c111-4564-b73c-c7d7e2063827,29.82,wallet,success,2025-12-02T20:14:00
c36b8f9b-b6d6-4164-b76c-a51b8f376f0e,fccaebc3-5f21-408c-ac13-bc7a07d109a8,230.76,netbanking,success,2025-12-17T12:10:00
69363084-ec9e-4eb5-992a-ba91209326e8,38ffe261-5a94-4ab9-a1c7-56fa7c7fdc81,42.27,card,success,2025-11-11T13:50:00
1c27e403-47bc-418a-91b1-a1cccefde6c4,5630f54d-b79c-4307-aa9d-bc17d4adb3df,197.94,netbanking,success,2025-10-12T20:32:00
0dc455e9-6bae-4382-9128-a31418c6b9a5,269821e7-8589-401a-8ce2-ea14328e8bed,35.59,upi,success,2025-12-06T19:23:00
a5fd8421-8111-424e-8169-34aa40f96bcd,1dcaefa0-ac45-45ad-9790-a52a00c95673,16.41,wallet,success,2025-12-24T06:27:00
5c895906-5a84-4a76-8eae-8374bfcb340b,02f65166-e485-4955-9bb6-60023b9104cc,67.56,netbanking,failed,2025-12-22T06:37:00
64468250-5b35-489b-8f0d-827618d796c0,e052497d-591b-49a1-a215-4979312ec059,285.78,card,success,2025-11-04T20:04:00
1b3a59ac-009b-4736-aa42-e26f51add3ee,2475456e-6ec8-4b4f-8602-01450b0163fe,69.48,wallet,success,2025-12-08T09:57:00
f8d4d07a-5d2c-4694-b91e-3fc94764dc87,a06b9d06-e336-4306-b45e-56e0f4c9ff58,319.38,netbanking,success,2026-01-26T19:49:00
ef5e9438-0005-480e-a982-c0e4c69e9787,dab4c264-2d8d-4d8e-b1fa-3217419736e4,25.95,card,success,2025-10-06T17:04:00
0e2e3d6c-8bf4-40d1-8df6-8d1d3d97fd2f,859bdfa7-d8db-4b77-adf2-8708eb98ff6b,98.12,upi,success,2025-10-22T21:08:00
ae17c52b-bd93-40ef-9f44-a58e1b16df7a,481e19dd-65e2-47c8-b633-a600fa155297,67.6,upi,success,2025-11-15T19:59:00
0956ad4a-896e-416e-bf8a-42d419ee6192,cff566b2-cd30-4ded-8005-72e399abd3fa,36.77,netbanking,success,2025-12-27T17:43:00
b932d761-e5e2-4e9e-aa7b-ebf703ce4700,46141cf3-7b6c-4168-ab0c-8a6dbad3698a,29.08,wallet,success,2025-11-08T13:02:00
d54f66d1-cd7d-44d6-8e3f-04262b2f2e7f,01464d0d-aa74-45d9-a127-c8138d62a2c4,25.34,card,success,2025-12-17T17:16:00
dd7e2a0c-608d-468f-bee0-541011fb8cda,38efd38f-5bba-4cd0-937f-2655112f2f02,20.12,wallet,success,2026-01-05T21:09:00
6a420d58-9f75-45b0-9c62-435db492fe2f,0a30ca43-aa59-4859-9b13-148a165ed20d,48.11,card,success,2025-12-23T18:11:00
5f25b534-3d09-4579-955b-86c23fd90ecf,f8801cfa-db77-4bbf-860d-2a15d49bd84f,31.62,card,success,2025-12-17T18:52:00
5499bd63-7b2b-4aa8-bcb4-daa60e64ebc0,6ed5ab47-949a-48a9-9187-ffa606e8edee,85.34,card,success,2026-01-19T21:57:00
56478dd2-686e-4706-9e09-6ddac2ce9c47,e5afbbf3-3623-415a-92e2-c4d3ea1363ff,21.23,netbanking,success,2025-12-10T21:53:00
35ea927a-f4a8-42bd-8cb2-c1c83f007bed,a37ee35f-01f0-47ca-b9ac-f0fb0dcb5189,59.11,card,success,2025-12-18T16:42:00
05a039e7-e7e7-43d9-9caf-f0ccbc46a5be,6b3df758-389b-4dbf-88d8-89cf7724a25f,22.09,card,failed,2025-12-26T17:48:00
46c06940-2888-471c-9988-34f66d954800,c40b15b1-21fd-433a-aa38-4088028e9606,46.5,card,success,2025-10-24T13:08:00
84cf6dee-073a-4071-a60e-104552173c67,8b4f6320-e512-431e-98cc-7116f133e911,59.71,upi,success,2025-10-25T06:08:00
47e51e70-8a23-4805-a5bc-77d14dfb2990,a6a9b2e2-d4e3-4206-a9cf-aebd872576fc,60.96,card,success,2025-10-31T18:55:00
4349f1d5-ef08-43a9-b385-cdb5ca16f378,5b07efe2-698e-4f4c-9fa6-63eb28f52820,34.26,upi,success,2026-01-11T20:06:00
3db22994-5c28-44a2-8e8d-4258f91386ea,13fe7dd2-2f19-4869-8fc4-01e020e471a6,32.97,netbanking,success,2025-10-29T17:32:00
a417736e-591a-425a-b76e-77151b03a7c4,94960dd8-29b5-497c-9f3a-0470757a3210,37.92,upi,success,2025-11-16T04:37:00
b7a83dda-3289-4d2c-8d42-91a4deb9b83d,220b0e18-6b53-4ea2-894a-d50693e30f25,9.94,netbanking,success,2025-12-11T11:59:00
605d0122-31a7-4d26-927e-a66b9ef3a130,93b62c6e-0cb6-4d6d-8c06-0477283db869,41.88,card,success,2025-12-19T20:16:00
63ad1370-1b8d-4cc0-a6d6-5401b889b0bf,cbe4e03a-f8df-4e2c-9078-7d2c1ec51d51,42.15,card,success,2025-11-20T10:45:00
d12dff6c-106c-4c05-9ffc-b700ea6c23be,542e8957-1bb3-4688-a4c7-09758cc3dc3c,117.92,card,success,2025-12-05T09:12:00
7262c4dd-c5dc-48bc-84e3-587fc697c4ef,74c84d2d-b3fd-4c04-bb39-0fcb12dc23eb,60.24,upi,success,2026-01-19T03:19:00
d4a4580f-722e-4b9d-9dd8-95b10755f198,04fc7a5e-6a5d-4a7d-afa3-b34cf701bf3b,43.72,card,success,2025-11-22T09:24:00
c67b655f-aad4-498f-851e-3e7434fb5665,b7cb2bca-5f03-41b3-bef7-2509e8e33ae4,106.0,card,success,2026-01-08T17:53:00
4cfca05e-fce9-4231-9b52-6b2ce2814ac6,b4aaf760-445f-45c0-9edb-806f641cf3bb,22.57,card,success,2025-12-04T09:09:00
a57a63ed-b120-4608-a3cd-a5d1928951ef,ffa96cc3-5239-452b-a5b6-adb8897f0cb4,74.31,upi,success,2025-11-06T10:59:00
4b43ce96-76ad-4eff-8cdc-0522d858833b,34af66b2-0c7e-4abc-9146-3981fe82eaab,53.94,upi,success,2025-10-12T10:27:00
91c4ec0b-1b1e-4e4c-9e90-f8180040f573,e17dd88f-cc21-439c-a550-b4d75c0272a9,126.24,upi,success,2025-10-15T13:39:00
9ab90699-0fd9-4a19-833c-01d29536fb4b,c6990694-b9d6-40c9-bf6b-ca9673240df3,16.09,upi,success,2025-10-06T22:28:00
8116c03f-b170-4e19-a5a3-2e1156f0f474,d7e017e0-47f6-46f7-9f64-5a89ae9c7099,45.06,card,success,2025-11-03T15:25:00
574413ab-b319-4b94-b3e6-09626675e4e5,021154d9-2279-468f-9c86-96a36fd95967,93.48,card,success,2025-12-14T09:53:00
0f0c7f8e-fb6d-43ca-b156-9be0782201dc,8e3accce-a98c-439f-807a-44fbc251ac96,25.1,card,success,2025-10-19T09:29:00
0b31733b-ccf0-49d8-a1a7-7b9a28d3064d,f25b7149-39ec-4c5d-9181-5d4d24dba47e,49.99,upi,failed,2026-01-19T21:39:00
5b5b0755-1d3a-4fc0-8222-22f71389fda9,ab647f2d-f5be-40d5-9aa2-5fb47e51a6d6,78.99,upi,success,2025-11-29T17:28:00
5d41170e-f290-419e-b870-bdf78f37d00b,c88b147a-8537-4086-811b-96cb5be51405,68.44,upi,success,2025-11-19T18:59:00
d1965a2c-7608-4277-ac40-d8c3c65eb8d9,1bdf43dc-612e-4075-8f88-b21b698ec055,22.09,netbanking,success,2026-01-08T07:42:00
3d232abc-c719-4551-a7b6-ae2d38bac1ae,89a49d7c-e0bc-4888-be78-2dabc07c8c69,146.55,netbanking,success,2025-10-27T02:07:00
a0d672d5-31e2-4891-a8c3-9ff57cfaac88,77e751a2-4a31-4c1a-9500-51bcbd0f0894,30.21,netbanking,success,2025-11-20T20:49:00
63db8834-1f17-4068-86b8-0b28b236dd9b,c3d06d70-acaf-423a-b409-74ad56e7805d,46.16,netbanking,success,2025-10-04T20:27:00
58d5e82b-41da-4668-b3d2-74994d9afb74,6e05bd2d-9335-476d-ac94-5208b1361056,63.99,upi,success,2026-01-02T20:17:00
66429424-b36c-4d36-80f9-5eb985267ce3,0d3d147c-cfc9-43f8-b074-bd356dbd967d,57.86,upi,success,2025-12-16T17:11:00
901ab875-4146-4d14-9870-16a0719a50f4,ac071677-0064-4e64-b7ad-cea29ce59b67,95.07,upi,success,2025-10-04T09:07:00
b96cbf56-8c84-4dd1-8dcd-9b5de0218169,77243380-be47-4657-a375-c712bcaac950,16.05,netbanking,success,2025-12-05T13:12:00
b076bd51-c019-4096-9364-0fb8264a57cd,a5ea2b5c-2752-4f6b-8d92-254e8e13ba5c,243.8,netbanking,success,2025-10-30T20:47:00
cd3a802f-d892-4ad4-a70a-8a59e6856d93,14d8d512-716e-4fd5-9e34-f5c1742e0de1,27.53,upi,success,2025-11-12T20:15:00
04f5d9fe-be00-453a-beb2-e0cc2b7e8e7a,8372cabf-be9b-439a-bb13-c7478a89531a,61.86,upi,success,2025-12-13T18:18:00
daa8e748-e78c-42f9-a181-3302040fdc18,156e1293-c983-4734-84f7-68e364275197,64.17,upi,success,2025-12-26T09:21:00
aa2014b6-a694-46c1-8621-49c2870c45d9,2486b036-375d-4468-84b9-78bab7ef6292,58.44,wallet,success,2025-12-11T21:12:00
eb1adccf-0b34-4d3b-b5e6-7e6c8845da35,fa9552d3-23e2-48eb-96b0-44b68f4249fb,41.98,card,success,2025-11-16T13:49:00
144f2f66-88b6-40af-8944-c1e6884f655d,b9466688-55f3-4ccc-b658-2f9646b3e209,151.42,wallet,success,2025-12-25T19:48:00
61467885-3de8-4cc0-92fd-d9f986787894,8982943c-a541-4963-9630-edf9baec6940,51.7,netbanking,success,2025-10-27T21:58:00
c09b9088-fb69-4930-8873-9b58ad3d3211,5574e6f0-e7ff-40e3-9054-d5635d5d9dcf,37.99,upi,success,2025-12-06T11:30:00
ba96ca7e-74e8-4cfd-8b4b-8fc09b00d707,c9a044ba-2b91-4297-b9f0-7df1fb7a82a2,19.77,wallet,success,2025-11-30T17:32:00
1f655576-5cb6-4b18-96f9-31ad9625ddf5,a6848709-4a3f-4615-af96-f808859a9e2f,209.22,upi,success,2025-10-25T19:43:00
2feb5779-b3b1-4fe3-b510-087760e39100,46b0418e-7a9a-4368-8ff0-27c672827d00,22.85,card,success,2025-11-13T07:50:00
bbf38efe-f6a8-42cd-821c-48a6382fc031,c564ba3f-c66b-4133-a255-86de4834cf41,60.18,wallet,success,2025-12-03T19:26:00
15a5fc8b-9130-4e29-9c7d-b07ccc4d037f,a54b864f-8a1e-4e90-8c8a-30a90467f94a,25.83,wallet,success,2026-01-20T18:19:00
8b1f20f8-3d70-41d1-b292-6f49f37bf353,15dac51f-e973-4a0c-985b-2b1ba014a705,50.04,card,success,2025-12-04T14:35:00
19b0f1cf-7743-4dd1-95c6-9fcfbe54b746,f39f6a8e-55fe-485f-9b8b-30a214e96f05,115.2,upi,success,2025-12-08T07:51:00
b7fc0dd2-e6e2-41af-a20b-0fdc08c71b9f,f90c9a69-3893-4891-a39d-da567ac5c179,32.91,upi,success,2025-12-21T14:28:00
5feb393b-61ec-4456-894e-e5e10565f625,23d7f587-fe37-4399-a456-a71d41510f33,46.34,netbanking,success,2025-12-26T03:04:00
e9e8a4c5-ca6a-4c04-b626-be2733da3f2b,21aab060-d4f3-4bbc-835a-39b7ee0c8e8b,24.18,wallet,success,2026-01-19T20:48:00
8ca47907-047a-4d18-9506-dafcde8b2c51,70e01a29-239d-4d99-bc2b-e29aec6c8266,34.39,netbanking,success,2026-01-09T20:24:00
0ca2d18e-ab67-463b-8d1e-4155a115932c,5c9471c1-566c-4375-9545-9c007a871add,46.0,card,success,2025-11-15T13:55:00
c396d815-b7e0-4733-a530-c92f1b7a537d,43f037ff-445d-4ee1-b5bc-d5296de9e3fb,32.69,card,success,2026-01-14T13:13:00
c6eabf2a-d063-404c-9d5d-cdf8f9871f22,e0a874c7-4fd0-4e4b-a492-a99147841a2f,62.85,wallet,success,2025-11-03T21:45:00
99131b12-8102-4859-9a03-70b05088afbe,06f0a707-95e2-47c4-a84d-b8daf5c83225,29.9,wallet,success,2025-12-24T14:12:00
e0ae4fc6-c5da-4584-bea1-de09b1499b6a,5afa26ee-2576-4bcb-94c1-19e3b4fa6edd,10.65,netbanking,success,2025-10-23T10:45:00
5aa1e936-09a2-4584-af36-b1915b55bf80,724ee793-4abc-4d97-a2c7-2366726d9acd,28.61,wallet,success,2025-11-10T17:58:00
3e6619e8-b1be-4f53-b7c9-999a8b177384,a2d5c737-7013-472a-b463-b21a07fc946f,49.06,upi,success,2026-01-09T05:54:00
582eaca4-d524-4d18-9e63-1194341e7095,a5a14fa4-d70e-474a-8369-d01781c03153,159.12,upi,success,2025-12-06T07:42:00
74a4bd98-6e75-43fc-a3cd-0a961f24931a,a5fc4fe6-51f9-403a-9fda-0580e6d439f3,38.58,upi,success,2025-11-05T06:03:00
1442fca7-5513-43e6-b9ab-05cfa1472aed,054edffc-91b8-416e-a878-53f4eaa23d1c,17.98,card,success,2025-11-09T19:46:00
8fcb108d-7340-4a36-8bc5-823ca9d03f29,107d8ff8-b455-481d-8ae0-c93aa4bf9dd5,109.74,upi,success,2025-11-18T03:58:00
3b7d6667-bc26-4a34-affb-f849d578677d,fadc74f9-3299-4b25-9939-40703c4ce519,210.92,netbanking,success,2025-10-20T14:47:00
a2aa8f8c-c82d-4420-b048-620ea948fe41,ab304366-6bda-4cb8-964f-d0c8c6660071,49.55,netbanking,success,2025-11-16T08:17:00
868c41e8-5558-40d3-ba98-88c12e034a12,0245af23-dfec-4603-880b-5d9321e2399d,153.75,card,success,2025-12-11T07:19:00
033c8bda-8156-4211-a14b-b75a62dd17a2,f3182acf-75cd-4dc9-905e-2f54986a8dab,43.04,upi,success,2025-12-17T08:19:00
c15d81d0-1a1b-4fcd-8af0-5ba0ba862489,f804e315-32eb-4484-b9f3-f63858134f0f,30.15,wallet,success,2025-11-03T19:01:00
aeed999b-a8d7-4b0b-98e7-1e17e44ffae6,6cbc50d0-0d98-4deb-a5db-9d6214f361f3,68.0,wallet,success,2025-11-15T17:07:00
c3131c12-b988-472d-9b2d-53125c198bda,6223f218-4ede-4f1b-8ca7-1965aa9d601b,50.12,wallet,success,2025-10-06T13:41:00
ff7986d4-963b-4246-9996-85811b013a70,412398d7-e681-4e75-bd90-a26f54b2e2dd,16.75,netbanking,success,2025-11-11T17:00:00
44ae2296-f342-4e29-bab2-3bed0856ec9f,b5e60980-e9c4-4e94-9cb5-a6179284da73,14.35,netbanking,success,2025-10-26T02:06:00
64fe5ebf-c7aa-483f-b008-1440c5c94e18,5668b0ae-db70-4c67-bd17-14fe0aa6c92c,116.98,upi,success,2025-11-09T07:01:00
8a1d6942-f7eb-4fd0-9e68-8abca0a88aed,3b1631ed-cc8d-4f02-9c27-e9d16fe399e7,40.98,wallet,success,2025-10-17T19:58:00
abc89b3e-ef5a-4773-9082-dcbfa7e6a4d2,d0c2ce61-dada-4248-9fff-82ef279b69ad,43.59,upi,success,2026-01-01T10:25:00
d0273999-c4d6-489f-a121-0eff8bee63ef,ef56cd9d-cbda-4faa-9567-bc5b5483d5d1,58.42,upi,success,2025-10-13T10:38:00
54efbe45-2873-4e4a-922a-07eb900e3475,765d9fcb-3725-4811-9209-59b69743aa48,30.69,netbanking,success,2026-01-06T21:50:00
d758ba08-7c3b-445c-bdc3-87d36a88cbf9,29ba42a4-2ade-4c5d-ae0b-7269fe2d006c,8.76,netbanking,success,2025-11-04T13:48:00
45895e59-0670-4f90-9820-05cae67ae5b4,9d07da5d-6aa4-41d0-aec6-9f3c0fa4d388,94.5,netbanking,success,2025-10-05T08:24:00
e687dce6-5d8c-4bde-87a1-c7db14c62080,82af7500-b934-402d-b9ea-6593e157ae47,22.98,netbanking,success,2025-10-14T22:05:00
8a3203ae-ec3d-4c88-89b1-3431d42cee53,5d61d137-2a74-4fe8-b524-31623e42f9f0,149.94,wallet,success,2025-10-29T14:29:00
8728f814-08f4-40fb-92ce-f0ad8331047e,3c986352-6891-4720-ae1c-ce3ea4cf4003,80.3,upi,success,2025-12-26T11:06:00
a32a5b95-363a-44c9-9d9f-471338bbd76c,a2d01538-d563-46a1-b381-40f126424a95,204.0,upi,success,2025-10-15T11:48:00
c6837913-a911-41c2-b690-4dc9bbc1fe31,3ce00114-3bc5-4ec8-8719-890fdbebcd65,41.19,upi,success,2025-10-23T16:16:00
0bc06351-fee9-4791-9bcc-082d096bf99c,27be96cd-8207-43f9-a411-b8f08ae02556,264.24,netbanking,success,2025-10-02T19:24:00
feac9b21-6e33-4dbe-8416-0fb1ae0355cc,c9647ed6-7b84-48b2-a629-1c1777c93598,123.87,wallet,success,2025-12-30T07:34:00
6a84db20-f0d5-4cc8-8a12-cad3a2375cda,1cef2f09-4382-4ba0-a901-734b0ffbad21,79.98,wallet,success,2025-12-10T08:10:00
8372c01a-af1a-4709-b55b-39f952d3d308,3083ae43-f0e1-44af-9ba7-054dd47e5da8,33.36,upi,success,2026-01-04T06:22:00
09f478b8-063f-42d4-a7be-18c4141dc611,f20b91cb-138b-4d90-bf4b-2ff6cc8417af,21.77,upi,success,2026-01-19T12:22:00
e7c4c265-aa79-4adf-9a7a-1a322d11b1d0,42f5038c-e594-47da-aa00-a5d3e8654207,16.67,card,success,2025-11-27T14:38:00
e9ab8658-6762-4802-914d-9e3b7655adfd,de9a5b2a-2085-4d78-b5b5-d6ba44418821,57.32,wallet,success,2026-01-25T15:27:00
5f22139b-0da3-4ec1-b406-b617717c68da,62e8fc15-d782-448c-9efb-f2dd13603c6f,121.72,upi,success,2026-01-13T09:31:00
28b05a6a-c4c1-48cb-8bac-da80d4c66467,0e83432f-9051-4742-b58a-7df8392d3f62,39.06,netbanking,success,2025-11-07T17:13:00
651ff478-dd00-4631-a7c5-f5a9c244b2f9,f965c475-49bf-473d-a7da-1c2fab52b78f,154.6,wallet,success,2025-12-21T12:48:00
11bf6488-c3e3-4e3b-8494-8a52c778c977,fb6e656d-899d-4597-bb91-79d9ce5f2ccc,48.34,upi,success,2025-11-27T19:52:00
95782251-32af-49d7-84d5-4735ef759ede,2e7d658e-d897-4614-a579-c72d4e42781f,36.13,netbanking,success,2025-11-04T13:39:00
82668341-53f1-48e9-be40-4356cac821fa,af13b8a7-dd04-4ed4-bdbd-d8572d4a844f,106.59,wallet,success,2026-01-22T21:42:00
e887219e-053c-45ce-aa8f-4df41fdaaedd,0059c982-4d91-4c2b-ac69-4b4c6fe6d65b,82.16,netbanking,success,2025-12-31T17:43:00
510d62d3-6280-4f9f-82eb-028e239b50e3,e5732383-08f8-4a75-8fc5-5b04b969de2c,23.98,upi,success,2025-12-29T15:04:00
f2b632d0-f62f-4b8c-895a-c76a6510531c,92818799-354e-4cef-acf8-18f3b6284647,16.71,upi,success,2025-12-23T15:38:00
b81e7e31-5634-4a78-907e-e5abf0179605,e3437f0c-502e-4259-8ba4-f46dd3014587,45.9,wallet,success,2025-11-07T17:20:00
dbf461d7-7699-46e2-a682-b405b1c619df,b8ffc884-23ad-4ead-8337-02123671062f,38.01,card,success,2025-12-07T14:15:00
19f714d5-24c2-4371-b1e2-92eec7e494a9,59daf100-4a24-4d14-ab69-70e25798e8d9,58.8,netbanking,success,2025-12-29T18:53:00
9e212bd7-34a6-4f28-b092-fd6098a9eef1,dd2c8b3e-9ec9-49d3-8599-124245a9b400,40.81,netbanking,success,2025-12-31T23:55:00
3132da5e-0795-4cfe-ad46-34913ebc4777,ac65bb9c-26cb-4836-8e7d-b39da4593042,104.4,card,success,2026-01-21T07:25:00
361a1cb6-f7dc-4281-8461-94c9acb9203b,606bff15-d2ae-42ca-8f0a-0dc6dad78c68,29.31,wallet,success,2025-11-17T07:58:00
a4a35271-3597-4568-8a4a-dc66b2762b18,8eec9776-1c80-4295-9597-f7fa1bda5aaa,49.61,card,success,2025-10-29T12:40:00
4b22eaf2-2a03-43bf-b42e-3b90788e30ce,c75935d1-2c8c-4d49-8cbe-8997f18b6c2e,30.57,netbanking,success,2025-11-13T19:36:00
4285a6cf-cb12-4cf1-9804-d1f9b1391bf1,704c66c0-bfbd-4a2c-82ec-f7c185155fa5,33.56,netbanking,success,2025-12-19T15:31:00
27d4ad43-6fdd-427c-9957-f187575242e1,0b9da0b7-f5b2-48bc-9edc-61725d3c8d68,62.38,card,success,2025-12-22T08:44:00
435d5299-b256-43ac-997f-273620a5ab9d,bbe48c9e-12c8-4add-b642-ae5c1d4f2104,96.14,netbanking,success,2025-10-05T16:25:00
a3dd4792-e63d-427e-bec6-232d9f9c08bd,1d951cc8-6d09-4f77-8b50-cf88e30d027f,76.98,netbanking,success,2025-12-08T12:33:00
f9741869-9b54-41fe-b9cc-976ba0f126fd,8eb7c6ca-db32-4535-919c-d9895ece30ba,38.74,upi,success,2026-01-23T12:27:00
a3c042ca-8963-4b7b-ab93-bdfadacaae26,66d0c360-e72b-403b-bea0-39172adbb0d0,61.78,card,success,2026-01-15T20:07:00
61b2543e-6d82-478f-9307-fdab39bfe93e,cd7a10f3-fc24-4968-b813-f193223f12f4,96.32,netbanking,success,2025-12-03T10:39:00
77792c47-c4e7-4a48-9385-a4e49ff2c60e,98a7f789-e9e9-41a3-bef1-615a481cd485,163.04,upi,success,2026-01-06T15:50:00
5e5b7edc-9069-4588-9fb9-2f0b7756d793,2b20703c-f662-4684-baba-6f67693f810a,176.16,netbanking,success,2025-10-04T07:52:00
40308fb6-8b2a-4722-b29f-fb3fe1225dc5,1cd5125a-03a0-4eb2-9e68-06682514bdd2,48.62,netbanking,success,2025-12-13T23:18:00
52ad047f-971a-407f-b2c4-d7b42d623c39,8f662f68-ed03-45c5-a577-44e2ffdc5369,49.16,upi,success,2026-01-20T15:00:00
86fdd10e-76d9-447e-bd0c-8af781c74904,f35b221b-1570-4c32-9687-c5e54cb1feb5,26.82,wallet,success,2025-10-20T17:45:00
62038eff-6c5e-4971-95ce-0649248cc773,4c381c80-f266-410e-aa92-3651151a2592,175.65,upi,success,2025-11-30T19:07:00
2425a2f9-c96a-4b70-ac39-a37a911c2709,5977d0b4-5812-4060-b552-fc13b21690ef,53.56,wallet,success,2026-01-22T11:30:00
d32a0410-1101-465c-8e77-b89629a8b67f,20d7a770-799c-4f26-a3c4-e5229afe605a,31.49,netbanking,success,2025-11-22T11:18:00
c193ccb9-7632-4f1f-b3eb-153aa9339536,978df939-f348-488b-9b4a-e55b99cc82fe,16.02,card,success,2026-01-20T07:48:00
289ffabb-32a5-462a-b057-1bef0880d9bd,0e5c76d8-f406-40ba-9284-a5da49c11ab3,61.17,wallet,success,2026-01-01T12:09:00
d2fdcdd0-2ea8-473c-bf9c-b4f946b1f1e9,dcaecdaf-6faa-48eb-92fb-4db9faa68674,68.46,netbanking,success,2025-10-22T16:03:00
326812dd-8366-4cf3-9e7c-98b17e9499b0,560fefb5-8837-4d1a-bde2-239812c62e30,11.63,upi,success,2025-10-01T18:14:00
8025cd09-8ff6-429f-bdf8-ff9fb5f7ce87,83b4acae-136d-45f3-b26e-23fa1e605eec,13.84,netbanking,success,2025-10-28T20:48:00
f42645f3-381f-4272-bfb0-c816b97ebcfa,55596034-7eaf-4eb3-83da-31e987eacb93,120.31,netbanking,success,2025-11-01T13:52:00
833833d6-002a-4624-abfa-6dc2abb38fc9,935a42e0-fcc2-4658-a0c1-096eef432834,116.28,upi,success,2025-11-20T17:03:00
52f7b87a-ce75-48f3-838e-e0a0637eca17,afc22775-ddec-4370-a486-a3d52ba1c5a6,50.72,card,success,2025-10-26T21:27:00
177b39fd-839c-4fd5-b8c8-8091941556d8,98160bf6-19cb-4147-9f4d-010e8a1e2690,30.19,card,success,2026-01-21T05:40:00
246d0540-5457-4bb8-bf97-ff1fc2dccfb3,11c7e55d-14a5-4988-94ba-edae926fe80c,58.4,upi,success,2025-10-02T03:12:00
b3065d2a-e7da-44e1-af15-76603808159b,b5b5d36e-e644-4187-ad44-342671deaaef,64.46,upi,success,2025-11-26T08:31:00
401bbb82-60ac-48a2-bc35-bc310fc592eb,47709321-fa51-4ebf-bf86-cd0ff0ab2587,47.7,card,success,2026-01-28T18:05:00
159c9600-f9ac-45a9-9697-182372b7e740,c23f4156-a8ea-4867-99ef-88c8b41c5c14,13.12,netbanking,success,2025-11-05T08:21:00
b42d4448-f13a-41d3-8724-8a12cedf3fe3,4c8025f9-13a4-4de1-821e-4eaa648eec2d,95.28,wallet,success,2025-11-16T23:47:00
7ca9e200-0996-473b-8fcf-9829aaafbe9b,1c99fb39-cb81-4762-bd82-bf9e259fd8d6,38.33,netbanking,success,2025-10-17T01:08:00
871851c1-bf42-40c2-a6b9-46777ebf862d,ec572c3c-b2ba-4b5a-ad73-e4830e6be67e,35.82,card,success,2026-01-25T08:16:00
c222a78f-9e00-426d-a98b-7a06a044e65a,62f563fc-a820-49e3-921a-e9a6fccc39ed,76.34,netbanking,success,2026-01-18T18:27:00
a50fe65b-aea9-4024-86e0-6cf810f68486,534a871b-6f2f-4cf3-a67c-c41a29e19673,89.37,upi,success,2025-11-26T18:26:00
328e5c58-b877-45a4-910c-3efc69672441,7848548e-bd72-4c06-86f5-78c62eb820f5,116.34,wallet,success,2025-10-14T17:09:00
d059ca1c-3a38-4f0a-8d11-e4dcab87182e,215b7d2b-7500-43f6-83e6-84f78af93db7,222.06,upi,success,2025-12-03T23:43:00
cbefab5d-1910-4740-a293-fe4a885a4752,f31b6aac-9764-45aa-8001-e01481d08d59,88.16,upi,success,2026-01-21T07:08:00
ef4f34e4-e878-4f55-b53b-af810e2c73d3,78bb59ad-ea66-4524-9d60-2b12c3c0ac80,69.48,wallet,success,2025-11-02T14:20:00
74ae41bb-c236-47b1-8e57-fbc6088b6e8f,16be9f6e-aceb-4db9-9a4c-9640ca2ef6a2,113.88,card,success,2026-01-18T15:47:00
89ed7c50-7531-4f2d-ac1d-73cca128fc60,34f1ad97-0b9c-4d1b-bcfe-0f16afd57fc6,34.43,upi,success,2025-11-22T16:51:00
0ff707f4-0ae5-4141-8637-916e8c69a6cb,352b9b56-a543-4357-848a-649a5613da13,141.92,netbanking,success,2025-12-11T19:56:00
2ae108cc-46cd-4e93-9403-e53e114bb0a1,01fb1085-1649-4641-a0b4-445409aec47e,147.3,wallet,success,2025-10-05T08:13:00
a02865a1-75cd-4192-a985-053f6c0d9288,78e79bc4-3034-49db-9049-2bf534a7b32a,66.12,wallet,success,2026-01-06T19:58:00
c0cd0e6f-f07e-4755-a148-209d6f9c94ee,f8ff1510-f2da-4a3f-a064-c3082e96b64c,51.12,wallet,success,2025-10-07T13:09:00
e75c8cad-30a2-4f83-b7ea-afb0caafb6a6,a299668d-8631-4042-adf5-5dbfd91a18fd,26.84,upi,success,2025-11-26T17:54:00
bbaf8c6d-f16e-4cc6-920a-80d279e2a7ce,b5cd6b30-1812-4865-88b4-6b44f78e6ee0,102.91,netbanking,success,2025-12-27T18:35:00
b9068981-caad-4bc1-878f-e96b61ad59bf,d3877986-f979-4d0f-8162-17f1a53a0e8a,81.15,netbanking,success,2025-12-08T14:00:00
ace423a9-7f8a-4fb6-aa72-e2d693839c70,6e284f2c-c521-4eaa-aad6-8242305e61ff,108.84,netbanking,success,2025-11-03T06:53:00
b3dcee52-c032-4b54-b93e-1d817d21d595,454822dd-9b2b-46bc-a98d-487e8fda386f,201.44,wallet,success,2026-01-28T18:02:00
4f5a953c-c643-41af-b7f3-dc0f52087ca7,8b8efa61-a177-4132-aea9-640f361f170d,51.68,upi,success,2026-01-09T08:49:00
8b1e9679-2972-4683-853a-3d8d16760926,6160c2da-e386-4810-b6ed-75db39f6470b,48.52,card,success,2025-11-21T13:34:00
8694c29a-fba2-42bf-88f0-d7de77de3a08,b5f45541-b9be-4713-88c5-52d87161dedc,19.33,netbanking,success,2025-12-23T17:39:00
2db542de-40d1-4c36-9739-cfdea465615a,5ff248a9-07d3-415c-a525-21c24cdb87c6,25.18,wallet,success,2025-10-22T18:56:00
f80e6c5b-85fd-4e2c-b308-82fad2333112,fd2d4e16-b98b-4b4a-b6f1-a013785be603,41.41,netbanking,success,2025-10-11T07:35:00
caaf4240-0e0b-4e19-9e76-3ab4e05aa262,34ab6ec2-f208-4e65-a370-4bab5f260a18,10.88,card,success,2025-10-04T09:38:00
52ab4e11-ad98-40b7-8b3a-63026ee84a5e,4cf52c42-a0d1-4ea7-b9f0-3d245d0304eb,62.4,upi,success,2026-01-06T16:58:00
0456cb8b-c6ea-4eea-96ff-e478e95d78a2,4b8e0160-02ff-445c-b014-3e97f39e4973,79.0,upi,success,2026-01-01T13:45:00
85fa273f-5451-413e-b7a6-d518c4904341,e715ea95-66b7-4697-8b24-2d32cc30bbe8,14.71,card,success,2025-11-05T03:37:00
97616945-1533-4c50-a261-4bc4a07abdd8,63bb42a3-cd59-4239-8e4b-1b83b0962664,137.56,wallet,success,2025-12-22T01:07:00
58dc87ec-09f3-4c61-96f2-f6657b86ec27,653145f9-0dee-4eec-9359-2e4c02310ab8,43.74,upi,success,2025-10-16T19:34:00
5c945978-6c01-4c0a-bce2-545f81ae87d2,8af83f84-9819-4ee2-9cac-595ca0c8f2f3,30.59,netbanking,success,2026-01-19T14:33:00
4f23740c-92e0-4d74-bff8-dab307b06243,8065f9d6-1052-42a8-a8e7-598060149201,32.88,card,success,2025-10-20T07:57:00
951d5321-2a66-4f7e-abc9-f8a463a9c237,7c708db1-89a9-4070-b6e3-555ab698e5a6,59.11,netbanking,success,2025-11-21T19:27:00
0f54fe45-9ee5-4669-a2aa-10f0b974432a,a93604ea-d0cd-4517-b59c-a1cd8cc4b771,14.8,wallet,success,2025-10-31T23:41:00
7fadf1b7-df22-43b2-9dd5-c6c6027add1a,e7532aa5-ddf6-44eb-a4d9-397eb03c70dc,58.77,card,success,2025-10-13T01:23:00
84a23448-7263-47cd-84a2-6c05fbff8f41,ac4728b2-0c9a-4f5f-bfd1-06e73e7be1a3,45.12,card,success,2026-01-01T09:41:00
e27c9755-95e2-461f-a6b8-1add730f0d1c,6158f9f3-a8ed-4b52-848b-a238671e5b8b,64.57,card,success,2025-12-06T20:49:00
8e9fb7c2-a12a-4fb5-8613-46ef41c204d7,281e6f52-5256-48e7-8d74-0d50e6ec297e,53.22,netbanking,success,2025-12-30T07:58:00
6afb4355-dd1a-4d95-90e4-8df3e24f87f3,f925699f-cc80-4c29-9d4e-7e7b3b5a5750,45.02,wallet,success,2025-10-30T09:52:00
2064edcc-b156-4037-9e44-ebf8a28d951a,1a09de5a-1a89-4dab-b872-a28bc1573fc7,200.7,upi,success,2025-12-20T07:00:00
023a83f4-37f2-4f31-98d7-2cfc7161349a,e989518d-f4b1-4d47-82c1-184c08dd0281,44.59,netbanking,success,2025-12-01T09:01:00
0a6d8f93-46af-4fd4-9a18-43eb1b0e968b,2b8a6f85-c9e8-45ce-88d8-63e5edf86dd5,58.32,upi,success,2026-01-21T18:04:00
712c3594-1f9a-4bec-9e81-67d172ca125b,1c700339-f20f-4579-bf8c-6dd44f4b0163,31.14,wallet,success,2025-10-01T10:47:00
b22457af-92c5-4280-a468-9b2ad63a5e68,da7967e0-21d6-4ada-8358-a3d22040566e,34.5,wallet,success,2025-11-09T11:53:00
5506d5b4-f06a-4059-b758-9c7b498829e1,98d539fe-96d9-48ff-8acc-b9a89df548e4,24.23,wallet,success,2026-01-10T17:30:00
97fa8d60-2efa-46f6-9763-5d4f42f517fc,7b878111-c3ab-4a7e-82fe-24295a88bede,96.57,card,success,2025-10-16T06:43:00
a88dde41-e9dd-4e17-b1a5-919a6c215e49,43b08761-e321-4c3c-bff1-86df667d5b47,90.09,upi,success,2026-01-04T14:18:00
9f2239ca-3e5a-4768-a7a8-a67d8c594587,71c37968-c11f-41a4-b900-7fa2eed12e4b,53.55,wallet,success,2025-10-29T17:16:00
46e679e3-2261-4b05-b98d-36ad21699e64,aa1e5d4d-a5e6-427f-ad00-865147a76c6b,115.47,wallet,success,2026-01-24T13:04:00
fc83eb1d-4e03-40dd-9ffa-d73ce7ee2534,9c30bb19-f4fb-4c04-b303-bd9fc28795ad,58.61,wallet,success,2026-01-12T16:26:00
c412ba8d-6ce8-444b-910c-c4578f95aa61,4a2d0ed8-92fb-4017-bb77-24ee011af4e7,58.86,netbanking,success,2025-12-15T18:03:00
183a59e9-9331-4b5d-82f5-b1843d208348,5fe6427a-184d-4df0-b61e-238ab11d963a,330.36,upi,success,2025-12-10T04:25:00
0e1c9751-6d0d-43c7-b4b4-5c393d3a17b9,348b528c-6fad-4f2c-8d15-d5d27c3e8266,108.1,wallet,success,2025-12-21T09:20:00
d518322e-0744-465a-a300-426ce2c8da16,59961a20-6035-477c-991d-580938ad2f96,24.53,netbanking,success,2025-10-29T21:17:00
ac1f2cbe-8c67-4a83-ada0-9901590c21f1,8f056d2c-5f53-4ca9-8c70-42c86f1cf9ff,183.64,card,success,2025-11-27T06:22:00
a02a24c0-4c2b-4454-9729-296a777e8f75,e6980d71-c095-48cb-87f1-218ef62a7f66,17.74,upi,success,2026-01-12T06:56:00
40818fb7-e9af-4381-a33e-f4de6a76add5,15e79a18-e37c-4236-ac0f-d9ceec78cebb,57.1,card,success,2025-11-02T08:39:00
a8a6d807-9c1c-43fc-8ee9-402fdd263a8b,4d7510fc-b190-4236-81c9-95abd22d994c,26.97,card,success,2026-01-15T05:52:00
38d4efd8-8b08-494d-b4c0-a17b2ac31c73,2968f483-9227-4be6-963c-4fc6d25f6751,88.62,wallet,success,2026-01-06T21:41:00
64d448ae-54b4-44d5-81ff-59f490243bd1,cb1dbb66-21ea-45ab-9942-518048e08098,59.94,netbanking,success,2025-11-05T07:14:00
398ba8f6-cc72-4a1c-a658-fc74de158ff2,94b3aa9f-a17b-4742-b466-142eb45e201d,137.82,upi,success,2025-12-11T11:37:00
8690a021-6b9e-4604-825a-94a44ffdcb13,a5b15136-ce55-4679-b701-2aae3d6309f2,196.02,upi,success,2025-11-08T20:32:00
d354345f-ef39-40ae-9826-9304032bac82,80606e39-ffe7-4532-bdff-a1508b5c426d,58.06,upi,success,2025-12-21T17:47:00
54a4288c-5c87-4623-8616-94ce2cd621f9,8c9ae8ca-c62a-49cb-8a34-ac1b722edd81,45.47,upi,success,2025-12-31T17:43:00
b6b81fb0-077b-4077-a56d-0b5621e5737d,85dd5f23-5d28-44a0-98a5-32b69535e554,52.8,netbanking,success,2025-10-13T07:43:00
da0c9e70-c022-443c-93e9-60e871bee5c4,317f96d9-335c-4255-927a-ad884d47741c,104.41,card,success,2025-11-30T08:21:00
afd50792-2729-4feb-bb54-4bdbed1c3bce,ca1470dc-dfc7-4799-bec3-bb6144b99a9f,88.65,wallet,failed,2025-12-03T18:36:00
d8de789a-9b16-4a08-bdfc-7335cf07af5e,292c2ef9-fe5b-46e6-a082-04c323ebefbc,138.45,netbanking,success,2025-12-31T09:43:00
b5a906d4-bfe9-467e-971a-0e2ef9ca4378,aaacf5ab-5ebe-46bc-b7ee-4d0ea84632da,36.3,wallet,success,2025-12-09T15:33:00
7e50831a-3ac5-4a27-92ce-c00846bf41e7,02e7e5e8-b4d7-43fb-9429-7913ef83f785,80.26,upi,success,2025-11-24T07:06:00
b420dc38-cab7-47de-80b7-d1536511a33c,51b78075-4070-4ee9-bf99-cc9ecd589a02,50.31,netbanking,success,2026-01-28T09:15:00
414626ca-d21f-4027-83cc-3d1b01a017db,d20dd1e9-3ef5-4b04-808b-5162f2ae9ece,87.54,card,success,2025-12-10T08:34:00
ae9ee7e1-f791-4e26-aa50-506d262c9c15,74ecd53f-e631-4e0f-84a8-753d30b9b860,90.22,card,success,2025-10-06T05:53:00
88369bcd-6eb2-4768-aacc-9f92305ff02b,2c47cafe-f8bc-4d13-8cf5-83555765e904,105.56,card,success,2025-11-06T19:12:00
a00fdea0-02a1-4258-b0f1-e587e73edf75,ca842d12-155f-491b-923b-a486e90014c9,144.51,wallet,success,2025-11-08T18:52:00
47c417ab-7776-4a33-b617-d63613632fe3,c309c3a0-3ddf-44d9-97b1-b9127871b767,34.33,netbanking,success,2025-12-06T21:30:00
c511b85c-969d-49ee-bddf-38bd40efedf7,91b9caa0-67ae-4f3a-9b89-a0f9d036aa64,20.06,card,success,2025-12-21T19:19:00
2a12f171-94cb-4190-a94b-9120cac0734e,dbf60d91-140f-4498-91a8-e4df9de49966,21.17,card,success,2025-12-31T09:46:00
32e97627-cab3-436a-bdb0-765919fbc9b1,58b63cad-e7d8-4672-b2d3-dd973e9e8a3b,84.5,wallet,success,2025-10-08T09:42:00
0dd2c6d7-71d8-43bb-bfd6-997933a1c652,48bbdccb-a171-46b6-8755-0439d9ac7c44,49.93,wallet,success,2025-11-25T19:56:00
4469b7f8-b95c-422c-a227-2408394a4aad,29fb9301-e1bc-4af0-9c49-18b8d101c72a,81.84,upi,success,2025-10-31T18:50:00
5c414aec-f747-41d8-be97-2796d1650f4e,3ee32057-424f-4e88-a985-c2343ac56ae0,21.83,upi,success,2025-12-23T14:42:00
4cef55e5-caf3-493a-8634-d48921b4b036,b8c8c394-f997-4014-966d-7d8fa438132c,59.99,upi,success,2025-10-26T16:13:00
a511d474-25eb-46a8-8023-2d6421e267cc,1cc63256-6955-4d29-94fa-7d1f76ab1f00,12.06,netbanking,success,2026-01-21T09:49:00
71dee1cc-60d4-446c-a455-373fa1b8e598,cdafebf7-84d3-4637-9471-bf74e5f4249c,124.96,card,success,2025-10-23T19:21:00
b5a5f696-ae67-4156-a84d-e5b183662a33,dee62628-f3b8-4907-93d4-869224c7f66e,116.46,card,success,2025-10-01T08:59:00
0246190a-2b4c-40d1-b3d2-6c5c0510b343,5bb56e16-f3d9-4700-b4c3-4312de78a4ed,49.38,wallet,success,2025-10-08T09:29:00
87aeb553-f325-4a52-ae4a-890a29d8af01,2c3edd8f-78ae-4b65-98bd-793ffcd7b7ac,59.1,netbanking,success,2025-12-14T09:37:00
445f9739-0a4c-4e59-a2ae-1cb3c79bd7cb,efbee396-38f5-489b-9037-1637aa8f835b,25.56,card,success,2025-11-18T15:44:00
970c65c8-ec9f-4149-97c7-35a5b0e18d13,35f3eec5-70b4-4022-9385-f42862d4ee99,17.85,upi,success,2025-10-09T18:46:00
9786221f-6e9a-4b24-b24d-6180482662c5,c1d55c62-65ab-49c0-8351-598efd1986f3,38.6,card,success,2025-11-27T17:26:00
ec4dd40f-8516-409a-9537-69e460d0ebfe,908e918b-6cb5-4ab8-9b48-d0ebadab50e4,21.85,netbanking,success,2025-12-10T11:56:00
f4df63a7-3792-4c0a-b92f-36e2407b6e9c,302f260c-f623-42a2-bf35-38cb0c3120e0,238.92,upi,success,2025-10-20T21:03:00
dc4367b5-d976-4a28-816f-94c71c3b9ec2,d02039b8-cc28-41df-942c-aa678908d9f6,54.88,netbanking,success,2025-10-02T07:54:00
878bb1f4-b912-401c-b6f3-9ddef04c6cf2,75e345c4-da79-4f5a-9ddc-f5cc31526b71,52.96,wallet,success,2025-10-25T14:21:00
954727ee-ff91-4868-8342-c19a979bd118,c5884a0a-0003-4d5b-afbc-2fce7ba6a89d,29.29,upi,success,2025-12-05T08:59:00
56aee8a0-af63-4d1f-96e6-069ce46496d1,65cda8ef-5b81-4cf3-8f79-68aa8f827f83,32.81,netbanking,success,2025-10-03T11:25:00
9092684a-9cda-47bc-85f6-2b2122e5af72,41fd8450-62a2-493d-92dc-373da5d186fb,26.33,upi,success,2025-10-16T11:15:00
14ae0d28-4243-4c95-8940-3dd6c8e368b9,a690c669-d55e-49de-8d84-58937edce136,28.68,upi,success,2025-10-11T20:52:00
31cf2a56-bf1f-46b1-956c-d46b4deb277a,306022b4-e1cf-410e-a39c-70396822b250,57.22,wallet,success,2025-11-23T20:51:00
cd250a7f-ca21-4a93-9e5d-a1f36ca4e77b,7a863964-972b-4a95-944a-109cede82d6d,74.1,upi,success,2025-12-28T20:11:00
b95185f5-2fac-45c7-a727-9c5c373d920c,2ddcf57c-d175-4b70-9b45-42061ec48db9,80.19,upi,success,2025-11-08T08:43:00
04679872-b2f6-4fe4-8039-48bf3d5d9c2e,53cad427-9e8a-431d-bdb2-5d9845c5228e,419.64,upi,success,2026-01-24T18:01:00
90d1e4c3-6ae8-44df-b0c4-bba5bdfcf91a,d30b1258-c580-4997-8ef4-6cae6a70058a,25.08,wallet,success,2026-01-06T07:03:00
8b95fb00-41d3-4f76-b201-efb084326020,dbb86add-cc12-46ca-9a6c-694426407609,32.0,upi,success,2025-12-05T19:13:00
e1a65a99-8fba-4a4c-bd30-417314d294d7,531506b2-b0b6-40b3-9334-9b4148109f24,38.38,card,success,2025-10-22T16:55:00
86c1bf1a-0768-4f69-b0e7-0ede68164bfe,34f5947f-e869-4470-8538-6cfebd1add76,31.69,netbanking,failed,2025-11-12T11:34:00
4319b9ef-d4ac-4fbf-8811-b12fe889e9ba,0b7f6f27-471b-437d-b6ea-fd807ef76be5,134.98,upi,success,2025-10-12T09:00:00
85515e91-5210-47a8-b794-e8fff20edfc3,0071d4e1-5d84-453b-9b84-5b0954096427,39.8,upi,success,2025-11-22T00:08:00
5f4aecb6-a87f-47de-920f-575f7d1426fb,7f159af6-b121-445b-a76b-255548289a20,55.42,wallet,success,2025-11-16T07:32:00
636d51aa-23fd-46da-80f9-2f2aa9af4ec3,d0969469-8d7e-4d33-adde-6fda2749d447,68.2,card,success,2026-01-17T14:35:00
5ca1aad6-8344-4444-bc45-392631bb40b1,9258fafd-741a-4251-8afd-19c605f82ed9,53.84,netbanking,success,2025-11-30T04:56:00
69ae6bb8-1764-4fbb-adbb-e78feac372e2,ffbd502a-cb2d-4b0c-a25b-014e186318b2,103.32,upi,success,2025-12-04T04:46:00
3e32b201-d159-44d7-a21e-d1c4a6362c89,fe82890a-5676-4718-8eba-d2bd3d30d7b8,92.1,upi,failed,2026-01-20T09:36:00
c342d1b9-ce89-405e-b85c-daa49f33a158,ff3f3d17-3f01-4c6d-ad98-dc439739ded3,74.72,wallet,success,2026-01-23T13:44:00
38cda32a-a01b-484d-857e-239cecbdf57e,ae2b013e-624f-4e51-8989-3112424c061a,71.72,card,success,2026-01-07T19:55:00
cc8f8b32-bc17-459e-97a7-49d346da1820,ae0a3aad-0061-4bc5-bdd5-5c1e9d26bc0c,113.76,netbanking,failed,2026-01-24T13:54:00
59c056e8-f225-4069-ae57-d6fac5df4818,1e891cdb-79d6-48a3-8cad-0b4e066e009d,81.82,upi,success,2026-01-09T04:09:00
f1be16cf-dbb8-4809-8696-f5828ff7e95f,9a9c4758-b8b4-4b51-9a16-0365d473a601,35.41,card,success,2025-10-11T22:36:00
cba7a5c8-854e-4d50-aaf2-8286c5d443fc,1e9762d4-91a5-4787-8c8d-9edfd8ae612d,53.76,card,success,2025-12-16T02:33:00
2bc6d161-7407-4235-8540-6fbb9e0e90bd,7b44caad-be45-42fa-b9ea-da47a0521f05,156.24,upi,success,2025-12-20T19:00:00
8fb7f93d-b70c-41b3-957e-644453452f84,273b9683-9ef7-423d-a9b4-a7472bd13f21,37.09,upi,success,2025-10-26T18:50:00
2373e24d-8285-46c6-9f92-dc7f354cc462,2031e0fc-7bb2-4a43-9743-3654465eef87,53.68,netbanking,success,2025-10-04T16:17:00
f317adf9-2904-4d63-ad2e-1ecab5bcbe52,8e11d4ea-0032-4d11-afff-397291c5a6e6,122.18,upi,success,2025-12-18T18:55:00
20864c0f-64ae-4bfd-b350-525d1de1ca2e,2523883a-fcda-4a1e-a917-d029ec448d4a,15.57,netbanking,success,2025-10-07T18:06:00
2c3db76a-0ece-41cb-9529-e375b704959e,561b913c-d4ad-4c76-ac72-6a524cbdd86d,71.28,wallet,success,2025-11-18T20:53:00
6407de82-66f1-4aac-b230-78dadca41859,31409a03-baaa-4b72-bd9b-3296a01fb2be,19.35,upi,success,2025-11-11T09:34:00
8aa3ccaa-5c2f-4f80-af72-425d3e816adb,19742396-9831-448a-a518-06cef43d5f62,20.99,upi,success,2026-01-12T10:10:00
0b696d95-6be2-43d2-9378-6a19e0493b9b,24879715-c2e1-4ca4-9140-c3bd482d3d04,53.3,netbanking,success,2025-11-26T12:29:00
71075f6b-c35f-4072-a6c2-909aacf98d4c,3d55fd6a-52da-4daf-991d-1f7c29ea8d3f,74.92,wallet,success,2026-01-26T08:03:00
dea05276-90fd-40a8-9e92-fe0271b4c1c4,f4b55df5-9862-40ea-acef-cd425d28a592,33.94,upi,success,2026-01-07T12:48:00
ed312564-d2d6-4ea5-a7f1-9d74c3f1ac06,9c71fb5b-2655-49d3-a9ff-acc9944dba6c,49.14,wallet,success,2025-11-07T10:34:00
db66dfcc-e507-4bfe-bd11-e4eea16a8b34,0edd5803-09ee-40d3-bd73-67bed52e7eb7,22.77,wallet,success,2025-12-31T05:56:00
b3777129-4f3c-462f-8c24-6de2421ac431,0be01202-1ea5-4202-8117-1b69f25edbff,33.82,wallet,success,2026-01-07T15:44:00
6a700672-e015-41f1-8528-f660a1eda708,1f9c1dd1-e03b-4ec9-a0e7-59609aab8c47,291.42,card,success,2026-01-28T08:48:00
76c79b96-9ef3-48dc-984a-f54b2a6ca758,6a8122a3-0cc2-4c40-8de8-7e37eb34df84,21.32,card,success,2026-01-04T15:37:00
c67fad40-6946-4821-8f9c-55c4e978c549,d1e76b01-ad96-45d7-8d49-aed12aa9c039,414.96,netbanking,success,2025-10-25T08:46:00
211a1911-a046-4e38-aaa5-6da4facf0da8,0c9dd647-2a15-435f-8ed5-5b4471b9500c,111.25,netbanking,success,2025-10-20T16:37:00
2b46f2d9-a671-400c-86e3-8c095b703e11,dacd5212-6aff-4fd9-b3d8-b707f6994378,93.14,card,success,2026-01-04T16:44:00
cca81c92-21b0-4684-a8cd-be9f8c473701,c5fe55b1-00e0-4518-9f78-089b4c50fde2,21.85,netbanking,success,2025-12-07T06:24:00
1fb31ba5-0397-423e-a904-ec8141c88162,04b37ac4-eaac-4da1-91f8-bec39bf75d9d,69.5,wallet,success,2025-12-16T02:55:00
b7b4de83-445f-4e2c-8f70-f7e7ee773cfb,04befcf4-0918-4e9f-871f-e009a089e837,105.4,card,success,2026-01-18T18:33:00
ee0da054-b106-4507-b219-a9e52fffb057,2b89e5e0-5cec-4661-9cc3-28a9291f7147,39.48,wallet,success,2025-11-05T06:46:00
97d7c7fb-1a5f-47c2-9bb7-d50431939ac7,c9d2e29f-1ad6-4dfc-973e-d040cee3c9a9,42.27,wallet,success,2025-11-02T18:55:00
d5cfee22-47be-4bcf-a71e-a1d8ae1c04de,86f9619c-edcf-441d-8fb4-4a98ebfe1ee5,51.98,netbanking,success,2026-01-09T21:27:00
20099a5c-4e18-4ba6-b1b1-0a0e4223d3d9,483fd3aa-c39d-4475-9bd6-2aecd1e193bf,57.9,upi,success,2025-12-14T17:20:00
f39b88b5-db1d-45b2-92c5-1b242dfeea5e,dc1e50e5-6801-40dd-97f5-93e0a3dbbbcd,55.89,netbanking,success,2025-10-25T06:47:00
39f42012-cef0-4e9e-bad8-63a1d8b61f2b,dccf013a-a293-437f-b39c-8bd870dd042e,38.86,upi,success,2025-11-20T10:35:00
f02c7fbb-d940-4fc9-8544-5674d6271013,3bcf6c64-ab35-48ce-84a3-6235b35835a8,41.76,card,success,2025-12-16T00:34:00
1148cdad-2308-4ca3-bed9-cd57382a0bc3,07cb3fab-8bb7-40bd-b2b2-f6586acb6e1c,35.0,netbanking,success,2026-01-13T13:27:00
c60d5b7c-ddd3-418e-bd5d-daa11797ff36,b53544e4-c5e2-415f-b9d2-3220ef4fe2aa,73.12,card,success,2025-12-23T11:52:00
6705127a-54ef-445e-aaab-0f7e0584060b,b866ebaa-2eb4-4c70-acc3-6afef518310c,94.86,wallet,success,2025-11-01T10:25:00
0c0a68e4-c70a-4a67-8fed-0dc349b9c1ef,b672d16f-f932-463f-ba56-39c52be4c2ee,47.01,upi,success,2025-10-24T08:11:00
f0920380-201c-46ab-95dd-2c2fdee677bc,4afb083f-b9b0-46ab-9e6a-d0c227e2dda7,39.33,card,success,2025-11-04T08:42:00
3c51da9f-e40e-4ab6-9768-461e294edd4c,3b637dfb-379c-4c5d-b547-708740a00159,49.51,upi,success,2026-01-11T08:56:00
060bf3a8-bf21-4259-857e-7a24efe92d9e,297c9a5d-3b3b-4b0f-a053-4979ca0a25ec,53.73,upi,success,2025-10-27T07:37:00
e2fe9313-f583-4681-b8ef-02a77cb491a4,8034acbf-5384-4d02-9b59-5dc4ab9683b8,43.24,wallet,success,2025-12-03T07:32:00
4b9698c8-b7d9-48b6-8cd2-e928e2f28f70,f218eec4-c7e4-4ddf-bd1d-bc54ea02aba1,19.93,wallet,success,2026-01-16T11:21:00
ed474a6d-dc55-4575-a0da-0c09d9cd0467,f0bf8a2a-fba6-4b3d-95a8-21a7c1d7547b,12.36,upi,success,2025-12-29T20:52:00
e74ce6ef-65d5-47e4-b51e-07b50754c39d,d17c558f-8ad6-47fc-a4a9-3623d3895947,86.22,card,success,2025-12-24T19:05:00
92cafe47-b3ae-44bf-a186-77d08b94c987,5d52d75f-d42e-42dd-9ab5-36204bb08c6f,18.8,wallet,success,2025-10-07T11:36:00
2f52418d-7659-4903-88d0-a696f3b82a44,d2bb393b-5c7b-4281-b1ab-6ee5079e08fd,60.38,netbanking,failed,2025-12-29T17:08:00
973e42dc-5acf-4f1c-a8c1-a869121c2380,638c8f06-c00c-4674-a862-b5cbb524f174,128.66,card,success,2025-11-30T19:35:00
666121c9-03dd-4e1b-bdea-85e7076fd47f,ec2f926c-6d40-4f78-a036-742350fcad69,68.26,card,success,2026-01-07T01:50:00
6927b2f3-1212-412a-b0b1-2c7e627c3c37,fdf4224a-ddba-463b-bb4e-96009dc6b91d,43.84,upi,success,2025-10-12T22:11:00
0498f8b1-b093-4e63-b174-dd61ebd3e3aa,853bf83f-246c-428a-88c9-8feb1fe0d90e,169.62,netbanking,success,2025-11-22T23:10:00
6d001a02-be7d-4d18-a61f-45467f721236,8fe73ad4-f5a1-4a43-b0f7-41a8af5f5f12,38.3,wallet,success,2025-12-06T07:33:00
29830d12-6bae-4930-8f52-2c201b72bf04,3fbbfc44-570c-4156-aa71-a1a6f273a0db,191.68,card,success,2025-10-10T15:06:00
75c65bf0-d8f9-4852-99ae-0be1058550a0,83f49c56-030e-42c9-b353-36166f2fd538,46.07,wallet,success,2026-01-11T21:03:00
a3c181da-b5c1-44a5-bfee-be602e80bdd3,05c68ae4-51ad-4fea-8601-7f55ec0b690b,24.05,netbanking,success,2026-01-27T08:32:00
332b429d-8ea1-48a2-80b9-d64eb3833977,8f31b2fa-f431-4c85-8d46-3dc4da08e0d5,55.98,wallet,success,2026-01-16T14:04:00
0f0d3243-32cb-495b-8713-012315a39c81,ede76771-bfc1-4058-9dff-cda150855276,24.43,card,success,2025-10-16T12:42:00
587a9f18-c535-4e68-a2fb-cb9001394020,2af7af50-e8ca-43ce-b696-fe7995108243,16.96,wallet,success,2025-11-13T16:15:00
6197bb1b-1b8c-4f66-bc72-18228c44892c,d277daad-3045-4c6e-8798-739bf43501cf,217.68,card,success,2025-10-07T08:55:00
e0fd81ea-4efb-41e7-a6e5-fe48613ca4c5,1001db6e-9b4f-4763-b27e-040d48439bdd,145.17,netbanking,success,2025-10-18T08:04:00
563ce32d-16f9-4095-b7cf-d2f6c622f195,9561092a-ea11-4e3b-b767-f13c96e208d4,55.74,upi,success,2025-10-12T18:58:00
5c78bcaf-7613-466a-9706-354d29edaf6d,41b1f84a-2a9c-4c48-9378-8fe1d2ade68e,74.14,netbanking,success,2025-10-09T18:57:00
c029a7ac-ad99-420c-839f-c5d604a2d655,e1ba5979-88d5-42c1-8dda-2f75f0d0c6f7,329.76,wallet,failed,2025-12-02T20:10:00
83f1b2d6-3762-4e0f-ab56-9ed24251cb75,d54773e2-ff62-4a61-b32c-420e88bc65a4,153.48,netbanking,success,2025-12-16T07:11:00
f5b32ea6-72d1-415b-9426-8f5d290a9cfb,5ed2e64e-9ead-4765-bcd1-a1bd06676304,38.74,upi,success,2025-12-21T21:44:00
9243772f-50ee-427b-8862-9192f58e5c9c,775109fa-612a-4d86-889b-91cd650fb451,36.9,netbanking,success,2025-12-24T08:09:00
5f5fa6f0-3b5a-4eff-803d-02ac96aff5f1,31633d1e-3e5a-41f2-b6d4-829ff41b4307,21.6,netbanking,success,2025-10-02T19:25:00
8ecd6c44-2337-4f73-83aa-e5a435fd7704,7c2a23cd-baa1-4cbc-b542-a32c91058b9e,67.28,card,success,2025-12-06T19:05:00
bcaa0091-f131-46d1-b09f-61c965d5b2ec,3f223bf5-f592-4e00-8db6-ac7295a7643c,46.54,card,success,2026-01-08T11:35:00
1fb76c69-324c-4f6e-bd1e-fca94bcf122b,34681f39-31cb-4556-8905-46bf83035f9d,30.3,wallet,success,2025-12-29T08:21:00
d75c3625-d10f-479a-b8bf-46598336988c,c687f85a-90e1-47a0-b552-5eb9dbe5d771,35.77,wallet,success,2025-11-07T08:12:00
104d8219-c31f-4608-879b-27a4b499c3ff,876ce6d8-2de2-44ca-bac0-26c40859af1f,92.58,card,success,2025-11-01T17:30:00
a89faf58-0562-4ebe-bb8f-5a10b5776ce4,6d074d87-6f0c-43cb-aab7-bcc65eb1798b,110.24,wallet,success,2025-11-23T08:23:00
0abdc29d-cc1e-4fa5-8f54-836a7e6961c5,ba0657c4-00c2-4af3-a572-9793ff081268,69.4,card,success,2025-11-28T16:50:00
0e729dcb-389d-42f1-9cbe-77403d55ef98,1b13d7e8-6034-43ff-9ff6-d33f75fc7065,74.07,wallet,success,2025-10-22T12:55:00
bf1cf895-da49-4fc9-8e99-abba96f0cc99,5e2a211c-2711-4e91-b0f6-d49a0e07b070,50.06,card,success,2025-12-17T12:36:00
29f17902-2b97-46ba-aae2-24402a2cc58f,f16007e6-b35a-4774-86c3-0a5db13031c5,17.05,netbanking,success,2025-11-26T09:48:00
95164f98-ee80-4847-b8c1-041da972b552,9c2cd76e-605b-4ae8-9886-d56798d9a6b3,37.5,wallet,success,2025-10-16T15:58:00
784f5782-01ed-41cf-a305-6525157df7cb,93cd2c96-5f71-4620-a072-4db260ee1e88,120.26,netbanking,success,2025-10-10T19:21:00
8eca069c-41d9-4cb0-8c34-8d7ddfa49e79,8a06a4c1-8453-46f1-9c92-09475f2efb42,15.88,card,success,2025-10-03T21:46:00
1cfd31ad-d0d2-4859-af23-04438c0b872f,2cc5c8fa-8e47-4548-bb93-0167870458d2,58.98,upi,success,2025-10-08T11:49:00
cb415ba4-446c-49db-8bfc-f190fde2ff1a,ddea56b8-13ce-4467-a41c-281107789724,126.54,wallet,success,2025-11-05T18:50:00
c3df6bcb-9f99-4c77-86e8-537c1494814b,3c5da80a-228a-4bd6-a500-9403108c8f8c,46.94,wallet,success,2025-10-28T14:58:00
19b1b78b-73d4-4ee8-91d1-30ab8892b67b,84cdd873-3ae5-4269-a526-d567ee7b45b4,49.53,upi,success,2026-01-08T15:29:00
154b9dae-c06c-45c6-81b1-51c86d6bff2e,38b659a0-470c-4804-85c4-06b42160d31a,58.14,netbanking,success,2025-12-22T03:42:00
30733f97-17e7-4b4b-8bc9-071830b9a722,883a8b9f-4f44-4edf-a7ea-d9dcabda27fd,56.03,netbanking,success,2025-10-13T17:16:00
ab3da8a5-0743-4640-a41d-27054a27354d,5f80167a-1775-4702-9ec1-fa399f85e607,42.87,wallet,success,2025-12-15T13:59:00
06b11238-7346-4877-bc2c-ff794163cf3d,a9f6f3f1-ab79-406b-b973-6d5501114a57,193.36,upi,success,2025-10-04T07:46:00
5bc2a7ca-0154-407a-829b-b067462b956b,e5ed9045-0fbe-4048-829d-1e21f31a7b0a,84.69,netbanking,success,2025-10-20T17:07:00
b9cf0364-c6fc-4840-a193-d0dd551b183b,6d1b2e98-d8ae-49ab-874e-8d31de6593cf,50.4,wallet,success,2025-11-06T18:10:00
fb0e117b-d243-41a5-ad73-b05431e066bf,fdb2669a-e9f1-42e4-8220-7a055d516e31,77.0,netbanking,success,2026-01-07T17:27:00
e436dd4d-1b11-440b-b98e-b2ec8bda57c8,41a08d15-cf67-4661-bddf-58a0ac7071cc,51.18,wallet,success,2025-12-03T11:32:00
03e3358e-0ad1-42a2-85c3-00495a2e9816,720652cc-4b92-4e45-a7b9-45874cff930d,52.04,wallet,success,2025-11-29T20:21:00
f5947a95-3466-404b-bda8-2062624842ed,ae7cd623-6e5e-48e7-b1cd-49666b3cc3f9,112.56,upi,success,2025-11-23T14:37:00
0477376f-0a6c-4606-963a-cdf657d237ae,3b7575c7-e481-4b45-92c1-53fcb081c2a1,133.76,wallet,success,2026-01-24T15:16:00
d54f4824-e770-4977-aa06-805bbb53f992,d871b781-8eaf-42a4-b502-3835e297131b,105.24,netbanking,success,2025-12-04T08:39:00
90eff636-9d03-4641-9cb4-9795ec3190c9,67a310bb-d038-4a4c-bb34-92fcc38be933,22.5,card,success,2025-10-29T09:34:00
b324058a-aaa6-40de-805c-32d54563ca15,02562ccd-2a66-4bad-a450-ac96fa0b2882,72.16,card,success,2025-11-30T20:12:00
664403f6-a0b6-4c8f-9b10-d1619d8090f2,09cf1a12-b27f-4153-b6b1-ed5fcec26bcb,47.05,card,success,2025-12-21T08:29:00
0a1d2be2-12ea-4683-a751-cd6ff696c223,88e5f402-111b-49a0-9011-743e4ef41c96,136.05,upi,success,2025-11-28T07:50:00
de52a130-927e-4a30-a09c-ac0220961bd4,a08eb656-bccd-481e-a378-3559570d8833,41.76,upi,success,2025-12-04T07:17:00
1d9ecc6e-001e-4ef0-96e5-00c7bca992f2,6191a242-ddad-44f7-ba5e-6756275ddaa1,17.79,wallet,success,2025-10-27T10:56:00
2b0cf142-e037-403e-81d1-c65b166ea5b6,2a0b0ae2-2300-47b6-8cfc-3a53a49529c4,32.47,wallet,success,2025-11-14T19:34:00
b9de5375-51e8-428a-ac57-87dbbb830617,4f6e149c-ffc2-46a3-a6ed-f3578032b82c,57.84,upi,success,2025-11-15T23:10:00
c28b59fc-39a8-480a-a2d9-770c52ee5605,6363a67d-e65c-4867-a0fa-b16e6be53387,111.48,upi,success,2025-10-15T18:12:00
7ca8a850-bdc3-45ae-b35f-62e990266b1c,559c72fa-b9d1-49d1-be7e-ad896cabf6f5,61.41,netbanking,success,2025-12-11T12:28:00
d99868c7-9554-4017-bfce-90470a47b0fa,77b6d101-2afb-437c-aa03-9a9e8a7fbbe0,57.44,wallet,success,2025-10-01T08:37:00
354973f4-f60a-4523-aa8f-9fb9ce9d3e44,342b9f38-5598-4eb6-bd61-60714a7bfe48,64.16,upi,success,2025-12-12T08:39:00
eb9074b0-be7f-406c-91b0-bef28df6359f,a12a2db4-1438-4923-ad04-a288b826ac8b,58.08,upi,success,2025-10-17T20:32:00
9a4ee9da-66ee-4f88-8cc5-b3aa6cf92a4e,19997080-e341-4b20-9c89-87faa391bbce,80.26,card,success,2025-10-02T11:30:00
9c5ab92c-2454-415c-990c-0797dedb633f,58ace796-be5b-4761-a50c-5d87d81823aa,61.4,upi,success,2025-11-08T07:31:00
681e8ac4-efe1-464c-9636-f98d1e0f3cab,37052028-b705-4c21-a421-686683700fdf,36.77,upi,success,2025-12-07T13:01:00
f5a246b9-123a-4b0d-b6b6-47f712b88883,98ce5975-d759-4702-b2dd-4774c1fdbbf1,89.82,upi,success,2025-10-24T12:04:00
9c86488e-4792-45b2-bf6c-0c0580d20fb0,abb6c1aa-87a6-40bd-b7ca-73fa2cf71e92,214.92,netbanking,success,2026-01-26T10:44:00
828344be-b692-4527-aa64-cdc1eb23b06c,caba1f4a-c39f-40f5-a326-3c43eb70c45e,35.09,netbanking,success,2025-11-27T14:05:00
67c75c63-6f51-4bf9-942a-7c261cbee604,d1a00864-860b-4ea1-ae8a-fb0be1b9d22b,131.44,upi,success,2025-12-18T08:13:00
9d6df5a7-14d4-4135-853d-6d0c6fe03dd0,73549052-8261-4488-9bc0-832241e573a3,11.93,upi,success,2025-10-20T17:43:00
1203f980-70cc-48b2-b363-859fbc1332ff,8f1fb69b-084e-4e0a-84a0-ae3a4865f8c5,35.52,card,success,2025-11-01T19:52:00
806b7475-9923-410a-815e-5d973f045baa,cd3eb820-f3e2-4e48-9047-0e9bc226e454,149.44,wallet,success,2025-10-07T18:41:00
a6611c09-822f-44e9-86ca-a6ffbc774585,a5bcafad-7089-45e1-8e3d-efa3eefe9f41,28.63,wallet,success,2025-12-17T16:20:00
7ebe876e-bc64-4b31-bd2e-d7d2f204db7b,7accd961-f688-4658-a23e-65fd9b24e1db,58.32,netbanking,success,2025-10-13T20:04:00
75265f7a-b83e-43a1-925d-a5729b012595,23efdee3-3801-4d5c-af09-5124f74f6f14,88.32,netbanking,success,2025-12-11T09:25:00
f2374d54-6691-456d-b061-0e17e115ee8c,c37feb84-7a00-4235-8e5a-500371d8bc9b,134.37,upi,success,2025-12-21T13:22:00
a89aec80-939d-4775-9ded-d83624cf5e6e,e77c6987-8533-4b5a-b25c-3fb9e83d8514,34.33,card,success,2025-12-17T11:50:00
98d1c2bf-8f84-44b0-a48e-68a4f19c39cc,3a8f7706-ded8-47c6-9c2b-ac5af733c970,28.91,card,success,2026-01-05T08:57:00
a5304545-2c7b-4cab-89b6-a2eff560c007,886b0db4-324f-4b58-8c69-1ed46803c94b,73.47,upi,success,2026-01-26T07:56:00
df4e543f-25b4-4a99-8a3e-fb12e7a7b1bc,ec2706b6-cce4-4e4e-bd4b-580f31e709a7,58.02,netbanking,failed,2025-12-16T00:46:00
c2d8f4de-7d8d-4a60-939d-04be23cd9c90,cba6b4d0-c555-425c-8149-63374b3c563e,142.71,wallet,success,2025-11-15T20:45:00
7aeadecf-4e55-4d6c-b9da-ff70bc748eb5,e08e5358-cb2d-44b0-bea1-88fa9685efeb,28.53,card,success,2025-12-27T23:15:00
9aac503c-9273-4010-8d68-24f349f35182,70a7fc0b-9fd0-40e5-b66b-fd0f4be6ec3f,110.12,wallet,success,2025-10-08T20:14:00
3fb35820-bf0b-4c6a-a4c7-c27cc388ac42,f30d3d62-dad1-4a78-8e74-2b6eb65366cb,65.45,wallet,success,2025-10-21T12:57:00
698d4f6f-2651-4c7e-ab76-0a9c5df6f5e2,03293f65-ec17-43c6-928d-c61e7b57adf5,53.2,upi,success,2025-10-09T18:37:00
2a4a3ef1-cb6d-4c94-b8ef-4b8273f0e86d,7f7f863c-b7f9-4c7b-b949-7b66b9934755,19.17,card,success,2025-10-11T21:04:00
f1d1f0d8-2382-468a-a674-3615a924be79,e70a4c14-8038-4758-a979-648546b1a15c,35.54,upi,success,2025-11-13T17:06:00
0a42c098-ead2-4c71-ae63-8a779172ced4,61a50362-9b2c-4b2d-8bec-d4b7d51ee36e,8.27,upi,success,2026-01-20T07:31:00
767a022d-1fba-4c1a-b631-83e5296de6a6,4de94e0d-d962-43fc-8756-c205c8cce0fb,20.09,card,success,2025-10-28T19:43:00
570a3740-d5c2-42f4-ba4a-86564a7cd9e4,6b42379e-a060-4924-bc01-26da22233853,307.02,card,success,2025-10-15T20:14:00
fcf3eae5-dd89-4cc2-a515-1a43f55f8da5,5ae4d79f-9988-4314-9853-d71403688502,277.32,netbanking,success,2026-01-27T12:05:00
880e8c7c-2376-401d-b5dc-e4f0267895d2,815c4a97-d650-44c6-8103-834f2c7cfcce,155.79,wallet,success,2025-11-05T21:40:00
37b95697-de17-47ec-8c8d-f7c786d35156,76e3b841-1e5e-49ae-8fcf-4b8b4b3093fd,54.54,wallet,success,2025-10-21T20:30:00
9bce5016-16f5-4a75-b0f8-979b49823181,16dc0f02-4966-45ae-885b-59ffeedc73d5,98.0,upi,success,2026-01-20T18:25:00
d7f53224-1c23-4bd4-9619-dbf4e86734d7,7416e37a-dbf5-424f-a4d4-bd7374535543,135.09,upi,success,2025-11-04T05:18:00
c092732a-8f13-4bff-aac7-7c8d50261fc9,237824bf-2f39-4b86-9825-b82b53155346,256.12,card,success,2025-12-31T20:15:00
bfd70f58-6715-4c31-9721-38b6732425ad,f7e144da-2b14-47ef-a0ed-1a4afdf58df9,77.67,netbanking,success,2025-11-17T22:36:00
d5c00a59-5abb-4e4c-beba-864ad719fd87,86bddd40-d8dd-4181-ad35-0b1afcbc9eb6,106.04,upi,success,2025-12-18T15:58:00
0d258873-f6db-45d2-bc98-fd8b98ba58ba,208edb32-5fc9-43f0-bc33-a6c89c52ad86,17.55,upi,success,2025-12-15T09:38:00
e80b0c01-4c5a-437a-bc43-be367ca92125,ddf1fbf6-c0e2-412a-9dce-537d9b628aae,13.04,wallet,success,2025-12-20T19:41:00
6a48ffab-2822-43fe-9e7b-bd1601f65c9e,dc5ba345-fea6-4267-a02f-10d86633a684,59.37,upi,success,2025-12-17T09:40:00
001c7129-2df5-4e1a-96f0-101c9c8d1c59,18f7c17d-2dee-4890-9a33-2c7169d7df7f,111.15,wallet,success,2025-10-21T16:38:00
a152d808-e5e3-4c65-9500-63038c135a57,53fb1fe7-fe0c-406f-a230-17616be85dd6,174.54,card,success,2025-11-30T19:08:00
e0b78ac0-d500-429b-baa3-6ba16e236cb7,72279acc-0ceb-4889-8c5e-d782e1133fe2,164.08,card,success,2026-01-01T18:51:00
dec48e3f-b588-4387-83e1-65221b414f8c,ac652f99-71f8-4464-8d82-14ad092ebd31,88.83,wallet,success,2025-10-31T07:06:00
004db5e9-5641-43a1-94d3-3d54b338c2a7,7a9e6de8-04ca-48d0-bfbb-6aa7be2bfc07,34.18,wallet,success,2025-11-27T11:55:00
2a7fdb94-4773-4679-86c4-657dbe1c58a7,e5e255d8-57c5-4dc0-9902-d7462f68dc8e,59.47,netbanking,success,2025-11-03T19:53:00
d1d8f5ec-1155-4f51-b6bf-f95da4f3fcfa,d9daa1c4-3a0d-4b2a-83d5-6d2f83763f5f,62.04,wallet,success,2025-11-06T20:50:00
69f9bd99-87a8-4b4e-bd98-9648713612d0,959d08e9-89b1-4c6c-b5df-7adbbfed43f5,31.06,upi,success,2025-12-26T17:33:00
8702fd7d-aef4-4ff2-9e2e-c586b0a03f64,1cfea61d-c10d-45f8-864c-3971f429fcf8,39.44,netbanking,success,2025-11-27T20:13:00
0659d32b-4663-4f0d-9395-f874fccdd57e,89492358-1f63-489b-9f3a-e91acb19f6f7,72.3,wallet,success,2025-11-07T16:32:00
417d3000-0acb-4fa7-9205-962cf5608981,7ad4bacd-f20f-44c7-9e67-9904e6c307d8,120.48,upi,success,2026-01-21T20:05:00
308dc1dc-19df-4945-9245-f755a45c4fed,71088c05-4d1d-4b1f-bd9d-b7b64bdfaae1,10.98,netbanking,success,2025-12-05T07:53:00
8aa77762-7a1b-4f1f-9b35-f2a07e2598c6,1800587e-0e49-47bd-8c99-17c5ac939683,158.16,upi,success,2025-10-26T14:37:00
77c5501d-553a-4434-84f6-27db24c3ea04,c2d9df48-c70c-4399-8ca2-0db052752d50,23.88,netbanking,success,2025-10-29T01:59:00
0ed43541-606f-4fef-86b6-8bc68d9845ea,9aa790c7-1534-4e14-b1dd-c10ac7599f16,107.34,card,success,2025-10-31T12:04:00
08bba6e2-c3ab-41a2-a7a7-be1ddf1ece04,453803be-2df6-4166-a7c0-c338d4b20569,138.75,card,success,2025-10-24T00:44:00
39942f78-2716-4e89-81ca-d67cc49dba1d,93dc5c39-9911-4732-946f-0c7c8b2a341c,28.84,netbanking,success,2025-10-24T18:43:00
c74e2161-ed23-4132-87a2-5ed9d312f9de,c22117bd-eeb5-4b35-b8f8-d043bd05ab2d,48.06,upi,success,2026-01-11T08:55:00
a1303128-4092-4e92-beeb-8b59d0d4db8d,1c12b77c-73b3-4dc0-8fb5-65a1511ef36f,62.1,wallet,success,2025-10-30T11:21:00
d2be0210-60a3-42ac-a285-00b0cccbef2e,4669647f-a5b9-48b1-aa04-1296ba3088fe,25.86,wallet,success,2025-11-28T13:26:00
b649abbe-050c-4aa7-b4bf-65ff8b7a422b,408e3e2a-9db7-4cd9-a57d-52e8f218347b,313.98,upi,failed,2025-12-30T16:53:00
e2bb43df-0d84-4262-ae48-ee60be206d87,5e20c51d-6a44-40d4-9422-6bdecd238bc2,28.0,card,success,2025-10-10T07:57:00
b2316983-62e3-4b45-a8b0-2e1c0d039406,3e818dcc-816b-446b-bbfa-07aca8a26092,107.04,upi,success,2025-11-25T11:25:00
0b5c1d90-8025-4316-9571-8861abd7f74f,a3090cd1-1a19-42f1-b3b6-722b9f212c2d,30.73,upi,success,2025-11-27T11:20:00
a9e19645-2c39-44ac-a9a6-837d8ee83107,6e58cc83-f17b-4e8f-b069-bcd51c9d52f2,68.64,upi,success,2025-12-29T14:13:00
219f636e-a9b2-4b12-9bcd-d95748a012dd,62db1c0c-e02a-4a1f-b0e2-d1b92d590af3,34.8,netbanking,success,2025-10-07T17:23:00
536f5812-bfbf-4b27-aab0-b5c8da4e1546,dd4b1ffc-b4d7-4600-aa98-bef6bbe5f7a1,18.62,wallet,success,2025-12-09T17:12:00
b23a8263-f688-47a8-83ec-4c37d4c29fd1,3100d07c-2c45-405c-8394-5e52c9cbf268,22.94,card,success,2025-11-18T10:40:00
1b4ddb93-9c30-4f26-843a-bcdb2f2ac795,1d561877-3f69-4b99-94d7-758349e670fa,67.45,wallet,success,2025-12-05T07:16:00
cd4a9c97-ce73-4884-b855-48af680eabbb,476d168f-8492-4a20-89af-014e87b44ba6,85.91,upi,success,2025-12-25T09:41:00
8565f450-ad90-457a-b7cd-7479cf3948e6,31579b8a-df10-43cc-9da3-746d902affdf,32.12,card,success,2025-12-30T14:30:00
dd1fc97f-563c-48ee-b08c-92bf45426c61,aa951cc5-035a-49df-8794-23daa40049fb,112.9,upi,success,2026-01-04T14:58:00
a1c08e24-dcb5-4db2-9435-19bd5d443d44,4c8c4b10-41fa-4584-b261-a8e93c5c2f81,125.52,upi,success,2025-10-25T10:10:00
02e3732c-e186-4a9b-988e-e7af7dcde62f,99eb819d-6b51-478c-8e60-9f085b04f95a,25.07,wallet,success,2025-11-13T23:18:00
f23a2f27-c498-4e85-a436-4bb4ad484818,b9344e4a-f1bb-4060-ae21-31f566f827a7,230.4,wallet,success,2025-11-20T13:38:00
e99320c9-5c81-48d1-9976-319e7365ea75,b75bc176-56a7-4438-bf48-c5ff62879c57,128.31,card,success,2025-12-05T09:47:00
47c58f10-99ed-4acf-b23c-d8a4a3c38e8b,06b76cde-e10b-4537-925b-5783fc85220f,47.0,upi,success,2025-10-28T19:50:00
88f58f01-13ab-493a-ac2f-f03774ab635c,e23059b6-93c6-4991-b448-b9ca7ddf5d20,27.64,card,success,2025-12-18T10:03:00
17fc0808-be5b-4e62-9552-2354e4823acb,6d582842-49f9-4748-858e-e798974aa0ba,148.62,netbanking,success,2025-10-09T18:44:00
1324c647-01cb-4417-a6b5-23b2b3eb3fde,48363748-30bb-4d58-871e-9c0c06b85554,138.78,upi,success,2025-12-28T18:47:00
ef095fad-52b7-4044-8eff-9cd0071449c0,6e2eb34e-59e9-4f4a-82e4-757e9817a6ba,316.5,wallet,success,2025-11-11T01:17:00
9761e2cb-8da3-45d2-9c6a-96cdec709528,5df6230b-bfff-45cc-98d0-ef1593d1a5b8,110.9,upi,failed,2025-11-29T19:48:00
2f4ea9eb-6e27-40eb-b01a-9de1b6b9e7de,cd46774a-500b-4b7b-9e37-f9cc4dc60260,55.45,upi,success,2025-12-12T20:55:00
55f03f3d-a8be-4372-82d7-1dad423401f6,20119a0d-e2a4-4838-8d34-96550a8faf77,61.74,wallet,success,2025-10-03T12:02:00
57dc0ad3-bd4c-4404-ab05-422cb5a024d8,a279c224-f591-4a65-b203-a615521d50a6,96.03,upi,success,2025-10-28T09:24:00
50178188-643b-4042-9e39-51abb3e7d4d7,70a887eb-3ec1-400f-b815-c8b9ec93c59b,71.66,card,success,2025-10-06T07:38:00
6966bb2d-f95d-4e14-a5c4-a334e444b2f3,2a8a9bf5-3f4f-4db8-9b9f-3f17c5bb47e8,96.08,wallet,success,2025-10-06T19:32:00
1af6d059-55e6-4ed3-897b-22ce29be0aae,5b76dccb-681c-43a2-89b3-7d23f2d9c8c0,20.12,card,success,2025-12-01T11:13:00
07076909-b4fa-4e8c-aea8-4357dac94f0a,55909be5-9c8d-4863-9a15-1b269aa8d6fb,67.29,wallet,success,2025-10-19T05:02:00
26d2e124-307d-4e05-bea7-0c180b4dda0a,b50ae69b-afbc-46ef-b6c2-dc381536c2fb,28.41,wallet,success,2025-11-25T09:49:00
25296238-fe1c-4805-8744-25a697090ce7,30ab2b00-bae2-4e0f-81de-5b8eccd42379,72.12,card,success,2025-12-24T10:00:00
b39bd690-b46c-494c-99b5-c9e07c9014c9,50739c8e-01ac-4a5c-b944-8f65f15ed310,21.41,wallet,success,2025-11-28T03:03:00
52303648-9e80-42cc-9a9f-c23bcaa1f8a0,6ea0324f-bd4c-4a1b-b2ac-f91491423482,108.8,wallet,success,2025-12-10T08:12:00
bdcda720-e3a9-4084-ab41-ff5c0794dbbf,22c6429d-6889-4340-88e5-148ffd3c0963,40.3,card,success,2025-11-02T07:40:00
2c9ba075-abec-4197-98e5-67310a33e424,036b6f4a-b310-482e-9216-39964bdf87e9,66.81,upi,success,2026-01-26T18:40:00
7780e8c2-53e1-43ba-b532-2c158f0b083d,e2d0bde7-499a-4ed9-9980-a9b8b54a9071,14.17,wallet,success,2025-10-12T19:27:00
d9d832fd-7fcf-4942-8cfc-9114d25b15d1,7f84bb31-f348-4dc3-b2bb-ae61c65ca80c,26.86,netbanking,success,2026-01-24T18:00:00
8e594fd6-94cf-4a06-8eaf-f1ac60af0817,ac9b21bc-61c5-4797-ba3f-7c63b5371c78,46.84,upi,success,2025-10-05T18:46:00
87d61b1a-2719-44c6-97c6-4f60b368f6cc,24b96d6a-a05e-4cee-932f-d89b2ad65507,25.69,upi,success,2025-11-24T17:39:00
ac09bcf2-e2ef-4dfe-af11-870702d34b5b,904d6d10-0ba2-4544-86e8-7d3e5ac35881,71.01,upi,success,2025-11-28T04:26:00
a8f8af32-ce8f-427a-9015-3219884570c5,bee0b8ad-1809-4449-895f-39e732378340,49.04,netbanking,success,2025-12-16T18:10:00
a5017ff9-6597-4c87-a512-25e81da328eb,385853cb-f800-49c6-976b-6b96a21ab32a,37.18,netbanking,success,2025-12-25T09:55:00
f0478763-f68f-4040-9d24-155900889b28,9b8c8aaf-1e6c-4d8e-8681-0c4d79ef7c34,108.0,upi,success,2025-10-20T08:32:00
89d1c57f-0bcf-41d0-b441-ef13dc116f91,0db321b1-21bb-4796-960f-4d54f254bd39,25.73,upi,success,2025-12-06T14:29:00
7c2c201e-9942-439c-ba6c-052dd23824a9,24ac5d59-1707-468a-a868-de6517a98686,44.94,netbanking,success,2025-12-08T18:41:00
1348a07e-2c58-4cd6-a4f7-85d3564946b4,97fa95ef-234a-4f0d-92e5-616063e9f062,52.98,netbanking,success,2025-11-01T18:26:00
afa83c2c-18b9-4c9f-83a3-b66fb0cb7409,780847c8-ddd5-4bdd-ba89-6802aaf61673,13.55,upi,success,2025-11-13T17:09:00
4ad06cde-a93c-4f65-8898-867b0d216c83,2b59380c-20b7-49af-97cd-0b6967d7b9d6,52.61,upi,success,2025-10-18T11:08:00
00905dd5-80aa-4065-92fc-af39ef5aeb5a,40f6ccff-3d43-4057-8033-b52d77b68d72,24.94,netbanking,success,2025-10-30T18:19:00
16fc8711-e350-4650-ad0d-89a52c2473d4,b4bdf5f1-1093-4461-9429-246efa3bb9f6,97.44,netbanking,success,2026-01-13T10:06:00
964a5e13-c53a-481d-aa38-8652d88442b0,0b806fbf-6a34-46e8-a4fc-4dfff20506d9,40.02,netbanking,success,2026-01-05T13:46:00
b678ad09-14e1-4943-b1c6-2f15275ddb9c,1a0c0698-f3ec-48e3-98cc-b783bb87582e,50.66,wallet,success,2026-01-28T19:01:00
5b7e911b-58a9-460b-8d0a-704858dcacea,5b166e35-edaf-4385-be69-23c88f9d0e09,129.48,upi,success,2025-10-29T10:54:00
5393aa07-9ae6-4ed4-bc38-b125d8d772f4,2802f569-b8b0-4e6d-aae3-9ff8b1a6b8a1,111.06,card,success,2025-11-07T10:16:00
24d2a370-fd33-46d0-aa14-a58815e84a10,f6ec6e3c-8bd8-47c0-822f-d91ea2fd4be7,17.02,netbanking,success,2026-01-22T07:43:00
ec187c7e-2395-459a-a4d8-37162f41e4ea,1a9f3986-d97f-4ee9-b0a4-207e1f0cdfa9,51.24,wallet,success,2025-11-13T18:44:00
9dfa1c71-968b-4939-a981-d1f9b1e94135,e0e8894e-8faf-40f1-a8ab-b69e70172bf1,55.36,card,success,2026-01-26T08:24:00
64e50a47-1e0f-4436-b1ae-f73269f49058,76180e07-50f1-480b-a81e-ef37d186a128,18.71,card,success,2025-10-21T08:35:00
17137656-73dc-4dd4-9340-9d0c6a05dc40,a0632bde-a76a-4c5a-9a13-86a6ac1cdcaa,77.91,card,success,2025-11-23T22:01:00
bc0a8943-a60f-4dbf-9238-d9800e693d73,a0bb6c61-7ce9-44f7-96f5-3f669d0ba13f,84.72,wallet,success,2025-10-06T16:53:00
24ffec43-36dd-4f14-9aad-9b0a4edd353f,710663d6-9eeb-425d-82f9-b3a585d829ab,32.61,wallet,success,2025-11-15T17:21:00
c7ba80b1-3b6d-4177-b425-8fe18ef50f41,158bea62-f0a6-40fc-967e-e7bce154fd40,15.24,wallet,success,2025-12-10T10:16:00
cc1fd4e6-3360-4fb3-bea4-564fc9b94a3f,ba086131-e12b-4883-a83f-2d8ae874b990,23.44,card,success,2025-10-05T22:20:00
3e890490-232d-4984-aff6-ed52f01f27d0,6e6167df-9cd9-4562-a540-1748d0e54779,73.89,upi,failed,2025-10-23T17:18:00
4d251bb4-9909-4d23-bf75-c97e6c52bfc1,97783e17-5702-4d50-80a6-f639e36f94fb,25.27,upi,success,2025-10-08T18:22:00
9883ad8f-7075-449f-abd2-f21d3491ccff,e7664a70-fc7a-4405-bc38-50f081cfe317,63.48,netbanking,success,2025-11-20T09:44:00
e37397c1-483a-409c-9e40-d2167d947e04,ed236aef-0428-4b61-8ea6-85101c614350,87.89,netbanking,success,2025-12-16T09:07:00
2d70a257-e943-4e73-8ed5-ac26facec7e4,26484ce5-563c-40ea-99da-fc97f359aba6,50.8,netbanking,success,2025-10-21T12:34:00
033627b9-f747-4f07-9588-3e9f8fc5b9b8,e5c8bfd9-c0d6-41c5-b7ef-d7f2997171b9,46.36,netbanking,success,2025-11-19T08:01:00
0a821df7-6d9e-4969-9696-1a51ef25566b,1a41487f-4a18-48d1-8ff5-f8111ab4b6b7,23.98,card,success,2025-11-14T16:36:00
9d5ba6eb-86b0-4485-adf8-bbeb30bfb746,1e39c9e4-f83c-4ef3-8747-d84f0e88756b,241.5,wallet,success,2025-12-02T11:08:00
55ae4402-7939-41cd-9359-8e88312ffe90,76c65078-fbb4-4d93-8642-293a73889d16,55.56,wallet,success,2025-11-06T10:02:00
8c076691-6b55-467a-93c3-367435a61954,93f7682d-f029-481c-8ff7-2195d0f0afc8,10.86,upi,success,2025-11-16T12:57:00
8c510438-be0f-4f56-8d1c-f00e1da11ed4,0a63008e-f9eb-4469-9e05-baf1e5546f63,107.52,card,success,2025-11-28T13:40:00
618eb1b6-0a89-4a38-abf5-59a03285fbd7,ebc279cb-cac0-4774-a6c2-a9138ec138bd,19.0,card,success,2025-12-16T06:08:00
3cf1887f-c78a-43e6-84de-d03aa3f967b0,2d5cac82-9733-453e-8d57-74ddd2c94dfe,282.96,wallet,success,2025-11-19T09:36:00
0628bdc6-b16e-41a8-8b79-4241a4adc469,449d5748-5a68-4ef4-baf1-5a5e5457f8c6,13.82,upi,success,2025-12-01T19:48:00
0f88cbb0-1f76-4306-a1fd-06f3b40ed9dc,e32d1868-e04c-4f42-a7ed-1b124b6c6ab6,96.06,upi,success,2025-10-03T20:12:00
4a8d1e2c-60c2-4550-8d7b-91b3d6aedfba,9713dae6-29c2-4169-9f65-c105ad0b82e5,205.28,netbanking,success,2025-10-31T13:28:00
67bfa859-1b04-4f11-be95-157cd097ffad,a4ed4cc9-9dd0-4f81-9a65-463141a0b187,24.69,card,success,2026-01-13T12:44:00
6f6961cc-e329-4ba5-9451-73e41ba78098,806d2cbf-6c56-45de-87b9-3649c4e482cd,92.04,netbanking,success,2026-01-09T18:12:00
9e3fc391-40ad-4ee0-a135-f58dc54a5fea,ac935635-4452-4cfb-9ad2-0b74eb2975e1,106.98,wallet,success,2026-01-13T16:06:00
7ab4541e-57df-4306-b2bf-0c3fcb8a9285,8334aaa9-a780-4e00-9ae2-6851689702d7,17.2,wallet,success,2025-12-14T01:59:00
7f168d9e-4c02-49dc-92cc-365c6c126c5d,93cd9a12-7d7a-404e-aef3-9022b43ceb39,137.79,card,failed,2025-11-02T17:15:00
6715f0aa-255e-43cc-b971-084902ddacb0,0ff3c1da-ead3-482c-a4ae-3890313a75af,82.58,netbanking,success,2025-10-20T03:55:00
778c19b4-78c9-4604-b43c-af5684afef13,0b41d84f-48dd-4d5a-bd06-276012720eb9,183.32,card,success,2025-10-11T06:40:00
d36d75b6-ca85-42e6-983d-4f6f937ea1e6,65ed8abe-4659-491d-975d-eeb6e6c0483b,103.56,wallet,success,2025-11-18T14:31:00
089466db-ea7e-4a34-8b42-5ff7dd29619c,debccdc9-ae40-4440-8cfe-80d625da4e6b,58.2,upi,success,2025-11-15T16:32:00
101e9223-5a90-40f6-acd9-066b3746406e,73c4e43a-3229-4399-9359-7d96669075f9,58.25,netbanking,success,2025-11-04T20:11:00
1e3590ef-df88-4bf6-8639-0ab556b3dd69,566d3e8a-4ef6-493d-a949-911e2c021924,31.37,wallet,success,2025-12-04T05:49:00
af607e7b-5861-4feb-a767-753cc29a4524,dad2ebe9-a45b-46a7-8881-45dbbb25c032,36.74,card,success,2025-11-20T10:25:00
7f621a86-8ae8-4d1d-9a7c-ca696a4bfd83,610c25e5-185a-47b7-b4db-92bdcdcec748,173.56,upi,success,2025-11-18T19:38:00
b076a815-21fd-41d4-907d-a3e153c31ce2,ac1c77d8-258c-4dd2-8167-e4282f31c23e,80.73,card,success,2026-01-24T09:44:00
d588f612-6be5-4b13-bfd0-a06c4d46ccb6,7a77b129-7532-4d7e-9475-0adf7089b25a,21.78,card,success,2025-10-10T11:16:00
3ea1f280-bb44-4674-b3f1-216a5a48776b,6337f216-261d-412f-a60c-abfc12e52b17,20.4,card,success,2025-11-23T13:46:00
86f225e6-e5d2-4864-bfb5-1ef9087f887e,f66c485c-8e6c-4609-ba91-1ba0ee387f9d,32.78,card,success,2025-12-08T12:51:00
b1099e73-15e8-42ad-9eac-f3d67ac15a74,9ea888c4-81b8-45b9-b8dc-f7f3f3d1d8aa,58.12,wallet,success,2025-11-04T14:50:00
c1a31cc8-73aa-448c-9f1f-aecfda41c180,0e7c7dc8-e1df-4e68-8aaf-add51fd0167b,49.68,wallet,failed,2025-12-29T15:56:00
585ccfcc-e2ff-4f8b-9ce6-12bea50e05f7,8c962fab-8cae-4513-8829-86f56229fa22,30.38,upi,success,2025-12-01T11:38:00
f5a79948-cdac-4bfe-bfa2-7e37614a0b47,a65f43de-6128-4fac-ab35-121a720cf555,66.93,upi,success,2026-01-27T10:47:00
671dfddb-ff72-43dd-bf5e-2e8d040a6adf,6f83dc17-ebdb-4bd8-8128-6c478b5d9d3c,50.89,upi,success,2025-11-04T20:00:00
272a4165-3c0c-4625-88a7-29600a06c5d6,0bf8baea-e2c0-4f0c-b532-f342289a46b0,138.4,upi,success,2025-10-05T17:05:00
aac606bc-65cd-4019-99ac-fa72778bdfba,6e0238e0-11a0-4efe-b482-2f0db7ccaf55,61.66,upi,success,2025-11-06T19:21:00
6ce94b4d-344e-4139-810a-84413f8f1242,d4b34668-67ea-4f38-a964-9cfbfba345a0,62.7,netbanking,success,2026-01-02T17:39:00
673e68f9-1e8d-40dc-91c2-f9b0217f47ef,9e26b61e-5c9b-46d6-99f7-8ca067609a49,113.12,upi,success,2025-12-30T21:24:00
61e0ba8f-2aa9-4282-8a3e-c3350adacac3,470625f3-cbaa-4dea-9a56-de8e7fc73cbf,114.92,wallet,success,2025-12-22T06:23:00
3baa6493-4a94-40e4-ab5b-d4f28a26329b,cd44abdc-b99f-4900-8d92-a3a0f6061058,43.11,card,success,2025-10-26T11:32:00
9932ef83-1e91-41c1-bf01-b2b7b3a2ad40,340d4ab0-01b2-48a5-a31c-81652834ac9e,215.1,upi,success,2025-10-09T03:38:00
d1b01ea1-6008-4fc0-afc3-eafd3c29b30a,e60d9f5a-a900-402f-94fc-f10ef7634e11,26.97,netbanking,success,2025-10-20T19:05:00
a947ccf2-ed62-4a75-a8b9-f4ce6261e647,54dab20c-4999-4ff7-9283-0c833160372a,93.0,wallet,success,2025-10-21T19:18:00
1b0eba6f-09d4-4a03-8bac-6b42b55129d9,52e6e671-8c82-4bb9-8907-df4b753e9ec7,41.02,card,success,2026-01-19T18:43:00
141f8a7a-32d3-45b9-a46f-2a715591385c,de8bbff6-c2e0-443c-8fcf-942d802748ea,48.98,upi,success,2025-10-08T17:49:00
4dda7409-9076-4875-9fea-e64b253ccb9d,0786ee05-a692-46f1-8b94-e9f2956e26b9,47.94,card,success,2025-12-18T18:19:00
2e9fa8bd-7d92-467a-92f2-b2e479b4720f,1830ac74-8c67-48ba-a1cf-634120c37429,148.35,upi,success,2025-11-30T17:09:00
e08fac50-b700-466b-901c-01b7faf4eb6f,caad3a90-26b2-4e24-8c8a-824090150184,46.95,upi,success,2025-12-12T08:37:00
9eface1e-b502-4ac9-8aa8-1f737e5e9f43,adcf45b9-39f4-49a7-bb8b-e04332e1e42a,39.55,netbanking,success,2025-12-02T18:24:00
abd74bd6-0da4-4e88-9ad9-bd63261c1d47,2d2a0b58-1b8c-46e3-9659-8db7b7f55108,140.5,netbanking,success,2025-10-20T16:36:00
de9f2ee1-f9b5-4b27-992b-cc9aa6243ac6,0f7c6c99-e582-4b9a-bd35-d209f05db3c3,80.49,netbanking,success,2025-11-08T13:48:00
c57779c6-f970-48ed-965f-baf29808fb81,abb037ae-d49b-484b-a079-5c5b1e83b1d5,93.56,card,success,2025-11-17T17:24:00
796a6d31-e892-492d-881e-21fd57fd6373,6f583f8a-b097-46d8-91cf-2581d2ed32ff,150.2,card,success,2025-11-05T06:38:00
66e21531-4145-48a0-9cac-e1bae5f45c58,190c8111-3ef9-45fd-acb8-48eb5c6bc388,37.58,upi,success,2025-10-30T18:13:00
aa0961be-8abe-4c48-b413-2855a94b37f3,63799055-2fd7-4ea6-8f88-da3eeb6e7086,13.21,wallet,success,2025-10-28T09:25:00
e2618a97-7684-4e98-9acf-97dcc8d98773,c4c88e85-40d6-42d3-8d0f-58ce31b30ccb,51.0,wallet,success,2025-12-14T00:05:00
e0592426-6e51-449b-9981-562d665d7a19,96d7a81b-5d4d-4dfa-be8a-10a27287fb14,12.22,netbanking,success,2026-01-21T08:25:00
4f9a7d79-02a1-45ed-9c32-775d0639dc11,71e61a40-2e4e-4ecf-8a9a-25e122d15920,29.19,wallet,success,2025-10-03T09:10:00
a9ad9ccf-a946-4df8-80b1-8479f0ed6701,28e1c799-f224-40f2-881b-0a7f41016a6a,49.33,netbanking,success,2025-11-18T08:55:00
b3053274-09fd-4978-810e-1f07834108c8,9f8e5f2f-c716-494d-9efa-6516abc6ca91,77.01,wallet,success,2025-11-02T04:29:00
a8ce4e14-4466-4ede-8694-f78381d55615,57be8a67-8e3d-4911-ae53-c8958fbc47eb,77.78,card,success,2025-10-14T21:58:00
2899f906-91ad-474a-810c-a3061708ed7b,b402ebe7-89eb-4e4c-9ef5-0ceb387e41fe,114.82,upi,success,2025-12-01T20:24:00
a30d9360-cc37-4966-ad9f-6c8dc408f88c,613688de-e14f-4be6-b40b-3cee38caf024,61.98,card,success,2025-11-11T16:00:00
219de5f7-5880-491b-8adf-34b08c191683,0c57d6db-4c4f-42d4-83ac-9642f78069f4,12.88,netbanking,success,2025-10-23T19:11:00
88719115-65c3-43a7-94c8-e0f9bad31531,4f5b0f96-b753-4f12-9974-a6f4738740bf,60.66,wallet,success,2025-12-22T10:23:00
446c4a31-3d55-4cbc-ae28-dfa99ed0fbd8,1fc71f79-9227-4a74-8c55-fa8255e8b7bf,46.9,card,success,2025-11-07T19:11:00
7df343f9-5716-4ff4-aa77-0a94a162e21e,85f8e9bf-c978-4e7f-b87d-c53c302efeb6,141.76,netbanking,success,2025-10-06T03:42:00
cd757da4-9cca-42a2-a189-fcf7b6c53b59,09a98959-6499-475c-87ad-e2d6902aaf4c,50.1,upi,success,2025-12-22T19:47:00
cb8b6344-ca40-4ff6-b69b-7fb4228fb984,f8231ae7-5fd3-4c8f-b46d-2a90b1207ed8,39.78,card,success,2025-11-13T06:10:00
2d517b9d-fec3-4c6c-b5d2-064a4eb9168f,4bc76ffa-8fdd-44f2-92a9-3dbd90d28600,41.65,card,success,2025-10-15T11:36:00
270bf2b5-89e9-49dc-891d-c796fc594379,8ffbc537-275d-4648-8ffa-15fe86e2fd3b,119.28,netbanking,success,2025-11-09T08:49:00
f87dcffb-24f9-4f7f-a8ab-655b323b6ad7,85d0931d-9dbe-4f76-bde4-eb14a11cd841,66.28,card,failed,2025-12-24T05:49:00
6386ec76-05d8-4b77-87b2-9ed8a26f1288,7af38858-fb92-4beb-afa9-d990f688a50d,61.09,upi,success,2025-10-17T06:34:00
f2d1490a-7f15-4318-af2c-ef2a6388999c,93e345ff-7627-46e3-87ad-078659966edc,49.27,card,success,2025-12-30T13:21:00
e7e2ae69-6606-454d-8761-6d032d79459c,bf58cbb6-99b0-40d9-8785-7eb655089915,97.6,netbanking,success,2025-11-03T15:35:00
08c86959-fbb2-48ba-8058-d49cffc6167f,c00fb86a-1a52-483d-988e-5d1ec932a5e4,286.98,wallet,success,2025-10-08T17:16:00
cdc76e2e-dc80-4fb1-997b-4287b854b544,73a6042b-ed07-4f7c-bde1-963a419a8d6f,99.87,wallet,success,2025-10-10T07:37:00
c39e9931-aefd-49a3-a22e-785e5b1bc111,7058816a-92f6-4cad-a9db-007d787940c4,14.3,card,success,2026-01-28T17:56:00
c1fb4396-b69e-4f37-a72c-54d45efa673d,f76bcf61-1fa7-42bb-a9c6-fcff17fd11bf,35.62,upi,success,2025-12-20T08:54:00
8906abb3-809b-41fc-b30d-806feb87c283,b74e5fc1-75a8-4fe8-a6fb-22c798575885,22.95,wallet,success,2026-01-24T04:30:00
d33faabf-f2ab-4c84-afb2-60bc81747068,9a1b5867-1d81-444c-9ba3-635c04624afc,89.28,netbanking,success,2025-10-26T13:40:00
2668d321-b1e1-4fd9-93e6-8ae094949c60,3e744912-05bf-47db-990e-761d65c9358c,35.45,netbanking,success,2025-12-25T17:16:00
84664a77-40c8-4a73-805d-7d803a7f5586,91d1ab61-59fa-4ab2-a40f-4ba36b45c280,149.04,upi,success,2025-11-10T17:33:00
37ff1e33-84eb-4714-bd1a-7e41f8e90115,bc75fe0a-8645-4544-9eb6-c6dcd06e2a51,45.86,card,success,2025-11-27T12:06:00
104c523e-5b9e-499d-87cc-bbfb8fbc53e8,99f74f49-05fb-49fe-bc58-5976a14ee8cf,33.03,upi,success,2025-11-18T19:53:00
05747d78-764a-4b41-987f-cf3f62b20ab5,f8b9428c-65d3-4d20-a30e-e86ab8a97f91,52.22,netbanking,success,2025-10-18T14:02:00
694de5cb-44cf-4a0f-9af7-ad869e904d9e,1507bfa6-1f8d-450f-9c67-cae3aed4258c,19.21,upi,success,2025-11-26T07:30:00
f8f76f7b-b276-41d8-860a-cc5266a52a5b,a6138492-492e-4788-960b-fe2558cae9b0,176.85,upi,success,2025-10-27T19:56:00
095ca299-cd9c-4344-80ae-b2dc41ab6093,daf58fca-dfb8-4fce-a9a0-34fdd238d36b,47.96,wallet,success,2025-11-04T17:05:00
7cad3053-df99-4d2d-ad27-12d3060ffb40,c909769d-6aab-45ad-90dd-854fad863fe7,137.28,card,success,2025-11-23T17:29:00
42bad117-a9a0-4ce8-a4cd-6dc76f7dcc5d,a20a9bdc-17f0-4de5-9076-b574c9071064,305.48,card,success,2025-10-21T20:53:00
f9e84bc7-cbbc-40d0-bde2-aa8f6dd6e916,8dd05332-0090-4645-b0bd-ac65a6ca2243,24.02,upi,success,2025-11-22T17:13:00
547c9bba-3dee-4633-941c-d854bf7933d7,34490e0f-d09c-45ac-b54a-e29d9cbd18bc,46.89,card,success,2025-12-24T02:45:00
d6949957-a863-4633-8d5c-8659ccaa6dbc,d3dafb2e-94d8-43a6-8f26-f1ebcd552f3c,43.71,card,success,2026-01-12T20:26:00
51fc51d4-f930-4da2-adbf-c7d8deb951a1,31867c51-fcc1-4297-b29b-3f89ca6aa077,21.57,netbanking,success,2025-11-07T10:06:00
7626b551-3c30-4ab8-be0c-f91e7d760131,c8a356e8-e713-40a4-901d-4367499903f5,8.46,card,success,2025-11-12T02:55:00
4023f0a6-471c-44ba-b979-e1d2fcd8ba71,cba7188e-5858-45c4-b8f2-282d284dbf27,39.28,upi,success,2025-11-08T09:29:00
c5a750bd-6ea9-489b-8e92-e54d24f3f4ec,37c81574-dc94-4f45-a16b-0cd346bc2948,22.45,card,success,2026-01-24T14:25:00
e7350da8-d9b9-4be3-95a4-af911735b7b4,d46650eb-c95d-4619-9555-a5f43e0e990a,72.3,upi,success,2026-01-06T19:40:00
9c7504b4-d3c1-4a25-8a8c-55dceed79710,09744643-fa70-4d1b-aa39-c0b7f63f8bb4,43.4,wallet,success,2025-10-29T15:14:00
94b2f664-0603-4adc-8388-d2d2b20cb0d9,2a1ed549-374f-4987-b947-d8c0e7bc8f9b,13.52,upi,success,2026-01-23T09:08:00
51aea3ff-a3f4-455b-8019-c894cfc36991,d65d99b5-203b-43b6-8db2-f53b302adfc9,38.29,netbanking,success,2025-11-25T21:34:00
659afc3f-64db-4413-bd4c-d1fddecc8e7c,96f299c4-d782-44d6-a634-f4dd27ed02ae,45.58,upi,success,2026-01-10T07:17:00
994b2693-cfda-4205-9d65-9f7fcba64bd2,2858914c-3b0f-4e16-b7e4-5f2988ca9c12,37.97,wallet,success,2025-12-25T23:37:00
2869cb5b-43db-4bd3-90cd-69423d84796e,8564e2dd-381a-4959-870d-59e6eca28770,212.16,upi,success,2026-01-11T10:10:00
2d98ff86-260f-4a88-824a-582d3da4ce90,be8264c6-2a90-49f1-8984-417a077ac306,39.03,netbanking,success,2025-10-04T05:12:00
018946c7-190c-4301-ba33-f4a1c080f3c2,5afaf408-32da-4830-b958-cf3e6b215bb4,168.6,upi,success,2025-11-15T14:25:00
7186b4cb-0913-4d25-addb-e355b1450c84,1b15a502-3a18-4ef7-8c5c-5bd51b9dec50,146.19,upi,success,2026-01-01T15:50:00
48bb21bf-9071-4563-8f88-51770c0a5c2b,dbcfbe18-0a42-46ef-8acb-433d47225cfc,83.42,netbanking,success,2025-11-04T06:54:00
74515c30-2e45-4537-9964-d16977cc00cd,6cf1e775-0420-4aa9-89ad-0c39d974ec00,61.64,card,success,2026-01-13T06:43:00
9723147e-92e0-4e95-a1ac-ea89218f5958,c218c1d5-fab5-432b-9899-f858f4c2d41a,114.69,wallet,success,2025-10-13T16:16:00
e3af4239-bcdf-4041-9a54-3823273fb378,fbf557c5-4a97-483e-94d2-7b9277617aa2,129.33,wallet,success,2025-10-20T12:40:00
7db4d503-9357-494a-8442-7f3df1e7aa5f,ddd40964-d2e2-452b-bf5c-d72c5f400811,38.14,upi,success,2025-12-07T14:48:00
eb8a8cce-7ebe-435c-893e-d6671b5e407d,b4582b61-1ca0-46f0-8353-8f4e98bed945,23.98,wallet,success,2025-10-04T14:04:00
cf638e44-0248-47df-a440-b706e5ae2c24,16d93eb9-b57c-4a0c-8dc8-de8238e7333b,34.63,netbanking,success,2025-10-02T12:41:00
8a7f16c9-fefe-49a6-bd9a-acbf0a339831,5d90fb98-a2d5-447c-ba4f-783c0f4fe5b5,160.23,netbanking,success,2025-10-09T12:18:00
641bb66a-5f22-4ee1-971b-791ee4393408,4c03f40a-947a-44d7-ab29-354c09906ef6,19.82,card,success,2025-10-29T06:57:00
ebbb6143-f2df-4685-af31-83a47efee24d,24e21d84-e8c5-4c83-9370-8552807edfa4,51.75,upi,success,2025-12-15T21:33:00
f4e1a340-4b6d-4079-94ff-70af9d016f3f,e168ddf0-4d70-408c-acd6-011c90e9dfcd,244.68,netbanking,success,2025-11-02T07:42:00
9d0fdcde-e074-4e2f-be8b-3fb2df0b0d2a,09a24daa-de20-42dd-b6da-84b9af52f1d5,32.89,upi,success,2025-11-02T07:46:00
ca09e0cc-ef24-4a49-8d31-bdc5286d24bc,33d3698a-914a-4129-9245-561a6873622d,27.9,upi,success,2025-10-05T07:06:00
41e1e5ba-381f-48e8-9ca0-118c509a2dba,659c8914-9977-4a4e-8727-47d1d1d35e7b,10.47,wallet,success,2025-12-24T14:43:00
fc1adad8-5e3f-4ac2-a4cf-2b5c5e9c1ce0,995c31d3-b75b-42ae-b275-c41ac1cad7f8,42.63,card,success,2025-10-14T06:03:00
7555a72d-93d2-4d8e-85b9-46ac061b3374,c0ec5253-9ecb-4be1-9567-e20e95fe0a6c,33.33,netbanking,success,2025-10-11T16:20:00
8922c497-b0d9-4557-bd7e-5497ecdd8ac1,6f0347dd-ccd0-417c-a509-41ea897ba559,69.36,card,success,2025-12-31T18:20:00
8374da74-982b-42fc-adc3-77b800620182,6800c82d-6ca3-48b0-9fc4-8c5783f2679c,15.16,upi,success,2025-10-31T18:41:00
fec60d76-5ed0-4adc-b068-9ab9ea97520a,9ca7acae-9bf5-4c1e-b639-330ed8b5f438,80.56,netbanking,success,2025-11-13T07:47:00
183d5e6a-191f-4143-beda-90252c371519,7bca9122-453f-4ef0-bba7-027770a51163,290.94,card,success,2025-11-06T20:44:00
5e54a4a6-6270-4212-8b82-49b247597799,11e72717-9b14-418e-8f45-9697965dc71d,50.23,netbanking,success,2025-11-11T08:42:00
badeefb3-4734-499a-9586-b98a1966daf6,64f22361-fe38-4622-bf18-1c1770a972c0,19.77,card,success,2025-11-14T14:10:00
96f40a8c-4813-4a22-9158-d1f71955f88e,81840422-ae28-4486-9a56-24c78097ad29,132.36,wallet,success,2025-12-17T19:59:00
15c95a97-5a5c-4d92-9ad5-5489598f307b,1d450594-8faa-4dc6-9696-0332c0c67316,9.34,wallet,success,2025-10-28T17:21:00
ce3f070f-7dc2-46f9-aeac-1f8af50e1ed5,3b528521-fd05-46d1-903b-f6ec521a5cf8,207.68,wallet,success,2025-10-14T06:55:00
947dd5ec-030a-4f30-8c57-cc42fd8b9d34,0f727aea-7cdd-4248-8124-c5538f25dd7e,111.32,upi,success,2025-12-24T08:11:00
686465e1-6042-4025-af30-ffd47ab2bdc2,3394f559-51dd-4399-8e3e-90a0ae71cf5b,115.47,upi,success,2025-10-30T11:45:00
aa11b20c-e3cd-43fa-8189-d5e9804ef5e0,77c9ef08-8a51-4397-83b3-72f809bf0a87,146.88,card,success,2025-10-15T18:35:00
858efe2e-6a7e-49e8-b575-9e5fa467fcc1,5427b7eb-6564-4a9d-8183-e57c7b177c10,34.01,card,success,2026-01-24T19:07:00
5eb9e16b-fd68-4f7a-97ee-6a85fdb076de,25f2efa1-cf3b-446f-a4ab-53f9256e182c,47.07,netbanking,success,2025-11-05T07:23:00
a389c54a-a718-4c7e-b1a7-3bbb7cfd6977,f675d207-c34c-495c-a25c-9d9dc4706484,48.6,card,success,2025-10-27T19:23:00
e7831681-9e3b-4ec9-852e-ad93e18efbf6,005002d5-c5eb-4716-9c13-57bc233204e1,161.48,upi,success,2025-10-20T18:32:00
d52f8b97-fa80-4d53-873c-c430b423e2d5,83eb6cc9-3e18-4741-917c-5009e278989c,116.78,upi,success,2025-11-12T03:55:00
114d56f2-e698-4310-a7d0-03ad7760fda3,c3154848-6ec9-42e1-a392-0746a43e8d7d,47.2,card,success,2025-10-05T01:25:00
ac86a8b1-78fd-40b4-8c72-21e6a4d69d78,99656642-8765-4d0b-9f98-58f070d18f27,145.95,card,success,2025-12-01T07:09:00
5e4eb4d8-0e4a-4ef7-bda3-05e1991d63de,db40b518-c635-4773-8c4d-1f3ca6745883,55.29,wallet,success,2025-12-08T22:29:00
fb9fdb3f-81f0-4d62-9f15-d38660d3cc6f,444f6b3c-ac91-4472-901a-6331184cd6b7,70.44,card,success,2026-01-05T07:31:00
c3ef1e24-8f98-4b16-9712-445ed2256324,40a9ad7d-b4c2-401a-a900-f4436d31aa90,37.94,card,success,2025-11-23T07:05:00
b17ea1f4-9554-4faa-a7af-6ee0c3c4bb48,b1d4e7c8-48b1-40c1-9ef9-9b7d10cefadd,28.11,card,success,2025-12-22T19:08:00
40b64bbb-9183-43da-aeb4-6ae25b1e7323,2c8c17f8-5dc8-42ab-88f0-2adb7d66ddec,19.75,card,success,2025-11-11T15:25:00
6e7b13b5-d74e-4358-88bd-3034ff0a88f3,ee02fb97-2dca-45d4-833e-4d17fb3be87e,31.73,upi,success,2025-11-01T13:49:00
ee9dd157-11d2-4a6b-855a-d9d85d200b80,f7d32f87-2045-41b6-9a29-3264a9efcb72,102.54,wallet,success,2026-01-14T07:30:00
a83b72b2-f7ce-4c5c-85a4-ad32859c9f43,e8d04193-d9e7-4d30-ae35-4cdd784b7eca,87.5,upi,success,2025-11-09T19:36:00
b0e3090f-0bcb-4651-8c83-64802803cad4,15385bb8-e032-422c-93d3-812b87beb2c9,43.08,wallet,success,2025-10-03T13:28:00
7c37e8e4-e916-4401-90ef-1c6d3c6d0325,935702ba-2534-428e-bd46-87fffc5c6740,135.64,wallet,success,2025-10-01T22:00:00
18480b50-60b9-4503-87ca-65a3eb751c2b,f6a04c16-903f-4105-87f0-b84e339139b7,194.44,netbanking,success,2025-10-13T18:33:00
25b28f95-0872-402f-bef6-58de762e63ef,ca17a486-b3a1-4ab3-b3b7-708d765644c2,37.86,wallet,success,2025-11-28T17:35:00
9064fa53-802d-4470-955b-acbbacf4a6d9,1e09fd02-91f6-4e5e-9fa2-e164319aecec,23.76,card,success,2025-12-09T09:37:00
73b15905-8502-4f84-9dfd-2866c5c67f74,b867c7ba-535b-44e7-a1d0-d86d2e0ea4ad,81.0,card,success,2025-10-30T13:51:00
c4d176af-224c-4161-97b4-537ba18729f6,83ee0a38-0834-4b2e-9f0c-07a3e09c9210,26.5,upi,success,2025-11-30T14:50:00
6b999046-9bb2-4934-8253-359ca4388af3,c1021421-3bc0-45c9-92c1-05df11702961,60.52,upi,success,2025-11-09T19:00:00
b68fa692-9dba-494c-9a83-d679d0454eb7,dd22187d-5716-47cb-8c01-4e1fb02e7829,148.5,netbanking,success,2026-01-28T19:42:00
5d8da40b-aab2-4081-88d8-9a60fbaa94d7,a9ad77d3-7961-4154-aca6-61b336c5608f,118.64,wallet,success,2025-12-14T06:15:00
f6cfc8bc-d11f-41b6-ba8d-cdcb4a24b41c,f05fcd99-fc1f-4cb1-b661-f8a7031c9e41,107.62,card,success,2026-01-11T09:33:00
53381602-9f04-45de-a1df-dfa48578aaa1,f31ec124-a355-4a50-83a4-7caffdbf19fb,123.44,upi,success,2025-11-22T19:17:00
3b1edfde-3048-446d-aed8-546043f1ba05,ed760d7d-d56a-4bd5-b2ec-d99eb9b54511,32.37,card,success,2025-10-27T15:19:00
052a99e8-f2a6-452e-8a17-a2f6d4eb95f5,f1dafb05-c8a9-4355-a3a3-6ea96dfafd7f,15.02,upi,success,2026-01-06T17:36:00
5f8e1ec6-3231-4518-bda1-9e5c68fb374e,3221ba0e-c496-44d2-aa28-7f43caf9a92a,50.69,card,success,2025-12-12T10:34:00
e274a409-f11a-4c91-8859-bbf8507c02ca,d79c0941-b3fa-4fd5-95bd-2216168b48c9,38.37,upi,success,2025-11-25T19:26:00
7ee7b2ec-c992-4d4e-80a7-8cd309e65ec1,8aa355bd-c7ab-4ec3-8617-2d8c51b41219,58.77,card,success,2025-10-28T17:22:00
28d80597-1d90-4fd0-8093-c0a72fb61c95,31bbe1c4-031a-4d21-887e-ed893c90278c,35.95,upi,success,2026-01-07T14:53:00
cc469d72-309d-4da1-99f6-9add0af9431e,b37841e6-3cf5-483d-8fd6-25d7b3388d8a,32.73,wallet,success,2025-10-06T23:56:00
c1bbb1e4-7de5-41ac-8a68-750757d1abe5,a18760fd-c8d6-4936-953e-c68dfe6e6508,30.43,card,success,2025-12-12T18:26:00
136189c1-0619-4367-b489-c8d4eb17c9db,d67fdf26-7259-408a-9a05-8d3e4ec7c7f8,69.68,card,success,2025-12-30T08:34:00
901879d6-a0f3-4f68-b8fc-837e6f592f41,768ac09b-b3c7-408f-b6cd-79da7ecb47b5,37.76,card,success,2025-10-01T10:50:00
b72e2811-dd48-49b5-a39c-ad0321d7fea0,8d102de1-7d49-4bb6-9cd9-d3e415ebe3c9,106.17,card,success,2025-11-03T12:17:00
98af7eb1-5329-46b2-8ab7-71c963198ea9,a649dddd-81b2-4817-b3c0-e5506e14c5de,22.53,netbanking,success,2026-01-09T18:03:00
71206ca8-08a4-422e-80ca-f3a4bf0f36c6,6d85b22a-e9b1-40f7-9cca-6530c656e97f,10.4,netbanking,success,2025-12-04T13:28:00
6c0f1484-f186-49f6-8171-4c4f7e15884c,f874ee72-d852-461c-b791-3f66fe1b3680,104.32,wallet,success,2025-10-09T12:03:00
49aed5be-67d8-4000-aba8-4df393486cb9,73e9484a-7c8d-4a2c-99ed-00019a9c45d4,59.62,card,success,2025-12-28T07:03:00
54bdef5c-fe94-4bd5-a16e-76a6321dd2d6,e941fda2-4821-4fc0-8657-97ae6bac65bc,35.89,upi,success,2025-11-22T08:50:00
f52e6ce3-4c6a-4a26-86b3-212ab94c029e,b9571de6-a9b8-4573-b1d1-ba7d8be5d6e1,28.27,card,success,2025-10-19T13:38:00
8668cdd1-c6bc-42c7-ac5a-2417206d39fc,4a93d07c-3328-4b91-802a-354d04a798ef,51.36,wallet,failed,2025-11-12T09:40:00
db5a6327-f6d3-4faa-9c59-2101380b7b2b,1aafdee1-c7c6-43e8-919b-70abd0cd0a14,158.04,card,failed,2026-01-09T08:18:00
137524b5-b864-41aa-ac8a-dec3cacad178,0b837d24-51b4-45a2-b5a3-284e75d6d418,20.68,upi,success,2026-01-01T19:07:00
01ba9e91-dc5e-4d85-905d-da5da89d1d74,7e1d733d-e3f1-4c81-a132-85533a9a0ba4,62.14,card,success,2025-12-15T17:15:00
0ebcf4ac-e321-420b-94f0-082afe420fdc,72257c55-1ded-4b15-8b4e-f0e979db108f,41.24,upi,success,2026-01-09T14:44:00
562edbc0-54fe-47f8-a836-0cd3a5b415c2,5c1353f8-bebe-4d07-a824-d05fbe4a762d,18.26,netbanking,success,2025-11-27T19:51:00
56c431d0-e731-4af2-a0ab-c768064f53fd,72772f54-b31a-41a9-b412-75257dc313f0,25.37,wallet,success,2025-10-27T21:42:00
c009850f-5974-42b2-abd8-916061bfb6a5,57294fa7-d924-44b6-86aa-9caa264f6fe2,45.97,upi,success,2026-01-25T07:21:00
bec7822f-ed51-40a9-8e3b-a91f7518e7e1,61d41e02-ff33-4edb-810d-0844b9cbacfe,106.14,netbanking,success,2025-12-17T17:07:00
230d0d01-a02e-43da-a62b-dcd925606ddc,9a58d806-2297-471b-b314-34ff93561210,65.72,wallet,success,2026-01-04T19:40:00
db1b9691-dc55-489e-b8cd-4c6bfd73d811,a88dbc4c-b46b-405b-af8f-0569bbad8410,51.94,netbanking,success,2025-11-05T18:31:00
d68c3542-3dc3-4b32-befc-f34280bc984a,a029ba6b-981e-45c0-b577-7f3d886fa1c1,74.46,card,success,2026-01-04T13:41:00
699947e1-ba27-46cd-ae98-84212971f7f5,f7ba2228-8e25-4d79-b69f-3035b34a9602,209.01,upi,success,2025-10-21T14:50:00
8d8757f3-57c4-4804-9de5-fc6e4341cb70,7028dc45-0122-44ff-90b7-38ec16963c0a,291.4,upi,success,2026-01-25T09:15:00
2489afd1-da56-4aa1-bcc8-e06a6d9da3ee,103e6d69-39b1-46a0-b587-73f419de9a9c,100.47,wallet,success,2025-10-10T07:41:00
73802e03-5a74-4d55-a5fe-83236fe58090,d2e95472-4d05-44b9-8cf6-18424de116f2,40.13,card,success,2025-12-18T15:35:00
36deac11-d9b4-440e-bfc6-cf85988da877,c6def144-ad13-49ee-be98-b7a34fc5a2d9,184.62,netbanking,success,2025-11-11T17:52:00
86b1f936-9081-43cb-a610-88ebe5f413a4,40199bc3-fbbf-416e-93ac-b4cf7590da60,92.52,netbanking,success,2025-12-31T15:38:00
4e802806-aa57-4087-a08c-cedc37f95ffa,6326a465-1053-400a-bb4d-bbe3dc032cc2,223.84,netbanking,success,2026-01-13T19:24:00
9f2a7024-2e14-46a3-b075-935b57b13de0,91daac9b-1ad6-48ec-bc7b-3482776efd6f,52.12,wallet,success,2025-12-20T16:08:00
af972a48-f3e5-4694-b23d-6e04748a919c,ec45c13f-2ef7-4a29-8402-d050596242f2,48.45,netbanking,success,2025-12-13T14:44:00
09b79c8f-dddb-4611-b3a4-2e7d06cc77bf,9decf999-8046-4a52-949f-e934d847c1f4,21.8,upi,success,2025-12-30T18:23:00
93af57e2-3d8e-43e5-bebe-759a5565bfad,fb4a90ed-fb82-4bf5-bf2d-40883c3eed44,36.02,card,success,2025-10-13T13:58:00
6c8bba8b-ad4c-4bcd-9e91-04c15057f40d,c9bf9d8e-c8ef-4f16-b87e-88a87ab8a916,156.48,card,success,2025-11-15T17:55:00
656bf516-e608-4bf1-9748-d3d15a767ed5,b8818080-88f3-42d6-914c-af1fbf0ab6cf,48.21,upi,success,2025-12-20T02:13:00
65f5aa65-6de4-45a1-9e90-6a57892574bd,cada2c53-d94a-4fa3-bf7a-8929ef2a5671,19.79,upi,success,2025-11-03T15:18:00
c75a415c-6dbb-4321-9429-4871bd8962a8,a8b4ea53-a87c-4b60-9d8c-04740952f8b5,47.36,card,success,2025-12-09T06:44:00
4fd132f7-c6f7-4304-9f1d-67135f868559,397d041b-16b4-4d02-a8d6-0881759d805d,182.04,upi,success,2026-01-14T20:34:00
e63185ee-3c52-466b-8b8f-5b3b3e482f1f,e4433892-44ee-4e59-9a7c-416d81fd7712,36.24,netbanking,success,2025-12-18T08:40:00
715cacd8-fbb8-4188-91d9-f171495b566f,c38d9a11-654d-44ca-b150-2a2495f7bc20,99.06,upi,success,2026-01-16T19:42:00
e02ed3a2-cb72-4c84-aed2-3514bb9dde7e,cfde604e-9288-4b1c-b0c2-f74fb1145eae,20.14,netbanking,success,2025-10-27T07:35:00
4054b1a0-75af-46c4-9bcb-01bf40e7114a,411d7608-e40d-4ec4-a894-3fc363582143,53.71,wallet,success,2025-10-16T11:34:00
e496f60f-633f-4b43-9914-9dcb3538b39a,6c440581-1072-41ba-8310-b83335b73a88,107.4,netbanking,success,2025-11-30T14:19:00
4f5c2987-3c15-4fb2-89a7-ae01099f9db6,1527166b-5c73-4870-bab1-317474e88d42,33.46,upi,success,2025-12-02T15:30:00
31952a9c-c941-4619-9904-68b8ca3ac4c7,b4fa1d00-fd06-4d15-9ec7-f799e9c923c3,171.72,card,success,2025-10-31T20:05:00
0ad06556-35fe-4ea8-85c8-0c0c757a5744,f8c90c94-62fe-4719-a485-9986d37c941a,18.28,card,success,2025-11-07T02:34:00
9159c744-6e93-4c25-a258-854faf734f25,f0e1f281-34bb-4930-9356-1217fa562ab9,32.6,upi,success,2025-11-07T08:44:00
a98e95d8-4704-46ff-91cd-45fc7eebfb93,91f4d0db-8a40-4f16-8ef6-bc6925153ddf,52.41,upi,success,2026-01-06T11:01:00
39a9458f-9499-46f5-8f30-83a9ffad74be,c77839b3-e626-4835-a943-c28f876aebf8,117.93,wallet,success,2025-12-17T13:27:00
974fc740-6a69-4d44-8d52-8100de4d355f,422d0542-fd05-45bd-9e8b-0e55925aca3b,89.94,card,success,2025-10-03T19:14:00
07aa8d40-fbe8-4794-b962-c5f7f8824fd1,a9ad3883-dd63-44c6-a026-ebc29a587146,18.23,wallet,success,2026-01-08T07:16:00
3a81270d-7962-4428-b1c8-e8cdf5babfa8,da3650df-ea7f-4edd-90e7-d8c001a83dda,49.11,upi,success,2025-11-20T04:35:00
bf12ba84-a407-45aa-8997-9509b1423164,ed29ab82-aa7a-418b-ab33-16089cfc5eec,44.67,netbanking,success,2025-12-28T15:15:00
8b46e8c5-12af-41e5-91d9-9fa02b5ad185,89c38eaa-e63a-4885-b8f6-dfb2fe0a07f6,125.94,netbanking,success,2025-11-30T20:43:00
acd2fd25-6e73-477e-9b50-1cb57ec1ed18,afe08c52-caba-4b75-8513-e8db52cc581c,40.85,card,success,2025-12-23T09:58:00
b715cb94-c792-46f0-b214-9f07b45f00d0,a00b0d04-1cc1-4d97-adda-65781871d57d,14.74,card,success,2025-10-29T17:37:00
87641ae6-1342-4172-b67b-c3303cf1d71d,dd2ad83f-7782-4bb3-aaf5-53ede02ac976,43.21,upi,success,2025-10-17T16:46:00
3d1e4d8b-56a8-4a35-82a4-32a49a53964a,d4d7ed0c-29b8-42a3-b90d-39e0b015055a,98.54,card,success,2025-12-31T07:30:00
64e8a3ba-21c6-4107-8fa2-16029b3b2289,e8aac944-5693-4c0c-8826-b26cb8defa5f,79.8,upi,success,2025-12-22T12:14:00
a68de6c1-4080-4faa-8475-f826433ccefd,8db65924-7fd8-4787-b1f3-514724abfe03,96.48,netbanking,success,2025-10-25T00:57:00
2a67cdc7-26f1-4ebe-af20-bf4a8a80bd42,fc032558-8b9c-4c44-a5bb-979558fefc71,93.7,netbanking,success,2025-10-26T23:13:00
1ae9efa3-cc54-4bb8-832c-f9c9499bc498,83d9db4a-ea8b-4b8c-88f5-11c3d331b60c,48.3,upi,success,2025-10-16T12:43:00
f92717c6-f561-46e2-b269-5d10bd8033e3,de89885a-3ec6-4d14-ba84-ac69ed95ae0c,70.86,upi,success,2025-11-18T21:47:00
63542435-f750-421f-814b-5f224f68dbe3,6984424f-e193-457c-bef8-f9c08cf94d1e,35.56,wallet,success,2025-11-16T14:39:00
12d0ec56-73f2-443c-910d-6790fc8df1f2,a3a34967-d489-4b34-a8bc-3d7421f52aca,66.12,netbanking,success,2025-12-15T12:38:00
6e1a45de-7060-46c0-a6a5-ce470a722620,a7774670-9c9e-4740-b25a-6b526af6d676,21.91,wallet,success,2025-11-30T19:48:00
f7115722-88a0-457a-ae5b-a5d8142861ff,c66e7142-c639-4922-b4ee-2b2b6d331bc5,353.52,netbanking,success,2026-01-16T08:42:00
52a0aa8d-c51d-4611-b87c-b30f44184088,58a3b095-7984-4e7c-bf5c-b6b34862bb5d,104.82,netbanking,success,2025-11-11T04:13:00
88879004-a2eb-4620-bb91-4ff9a399f8c5,a4219164-e25a-4b8b-b555-93ef9cd72f05,42.08,netbanking,success,2025-12-20T21:50:00
93d5dd13-c2b4-40bf-b846-2b4d55889c49,192ea9bc-67aa-4dcf-a193-7aaae4f34792,42.95,upi,success,2025-10-27T19:05:00
f667e6b1-a1c1-44c6-9774-e2cf46b80654,5f019b08-b79d-470e-a3dc-59a8456faf18,99.3,netbanking,success,2026-01-08T16:52:00
76ad3e49-543e-419b-b46b-4b1dc8f1b0e2,2a3d7718-8310-48c2-9691-c8bc6bc0c582,36.66,card,success,2025-11-23T17:45:00
f1d49b21-2f03-423a-b66b-15b0513b788d,e1785305-535a-4765-9c90-6dd911be3e14,83.14,netbanking,success,2025-10-08T21:23:00
aa1e5b89-ec17-4e23-8310-a48be7cbe0cd,fa06a0c5-41d8-4d0c-8952-21e323f7c2c2,30.73,card,success,2025-12-11T19:02:00
acafbf11-f963-4a75-a34c-5e7dcac5eb70,3a1f6669-0262-4161-9b46-71420bcacf58,132.52,upi,success,2025-10-21T20:02:00
a296bc9d-7a10-4841-914d-7cb051a21f02,0db57e9b-f5b0-42b9-b7e0-5b91c66d9571,20.88,netbanking,success,2025-12-22T09:18:00
e02e6846-1766-4305-aa6d-72b1f67765e2,2f5d1cdb-12d8-406f-b689-cdecd1256e8a,61.47,wallet,success,2025-11-18T12:27:00
ddc4c680-c289-4abd-b7bb-2b77c7d6e7e2,d0ae2a9d-9518-442b-9b65-61f70938a4c0,120.42,wallet,success,2025-12-09T06:25:00
4f25c1fa-bf94-4c34-9225-421f38a235a9,6f64f749-82a5-4d65-95ca-c024c4a86a74,186.15,upi,success,2025-10-20T19:32:00
dfaa94f5-ff96-42dc-bd25-7789c822dbcc,5b9c5955-74f9-4e23-ab05-03e8d7298845,135.15,wallet,success,2025-10-04T19:37:00
583ec020-87d1-4332-8f87-3be1419c7fbe,8b74b981-c070-4d74-853f-149065db3d98,23.78,wallet,success,2025-10-05T14:26:00
abef77ee-a181-4b3b-a94f-54cb39a11a8a,0b94a154-eefc-4e39-ad91-019b31d19b7d,23.8,wallet,success,2025-10-05T09:28:00
d6942618-d8a0-4bb4-8a59-53b2b105958e,d047a325-a7a2-4764-b2ff-42ae85f038d3,201.04,wallet,success,2025-11-12T19:51:00
5b508947-9fde-488e-8351-52c9cffad56f,4d46aede-e36f-4d97-97bc-130610883ba8,81.96,upi,success,2025-10-08T06:29:00
85c134b6-65de-4ef6-a51d-b9dcaad7fbfd,adf21344-17c7-4e57-9a3d-23815d57a8d3,26.89,netbanking,success,2025-12-12T22:22:00
5558423c-ae20-48e5-a7e3-f8f5cb673927,abc0dcb4-dee9-45e0-bc9f-ba03d6b50451,158.16,netbanking,success,2025-12-03T03:35:00
785ae213-764a-4f61-8658-78a3ad75c847,c7339821-49f6-4307-aac7-3fade67db342,46.15,netbanking,success,2025-12-08T16:38:00
45c43809-dd6b-48cb-ae0b-0e8a66c9b1ed,7bede63e-1498-4550-866a-a94d350c95cf,19.26,card,success,2026-01-18T07:01:00
5881ac47-0c5e-4db7-9f82-83a21c77a40a,b246955e-e306-41b3-a0d4-f79f4e9ea554,34.35,wallet,success,2025-11-28T15:07:00
aa10320e-dc62-4975-9c3a-bb7cbcd0bd4c,e9b5aa13-63ab-41f5-9754-c0f013976b70,100.95,card,success,2025-10-30T23:56:00
62134581-aa37-4b0d-827c-20d4ec64d037,f6ac22e1-8f4b-4535-a4ff-8982654667ad,83.96,card,success,2025-12-13T08:43:00
a05318a3-5b75-4cb7-a670-894ff6fdb9d9,77c52bd0-abb2-4662-8030-6b178b6e21a5,32.89,netbanking,success,2025-10-02T19:05:00
17509ab3-7887-4a50-963a-f0f285b45832,1f59071f-cc1e-4b9f-8e68-7fa1a13dfd17,32.45,wallet,success,2025-11-15T21:06:00
b520553b-1835-4b3c-98b0-cffe6745cb54,f26f4184-c491-43e4-8ef8-8863ebf768f3,43.45,upi,success,2025-10-20T09:40:00
fdc29a9f-fe3c-4df1-b38c-6c6d3a625f21,c782a173-2e65-49ec-a454-820f232edbf3,30.79,wallet,success,2025-12-20T06:26:00
f05c186b-8346-4365-927b-99934760a4d5,7727b63a-4a91-4ade-910a-1c6e72bfbf5c,40.06,netbanking,success,2025-12-17T13:41:00
35a841fe-4f30-462e-ad65-a18d6322f362,1e399806-5875-4eb9-9f83-6ba48d2da388,312.18,card,success,2025-12-16T06:47:00
6a6ee10a-7134-4215-a2c9-e96f8a79dac7,ae32869e-b84b-46ba-8860-af5e5a6d08ed,49.56,netbanking,success,2025-12-09T19:19:00
1c539d17-3376-475d-890b-5f5d1d8b0814,151e2018-f3c1-4240-a781-8fa3d1744a2e,93.89,card,success,2025-12-05T20:08:00
a8a2314a-366d-4fe4-9b47-108f3b72b391,26aa565a-519e-4266-bf76-fbd0570ab246,137.82,card,success,2026-01-25T09:17:00
a014c395-cd12-44fa-ab0e-f0c3e2eeb672,e8de1f1e-342f-4b26-bd79-560d82f869ab,47.55,card,success,2025-11-07T19:03:00
e8d57e9a-53bb-47dd-861f-c05b269a99b8,2b74a5a7-1e20-4342-8150-0c06bd804ed2,72.68,netbanking,success,2025-12-17T06:54:00
c0274e9e-fb90-4bb0-bec8-68031a39f2e4,a71969dd-4f8c-476d-bcfe-535b45dfb548,103.88,card,success,2025-10-14T14:55:00
2ec8fba5-e97b-494a-9252-bf31117bb862,11b03432-b775-4c34-9f50-eb6346f8dae5,45.33,netbanking,success,2026-01-17T17:12:00
325e20ce-5818-4662-9566-f8ddd9094cc8,68dc013d-b48c-4a19-89df-1d63bf0fb774,58.76,upi,success,2026-01-22T19:25:00
977e94f5-3f46-43c3-aaea-b01e531f2adb,c8958562-a644-4b7e-95db-31bb2047ad12,136.8,upi,success,2026-01-16T07:00:00
3281bba3-1637-4a0d-8062-3c20b2542355,005383e7-555b-4aac-b914-51c768acd320,19.04,wallet,success,2026-01-07T21:11:00
6cd10050-cec0-44fd-9860-e81b6e6b8d71,37a9afa4-dbeb-48e2-9c45-12d94cbb205b,28.26,card,success,2026-01-06T18:48:00
b9c27f30-05ed-42d5-80f6-67e447337d5e,0873e13b-b8b5-4ceb-8c79-97d127041e59,91.64,wallet,success,2025-10-22T18:33:00
80a8c47a-cb8e-4471-a155-06206caf004e,0ff15e64-e3df-4c12-9bad-28d1b793e549,11.37,card,success,2025-11-11T09:46:00
b26524dc-2aac-4b99-883b-4e8250819bba,3a8ac241-ba82-4508-8ae9-ee84b4a2c8ab,124.06,netbanking,success,2026-01-12T18:02:00
135fc9be-9958-4374-ab81-f32d13a03390,9ddaa1ed-afdd-45f7-a86b-993e02914a16,125.1,card,success,2025-12-25T06:34:00
0ce20557-9b72-4dc6-89b6-87c8092da2a2,a7c55a8e-0744-4bb2-b52b-3cdb5346d1eb,24.0,wallet,success,2025-10-27T07:34:00
6c02077c-293e-4d19-af9f-31dc09840742,79b704c5-8792-4dea-9a8d-bf52eb7857b7,73.05,wallet,success,2025-11-24T20:00:00
cd9c7d07-f144-405c-b4ca-7222205f4adb,a01b755c-87c6-4b1c-b697-facb0b0533ae,30.88,wallet,success,2025-11-04T18:03:00
d9c52a9f-426b-4b5f-a58a-314f8a62c513,2c61f8a7-8dc2-4296-b278-7773ea799122,317.04,card,success,2025-10-18T16:06:00
c88058ea-6eb0-4cc8-9d4c-dbb9c0dcbb94,cc1291b7-95ca-46cc-95e6-ff7badb80b63,170.52,upi,success,2025-10-03T19:57:00
7e9ede9c-2219-4d5b-94f1-a01265937613,3e40dabd-6fb3-4cdb-8088-fb3e7b4ca14a,145.77,upi,success,2026-01-11T16:51:00
e0001015-82fb-437b-be50-dddcc2f792df,c8fd1974-be75-4887-8146-f9176abf939a,25.26,netbanking,success,2025-10-06T11:12:00
13811fb4-acdc-4802-8a6a-34c92fa3ff25,6427f4a1-90c7-4a1f-a6c3-9526f8041f19,53.22,upi,success,2025-11-29T16:17:00
4418e68b-c834-46cf-842a-6a80066c3e47,30af3b93-0156-4ac2-8a9d-e46f797e6c79,29.0,netbanking,success,2026-01-16T12:19:00
537654b2-1441-42fa-afc5-a9b08883ab0d,46c35c32-1769-4179-a1e0-15a74b92146b,94.88,card,success,2026-01-21T09:18:00
94018dfc-227b-466f-80c7-815df9bed18d,1bbefcc8-c86b-4814-a0e7-a8a685b27f73,117.08,card,success,2025-11-09T08:27:00
5d75d5d6-453b-4704-b90b-7842663d8435,d3abc6b3-907c-4b5a-87c4-ee48b69f9bdf,100.68,wallet,success,2026-01-07T22:25:00
6825fb7b-74e7-4036-85e8-dab72349f0ad,06aad5c0-1c72-434c-adc4-9c581d042572,314.16,upi,success,2026-01-01T15:04:00
1fb5ebc9-8be0-4d28-8cce-e4dc6d933dcd,a6d819b8-4f2d-462b-84bd-c787da3947c7,39.26,netbanking,success,2025-10-02T10:29:00
68c65bc5-1fec-4de3-834b-a9a455d616f4,f81658c5-7f07-4c73-bc3f-8bd6e46ea6f8,40.71,wallet,success,2025-12-14T12:52:00
53e1951d-bff6-4514-8119-a05d2b0a0abc,af19c9f6-6e16-40cf-9a47-4d9ae8f1570f,161.52,card,success,2026-01-22T18:38:00
8a03116c-2187-4cb8-8ca7-ed5122e9841a,3060f9dc-0ff1-4d20-8fbf-87173da90130,107.74,card,success,2025-11-28T05:00:00
65a86263-fc9c-4dbd-a46e-b25d45852a60,fe52a401-608f-480e-b7ac-8ff2947270e6,52.44,wallet,success,2025-11-04T18:19:00
09444f1e-2464-4212-b28c-f944cd69cc3f,d90c5e0f-7059-41de-92c8-3c0b4359192e,61.56,card,success,2025-10-22T07:28:00
408dcb93-937c-48e6-88f9-c6f4ccd3b88f,2c036be0-0844-43fc-b430-707db92aead7,61.74,card,success,2025-12-13T19:42:00
14412338-4606-4adb-b863-ece8144ef900,f8bb9708-203a-4287-92ba-51d4f450fe3d,21.1,wallet,success,2025-11-05T12:15:00
a2608719-7069-4224-bc08-4e98706f35b5,117a4d1c-022c-46e5-b60f-060e71f2beec,84.12,netbanking,success,2025-11-12T17:02:00
31ce03fa-45a2-4349-86df-17fe3fb62fc6,511c6256-81d8-4247-8374-a7f1e3fefaa5,58.78,card,success,2025-10-24T00:25:00
efe3e258-8ec4-4455-8069-b1ee403599b3,5b918110-a39f-40f4-9358-d6d5a9752036,87.02,wallet,success,2025-12-29T20:34:00
b10c249f-8a24-4cba-98e0-d5cee417fa65,1f245608-b927-41cf-9c0f-820904e048d7,57.09,upi,success,2026-01-11T07:42:00
13ffcdad-ad7d-43b0-a739-18460bd97f9b,4bbbabf9-e928-4a2b-b029-12255e290f93,36.86,wallet,success,2025-10-12T20:26:00
a35346e6-ded1-4c05-9e1b-40fafb356833,a924f8b0-0f46-452c-9118-f82c3102bd74,112.92,card,success,2025-11-26T09:12:00
bc340c4e-be45-4058-b5df-d004d8d0219a,2f3d4469-353d-4248-96f0-5d07a005dc77,21.21,card,success,2025-12-20T04:43:00
369384fe-5888-4726-a470-1ca7fc0ea55a,b1fc7c71-65d4-472b-9751-a71a34fb205b,101.06,card,success,2025-12-22T16:36:00
1d8bc23c-264d-4fe3-be6a-a6e1181336f9,d56f8d26-994b-4257-a889-f96ed5d4fba4,57.3,wallet,success,2025-11-29T20:09:00
84b59d35-7012-46f5-b2d6-7f81836f2cc2,501ea757-a751-46c6-8492-b571881e22b2,71.19,card,success,2026-01-24T05:24:00
886e661f-b0e5-4594-a0f3-496d7125c18c,5d801073-c9bc-46eb-881b-4c4be0123738,41.48,upi,success,2026-01-09T12:07:00
738b4962-61fe-44db-8d6d-47adc4ff3c67,62891767-1603-4e59-828a-8f52dee8c3d2,71.82,card,success,2025-10-11T13:42:00
e0d4602c-1da8-47f9-97ca-cd2505d47bcc,bac076df-115c-4a7f-ab2c-42bffef14f7e,15.14,upi,success,2025-11-28T00:40:00
a1186488-3ec5-410b-a332-1ec109546840,1d5eccdc-7362-4801-9832-e3535952a17b,50.74,upi,success,2026-01-11T17:11:00
3d417ef6-8880-41f0-8e98-f12fe6cbea90,64b3cb88-8bfd-47b3-b12e-0deb27cb772c,49.52,wallet,success,2026-01-06T16:23:00
90cabb4d-7e19-4004-a55a-8a431c395739,03728c9d-cf7e-4f18-8836-030df8c7b136,49.74,netbanking,success,2026-01-10T19:19:00
68ce2d62-541b-44f0-93b4-c873a806df08,11d2b8da-d08c-4d48-8c7a-e9a3ee3ceb04,66.62,netbanking,success,2025-10-21T08:36:00
06c6deb5-77dd-484c-af44-695377fce50b,83219581-072f-41d6-ad92-b348972e1848,210.6,upi,success,2025-12-18T20:49:00
b518b3b8-90b4-4b7d-88e2-5fc2cd14d09b,3298e1a4-8815-4a9a-9dfd-c719df2c0232,26.38,wallet,success,2026-01-26T19:27:00
aaa00147-0096-454e-b79e-745afd5d10a4,51ccb581-2713-4ad4-881d-8f9f3f495ade,54.8,wallet,success,2026-01-26T18:01:00
cf8da3f6-1fe4-4c3d-9931-b80b8d565db5,f54da0f0-6a0e-44dd-a6b4-dfb379869182,44.12,wallet,success,2025-12-11T21:18:00
21d2e554-903b-491e-abd6-17303a5b5553,dcfce444-909d-4f83-ad6d-4d09b6ac0419,42.95,netbanking,success,2026-01-24T21:38:00
ad2536c2-6c4b-4e83-a458-fb357c7414ce,2df2a906-55a3-4a1a-9262-543032e5859f,23.17,netbanking,success,2026-01-01T19:22:00
107dd13c-8f7c-4473-97e1-73a29a12e41f,0d47501c-52fb-4080-ac0b-6b7cdeaaf8f3,78.72,wallet,success,2025-12-06T17:13:00
68fb8547-5404-485c-8bf8-ea4a46a2b590,3f6fd1ae-6d27-4b58-903d-79019e4dc6ac,18.33,netbanking,success,2025-10-02T18:16:00
0353233a-d9cc-48c8-855b-07744e85404c,c012eab2-f540-4517-930a-3f6f1594e49c,36.31,wallet,success,2025-10-03T20:12:00
1c3a7d8b-e49c-4966-958d-fdcd93fd3adb,d5fcd568-efe3-4165-b81f-4faf8d74b00d,93.46,netbanking,success,2025-11-02T08:07:00
c7853193-0f2a-42fa-9618-b880361af941,90b14be7-37a0-4e74-9ac5-da79aafe7a86,71.55,netbanking,success,2026-01-01T20:25:00
67cef74c-2e19-450a-b380-8411a340121f,641bf614-757f-46db-9d67-a8c0d360e3de,45.48,wallet,success,2025-11-18T01:46:00
6ffd25c3-2ef0-475c-b16c-400928533af9,b0780b05-c00f-4812-b44e-0575a45405e3,22.57,wallet,success,2025-12-10T16:30:00
12f14fa6-0f12-424e-9965-436b55043d03,0b15588f-f2b3-45b2-84e0-f7235e86b3fe,12.28,card,success,2026-01-11T09:18:00
9e033cb8-221a-478f-b0fd-6372f2abc91f,3dc9f9fd-eee5-4968-8d1a-b65775f24a9f,49.03,wallet,success,2025-11-17T17:50:00
eebbaa5e-f822-465a-ad83-722472ddce24,51d6371a-4eb7-4fb1-979a-d11af5e66355,65.55,card,success,2025-11-19T10:04:00
1478b3fd-0a89-4740-9fe9-3891e409d94e,b933d184-a060-49ec-a06b-1e9e5a738ae8,48.25,netbanking,success,2026-01-09T13:44:00
070eb204-88ff-487d-bb5b-3cf4b2fc6811,3487f589-a493-4a11-ba4e-a9b75116eeb4,69.69,wallet,success,2025-10-01T06:56:00
f1076af4-823f-4e03-a536-4c7101a1afce,77db51c4-04bf-4f86-8d63-5e8893c2fb62,113.78,netbanking,success,2025-10-23T08:42:00
6cd3a1b6-64a0-4769-bdf4-ce3ade11038c,78e3e75a-d00a-457c-bc6e-8b36b3c4eb6b,60.78,wallet,success,2025-10-31T16:32:00
54116dfa-f140-41fe-8f4c-aea2c8b6b8c0,2e2c497a-1293-4ada-9011-5d7b5ef1d8a8,39.25,netbanking,success,2025-12-28T18:04:00
9500ceab-284d-426f-9153-3aba7405a67d,89a15bc6-3ea0-4380-af75-cbc6f078214b,37.65,netbanking,success,2025-12-14T13:07:00
21b9c159-2358-4d60-bf20-d4a66aeac158,4a1d4603-3877-46ca-9daf-999f85ba9f3d,55.4,netbanking,success,2026-01-15T06:37:00
cdc28a90-ae09-4a61-8f6b-f46ce40c208f,b45684a1-9a82-4f78-ab4e-61ccfa3077cd,118.71,upi,success,2025-12-11T11:17:00
9f1818d8-f0ab-45db-9f43-eb3d4000ce65,a237218f-1ca6-4335-aaed-2d6d4e9ce203,21.48,netbanking,success,2025-10-13T07:55:00
eaa729e6-f72e-4139-933f-f89220723775,3beabf6a-8709-4d63-a287-dca01a5d5439,60.12,card,success,2025-10-29T19:22:00
1d27ba13-0eca-47da-8129-4d5729572797,76b73079-e50b-46ff-812d-484384957083,99.57,wallet,success,2026-01-28T09:37:00
1125cc31-c429-43ab-a12f-dc2b5d7c0ef4,7d4dc144-3127-44a3-b735-b49ce19d2557,51.9,card,success,2026-01-12T13:56:00
0569119e-3d9d-4426-bcda-758c392d7181,f3811225-82cd-474e-8af7-95d93e59b220,113.16,upi,success,2025-10-28T23:16:00
0e7dff24-4272-4a58-b074-58af159d2fe0,693243ac-8525-439a-8070-749331046dfa,69.78,card,success,2025-10-17T10:57:00
fd51f129-a978-4835-a0d8-f7552c3e110e,79fd215e-e008-42b2-bb20-c38e9e0e92c9,51.8,wallet,success,2025-11-05T18:43:00
0b585d05-c57e-49a2-8f26-75acd86b8a35,db10daca-78a8-4ade-a720-7450dcbc746a,30.87,wallet,success,2025-10-21T19:23:00
4c666ce1-c95c-4b27-aade-98a9aff0f73d,b5868ddf-14a0-46f0-8261-af85523f9a5e,108.24,wallet,success,2025-12-10T18:43:00
4ba5e8f6-2f52-4973-b956-654b25bb2ac9,d541695c-758a-4cad-89a7-752e372b4492,65.49,upi,success,2025-11-06T14:03:00
33157efb-8bb4-4ac9-9e91-78c47dbedcdd,bd9928c8-e5aa-4ed7-82fe-34e61a9f2efb,57.03,upi,success,2025-12-06T13:51:00
286cfe0d-caa6-474a-8d5a-3114d56db0c7,4ab13ea4-8550-44d9-b98e-3ae33264c8c5,30.72,wallet,success,2025-10-15T15:55:00
ca1c51fb-8185-48c3-aaeb-415f07e8ae7d,9817b3cd-3f0d-4b37-87d4-bc0bd00dc7e4,30.28,wallet,failed,2025-10-22T08:47:00
36f8dcee-9235-485e-9976-03ce62618acb,0b9d5b0a-74e1-46ed-ab4d-8513aa4e0ce6,26.91,upi,success,2026-01-11T17:57:00
c9d9940b-35d8-4c7b-8639-d7dd0bbde9a0,303bb514-3114-467f-b357-7b7b703bd4b7,17.88,wallet,success,2025-12-31T09:06:00
13e49620-78dc-4bde-af98-a68321b15e69,cb3c7701-3e9f-4969-abaa-027a9972014e,35.74,card,success,2025-10-23T06:19:00
54df63d5-9118-4acb-91e0-56d42e42ea5b,992b8c5c-9d8f-4048-bd1d-1b62181449be,25.65,netbanking,success,2025-12-30T07:17:00
56fe20d1-e762-4ad9-bc75-3da9a7eb99a1,77a2b084-8ec3-4503-ab3e-64325a7e0e42,81.86,card,success,2026-01-24T13:49:00
cbab38f6-852b-4db0-a37d-1fb3bfbbc19c,7fb518d9-d169-4817-bb32-e8dcfdd4cabb,17.24,wallet,success,2025-10-17T14:40:00
51982d83-b97b-46c6-a342-3e748656bb31,55023f42-6050-490f-92bf-960d0c07e78a,143.64,wallet,success,2026-01-28T11:19:00
2a95660b-6f86-4428-9e72-c13b84c06141,6f5bc7e7-ad91-4838-85a1-791bdb53c015,78.52,netbanking,success,2025-12-31T23:32:00
009c6831-3eae-4fcd-847e-4dbf5181c4e2,aca071df-1731-4639-acd0-6d785e702bb4,33.44,netbanking,success,2025-12-20T19:14:00
5c84eb0a-20eb-4c14-857b-038c0b96c945,177612b3-9fcf-4c54-a52e-c340a2df956c,25.16,wallet,success,2025-10-10T20:02:00
53e02205-b3c4-4346-8055-753b20196609,dbf58026-2499-45c9-bc86-6145653c7088,94.47,netbanking,success,2025-12-23T20:04:00
a6cb96bf-835e-49a8-849a-b51abfe000fe,09128101-49d6-43ac-a8cb-1367c67758f4,133.78,card,success,2025-10-21T16:02:00
ef19a3a2-09ee-4121-8ea2-c0acbc901305,62cbfe0a-0da8-406c-9259-114b849338c0,127.98,upi,success,2026-01-23T21:37:00
da8cb062-982f-4142-9dc5-32ea5e229b76,a71ab892-9248-4592-b342-03c44ad266b6,69.0,card,success,2025-10-09T07:05:00
87064575-7b7a-4c52-a9bc-9d456966ebf9,132e5743-2667-47d3-8aac-91c0fe11c748,65.36,upi,success,2025-10-22T06:26:00
aeedaddf-8d96-473b-9631-b555a256a959,3a3ae8b1-90ab-4471-b85b-dea41b7bc61f,27.15,netbanking,success,2025-11-16T17:59:00
81157098-f14c-4756-bad3-7a52ed3e98e5,08c1dfd4-228b-4171-b139-08b1615f6320,41.76,wallet,success,2025-10-15T17:02:00
bde191d0-0cc6-4d50-8d8d-40282d09f642,c18c539e-0a2b-43d8-a584-a21865627a8e,130.77,card,success,2025-10-05T20:20:00
6ba6cd81-068d-4224-832a-6fab392185f4,74d091e6-299e-4e8e-8da6-37fef40316e9,43.58,card,failed,2025-10-14T23:29:00
89432285-3eb6-424e-a42f-55260ed37c53,b33ddf29-35b5-4742-9938-be21b98d05ee,21.91,wallet,success,2025-12-02T08:04:00
f86e1b26-17a9-4df4-96ff-4a3edf9701b6,eb61ea86-17a1-4aaa-ba3d-e90da6c3e48d,346.56,upi,success,2025-12-19T07:41:00
9b1a3aca-9151-488e-ae1c-8f7c5f993396,67713ba3-cf2a-4d60-a5e9-7da9affb4785,102.14,wallet,success,2026-01-17T17:13:00
20def5db-84bb-44a2-9869-7ad309739305,01190618-b18f-4ffc-ada9-a80ee903def5,198.84,card,success,2026-01-21T08:41:00
dd0a1689-4889-42f2-9901-0cebf7ad3f37,0a0c6cb9-ec6b-42c5-a716-be3e8a110d9d,28.34,netbanking,success,2025-11-22T18:54:00
569c331b-0f99-4737-a60d-f3f586ec2ed6,eb9b878a-d306-42af-be74-f61f7f18bcd8,68.78,upi,success,2025-10-20T09:42:00
9edb1e12-1971-4474-be91-f9f45019369b,b01e057f-61db-43da-b0b3-0af0d3026e76,39.22,wallet,success,2026-01-25T14:10:00
62411bbe-3aca-4b20-aeae-28dde4680881,df4c277c-1852-4c28-83fd-3857b64698b7,71.31,upi,success,2025-12-08T12:38:00
dbc62f58-f57b-4aa7-9174-2ada5c029168,b8b85371-e013-4199-9ad6-813106b4b66f,49.34,wallet,success,2025-11-25T12:34:00
c8c1a7e2-695e-4928-a76e-e8cd99e56762,099062ad-2ae7-49b0-9f22-409e9a3e49ae,148.77,card,success,2026-01-23T08:40:00
90e2bdd0-0a06-428a-8412-688ace67b646,d4fbfaa2-7be4-4663-8bb1-55d5ce706f36,108.12,card,success,2025-10-16T19:31:00
880d7bc3-dfa1-4613-89f8-435675bfae5a,60787a54-981d-41c5-949e-1c1d51e50891,11.93,card,success,2026-01-17T23:44:00
41ed5264-daca-46ee-b183-c641fe5576a6,1b0f21d3-08b0-4ade-977e-29fb35923748,80.42,netbanking,success,2026-01-04T12:35:00
d8ccc0cf-9ff8-4906-8be5-c5c8d17163ec,47ef56ee-b975-43fb-b6e9-ff50f8d75a0a,80.23,upi,success,2025-10-27T06:47:00
d29474a1-f8be-4798-a663-3db32326117c,bf139a65-443f-4b3e-8388-5e2f01f5175c,12.84,wallet,success,2025-12-23T13:21:00
0b4db575-43d1-421b-8197-99cf0c453dd7,0561ca85-7dad-4287-b167-0660e0381baf,41.08,wallet,success,2026-01-07T11:27:00
f41e4286-2ed2-4dd6-85e5-27b4612d77d8,c5bae25e-0737-4631-8d4c-c5049ef089b7,23.81,wallet,success,2026-01-21T19:52:00
07f0b45b-31cb-4f72-812a-d873dc672e20,30434b8f-d6cf-4e93-ba60-5e1c9c92f218,36.92,card,success,2025-11-01T10:51:00
97621711-928f-431a-b7b5-6b9a40693d71,8dd99218-a399-4a5c-ad66-f72be97b98f8,28.81,upi,success,2026-01-28T09:41:00
bf733bc2-918a-46c0-a737-bcae606f6863,b0e10653-84cc-4c80-9eca-272d7cd973ce,57.26,netbanking,success,2025-11-09T09:45:00
2f01b374-f6ee-4ec4-9c79-2f45770cb0d7,2148d3a0-ae14-4d95-a527-9fd67cf0330e,29.22,netbanking,success,2025-11-09T10:24:00
ada83310-9cde-4674-befd-ad4c9f5dac1a,ead386c2-93ea-4888-8979-3a07c4c2b63f,126.12,card,success,2025-10-01T06:52:00
61616524-4358-4e20-886e-47fbadbc9520,586cbfa8-c6a4-4e2f-9c8c-157e0a2e14d6,71.94,netbanking,success,2026-01-04T16:21:00
aea9ba70-9b94-4832-b2d8-fa3af0919bd3,4d88b16e-a7ac-4fb4-9300-39167ee9b3ac,27.35,card,success,2025-12-26T16:08:00
8195d785-f0df-4053-b35d-be2bba2702f3,f159a4e2-4a7b-4f48-86e4-368e0399764b,110.85,upi,success,2025-10-28T06:49:00
74787593-e200-4e34-aba3-71f50d06bf62,86e2750e-1cd2-450a-8a21-700c50475cb4,102.1,upi,success,2025-12-12T22:53:00
a32a0d4c-8df0-44af-ab80-5e610fb929d3,6c5ea517-6530-4697-b973-200ee2c09a5a,23.18,upi,success,2025-12-02T04:49:00
c3775ff1-22a5-430d-ac1f-8af2ced66a42,5aad49d7-b187-4857-bdae-77277242adb8,69.79,upi,success,2025-12-25T04:26:00
6990f03b-85b2-45ed-af75-43167bdd3864,f0e23097-a5ca-43f1-a940-3d2fe221a918,73.1,netbanking,success,2026-01-03T09:20:00
742d54a2-a129-4daf-9340-610f7c6402f4,0f5f1a7d-6f92-4b0e-a8b9-2a5dbfbd52cf,16.59,wallet,success,2025-11-05T17:13:00
2eb93930-144e-4193-be63-5b67e22496db,900c79ee-5a37-46ad-b29d-74abbb1fa3eb,77.98,card,success,2025-11-11T17:43:00
86c90cfe-86f6-4887-a0ad-3fc853ce4c5d,c4cedad6-0df2-4119-b7fb-469abf0c1946,297.84,card,success,2025-10-15T15:59:00
fb23aaf3-6d77-4d8b-9fd8-81d0693e717e,e464261a-048c-4bf6-96c3-7c90dcc2cfa9,51.27,upi,success,2025-11-17T10:24:00
2dc31913-ef7c-434c-a7f8-6c60eb3f09bf,e8b6a0a8-5757-4824-a546-59421fbf3985,55.16,upi,success,2025-11-15T01:29:00
ee19a3f9-9143-44c7-8cad-ede317be1bb6,43191961-e179-4152-94ab-777b380af616,80.99,wallet,success,2025-10-20T09:50:00
cfae8bfc-18b5-4483-b1e8-d16767e67ac8,f4a7f7b5-dbc9-49b1-af6f-3d09f63cdc79,27.52,netbanking,success,2025-11-01T22:04:00
17974a27-58dc-42ef-ac69-e27c5f1547c0,b5d8c916-bf38-46b1-995a-975bfc23a172,81.84,upi,success,2025-11-04T15:40:00
86ad604e-ebb7-42ce-8073-5fc3a8b48717,989a92e8-bba3-40d1-88ce-a9f2ee8f9f2b,117.8,wallet,success,2025-12-15T01:41:00
547f6d89-95b8-4139-b1c4-dd54720cc397,4db7909a-59cd-4537-960b-ac6e13a873dd,34.8,wallet,success,2025-12-09T12:21:00
b5a0360c-0704-4feb-b24d-d34362afbd4f,3ed4b062-7c04-4eee-bf8f-dec3a95c3184,44.88,card,success,2025-10-25T05:22:00
83a6bb4e-bb25-44d0-8a1a-bf7a90aeb958,c17f2f9a-f394-4303-8afc-748b696eb33f,133.5,card,success,2026-01-28T10:51:00
dc3e861b-5257-4ad0-990d-21e908af62d7,0d1988dc-2dc6-4b8d-9374-45d6b49770e2,34.64,wallet,success,2026-01-17T21:45:00
e17aee9d-e388-41d9-8f6a-d1d9edbc39c8,eb99f4a2-8cd8-4c8e-ae67-b80fb75dd43d,78.47,wallet,success,2025-11-18T06:02:00
6d80ebd6-9999-4ecc-959e-9a156d70558b,248e1cf9-5614-4791-a0f1-9e4f112bb757,49.36,card,success,2025-12-14T08:49:00
4e82dfe2-8bfb-48de-847a-b280c9f9408d,c4c3a623-21f3-44d8-b967-f2a6cdb59f76,80.12,netbanking,success,2025-10-28T05:00:00
f9ef54ae-95c3-4a21-bb86-b701997937be,66dbfd42-3cc9-4098-9c4c-4bf24cea4206,40.38,netbanking,success,2026-01-25T00:16:00
e651d765-84ab-4771-b394-07227a01c81c,9ecf753c-553f-4572-9ab7-2045e0414238,123.04,wallet,success,2026-01-27T18:04:00
de0029df-fdeb-49ee-8e76-c17098179d36,0ae7014f-0310-4999-b91f-bb14df51a0e4,128.0,wallet,success,2025-11-03T19:51:00
137d6307-f67c-4526-b831-636ab457ad7d,470ef0d6-fe58-4bf9-8401-85e29ff8c2af,47.5,netbanking,success,2026-01-02T18:07:00
f3f03226-6085-4381-9636-383e9241d374,77960099-f51c-4993-b717-73b7502a72d6,53.34,upi,success,2025-11-13T05:22:00
b6d4400f-a6f2-4f74-97ef-4dd6f3301ede,2c80f1b3-8c75-44b7-9442-7d4e9158f70d,11.55,upi,success,2025-11-20T18:30:00
797192f8-5789-4a9d-8749-3e4ff8f86282,5f846143-d8d5-4ec8-b7ec-40f3ff483da2,83.84,netbanking,success,2025-12-11T11:33:00
ef55e14a-4efc-4b6d-ae5a-27e3866d700b,b9ce0782-c9df-4395-9d7f-a46bde4bf9ba,34.12,card,success,2025-10-10T12:39:00
1b8d618d-72cf-46e8-a960-761d20d7223b,a15e13f8-d5b2-4c0c-b2df-e4aee802fe2e,41.27,card,success,2026-01-25T19:40:00
737e3eb9-8b04-442b-9d46-2e9917989e85,f36fe292-4b4b-4b37-a9a9-3fb05e44110a,87.96,upi,success,2025-11-12T18:08:00
fc15db08-7a86-4678-ba21-fb939d794ea4,2906cbf4-2b16-4a1e-8909-925290e55322,41.91,netbanking,success,2025-11-01T19:06:00
85c60515-06ef-4605-a10a-438bc20ba093,ab09a9e1-f68f-48dd-8e1c-70dcc69dde19,21.68,wallet,success,2026-01-07T13:40:00
690ba170-d66a-4f44-bad1-fb12cf0e46dd,6a0563b1-6a95-4bb4-9e12-5e93b35b477e,31.92,card,success,2025-12-24T15:39:00
e88b0a33-3491-4c55-9809-df6fbb4301cb,e5edd3af-29d3-4808-9064-df34a42d277a,62.01,card,success,2025-12-12T05:24:00
6ba7f4d9-bf69-4fea-85c1-35c2f6dca54d,d7c8ceeb-185c-4a6d-b808-716988d0bf27,99.64,netbanking,success,2025-11-28T07:17:00
85b7f5d2-2237-455b-a784-f120cfd7ed58,b4411c07-9d5f-400d-8098-0932ee202d80,136.32,netbanking,success,2025-12-10T18:37:00
760524e0-fe8f-49c7-a01a-f89c2775ecf4,82942b6c-dc31-40a6-87f3-27a424a4de9d,121.64,netbanking,success,2025-12-16T17:14:00
8c0d8d90-93d0-4b57-a83b-9aa0a57268ae,a27591e2-b37f-4c8d-af71-02f0aeb412a2,92.1,card,success,2026-01-07T20:01:00
2016ce9a-e603-4edf-a50a-9b69665996e7,5e990d3d-e024-48b3-8814-5f265b108ea5,178.62,netbanking,success,2026-01-07T18:59:00
83cf51f3-429b-47e6-a873-c3989a161fc2,9b411c80-543e-4fe2-a1a5-906df634194a,74.95,netbanking,success,2025-12-12T18:02:00
34822d05-78a1-4d1e-82e5-c55e70c53e52,87718b9f-53a4-4716-a587-accc240a5035,148.5,wallet,success,2026-01-07T19:52:00
e46a5da4-9062-4486-8e5f-f2036e35752b,65b6cc37-eccb-402a-96ef-8549a2f90eab,29.3,netbanking,success,2025-10-18T12:17:00
d4b1ff25-39dc-43f7-9a45-4635b5a72f96,530573c6-bd60-4fb4-a5cc-bdba5d6f74fe,59.76,card,success,2025-12-20T16:38:00
4d5046ea-e2b4-4db4-9caa-c2ede80fd91b,a104c870-9708-4fe8-beb1-ceec792ed5ad,77.73,card,success,2026-01-28T23:27:00
9d291000-c614-486f-aa8d-ed1e79e82ee5,ead746f5-0281-41fa-b85a-5b7bcb6118c5,27.31,netbanking,success,2026-01-07T07:48:00
3fe1ab00-a000-4aa8-adcb-59c6bcbd01de,27f06fb9-da6d-4a9a-925c-db7d214647fa,40.22,upi,success,2025-10-24T05:43:00
8bdd827e-9726-4e23-ac7f-2f3aa28d2384,b504b203-bc1f-4909-9a16-90fd9c52894e,52.53,upi,success,2026-01-14T12:03:00
97c16ead-4457-4004-a356-8eabc8e3a3ea,44c8ddcf-6015-48c3-b251-905d38c956be,12.43,wallet,success,2025-10-17T07:18:00
1947a88e-a5c6-4ca7-a204-3d28997a2444,1abb6fe8-32f6-4e2d-a9c1-370fb6112113,61.95,upi,success,2025-12-13T12:45:00
340fea5b-8bf5-40fd-8d81-fdb6fd439b22,c22b699b-5ed7-4391-83f7-3f2f04977d8d,35.61,upi,success,2025-10-05T07:47:00
f60ca707-9c49-491d-b7b5-14f441d19234,7ec5d567-3ff8-4f69-af36-cb849f1806f6,28.07,wallet,success,2026-01-17T21:41:00
0d3c5901-4432-413a-bb11-e49a7133579c,79009be3-5b3b-469d-9fa6-a191f65598fb,81.27,card,success,2025-10-11T10:04:00
dbac42ba-c687-432b-b488-1ca2c3bb627a,5a23b7d1-e029-49cc-b560-6a03e16a3535,140.13,netbanking,success,2025-10-16T08:00:00
0c20b8da-c487-4af6-8da4-776da8c890d2,7431eb29-a5dd-4ea8-826a-dccf8d88d17d,29.71,upi,success,2025-10-25T08:19:00
dfe88692-2a56-47ec-a526-9cdeced3be05,51e5aa90-c732-4711-969d-564d39349d16,35.94,upi,success,2025-10-03T14:03:00
61f3389a-188f-4fe4-935a-2a9c43d584db,465330e9-e7f5-4dfd-8009-f24d62baffb3,76.17,wallet,success,2025-11-11T10:38:00
bf911e55-0c65-425c-9675-bd83fe6808cd,2233ef24-a11f-4563-be78-1a3e32332070,126.96,wallet,success,2026-01-26T11:47:00
1d778a83-5d80-4bc9-814b-068185f3b810,bde4dfa4-e7b9-4b6a-9b94-5da69fd7d2f0,22.68,upi,success,2025-11-30T06:22:00
d2f06142-fa9d-4e83-90ff-3fa7a003422c,aa7c2d32-a814-4806-80c0-a38a2507ec39,160.2,upi,success,2025-12-03T20:17:00
788162f4-3335-4951-9fec-741faa2bede3,09aa53bb-c752-4730-a434-9d5fdfbb7199,96.68,upi,success,2025-11-11T18:56:00
e10cf098-88bb-40bf-ab0b-833fb81530cf,0e70402d-7a77-4340-b46d-ae574f8773cc,39.47,card,success,2025-11-23T16:42:00
241c3377-01c6-48eb-95eb-7e8bb38d84b9,afd892c3-5c99-43c6-9a77-17a8d9e959e1,13.45,netbanking,success,2025-12-18T08:54:00
b5ddda47-3f93-460b-abee-9a85005a2e44,116ff22c-bc24-4173-8bed-32469f5c1e4a,91.52,card,success,2025-12-16T11:28:00
879d89e2-3d10-418d-a4a0-3f93c505461c,e375c53e-fbeb-4c6a-84fb-d6cedaef3d93,67.71,card,success,2026-01-21T16:53:00
8eb04e6c-7aba-458a-bb45-62177d70db89,793fbf88-dec4-457b-bb5d-61f120244dc6,67.32,upi,success,2026-01-12T19:16:00
5468bcdd-64a7-430b-ba97-275e921a021e,ad35d140-96da-49b7-80b4-e4f170f85514,46.3,wallet,success,2026-01-19T19:54:00
c8ad44ae-ba54-4918-b20c-741480332be8,94cd5880-5f6c-4430-87cc-34280d76fe23,13.39,card,success,2025-12-10T19:47:00
aecb0f86-0757-4e3a-9317-55d282c0b829,76c3310e-fd3b-4d10-9c00-bbf4e084b0d2,49.15,wallet,success,2025-12-18T08:24:00
205c19f3-f063-4221-a921-a5cf0ffa3ec8,6aa2b5b2-146d-405f-8525-c13d29902d5b,45.9,netbanking,failed,2026-01-22T07:30:00
5c81ba6f-4368-4a68-8cc4-aeb74558a5b1,b4d176ee-1cba-4c5f-9014-20147976d595,97.52,card,success,2025-12-12T19:22:00
50e9f69e-39f9-4f39-bd72-a889a692aab0,857f171b-f91a-42e2-aba7-2ce74052f2be,50.04,upi,success,2025-11-03T20:51:00
7a3c1f6f-f84b-4b5c-a00e-01c2839a955f,4d083e9a-8bce-472d-a445-8771b1876563,11.01,netbanking,success,2025-11-07T05:20:00
0d2efe06-1663-4026-868d-5cae80d3a2c9,43b4026e-98b8-4bdd-88d2-0130d1bbc355,30.87,upi,success,2026-01-21T22:11:00
ba8f8185-19a5-4c15-87b5-e5b504a04c00,b01da163-7841-4f8c-8934-136609926d0c,268.68,wallet,success,2026-01-17T09:01:00
48de80df-e816-49c7-ad37-d7037e895362,362bcd26-e05b-4702-96f8-1655d81c2802,57.57,card,success,2025-11-26T19:17:00
3d11b5ac-5869-425f-a533-18d04aee051f,baffe2c5-97bc-4c8d-a044-307013c38401,42.08,upi,success,2025-11-13T11:57:00
5f0e7617-8d4f-469e-836b-513cb180833b,3f9cf52d-0f40-48b9-8583-31ffc345c6af,56.18,card,success,2025-10-19T13:13:00
c737ee8f-51ef-40cf-82d9-3be72c7831f8,eca80c4b-14a7-4acf-a795-25423ede1527,96.66,netbanking,success,2025-12-18T18:53:00
700946be-f1d5-4468-8b40-d965a6dc8b05,2cbbbd54-0f6f-4abb-b10f-4a3a96cff263,41.7,upi,success,2025-12-07T18:37:00
59d690f7-b595-44fa-b29d-acc35df463d7,e199a542-c2a5-41dd-8d96-f55d9b0f7c3a,228.0,netbanking,success,2025-11-15T21:29:00
8096a7e1-6a58-49f0-a19b-efdada5a1f7a,99e99fbe-d8a9-4402-a60f-be68a3f79476,62.18,card,success,2026-01-12T14:23:00
aa6decb2-3ad5-4528-9680-7a051e123f0e,695a23b8-06b9-4d93-b398-856dd7392e81,199.48,upi,success,2025-11-11T16:08:00
6c29ae0b-4101-4d3f-b571-3e6af8a90111,4a590988-0530-4bb8-9dff-11e5b597e9db,46.25,card,success,2025-12-20T22:00:00
c5fb9a14-4382-4377-9533-4772eda431fe,133f545c-8359-45a3-90e8-1d504ab18079,19.69,upi,success,2025-12-11T16:14:00
f2e605ec-8e1f-40a6-9b8f-497e341db813,0986dc7b-7f56-432c-a2c9-88eb5cc6ebe4,57.46,card,success,2025-12-07T20:18:00
345e175a-07ad-4cde-9b21-fc0f59a87c30,64d8df73-c4f1-4437-be05-124b70c65cef,40.86,netbanking,success,2025-12-16T21:27:00
aef13744-0aab-41a6-a81c-c47022955730,a6e4c4d9-7c03-4487-8761-1d2463cd7c67,60.95,wallet,success,2025-10-16T20:49:00
29d75086-6084-4d2c-a88c-c8dc0d82f209,2ee36518-1c92-46e5-94ef-3f2e155cef1a,134.94,wallet,success,2025-12-07T14:36:00
2b55f20e-54f7-49a9-a11e-f01749f393dd,53e90104-05c1-42bd-b9dd-fe2e9a8afdcb,166.95,card,success,2026-01-10T17:48:00
e6503e2c-83e7-4dee-9b66-d9d924ab06f5,b6ad2795-c9d7-4063-b9ca-ab3df9ffbba6,41.97,netbanking,success,2025-10-07T03:37:00
473198db-d9e4-4dff-a8f2-8f077d04a870,7fd051c9-1294-4ef2-86a4-ab6b6d5200a1,72.82,card,success,2025-12-10T20:37:00
fa229d50-89a5-401c-81ce-e51f97db474e,a3ca7b13-b4fd-49f5-930d-05d3bd10db56,39.16,upi,success,2026-01-17T18:51:00
542f0754-ff7a-4168-9a9f-ec7d89bbc5ef,3d8df5f1-aeed-4c30-96f1-3edf0a5237f1,79.23,card,success,2025-10-17T18:52:00
189a1002-66d0-4ed0-9fd4-c3334e7d05c7,8a83f7a5-0e69-4261-801e-ecf2855eb270,23.34,netbanking,failed,2026-01-01T12:12:00
ee0bacaa-6489-45e7-aac8-1dc73f90b8c7,a6c929f7-72d6-47e3-a39f-e744b66ee2e2,79.38,card,success,2025-10-19T10:50:00
f09d065f-b099-4e43-8299-9a629a8c0df3,5257c067-29db-4a57-8e49-9f0d1177dcf5,40.37,wallet,success,2026-01-04T10:04:00
ac235f87-8780-4ee1-8dc2-3814fbcc9344,79629615-9e0a-4241-8e38-b6abf4956c13,196.11,card,success,2026-01-11T18:54:00
5c57c436-28e6-4b04-b1f0-2886022dc605,5f44b201-05da-4928-aa9e-7292fb13f5d4,41.34,wallet,success,2025-10-09T15:46:00
5619161f-f232-4b20-8011-0a5d2da07093,cfa58228-f60d-490d-9a1b-cbb4d906ae89,57.36,wallet,success,2025-11-22T18:04:00
cd57d944-ab5f-4886-80b6-9268155d8bf7,98c9e99a-7c79-4fc1-9f13-7d271af3cff6,45.74,card,success,2026-01-19T05:57:00
26d636b8-d159-43ef-a97a-e0bef3e44b4f,f200bb9d-6a0e-4a26-b17b-e192b0042b43,88.32,card,success,2026-01-03T20:18:00
21998914-e23c-4174-983c-afaa7b16037f,07a5172b-d5c3-437c-b121-83982b97d7c7,45.54,card,success,2026-01-21T17:57:00
c3fe8698-89de-43f0-833e-6aab3959e339,0c9fb496-fb2f-4446-9b0c-5c4a607fb08f,30.6,card,success,2026-01-09T09:24:00
f6d8cecf-8dec-40d4-bdb2-6b20cbf929f2,326f2cb1-4339-4fea-b797-ab41da547630,34.72,card,success,2025-12-09T15:34:00
677ef163-f83e-4661-8f79-0e972d101cff,1d570f4b-8f6b-4dcb-870c-2a9d5dea04d4,36.4,netbanking,failed,2025-11-14T21:21:00
bacb2297-959d-4be1-9168-e57f7b1b0012,c28a8f22-a224-4b67-afd2-531ca23b7d2f,31.58,card,success,2026-01-09T18:53:00
e9156b51-5a57-4f2c-b4d4-17ee06a121d5,27350168-9e41-4d9b-a65c-56b12c6b1706,36.91,card,success,2025-12-30T06:58:00
1f57657f-4e69-42cc-9813-abbdc5fc3e7f,e21ad0a4-f8f0-4ff8-96cf-ab75560217ae,61.89,card,success,2025-12-09T18:46:00
0a5dcea2-a7c5-4153-96a3-96668383b956,631ec451-27f9-4a09-9828-076f03bc6b18,20.25,upi,success,2025-11-14T10:50:00
31fedf60-72eb-423b-b36a-7ba921865370,549354b9-5cfc-46c4-bc0c-db3510aeaad5,185.16,wallet,success,2026-01-10T09:37:00
ceba6f09-85fc-48d1-a173-59298ced9d70,54bb23ed-7556-4e16-b588-a59983c93dd5,103.98,wallet,success,2025-10-24T21:09:00
ae4cc670-a1b1-4317-9d75-2b31a7c648df,d2e6676c-faba-4dbe-8c37-f4f11386e92d,58.86,netbanking,success,2025-12-26T07:55:00
42a88047-68a0-4016-8015-c281bc4a0224,8a225cf4-754e-4776-8ec2-e6c35fa533aa,102.36,card,success,2026-01-07T18:28:00
f6cb90b5-fc8c-46e2-978a-a0cdbd263a4d,4a762488-795a-44e9-989d-25c37ec63e83,79.36,wallet,success,2025-11-30T23:23:00
01aec211-9726-4318-832a-241a04ee1069,e59e26a5-8666-4e31-8144-366a070773bc,34.28,card,success,2025-10-26T09:23:00
3a0a6b53-11c1-4fce-9ec0-92946d1bb162,5edf77f8-73b6-4398-987d-616b9d0fc97a,36.93,card,success,2025-11-13T13:30:00
a46779c1-f278-4331-a092-3973f6008ac4,9436f5f9-3193-4aa6-9451-2b7a7216095e,85.12,card,success,2025-11-17T11:03:00
96baa323-0edf-40c5-b658-f7d7be897dc8,cd4c4292-3b31-4097-9823-a4b4c9167437,43.62,netbanking,success,2025-12-05T13:06:00
9a54c4b8-8f5f-485c-8333-e79bbb726d5c,92138499-9be5-4352-88f5-ed53cf2f9673,25.86,netbanking,success,2025-12-12T23:41:00
7c653b90-5769-41ac-ac42-8c8880bf7bba,65109bc2-48d0-4f2f-82cb-6ed02c4c2a68,124.44,upi,success,2025-11-17T18:02:00
f4a4670d-3af4-4697-a22f-a8921f53c395,9f2bd7d3-bd1a-44e8-8f62-7860a19adeb8,91.94,wallet,success,2025-10-02T19:59:00
4d4efc32-69af-4825-bc9f-0d13adda3247,0ef9f21d-8c65-415d-b622-ad963d7a66af,80.78,upi,success,2025-12-03T07:49:00
73ca5a94-52f3-441e-963b-ce4afcc278da,039b31e7-e56d-4108-9106-4abd8cea771c,32.87,netbanking,success,2025-12-13T21:39:00
d402a2d1-66fe-49b6-8e31-6aa35d2fce1d,e8543be3-8d4d-4a56-9a92-977fc602aa97,21.77,netbanking,success,2026-01-07T17:18:00
3c9af20b-f207-4ea7-99a7-8ba97e6d6ddc,557b7ed9-f1af-4aca-89af-c33a11647657,20.03,upi,success,2025-11-20T13:07:00
1ff6b9dc-178b-4649-be2f-94e0a3fae5a7,8255aade-cb9a-41ce-a805-7d05ef083286,47.95,upi,success,2025-12-02T07:41:00
c6d2f28e-b610-4d59-aafa-0a6b175835a7,a4240bd0-a4b2-4070-ba89-67b7f096ad9d,98.43,netbanking,success,2026-01-26T03:02:00
95092d7f-dd03-4a20-9e7a-77a99cfd9c48,1270bdc6-d42b-4c6a-ad99-25161914c15c,52.39,upi,success,2025-10-09T23:32:00
97454cb5-0328-476a-864b-2fcc8092293f,1a7f5cf5-cc50-4697-ac9a-27bd0b4a33c5,138.9,card,success,2025-11-29T13:55:00
80ffb214-ba78-4e0b-bd3d-392a944bb8bd,a6a99a4d-b4f7-42a9-955b-42d51c700b07,11.37,netbanking,success,2025-10-22T21:38:00
e30feab8-ef31-492e-919a-438148e666b7,53bddad0-5d80-437a-81db-17aac3c74d6f,28.08,netbanking,success,2026-01-17T16:29:00
54843c96-7889-4eab-b5af-cb9da4aee7f4,fb286caf-2fe3-4885-8133-9e6e80147a95,54.76,upi,success,2026-01-11T21:03:00
