id,user_id,lot_id,booking_id,rating,review_text,sentiment_score,created_at
52993cb3-094f-4640-b31f-f99e22d40771,072e86f1-123e-4728-8660-0ca9e2253241,b0de9982-cba8-443f-aeb0-d390678e9397,f7c9fd56-4ad8-4038-97e9-2e010ae4e946,5,Affordable pricing and close to metro station.,0.63,2025-12-23T01:33:00
a5eb0e66-0d4e-4e48-9f22-8065a4c31d82,0e0b358d-5fb8-4eac-9490-c65d5a817868,d7cfdefe-2859-458d-8bc5-ab840a62418e,547ab522-d02f-4af1-a06e-7177cce0aebc,3,"Decent parking, nothing special.",0.01,2025-12-15T21:46:00
27dfef7e-fa9e-4852-9e1d-b0baddbf7d43,88d8a3d6-22f2-4026-b650-c5dbdf9aba0f,6f1380b7-12b7-40fd-8cde-756c8974b743,49151ddc-f885-4b0e-a0b7-da5066438556,4,"Very convenient location, will book again.",0.65,2025-10-24T15:03:00
10910bf7-a55a-4eb5-92b5-bfddfc3d42e0,4ac947c8-94d7-4953-8716-6429c0532f10,14d550ff-098c-4a84-8f96-7f9776734a1b,9bcdd4f6-72f3-4150-a6ac-78e2fbfc0af4,5,"Owner was helpful, smooth experience overall.",0.6,2026-01-02T08:39:00
fccdbb56-82d4-497d-a135-6592d8fb1752,46b6a70b-078e-462c-a5ba-ecf7b5064e0a,bb8721a8-2bae-4da5-ae71-1d0cfc8a49d3,48c9adba-37d1-4971-86c7-504d44b40c78,5,"Great parking spot, easy to find and secure.",0.72,2025-10-10T13:16:00
cda08da7-d48d-4edb-acfd-5da1b59d4f78,71909051-9811-483a-8e13-7b09afa7d29c,e53d7ad5-ca44-4488-bcaa-7dfbe0ac8a38,9f2bd7d3-bd1a-44e8-8f62-7860a19adeb8,3,"Decent parking, nothing special.",0.27,2025-10-02T21:29:00
b3731374-be55-472a-88a5-9d9f271fd113,444c682b-1715-41a5-a73d-fbadb660d040,237291de-6a6d-452f-ad82-2f915745a94a,6b42379e-a060-4924-bc01-26da22233853,4,"Great parking spot, easy to find and secure.",0.89,2025-10-16T02:14:00
16294528-3820-4443-8fdf-9b022dd8574b,cfdfd189-e956-4412-8514-e046100dbe9a,6f1380b7-12b7-40fd-8cde-756c8974b743,a6630d8b-ea97-4338-b239-a98cfd092fc9,5,"Owner was helpful, smooth experience overall.",0.72,2025-11-20T11:45:00
602902e3-324d-4ec0-b251-acff69bb2054,5a6b23c7-c27b-4d06-b319-4c7f4dc8c5d4,08a20e54-8f66-49fb-89d7-59c930d42d9a,ad91d675-f617-462a-827a-e84906d6d44c,3,"Decent parking, nothing special.",0.04,2025-11-28T18:54:00
e271743b-a326-4fee-b639-a21f4d60fb08,58dfe5bb-0b44-40a9-aea7-6b1f9eb40645,695b7d7d-d6bc-45e4-9ccd-1ab692e481ae,156e1293-c983-4734-84f7-68e364275197,3,"Decent parking, nothing special.",0.14,2025-12-26T10:51:00
9fab5b50-2967-485a-a3e4-7c0115d43d5d,9df8e553-3a2c-4763-ab3e-8657866e4a2f,6f1380b7-12b7-40fd-8cde-756c8974b743,a4d75da0-a574-400f-b231-9d78dd84d502,5,"Owner was helpful, smooth experience overall.",0.78,2025-10-04T20:24:00
b5fef8d9-d818-4a76-bf15-f802254a8009,60963040-4c45-41e0-9ea5-31cc05756a00,d2a8af93-39d7-4599-8a35-7cf21819f4b2,b458bff4-5946-42ca-8c34-fa87ec26cd88,3,"Decent parking, nothing special.",0.17,2025-10-29T20:38:00
5ca95685-c077-497e-a184-04f63ef7b652,d8c10aea-9085-4345-a4e2-749a5c64d081,8253dd7a-18fb-473d-840b-1e186ba0c5e5,822a644c-037d-4d2f-b86f-69c509e79686,5,Clean and well-lit parking area.,0.74,2025-12-03T11:04:00
a4121179-ac0b-4a1a-86a8-77503171f407,5b292114-7ba8-4602-ba9b-11c0dad1188f,ee459ce9-6a73-42b2-9e8b-a5e34b05ebf4,38bc2fb0-63c8-47c2-b55e-7420fa3ba645,5,Affordable pricing and close to metro station.,0.51,2025-11-05T22:58:00
856ca0c6-e13a-44f1-a63a-3baf327623d5,5f3be1c1-082f-4f43-92cd-32cd588e15c9,8253dd7a-18fb-473d-840b-1e186ba0c5e5,5c572fa3-ea0c-4860-b281-f86828f632b7,4,"Very convenient location, will book again.",0.53,2025-11-14T06:41:00
586ec11b-5836-4d97-8cb6-e5c2b4938b1c,4beb3fdc-4b87-4446-bb60-6772a272ebba,bc464c1d-5590-438c-acc7-efab360d5bc8,3d1ec11b-6298-4f00-b98f-c0aee72d4eb6,4,Affordable pricing and close to metro station.,0.94,2025-10-08T12:47:00
1c54a85b-e527-42a6-84a3-91671066a4a6,d09677f7-88f4-40fe-aeb1-0eafeae247d7,42591084-2367-45ae-98c3-6da0eb1bf09c,6f79a0a3-88c7-4fa3-b74c-c3ef8a3fe261,5,Affordable pricing and close to metro station.,0.84,2025-10-13T20:07:00
a9e08467-3716-40d8-9e1b-b7cd82e7a5f0,011770ac-140d-4c74-b357-df9f96e3bd2c,d2a8af93-39d7-4599-8a35-7cf21819f4b2,581f9e15-9e76-4b54-a4c4-0628d7a5fcb4,5,"Very convenient location, will book again.",0.93,2025-11-17T22:54:00
7908f0c3-2690-46d6-9557-937048a3fe73,877b1c47-4f80-462c-af6d-a5b004e58548,efc921b7-dee5-4ba3-8d14-01472a8afbe7,8034acbf-5384-4d02-9b59-5dc4ab9683b8,4,"Great parking spot, easy to find and secure.",0.65,2025-12-03T09:02:00
c28d0576-9fb2-478e-8ab2-584fb07eae07,5a58aace-89bc-4179-a013-3ebeb2e0fb05,66e019e7-5c23-4c7a-8358-1da734b434fe,66017b58-584e-4677-beb8-a0c8f1135735,5,"Owner was helpful, smooth experience overall.",0.74,2026-01-25T20:53:00
89ce0b7e-952f-4d62-8540-9f8a121d3b30,388689f2-d306-45bd-9a3e-51b60104e7b8,695b7d7d-d6bc-45e4-9ccd-1ab692e481ae,1087cf3e-3eef-4126-bbaa-8088764617da,5,"Owner was helpful, smooth experience overall.",0.64,2025-11-13T20:55:00
e16dc2e2-d7f5-4c90-aa7f-139ce8275967,f04b3440-fac7-4177-8085-9e194fac1d99,42591084-2367-45ae-98c3-6da0eb1bf09c,7e170fa8-75b2-4d58-90cd-73a296356b08,3,Okay for short-term parking.,0.26,2025-10-27T15:09:00
3d60c9e5-301b-4800-832c-ed7601217b85,49e446a3-4611-4d46-837f-e901da5b1f5e,7107ee03-6709-40ba-adfa-380007cc77c0,fbc15bb9-74cc-4864-8b4e-771f4c601006,5,Clean and well-lit parking area.,0.63,2025-11-09T23:47:00
eb4c305b-4fad-4930-9ca4-61cd094f56c7,4347d903-a9bb-400e-97ad-572350bb9116,aed763d5-7c54-4ca7-8ac8-259d26fa6d2c,91fc8124-dccc-4d42-b5e5-67525bcdc91b,5,Affordable pricing and close to metro station.,0.81,2025-12-21T12:06:00
342dc42a-0d93-45f9-85a5-ee857dc220a9,9d15ffc3-e80a-4ebc-9354-52be9f89db50,6f1380b7-12b7-40fd-8cde-756c8974b743,56a33df7-a812-4c64-bdb1-3a7f24d09e0b,5,Clean and well-lit parking area.,0.58,2025-11-08T10:02:00
9c0f77a1-7fd3-4354-a21d-658752b16b61,a7c4fb7b-b307-45c8-91ef-8d9a80a407a5,eeb4d423-17f5-4d6c-a6e7-ad79313471a9,bb0a7f53-c9b6-4859-a135-d5c089943de0,5,"Owner was helpful, smooth experience overall.",0.55,2025-11-13T19:05:00
fff242fb-3c10-46b3-a995-40e894f1638c,afb54ff1-68e3-4cfd-8572-7151fb0a53e5,b0de9982-cba8-443f-aeb0-d390678e9397,6957e56b-562d-4c8f-9338-84820cefb75e,4,"Owner was helpful, smooth experience overall.",0.57,2025-10-06T12:43:00
1b04f810-eba1-496d-822e-c1a37590777e,9ab9400c-1eff-4d82-ac2e-f0862aaf85cd,e53d7ad5-ca44-4488-bcaa-7dfbe0ac8a38,228e2b2b-835d-4285-8d90-b29be6e9ce86,5,"Very convenient location, will book again.",0.74,2025-12-06T20:24:00
b21d8eed-48c8-4005-bc89-4b9c98175b39,08295200-2344-4f2d-85f3-a0c84e16003c,d2a8af93-39d7-4599-8a35-7cf21819f4b2,230b37eb-047b-4837-935f-b26abfdb5b21,3,"Average experience, would use again if nearby.",0.24,2025-12-15T13:09:00
e7af1a83-f193-4a86-9aae-e21597e76c2c,a1c3a1f9-0d90-4d39-b45e-b61f457e15b7,8253dd7a-18fb-473d-840b-1e186ba0c5e5,bde4dfa4-e7b9-4b6a-9b94-5da69fd7d2f0,4,"Owner was helpful, smooth experience overall.",0.95,2025-11-30T06:52:00
67df4777-212e-4abd-b793-baa7997a6133,5b7b16c9-e192-4b33-80f0-b3ac574db510,aa8039b3-3308-4616-8ab0-12c28e7246e4,22f4b970-7033-4066-87b5-9bbd0f2ba1d9,5,Clean and well-lit parking area.,0.78,2026-01-17T19:12:00
089284e7-914f-4a43-9926-498a6ac2d7c0,f32092ce-bcba-4dd2-94ac-d809bf6de7ba,7107ee03-6709-40ba-adfa-380007cc77c0,d3b60028-d4e5-44cc-84e2-3f80154bd2eb,2,"Poor lighting at night, felt unsafe.",-0.58,2025-12-29T20:49:00
dece6b10-2a83-4256-9139-b504b5f609ad,33b4dd72-dc8e-4f35-8629-990075b9b265,aed763d5-7c54-4ca7-8ac8-259d26fa6d2c,f077bc67-01f5-4da0-8291-28ec436a064f,3,"Decent parking, nothing special.",0.21,2025-10-06T18:46:00
31f59915-f337-47fc-bdb9-07db01fcdc89,a7c4fb7b-b307-45c8-91ef-8d9a80a407a5,6f1380b7-12b7-40fd-8cde-756c8974b743,ff54b480-81b9-4690-8c89-d065a23cab17,3,"Decent parking, nothing special.",-0.07,2025-11-22T17:04:00
07b41285-e68c-4412-8fcc-c0b735ac4cdf,90ff1297-1d26-4dd5-bd5a-903a36e5e4fc,f063fb91-dfae-415c-8fe1-caff87514d40,ad29b9ba-b491-4774-8f70-14a90965fd04,1,"Poor lighting at night, felt unsafe.",-0.41,2026-01-11T23:37:00
62d510ea-9791-4979-831f-9965eb5d1b68,db47a8ff-d23c-402d-80e2-d7b9c16fc5d2,53c77199-1104-4a6e-beec-f5175c546c49,19930437-f77f-4874-9dcc-20aacfb6b605,5,"Very convenient location, will book again.",0.84,2026-01-28T21:34:00
40d9eaa4-9ef4-4475-a87f-c5caf4b07560,9d15ffc3-e80a-4ebc-9354-52be9f89db50,14d550ff-098c-4a84-8f96-7f9776734a1b,db3a990d-11ec-431d-b90c-c69934dd87c2,3,"Decent parking, nothing special.",0.11,2026-01-16T18:08:00
7db278d3-5d49-4625-af0f-becdbbc0c978,44d64af1-52f4-472d-a634-dedc68426f80,f063fb91-dfae-415c-8fe1-caff87514d40,2858914c-3b0f-4e16-b7e4-5f2988ca9c12,3,"Decent parking, nothing special.",-0.09,2025-12-26T00:37:00
ba3f785e-1cfd-49e7-a22e-83996fa714d3,42a7237f-fbee-4b26-b5c8-bbb10e3a20ea,6f1380b7-12b7-40fd-8cde-756c8974b743,381e6ce5-076e-4eb6-9fd0-bad76f7ca605,5,Affordable pricing and close to metro station.,0.59,2026-01-28T01:17:00
ac03a007-91d0-4ed4-aa11-7ca2dd3d502e,98ea78ef-f606-478c-a1b9-904d47b3dd42,ad0d0b95-98d7-4e45-a170-6e6eb21249e4,0ef8cef1-3eab-4e15-9aac-92061c1032f7,5,"Great parking spot, easy to find and secure.",0.67,2025-12-24T11:49:00
3e6a301e-8872-47c3-b377-d86e10a00048,a568eb2a-9343-405d-813e-ff36267453fe,695b7d7d-d6bc-45e4-9ccd-1ab692e481ae,0cf5f95b-7ad0-4b0c-8052-c51d68f44240,4,"Great parking spot, easy to find and secure.",0.92,2025-10-26T20:54:00
e07ae752-9227-4742-b9de-0e7b1432bc4a,5bbeb2c7-93f7-44b2-8667-a43baa8bcaa6,b0de9982-cba8-443f-aeb0-d390678e9397,78a63566-af50-4ce5-9ef0-1867062bda81,4,Affordable pricing and close to metro station.,0.79,2025-10-07T12:34:00
e37b5853-db5c-4d77-bc4f-d87c6145dc1e,5a58aace-89bc-4179-a013-3ebeb2e0fb05,53c77199-1104-4a6e-beec-f5175c546c49,b81ceb3d-1fd5-46a8-a9a5-8397050a7342,4,Clean and well-lit parking area.,0.73,2025-10-14T11:02:00
866eae89-958d-4677-ab05-dd5cf9e1fd2f,277f0ed5-2b3d-4a01-a8e9-b3197a833c20,7107ee03-6709-40ba-adfa-380007cc77c0,c22117bd-eeb5-4b35-b8f8-d043bd05ab2d,4,Clean and well-lit parking area.,0.72,2026-01-11T10:55:00
5c814845-f62e-4b42-89fb-37c992617e31,a3293895-2029-45db-b566-b2e1981315b2,ad0d0b95-98d7-4e45-a170-6e6eb21249e4,4f804236-e2e6-457d-b22d-79abb7a7cf34,4,"Very convenient location, will book again.",0.85,2025-11-08T09:30:00
8807f3db-15a9-4a06-83cd-914da9455fa7,1647cad1-ee93-47b6-89cc-5a17e653b068,e53d7ad5-ca44-4488-bcaa-7dfbe0ac8a38,b402ebe7-89eb-4e4c-9ef5-0ceb387e41fe,5,Clean and well-lit parking area.,0.65,2025-12-01T22:24:00
c1412c11-ecbf-4678-a803-85f30f69bce4,8a5d5561-789b-4e07-aab9-26cb737137d5,42591084-2367-45ae-98c3-6da0eb1bf09c,b539ea12-2412-44c5-930d-fe0f4737d1cf,5,Affordable pricing and close to metro station.,0.54,2026-01-04T17:26:00
67a7174a-0a5d-46c5-9128-5f3b44be068f,29da365f-ae2c-46b7-aa48-22b86fee3628,eeb4d423-17f5-4d6c-a6e7-ad79313471a9,05f9247b-83ef-4604-82f5-b1b1d4094e81,5,Affordable pricing and close to metro station.,0.8,2026-01-28T18:19:00
4521ff7f-f256-4471-8b46-89d9ca75cbaf,b54c166a-7c11-48b8-a696-3d1f211b31e8,ad0d0b95-98d7-4e45-a170-6e6eb21249e4,c4f1bd0f-9d4a-4a08-b279-49ab1219510e,2,"Poor lighting at night, felt unsafe.",-0.7,2025-11-01T18:30:00
8e26a918-a711-4fbd-b1a1-a41ad6a8e28c,b121dd15-fd8e-46c6-839b-5eeda960f56a,ee459ce9-6a73-42b2-9e8b-a5e34b05ebf4,dbeaf8fb-238a-4253-b7a1-785f26c98839,4,"Very convenient location, will book again.",0.65,2025-10-22T14:04:00
29268715-d466-406a-94e9-c4bdab84fa89,af8d3b09-87a3-492d-b614-12760cfcd0af,d6ee3f19-3155-4210-8064-c6121d669156,239af6f4-4362-490b-9e84-58c91e55566b,2,"Poor lighting at night, felt unsafe.",-0.63,2025-12-06T09:38:00
aa9a0a38-238d-483e-965b-9d6e0dad268c,5b7b16c9-e192-4b33-80f0-b3ac574db510,78ad0a9f-8291-4b2b-ba25-1ed481f9b863,c546a5ac-0cbb-410a-ae38-51f711ee68e0,4,Clean and well-lit parking area.,0.61,2026-01-22T12:01:00
84572c39-5829-4d0c-b40f-fd15100f2a05,bff2838c-18f1-4e11-94fb-08fe6535081d,8253dd7a-18fb-473d-840b-1e186ba0c5e5,01c8bc6f-5b38-4ad1-80b8-6edae84941f0,4,"Owner was helpful, smooth experience overall.",0.91,2026-01-05T17:23:00
c573fea5-4cf8-46ca-a0d0-93e968f78071,86a025a2-4f9a-4657-920a-f0dd92507d51,aed763d5-7c54-4ca7-8ac8-259d26fa6d2c,ea58a0b5-1f92-4a46-b6c7-827122fd454c,5,"Great parking spot, easy to find and secure.",0.88,2025-10-08T09:14:00
f7175055-86c2-4247-8a78-411b440de068,2551fac8-9d67-46d9-953b-c6b38828df0a,bb8721a8-2bae-4da5-ae71-1d0cfc8a49d3,03623e38-a461-446a-ae6d-7bb554a2014b,5,"Owner was helpful, smooth experience overall.",0.95,2025-12-14T20:59:00
b78f9650-df25-4f77-bdaf-f13100319201,afb54ff1-68e3-4cfd-8572-7151fb0a53e5,19c8358a-b82b-4ab4-b5a8-645fd399e303,04dcdd54-1ddd-48fd-83de-e812aa51b113,2,"Poor lighting at night, felt unsafe.",-0.32,2025-12-22T02:30:00
c71e3a60-43e1-4fbc-bba4-4285d0a13b84,11c2bea0-839d-4a70-a4a1-86a186b24e55,53c77199-1104-4a6e-beec-f5175c546c49,80250f51-ce46-4e57-b042-d35f7b7bba0e,4,Affordable pricing and close to metro station.,0.64,2025-10-11T05:13:00
94536fad-033e-4edc-97c9-6a4b7bb5370b,f51d82d7-5841-4df4-b3cd-20caac639592,08a20e54-8f66-49fb-89d7-59c930d42d9a,deb2703a-cf0a-46b6-bce3-b3c9ece6df4f,4,Clean and well-lit parking area.,0.67,2025-12-05T03:06:00
70a7038b-6d7b-4d92-8bf4-decb8df16510,788a5308-567f-462c-a101-f6ed07f14eca,d6ee3f19-3155-4210-8064-c6121d669156,2afbf814-e349-4a95-862d-eeae95ba96ea,2,"Poor lighting at night, felt unsafe.",-0.48,2025-10-08T12:19:00
d92a8ac3-4d24-4896-b7cb-ab5cf7ce3550,0d372728-4a07-4223-923e-6f2157eca8b2,d59e8262-1e8f-4602-914e-5551b3174e5b,3b74a039-fdf8-4b70-9d37-760e92900c71,5,Clean and well-lit parking area.,0.51,2026-01-25T09:40:00
e1d9eb86-4e0f-4cbc-844d-daf4aa065859,9443a787-02d1-4c19-9ef9-d2058a7453b6,d2a8af93-39d7-4599-8a35-7cf21819f4b2,2edcfc3b-0730-4769-aee1-dab6a3b25c22,4,"Great parking spot, easy to find and secure.",0.95,2025-10-13T12:52:00
abc57bb5-2f24-4411-bbb9-37c931dca0bd,98744254-e676-49c8-862f-e270757f662d,7b60e816-f6ce-4c95-a98c-b9b8eeb44e8d,93049f3a-8e48-4cff-8cc8-4518007b419a,5,"Owner was helpful, smooth experience overall.",0.5,2026-01-05T10:13:00
f4e7c5bf-1a7b-494d-99d4-54038af5e33e,4347d903-a9bb-400e-97ad-572350bb9116,237291de-6a6d-452f-ad82-2f915745a94a,a59317b6-6a2f-4c1c-81cb-2238cee12e54,1,"Poor lighting at night, felt unsafe.",-0.58,2025-11-09T10:19:00
abe6c4e1-d7d1-46c3-a86d-04c9c47b355a,a568eb2a-9343-405d-813e-ff36267453fe,dccfe102-88f6-4a07-a791-76d919900546,7099992d-b2dd-464f-8dec-30ba66505940,4,"Owner was helpful, smooth experience overall.",0.8,2025-10-24T06:00:00
779d6c80-754d-4e1d-b079-83523f95befe,60a46a59-decb-4c15-9dd2-5354eea94200,ee459ce9-6a73-42b2-9e8b-a5e34b05ebf4,1cb0ff90-b924-48ab-9a52-0e14e934785f,4,"Very convenient location, will book again.",0.91,2025-11-22T19:17:00
20890e19-0f3d-40da-bb34-90b175ed55f8,f124e1fe-9f31-4c52-8851-ff68517f23d3,14d550ff-098c-4a84-8f96-7f9776734a1b,11876cdf-462c-479f-a168-cf4206d10a50,3,"Decent parking, nothing special.",0.16,2025-12-20T18:06:00
0cd001ea-d014-4052-9bfe-3955e3a41e0e,701ab034-7338-48ac-804d-b83325e68904,bc464c1d-5590-438c-acc7-efab360d5bc8,c414d9d3-56b6-44b9-8aa2-0db29e91f796,2,"Slot was occupied when I arrived, had to wait.",-0.54,2026-01-27T12:26:00
f95fe01c-9250-478b-a48f-435e7e5e098b,0a140015-f233-4ed4-87c5-aa755b4f13bb,d59e8262-1e8f-4602-914e-5551b3174e5b,c40b15b1-21fd-433a-aa38-4088028e9606,4,Affordable pricing and close to metro station.,0.64,2025-10-24T15:08:00
4b5598a7-ebad-40ea-b1d4-6d00d163cab2,f32092ce-bcba-4dd2-94ac-d809bf6de7ba,237291de-6a6d-452f-ad82-2f915745a94a,05b5a644-e50c-4d23-b21c-8c919edd4656,3,"Decent parking, nothing special.",0.14,2025-11-29T15:36:00
c65d474e-8266-4eed-bbcb-038bdd6658de,98ea78ef-f606-478c-a1b9-904d47b3dd42,d6ee3f19-3155-4210-8064-c6121d669156,4d88b16e-a7ac-4fb4-9300-39167ee9b3ac,5,Clean and well-lit parking area.,0.84,2025-12-26T17:08:00
80a07570-a644-4e5c-af58-69578f60f77c,dbbf55b9-fe7a-4512-8381-1642692a2669,53c77199-1104-4a6e-beec-f5175c546c49,07a5172b-d5c3-437c-b121-83982b97d7c7,3,"Average experience, would use again if nearby.",0.11,2026-01-21T19:27:00
3cf791a9-1ba2-4ed4-bf0d-ea67ad5eb465,d9e0dd75-199f-4cca-9166-e39a38afcea0,efc921b7-dee5-4ba3-8d14-01472a8afbe7,3beb58c3-86d9-43e5-9c83-376765abd1ff,1,Price was higher than what was listed.,-0.43,2025-10-21T16:20:00
b25cc7f4-0644-44d4-8a97-40b6bf6d6434,388adf72-ed8e-4826-a1dc-430335d9240d,237291de-6a6d-452f-ad82-2f915745a94a,1fd48542-282d-44e5-8cf9-033ce5a00ef9,4,Clean and well-lit parking area.,0.53,2026-01-24T16:35:00
6209f036-4b3e-4cbb-b84e-b8d961a6e447,5bbeb2c7-93f7-44b2-8667-a43baa8bcaa6,d2a8af93-39d7-4599-8a35-7cf21819f4b2,84d830d1-8eaa-404f-a2b6-6038728d619e,4,"Great parking spot, easy to find and secure.",0.65,2026-01-19T19:44:00
6d433fe1-60da-4944-b6ce-615a85aced80,b121dd15-fd8e-46c6-839b-5eeda960f56a,efc921b7-dee5-4ba3-8d14-01472a8afbe7,0d1988dc-2dc6-4b8d-9374-45d6b49770e2,5,"Very convenient location, will book again.",0.93,2026-01-17T22:45:00
4eedd10c-b6a6-4464-9b64-35cab7ec53aa,5a6b23c7-c27b-4d06-b319-4c7f4dc8c5d4,bb8721a8-2bae-4da5-ae71-1d0cfc8a49d3,2f062621-6106-4e12-b27f-bf9c39662edd,2,"Slot was occupied when I arrived, had to wait.",-0.71,2025-10-16T09:49:00
95a20217-72a1-4dde-8d86-a44f1853134d,5641a45c-1def-4cda-bcc7-0101ebcc7867,30c9d6df-abe8-45ab-842f-ab365e631bcd,77c69f74-ab36-4df6-9217-e2dc8c6161b9,4,"Owner was helpful, smooth experience overall.",0.78,2025-10-02T01:39:00
c0b2acf2-5e63-4c39-9ae6-d96e238fb688,1453ff1c-0ed9-4fd1-a785-1c1d28d78a55,6e3b42ab-8562-41a3-a0d4-c8c989d7baf3,001c22d2-cd5e-46b6-baf9-4cd746572c28,5,Clean and well-lit parking area.,0.73,2025-10-10T18:43:00
36cdb239-81b1-4aa8-9902-bdd339e9dc3e,f04b3440-fac7-4177-8085-9e194fac1d99,78ad0a9f-8291-4b2b-ba25-1ed481f9b863,b72ec08a-5fe4-4c98-b20f-63ea242491cb,5,"Very convenient location, will book again.",0.92,2025-12-28T15:05:00
77a463e5-c3de-4e03-a871-95a3666a979a,90ff1297-1d26-4dd5-bd5a-903a36e5e4fc,d7cfdefe-2859-458d-8bc5-ab840a62418e,baa2f170-2200-49bc-a37f-0e4c61eee538,3,Okay for short-term parking.,-0.03,2025-11-22T19:07:00
f6c1a3d4-615f-405c-954e-26ffa322f2a7,388adf72-ed8e-4826-a1dc-430335d9240d,19c8358a-b82b-4ab4-b5a8-645fd399e303,0fff1df1-292f-4d7e-bda9-73086f9a1fac,4,Clean and well-lit parking area.,0.63,2026-01-10T23:10:00
71842ae1-2f2a-4a0d-b079-14b648ac9ccb,58dfe5bb-0b44-40a9-aea7-6b1f9eb40645,f063fb91-dfae-415c-8fe1-caff87514d40,5c35b47e-9f30-4d86-9643-9d2454fa3818,4,"Great parking spot, easy to find and secure.",0.89,2025-12-26T15:25:00
e2bf64ef-0765-4e7a-a3f4-4740a130b5be,5bbeb2c7-93f7-44b2-8667-a43baa8bcaa6,f063fb91-dfae-415c-8fe1-caff87514d40,44c8ddcf-6015-48c3-b251-905d38c956be,2,"Narrow entrance, difficult to park.",-0.5,2025-10-17T07:48:00
ef86e090-efad-409a-a9b0-6c559c92b466,701ab034-7338-48ac-804d-b83325e68904,efc921b7-dee5-4ba3-8d14-01472a8afbe7,d871b781-8eaf-42a4-b502-3835e297131b,3,"Average experience, would use again if nearby.",0.12,2025-12-04T11:39:00
5f776ba7-4b72-4bcd-a521-c04f4173c671,0f356d86-c7ff-4da7-a7c5-87fc9f747a13,b0de9982-cba8-443f-aeb0-d390678e9397,453e7bd1-29b5-454c-80ee-526f09ed60b1,4,"Very convenient location, will book again.",0.68,2025-11-30T21:41:00
e8fa037c-7fae-40a7-8b30-aec8ce6b25cb,98ea78ef-f606-478c-a1b9-904d47b3dd42,78ad0a9f-8291-4b2b-ba25-1ed481f9b863,5977d0b4-5812-4060-b552-fc13b21690ef,5,"Great parking spot, easy to find and secure.",0.69,2026-01-22T12:30:00
6f242959-027c-4951-bea9-d2cf1438070d,a71af03f-9582-4d96-a9ed-db655d49ed1b,d7cfdefe-2859-458d-8bc5-ab840a62418e,1affc8b3-c051-4fbd-9b2f-2be2db02c184,4,"Great parking spot, easy to find and secure.",0.92,2025-11-04T08:29:00
e3321a6d-df9f-4324-abdd-288c0f5fed67,49c40658-bf14-457d-aab1-ff142d500a0e,e53d7ad5-ca44-4488-bcaa-7dfbe0ac8a38,8427a761-1a2a-43b8-96eb-6fe877099e23,4,"Very convenient location, will book again.",0.8,2025-11-09T09:21:00
9b8be2a4-2c3b-4882-b3b7-ff1b0d8a1394,ce569a2d-31ec-491e-a27f-3cc789efcb50,ee459ce9-6a73-42b2-9e8b-a5e34b05ebf4,cd5aecb1-986f-45e4-bfa1-0701fbe9465d,5,"Owner was helpful, smooth experience overall.",0.92,2025-10-08T21:10:00
6513b936-5824-4a95-b5c5-a155166c1054,2c37c0bd-ffa8-4881-8882-82a11c1ae2ff,08a20e54-8f66-49fb-89d7-59c930d42d9a,c2d6b9e6-aef3-4d23-bac3-10334668e173,3,"Decent parking, nothing special.",0.29,2026-01-19T08:02:00
6865fb0d-3e81-4688-8c8f-afdbb9d64456,be074667-ffe3-41bf-a0c1-142602ccee8c,53c77199-1104-4a6e-beec-f5175c546c49,61d569e8-b39b-4143-ace3-2022483b93b5,5,"Owner was helpful, smooth experience overall.",0.75,2025-10-25T10:44:00
85148c12-2911-400a-a83d-d903b645381f,3c6f7568-4973-46b3-b543-318625e853df,d7cfdefe-2859-458d-8bc5-ab840a62418e,7a21270d-c2be-4338-9fba-ef3cef3ad0f9,5,"Great parking spot, easy to find and secure.",0.77,2026-01-10T21:31:00
a63f6866-f778-4131-86f1-e2ea02f33939,c93534d5-7e36-4c89-bd78-a77559e5e18b,dccfe102-88f6-4a07-a791-76d919900546,c0ec5253-9ecb-4be1-9567-e20e95fe0a6c,4,Affordable pricing and close to metro station.,0.8,2025-10-11T17:50:00
e066af60-7be4-41f3-b8a8-c4bd98c18d35,5b292114-7ba8-4602-ba9b-11c0dad1188f,d6ee3f19-3155-4210-8064-c6121d669156,3ed4b062-7c04-4eee-bf8f-dec3a95c3184,5,Clean and well-lit parking area.,0.88,2025-10-25T06:52:00
a16698a2-96c3-4a3c-ad4f-41be9eb05be2,444c682b-1715-41a5-a73d-fbadb660d040,365892af-a36f-4af7-bd9a-d5cf29756b87,4e8a317e-7320-41af-bea7-6416e0baf2a6,4,"Owner was helpful, smooth experience overall.",0.8,2026-01-19T10:55:00
2f593b0b-9b1e-4905-aece-56f79bd2d48a,a128c8e3-79bd-470a-9dd9-29e6ea7a5d25,365892af-a36f-4af7-bd9a-d5cf29756b87,70a887eb-3ec1-400f-b815-c8b9ec93c59b,5,"Very convenient location, will book again.",0.55,2025-10-06T09:08:00
b31839c9-7b23-4a7c-9982-2da4168c04a1,7bd34117-4d1c-414e-bc01-debf09846255,e53d7ad5-ca44-4488-bcaa-7dfbe0ac8a38,dba35e29-5305-42ff-87c9-0fb5f0275a1f,4,Affordable pricing and close to metro station.,0.92,2025-11-12T14:36:00
dd307767-6d11-4adc-a43e-ceb0bbfd51b4,d8c10aea-9085-4345-a4e2-749a5c64d081,695b7d7d-d6bc-45e4-9ccd-1ab692e481ae,f6ed27a8-ad6d-485e-83ed-8ab5519f8feb,3,Okay for short-term parking.,0.16,2025-12-16T17:54:00
3af3064a-07ac-4458-9e95-69e0d2220684,ed64dea8-a873-4832-8f78-421ade42cf06,42591084-2367-45ae-98c3-6da0eb1bf09c,166fd693-2baa-47c2-9e05-c8969570a905,2,Price was higher than what was listed.,-0.38,2025-10-11T20:47:00
37694ecc-39a1-4546-8459-fc02c5be6986,13c84a12-87e6-47d4-8a15-a8dab52ee8a1,19c8358a-b82b-4ab4-b5a8-645fd399e303,6ad77663-2d33-4c2a-91a9-d39a2e93365b,5,Clean and well-lit parking area.,0.69,2026-01-13T13:31:00
fa0c2c68-1ca7-4583-9c4c-5670924437e9,8f8a056f-64c4-4ad2-8d2d-457fc5669aa9,b0de9982-cba8-443f-aeb0-d390678e9397,0e70402d-7a77-4340-b46d-ae574f8773cc,5,"Owner was helpful, smooth experience overall.",0.71,2025-11-23T17:42:00
553a63ad-a7ea-49be-aa48-4ba4cd08f1ec,59a253e1-4ef6-4ca0-9997-5a946ade55d7,42591084-2367-45ae-98c3-6da0eb1bf09c,fe2d0dfe-5a4a-43b5-b4ff-ee28389f746f,3,"Decent parking, nothing special.",0.18,2025-10-18T22:47:00
8c268a19-f929-4e30-a63b-bba25e94c86b,60a46a59-decb-4c15-9dd2-5354eea94200,42591084-2367-45ae-98c3-6da0eb1bf09c,9e7e47e2-ab89-444e-8eed-72c4707755dd,4,Clean and well-lit parking area.,0.85,2025-10-25T03:17:00
1fd8b41f-c3c8-40ad-a442-0ed798b8e087,444c682b-1715-41a5-a73d-fbadb660d040,b0de9982-cba8-443f-aeb0-d390678e9397,59befc83-626a-4f1b-bc68-b69a21c1cbad,2,App showed available but lot was full.,-0.85,2025-10-18T10:38:00
252e6a18-9c10-49d9-8228-a33309d81880,0d372728-4a07-4223-923e-6f2157eca8b2,7b60e816-f6ce-4c95-a98c-b9b8eeb44e8d,599050ee-cf0c-48f6-897b-038554defa60,5,"Owner was helpful, smooth experience overall.",0.68,2026-01-25T18:20:00
776d2bfe-edd2-45b2-a9c9-3893f9bf40a3,2551fac8-9d67-46d9-953b-c6b38828df0a,8253dd7a-18fb-473d-840b-1e186ba0c5e5,a7f1b2e5-285d-411d-b948-1dcce5e61e0b,3,"Decent parking, nothing special.",0.21,2026-01-10T08:24:00
d4b9b440-c1a6-4f73-b25e-8b565da56657,f26df763-aad5-41ea-8ed1-77c8b680cc59,695b7d7d-d6bc-45e4-9ccd-1ab692e481ae,e70e622f-259f-447f-8f1a-4699a7d4fb3d,5,Clean and well-lit parking area.,0.95,2025-11-15T23:33:00
d1025fad-404d-4b3f-8153-18be7dabf679,fef6f349-5174-4165-b8be-df97927e56b8,d2a8af93-39d7-4599-8a35-7cf21819f4b2,5a725322-a3db-4559-8d4d-e4adb0316296,3,"Average experience, would use again if nearby.",-0.1,2026-01-13T19:34:00
d3359191-5665-4c1e-a6d2-1dc77764b63e,d05d6b4c-e29c-486e-989a-1a0d30f62a5f,ee459ce9-6a73-42b2-9e8b-a5e34b05ebf4,a3090cd1-1a19-42f1-b3b6-722b9f212c2d,3,"Average experience, would use again if nearby.",0.01,2025-11-27T12:50:00
a15c0603-1c0d-430d-af45-d03f6f0464c5,fef6f349-5174-4165-b8be-df97927e56b8,d7cfdefe-2859-458d-8bc5-ab840a62418e,aa9e6c22-4687-45dc-90fb-44d98b10aac2,2,"Narrow entrance, difficult to park.",-0.62,2026-01-22T10:11:00
e75a7f8c-577f-440d-8492-b64e32fdcf2c,f2f55bd1-e8a5-434d-83b1-0e4c7f747abb,d7cfdefe-2859-458d-8bc5-ab840a62418e,ec38e39f-04a3-4db4-85ec-01abb7eb5a22,4,"Great parking spot, easy to find and secure.",0.6,2025-12-09T15:27:00
3153eb42-9349-4b02-8388-34947795be69,a1c3a1f9-0d90-4d39-b45e-b61f457e15b7,30c9d6df-abe8-45ab-842f-ab365e631bcd,38b4c892-2e55-4e90-85cb-087e6de8c2d8,4,"Very convenient location, will book again.",0.51,2025-12-27T02:09:00
56e8c566-1356-4d3e-bfda-e6b1b1a4c48a,b3c2dba9-c725-4fad-81d3-65ef3b760db5,53c77199-1104-4a6e-beec-f5175c546c49,0790b2b6-5071-4c49-82a8-6e7c92246aca,4,"Great parking spot, easy to find and secure.",0.74,2025-12-16T19:26:00
d431b376-707a-41cd-9819-cf721c0c709b,f04b3440-fac7-4177-8085-9e194fac1d99,bc464c1d-5590-438c-acc7-efab360d5bc8,c26e0f1d-b001-4bc2-85b3-efc77555fba2,5,Clean and well-lit parking area.,0.79,2025-12-28T16:44:00
e27b8e2c-f552-4d11-b90b-14e7b6c6b68d,8f8a056f-64c4-4ad2-8d2d-457fc5669aa9,695b7d7d-d6bc-45e4-9ccd-1ab692e481ae,bc22cbfa-939a-4b0b-b77d-14c41f648f3e,2,"Slot was occupied when I arrived, had to wait.",-0.65,2025-10-18T19:11:00
ceef0c18-3634-4d3a-adfe-2461b15fe754,36b67d6d-b43c-42c5-aed0-24c2bb6a8bb1,6f1380b7-12b7-40fd-8cde-756c8974b743,49eeb110-6f04-48f6-af75-6c01130735fc,3,"Average experience, would use again if nearby.",0.05,2025-12-21T11:46:00
51c4ec98-dcb4-4124-b728-23c3f81e1f04,d09677f7-88f4-40fe-aeb1-0eafeae247d7,66e019e7-5c23-4c7a-8358-1da734b434fe,96add857-58fe-4d71-8952-6f21f974e724,5,Clean and well-lit parking area.,0.94,2026-01-12T23:16:00
2549b5ef-4a39-46bd-b192-0fe450b5970d,97c00172-dcdc-4002-91c2-08b08f475693,f063fb91-dfae-415c-8fe1-caff87514d40,100cbfed-0543-4664-b678-b1a53698d8bc,1,"Slot was occupied when I arrived, had to wait.",-0.61,2026-01-19T19:01:00
43672bba-d630-49af-97ec-3c527b6f51ab,277f0ed5-2b3d-4a01-a8e9-b3197a833c20,ad0d0b95-98d7-4e45-a170-6e6eb21249e4,bfa2b644-98d2-4522-a5e5-285da61283f8,4,"Great parking spot, easy to find and secure.",0.86,2026-01-04T20:21:00
e1c8343b-4a91-4817-9e09-c44dd1327dfb,08295200-2344-4f2d-85f3-a0c84e16003c,8253dd7a-18fb-473d-840b-1e186ba0c5e5,350532e2-9eda-4461-8d9b-9d9e6c597f73,2,"Narrow entrance, difficult to park.",-0.73,2026-01-10T19:58:00
a38dd69e-93be-46b6-b1c1-43b59835a7cd,dbbf55b9-fe7a-4512-8381-1642692a2669,14d550ff-098c-4a84-8f96-7f9776734a1b,68df088c-ce9e-4361-b51d-601dc22772df,4,Clean and well-lit parking area.,0.87,2025-12-10T17:49:00
ce1d8bf4-37c9-4ca5-a15d-cf66750c4718,11c2bea0-839d-4a70-a4a1-86a186b24e55,14d550ff-098c-4a84-8f96-7f9776734a1b,79009be3-5b3b-469d-9fa6-a191f65598fb,4,Clean and well-lit parking area.,0.87,2025-10-11T13:04:00
07b238cb-9383-4062-8522-a1ecedaa70d0,44d64af1-52f4-472d-a634-dedc68426f80,7107ee03-6709-40ba-adfa-380007cc77c0,1d502c10-a909-4e02-8c58-6972c8844096,1,Price was higher than what was listed.,-0.74,2025-11-16T09:58:00
5ac97c04-549d-466f-97e6-a2f24c7750b5,98096188-199a-43f7-a99d-056bc2dc1de4,ee459ce9-6a73-42b2-9e8b-a5e34b05ebf4,04fc7a5e-6a5d-4a7d-afa3-b34cf701bf3b,5,Clean and well-lit parking area.,0.8,2025-11-22T10:54:00
0f96c2b6-3683-41e1-b0c0-80803ca0ec73,b54c166a-7c11-48b8-a696-3d1f211b31e8,42591084-2367-45ae-98c3-6da0eb1bf09c,9eea4e2c-7e2b-4597-8e44-62b5cc3e810e,4,"Great parking spot, easy to find and secure.",0.81,2025-12-24T10:15:00
93a5cf03-5521-4966-af97-959927336e71,74a87e80-283e-4e63-b28c-90a677b47451,19c8358a-b82b-4ab4-b5a8-645fd399e303,88dd5407-003f-49b5-99b4-4fd531e4c218,5,Affordable pricing and close to metro station.,0.7,2025-11-11T07:19:00
c66e2fd8-1bbf-48cc-bf62-99748e150b64,6198dbda-17a0-43f1-bc6a-f7c825cadb18,6e3b42ab-8562-41a3-a0d4-c8c989d7baf3,a73f89c9-f955-44b9-923e-c9769b448488,3,Okay for short-term parking.,0.21,2025-11-25T08:37:00
0a9a9c68-cfec-442d-80c3-48b760e16fab,1c59fc9a-7cf2-48c3-a919-e5be8ae2fd42,7b60e816-f6ce-4c95-a98c-b9b8eeb44e8d,b04c301f-6625-4220-99f8-a09ace908e22,4,"Great parking spot, easy to find and secure.",0.64,2025-12-28T21:11:00
911f31ad-a558-4611-89af-69ced3fea26a,f2f55bd1-e8a5-434d-83b1-0e4c7f747abb,aed763d5-7c54-4ca7-8ac8-259d26fa6d2c,680d44ba-5955-4d84-9ae9-cd11f6213029,4,Affordable pricing and close to metro station.,0.72,2025-10-28T17:41:00
86a27921-99d0-4502-8994-471407f3b650,9d15ffc3-e80a-4ebc-9354-52be9f89db50,aed763d5-7c54-4ca7-8ac8-259d26fa6d2c,a4bbd883-d19e-43f2-b161-8b70108266ae,2,Price was higher than what was listed.,-0.31,2025-11-01T20:41:00
de1f325f-9660-4333-9720-a909aa0dc1bb,2f69688f-73d1-4b35-a5a0-a0cb9fff72ec,08a20e54-8f66-49fb-89d7-59c930d42d9a,0ce013ef-f2ea-4715-a7ea-2e5a91ce3edc,5,Affordable pricing and close to metro station.,0.58,2025-10-16T12:18:00
c73b2340-fcdb-44dd-859b-530819768bee,96751397-583f-47dd-93b4-5631fa45cc03,08a20e54-8f66-49fb-89d7-59c930d42d9a,1b2a1d30-f8c4-49d4-9f94-a1da8fce3d2d,3,"Decent parking, nothing special.",-0.04,2025-12-13T03:05:00
29ee0e14-ad59-455c-8b3e-87fa3fa024cc,46b6a70b-078e-462c-a5ba-ecf7b5064e0a,efc921b7-dee5-4ba3-8d14-01472a8afbe7,9ec1c746-da39-4fbe-8bdb-c987a69a7390,4,Affordable pricing and close to metro station.,0.56,2025-12-27T13:25:00
07324c19-b83a-4c1c-98c2-7bef5219419e,a26479e4-b4df-46bb-9457-c697d859151e,19c8358a-b82b-4ab4-b5a8-645fd399e303,9c23ed6a-bcb6-4fbd-8bee-8bea5e011296,3,"Average experience, would use again if nearby.",0.3,2025-12-16T19:21:00
1184e4b4-be6f-42f9-afff-08054e754b2e,3585a529-1a8b-42fa-bf2f-40a2ffe4e350,6f1380b7-12b7-40fd-8cde-756c8974b743,bec39d6d-0f80-4d83-84da-d902e0cd525d,4,"Owner was helpful, smooth experience overall.",0.57,2025-11-09T04:21:00
28664b22-1484-4f15-903b-84b7f5fba83e,15ce7f7e-c477-41ec-b7d0-63fa147b7c27,dccfe102-88f6-4a07-a791-76d919900546,acf4de2e-7479-49fd-bb50-272dd69aaefb,5,Affordable pricing and close to metro station.,0.59,2026-01-21T14:36:00
ebd96f51-51a6-4a4e-a1e0-4168a5f08085,3585a529-1a8b-42fa-bf2f-40a2ffe4e350,b0de9982-cba8-443f-aeb0-d390678e9397,f159a4e2-4a7b-4f48-86e4-368e0399764b,1,Price was higher than what was listed.,-0.48,2025-10-28T09:49:00
7f7f527e-b934-40dd-88c8-278e35388876,65a9ebcd-7863-4808-8d99-67b85a4b4fdb,7b60e816-f6ce-4c95-a98c-b9b8eeb44e8d,f413106a-8609-4cac-ba96-1ec328bc97ce,5,Clean and well-lit parking area.,0.84,2026-01-18T09:58:00
f01af3a3-3d3a-48ab-918d-dada11db0cfd,d09677f7-88f4-40fe-aeb1-0eafeae247d7,42591084-2367-45ae-98c3-6da0eb1bf09c,915da27a-33f9-40ad-8783-dbdb801a313b,5,"Very convenient location, will book again.",0.74,2025-11-16T14:44:00
52fcfbf0-9a99-40d8-a5ed-60ef2d9ebb3e,7a3c925b-65d7-4998-bcce-420c121b09f4,6e3b42ab-8562-41a3-a0d4-c8c989d7baf3,5e9117b3-9c51-45e6-b758-620a607a89af,5,"Great parking spot, easy to find and secure.",0.94,2026-01-10T15:14:00
70fe9744-d9e3-47af-ae95-8f64837e04d7,86a025a2-4f9a-4657-920a-f0dd92507d51,237291de-6a6d-452f-ad82-2f915745a94a,dd59474a-9038-4dbc-92b6-637c677d78c2,2,Price was higher than what was listed.,-0.88,2025-10-01T21:58:00
102e31a2-4276-4638-adcb-832fe29e56b6,0a140015-f233-4ed4-87c5-aa755b4f13bb,aa8039b3-3308-4616-8ab0-12c28e7246e4,b5be87e6-2559-4882-99c1-3050517bb4cf,3,"Decent parking, nothing special.",0.15,2025-10-06T19:05:00
a57c77a1-8792-433a-8dfe-efb0dba820df,afb54ff1-68e3-4cfd-8572-7151fb0a53e5,dccfe102-88f6-4a07-a791-76d919900546,8dfa380d-efde-49e9-b4e4-8cebaeb36a88,4,"Very convenient location, will book again.",0.77,2025-10-23T10:52:00
30864017-5f9b-451f-9c37-745d24302a57,f3b6ba16-e61e-41fd-adef-6033fff96bf7,53c77199-1104-4a6e-beec-f5175c546c49,8ba93f90-4c35-404c-a048-f36ec25afbc6,3,"Decent parking, nothing special.",0.03,2025-12-18T12:52:00
5b87d8cc-21c7-4c37-b059-d81e61c685be,74715f8c-48e0-4c83-a4a6-dcf798935909,d7cfdefe-2859-458d-8bc5-ab840a62418e,9b411c80-543e-4fe2-a1a5-906df634194a,4,Clean and well-lit parking area.,0.9,2025-12-12T19:32:00
3daedf47-5dfe-4b19-9c9a-e5bd9953ac6e,06e8551d-5af2-4d4a-9977-4e8a30414cfb,6f1380b7-12b7-40fd-8cde-756c8974b743,2fbee0ad-466a-4228-891c-019088282f06,3,"Decent parking, nothing special.",0.12,2025-12-26T19:32:00
9359615d-c7b8-4058-8cda-6c4be8657c62,cfdfd189-e956-4412-8514-e046100dbe9a,6f1380b7-12b7-40fd-8cde-756c8974b743,5cdac40c-1de9-49e3-b411-32c49812b8bb,2,Price was higher than what was listed.,-0.75,2025-10-11T04:16:00
ecff9f4e-6d99-4ff7-af8f-a3467e0e05c0,877b1c47-4f80-462c-af6d-a5b004e58548,30c9d6df-abe8-45ab-842f-ab365e631bcd,195d9c07-7913-4230-ab6a-3bc5c79c0841,3,"Decent parking, nothing special.",-0.06,2026-01-20T18:10:00
75e6086c-c619-4542-98c5-1c7bdefbb585,599f005e-1fd0-410a-9bac-eb9a6b9d4d69,d6ee3f19-3155-4210-8064-c6121d669156,20d7a770-799c-4f26-a3c4-e5229afe605a,4,"Great parking spot, easy to find and secure.",0.55,2025-11-22T12:18:00
90bacd9f-51f5-432b-9887-8d48dcef8e2f,d3c43590-34fb-498e-b253-feb31c1698ea,695b7d7d-d6bc-45e4-9ccd-1ab692e481ae,1466c955-2cfa-4d4f-bf93-eb64e6a1940f,5,"Great parking spot, easy to find and secure.",0.9,2025-11-08T09:33:00
e2bdb7d0-31ff-4f30-8dd4-acfd61df9e59,c75ee9a0-f7fd-4825-83ec-d40424f06a08,42591084-2367-45ae-98c3-6da0eb1bf09c,6775870f-4801-4563-8940-1a656f879863,3,Okay for short-term parking.,0.0,2025-12-28T05:06:00
15f873e6-5997-4627-ac51-5336b53eaa1e,74a87e80-283e-4e63-b28c-90a677b47451,aed763d5-7c54-4ca7-8ac8-259d26fa6d2c,1d951cc8-6d09-4f77-8b50-cf88e30d027f,2,Price was higher than what was listed.,-0.36,2025-12-08T14:03:00
a391092a-a2c3-4812-b42f-5c8201873a5e,b3c2dba9-c725-4fad-81d3-65ef3b760db5,d6ee3f19-3155-4210-8064-c6121d669156,b036ba33-66df-485c-9c5d-036b4be60f03,2,"Slot was occupied when I arrived, had to wait.",-0.83,2026-01-15T20:27:00
f2d7c062-da20-41cb-a086-86e8e7fa22c0,277f0ed5-2b3d-4a01-a8e9-b3197a833c20,dccfe102-88f6-4a07-a791-76d919900546,0b837d24-51b4-45a2-b5a3-284e75d6d418,3,"Decent parking, nothing special.",0.29,2026-01-01T20:07:00
815574fd-0531-4445-9b95-ba93bb6c0c5e,9cc3bdbe-eebe-44c1-af7d-d182e0bb848e,237291de-6a6d-452f-ad82-2f915745a94a,a73f1f89-e6ac-437e-86b8-db460407aba9,3,Okay for short-term parking.,0.23,2026-01-25T20:20:00
4e452d57-7cba-4f73-b7a6-79b5d34c8193,f26df763-aad5-41ea-8ed1-77c8b680cc59,b0de9982-cba8-443f-aeb0-d390678e9397,49b84fd4-2a31-437c-9561-8128ec30509a,4,"Great parking spot, easy to find and secure.",0.55,2025-11-01T23:19:00
a968fa94-a4dd-4639-98b6-386107d1f457,4ac947c8-94d7-4953-8716-6429c0532f10,19c8358a-b82b-4ab4-b5a8-645fd399e303,d1f7eff3-5882-444e-bb85-18bd8ab36c9c,2,"Poor lighting at night, felt unsafe.",-0.85,2025-10-10T19:12:00
49a24ef1-4e06-4c54-9461-e292973e2230,b3777ebf-a223-405b-bdfb-26c99551ddd6,ad0d0b95-98d7-4e45-a170-6e6eb21249e4,a4219164-e25a-4b8b-b555-93ef9cd72f05,4,Clean and well-lit parking area.,0.86,2025-12-20T23:50:00
0fc0d90f-a9df-402f-829e-ce1bbf13eb62,b7eab9e9-b8e8-450e-ade5-b1b37cc6a6bf,53c77199-1104-4a6e-beec-f5175c546c49,998a6aa9-5e03-4a7e-ad1d-e0f2e7462664,5,"Great parking spot, easy to find and secure.",0.54,2025-12-31T20:33:00
2c6d1d14-b06f-405d-a6df-848bcbfba6bd,071d0229-2b82-4af7-b921-faca7bad858e,42591084-2367-45ae-98c3-6da0eb1bf09c,d191be09-4bed-4ace-b5c6-460dbff5db02,4,"Very convenient location, will book again.",0.62,2025-11-24T16:56:00
36a204c0-abc5-4c13-8b52-938b4bca0729,a1c3a1f9-0d90-4d39-b45e-b61f457e15b7,42591084-2367-45ae-98c3-6da0eb1bf09c,a185acd1-1a12-4fbe-accd-84fdc8aaed35,5,Affordable pricing and close to metro station.,0.86,2026-01-16T09:13:00
0cc4c896-205d-47e6-9598-fbbdb0683249,9d15ffc3-e80a-4ebc-9354-52be9f89db50,e53d7ad5-ca44-4488-bcaa-7dfbe0ac8a38,7accd961-f688-4658-a23e-65fd9b24e1db,4,"Very convenient location, will book again.",0.91,2025-10-13T21:04:00
e40f3290-759f-439c-9a47-8475860de14a,872bd855-8ee4-4402-99ad-929403c4d312,ee459ce9-6a73-42b2-9e8b-a5e34b05ebf4,726d3d3a-ded6-4dcc-9980-4143725c2a21,5,"Owner was helpful, smooth experience overall.",0.85,2025-12-20T21:01:00
ad9fa463-e932-4dd5-9617-c4ea1cfa585b,885a8633-088a-4929-8467-306108a21c91,365892af-a36f-4af7-bd9a-d5cf29756b87,f49e434d-9013-4960-a71c-bff18fd56438,5,Affordable pricing and close to metro station.,0.9,2025-11-09T11:55:00
aaf7cf9b-3906-4033-b21e-73252cbf3fd4,abdf5dda-7959-44f1-9e8c-be548fc94775,d7cfdefe-2859-458d-8bc5-ab840a62418e,7734c5e8-6cba-49a6-9c2b-d8743ac00651,4,"Owner was helpful, smooth experience overall.",0.75,2025-11-11T11:29:00
c1075fb6-71a4-4595-839d-88f3ebdc7dd1,9dd34665-f8c0-45b7-97e8-9cd4be56b238,aa8039b3-3308-4616-8ab0-12c28e7246e4,306505fa-9c31-45f5-8a46-dc0954cf1250,5,"Owner was helpful, smooth experience overall.",0.85,2025-10-04T10:45:00
7ecf1b27-d5b6-4258-b366-7af8bf9bf78a,2f69688f-73d1-4b35-a5a0-a0cb9fff72ec,30c9d6df-abe8-45ab-842f-ab365e631bcd,11b03432-b775-4c34-9f50-eb6346f8dae5,4,Affordable pricing and close to metro station.,0.65,2026-01-17T18:12:00
a9454bf4-db4f-4623-8475-ccc649469916,bff2838c-18f1-4e11-94fb-08fe6535081d,f063fb91-dfae-415c-8fe1-caff87514d40,446bc6bb-8097-4cfd-9c5d-f0513ebd63f1,3,Okay for short-term parking.,0.21,2025-10-19T17:23:00
52db7066-d446-4846-b1b8-8b628d580145,2551fac8-9d67-46d9-953b-c6b38828df0a,d7cfdefe-2859-458d-8bc5-ab840a62418e,aa434ac6-b65b-4228-8d08-3c605229b0d2,2,Price was higher than what was listed.,-0.49,2025-11-20T07:11:00
4a49b819-ec78-4f12-9c2e-027547032571,877b1c47-4f80-462c-af6d-a5b004e58548,dccfe102-88f6-4a07-a791-76d919900546,03539f15-945d-4011-91a4-afec38bde6f1,2,Price was higher than what was listed.,-0.56,2025-11-16T14:16:00
93f64a6f-58e1-4ad5-9aaa-b90fad54f2d3,60a46a59-decb-4c15-9dd2-5354eea94200,7b60e816-f6ce-4c95-a98c-b9b8eeb44e8d,1507bfa6-1f8d-450f-9c67-cae3aed4258c,5,"Great parking spot, easy to find and secure.",0.95,2025-11-26T08:30:00
a74237a7-8e35-472d-86a1-2a5d8960b4e5,13c8f3bb-fb66-413a-9dac-d16398290623,237291de-6a6d-452f-ad82-2f915745a94a,2ae38e65-9507-4967-8441-2c98343d25f6,5,Affordable pricing and close to metro station.,0.71,2025-11-17T21:26:00
5b683808-f4a0-40e0-890a-2d97041360f8,4ac947c8-94d7-4953-8716-6429c0532f10,aa8039b3-3308-4616-8ab0-12c28e7246e4,4642ed86-c679-40ac-9009-ff67bd17e9a8,4,Affordable pricing and close to metro station.,0.78,2025-10-16T20:50:00
c83970f6-26c7-4a97-b7c1-e6114eb49647,b6fe13bd-fe3d-49c4-9a15-dc10fd806d1c,42591084-2367-45ae-98c3-6da0eb1bf09c,215a6504-6c07-47a1-8a0a-aad9568c3d4c,1,Price was higher than what was listed.,-0.59,2025-12-22T22:21:00
eae64d9e-7312-4e9a-8f2c-ad3f32f0671e,96751397-583f-47dd-93b4-5631fa45cc03,d7cfdefe-2859-458d-8bc5-ab840a62418e,8e4f0285-d283-4576-bfb7-aadf66081341,5,"Very convenient location, will book again.",0.62,2025-12-14T22:18:00
b5f0f23c-d0bb-4f76-91a8-f7be998e9e45,0e0b358d-5fb8-4eac-9490-c65d5a817868,dccfe102-88f6-4a07-a791-76d919900546,7a354247-6482-46bc-8bf0-c1ff1acaea83,4,"Great parking spot, easy to find and secure.",0.65,2026-01-15T19:29:00
310ff2df-108b-43c7-a9a6-033bb6990d9a,d7754c45-f9ed-4e23-ac5f-1a615bd35db2,7107ee03-6709-40ba-adfa-380007cc77c0,903dba01-b700-409f-8382-0480b7c965a1,4,"Very convenient location, will book again.",0.94,2025-11-28T04:02:00
8a30c8af-d569-41be-9b4e-28ab9517c6b8,97c00172-dcdc-4002-91c2-08b08f475693,7107ee03-6709-40ba-adfa-380007cc77c0,34163d97-6abf-430a-b45b-ef7e83442b86,4,"Owner was helpful, smooth experience overall.",0.68,2025-10-10T19:45:00
77b047b0-5fbe-4580-ba5c-d85238a9defa,5a6b23c7-c27b-4d06-b319-4c7f4dc8c5d4,d6ee3f19-3155-4210-8064-c6121d669156,3b7575c7-e481-4b45-92c1-53fcb081c2a1,4,"Owner was helpful, smooth experience overall.",0.81,2026-01-24T19:16:00
f2d97649-ba86-491a-bea0-155d14895be2,dcf48aa7-7d85-4b28-afb9-df059ab79656,d6ee3f19-3155-4210-8064-c6121d669156,1f59071f-cc1e-4b9f-8e68-7fa1a13dfd17,4,"Owner was helpful, smooth experience overall.",0.76,2025-11-15T22:06:00
61c654f9-9e0d-4b6a-bd0a-59746c742f54,13c8f3bb-fb66-413a-9dac-d16398290623,bc464c1d-5590-438c-acc7-efab360d5bc8,397c8d19-d017-42f6-beb6-36783bac6665,4,"Very convenient location, will book again.",0.9,2025-12-08T06:18:00
b88ffd64-fb83-41ef-bb7f-0570fcb82b48,db47a8ff-d23c-402d-80e2-d7b9c16fc5d2,14d550ff-098c-4a84-8f96-7f9776734a1b,b411067d-91ce-43f5-8b79-daa54344ac2a,5,"Great parking spot, easy to find and secure.",0.84,2025-12-10T22:00:00
a97d9a8f-f89d-409d-a7d1-094e1e81494d,f2ad57fb-f146-444e-9915-1d8aca933720,237291de-6a6d-452f-ad82-2f915745a94a,b6ae906e-e486-48da-962a-a9a64b398561,4,Affordable pricing and close to metro station.,0.54,2025-10-25T14:27:00
de6ed8a1-36f8-4742-8072-4b841edc6e4e,bd0a161f-06f1-4c49-ae73-26214dbbb292,d7cfdefe-2859-458d-8bc5-ab840a62418e,f8d16400-338a-4cab-b829-3365569e6520,2,"Poor lighting at night, felt unsafe.",-0.69,2025-10-11T19:27:00
54fc2f8f-83bc-42ff-ba2b-8a19155af71f,959aa198-9cfd-4b61-8a61-cd37d5785662,08a20e54-8f66-49fb-89d7-59c930d42d9a,8e0a8598-ca17-4f91-9f19-44acb52148ff,3,"Decent parking, nothing special.",0.18,2025-12-16T17:59:00
cffc0614-536a-444c-bba1-05af889be6f9,2551fac8-9d67-46d9-953b-c6b38828df0a,695b7d7d-d6bc-45e4-9ccd-1ab692e481ae,7c0bb98b-c047-4f6a-93df-b4e984a4c476,3,"Average experience, would use again if nearby.",-0.04,2026-01-14T13:41:00
efde67fc-ddb5-4ce3-9dcc-f8cecdcce467,7a3c925b-65d7-4998-bcce-420c121b09f4,aed763d5-7c54-4ca7-8ac8-259d26fa6d2c,62e8fc15-d782-448c-9efb-f2dd13603c6f,4,"Owner was helpful, smooth experience overall.",0.73,2026-01-13T11:31:00
37579ca6-944a-4c3f-87b2-db20d172c8d0,15ce7f7e-c477-41ec-b7d0-63fa147b7c27,53c77199-1104-4a6e-beec-f5175c546c49,b5c721fd-6e72-43fa-93ee-60a5176900a3,4,"Great parking spot, easy to find and secure.",0.64,2025-11-28T19:51:00
23745cf0-4e38-4aa0-abfd-16998787296c,a26479e4-b4df-46bb-9457-c697d859151e,78ad0a9f-8291-4b2b-ba25-1ed481f9b863,2fe9fa5b-e719-4b11-929b-b25c2a9dcc45,4,"Owner was helpful, smooth experience overall.",0.53,2026-01-15T02:04:00
93ea5703-b2e1-4329-b56d-28d5912518c0,15ce7f7e-c477-41ec-b7d0-63fa147b7c27,d6ee3f19-3155-4210-8064-c6121d669156,7fe68d69-ebee-4296-b0d7-436001b1e593,4,Clean and well-lit parking area.,0.95,2025-12-26T10:26:00
547063b4-87cf-46f9-a5ac-bda16dabe3f5,b121dd15-fd8e-46c6-839b-5eeda960f56a,d2a8af93-39d7-4599-8a35-7cf21819f4b2,3e4a08ab-4eae-49b0-bae6-29aaed8c4714,5,Affordable pricing and close to metro station.,0.92,2025-12-09T21:06:00
1fdf6f9c-d726-4cb1-b130-3d288767569b,2b1204a6-ed0b-4c47-94ca-f7ef014470e5,efc921b7-dee5-4ba3-8d14-01472a8afbe7,72ce0daa-07c9-4b1c-88ee-019c964124f8,5,Affordable pricing and close to metro station.,0.84,2025-12-19T10:19:00
95ec936e-c97d-4af9-8147-8f2c28984ea3,4ac947c8-94d7-4953-8716-6429c0532f10,d7cfdefe-2859-458d-8bc5-ab840a62418e,454822dd-9b2b-46bc-a98d-487e8fda386f,5,Affordable pricing and close to metro station.,0.59,2026-01-28T22:02:00
2fb441bc-6e19-4197-9562-1b506da56157,a26479e4-b4df-46bb-9457-c697d859151e,30c9d6df-abe8-45ab-842f-ab365e631bcd,02e7e5e8-b4d7-43fb-9429-7913ef83f785,4,Affordable pricing and close to metro station.,0.94,2025-11-24T09:06:00
230ec26d-c1e2-4fc5-94fb-54421f774856,49e446a3-4611-4d46-837f-e901da5b1f5e,237291de-6a6d-452f-ad82-2f915745a94a,e8d04193-d9e7-4d30-ae35-4cdd784b7eca,4,"Owner was helpful, smooth experience overall.",0.78,2025-11-09T21:06:00
c7bcada8-a119-4d65-b0a8-9211550f8ade,9cc3bdbe-eebe-44c1-af7d-d182e0bb848e,365892af-a36f-4af7-bd9a-d5cf29756b87,f5548731-08d3-4391-a7ea-9d37e1f90ced,5,Affordable pricing and close to metro station.,0.93,2025-12-16T10:41:00
406a2ffd-8026-4d00-9448-bcb163565bda,4551e04c-c156-4e1f-bb7c-b4c84bf323e1,14d550ff-098c-4a84-8f96-7f9776734a1b,534a871b-6f2f-4cf3-a67c-c41a29e19673,4,"Owner was helpful, smooth experience overall.",0.52,2025-11-26T21:26:00
fb07bf79-0429-476d-b7b6-be7d7da51588,a1c3a1f9-0d90-4d39-b45e-b61f457e15b7,f063fb91-dfae-415c-8fe1-caff87514d40,70f66c7a-ba58-4369-9a2d-56825dd79598,5,Clean and well-lit parking area.,0.58,2025-11-25T02:57:00
1b70ab6c-57e1-47e8-85cc-df7d0a597bfb,97c00172-dcdc-4002-91c2-08b08f475693,d59e8262-1e8f-4602-914e-5551b3174e5b,5f44b201-05da-4928-aa9e-7292fb13f5d4,4,"Very convenient location, will book again.",0.8,2025-10-09T17:46:00
fe9cd165-7e62-4bce-9348-6800fa7daacf,11c2bea0-839d-4a70-a4a1-86a186b24e55,30c9d6df-abe8-45ab-842f-ab365e631bcd,1a7f5cf5-cc50-4697-ac9a-27bd0b4a33c5,2,"Poor lighting at night, felt unsafe.",-0.36,2025-11-29T16:55:00
0b911a72-757b-45e6-bde4-66d19804a5cc,8a5d5561-789b-4e07-aab9-26cb737137d5,b0de9982-cba8-443f-aeb0-d390678e9397,0faf439b-b552-4589-88d4-195d79b7d710,5,Affordable pricing and close to metro station.,0.58,2025-10-20T22:00:00
024456e1-ccce-422c-9666-2d7fe9f44450,ed64dea8-a873-4832-8f78-421ade42cf06,7b60e816-f6ce-4c95-a98c-b9b8eeb44e8d,2af76da6-f91f-4305-ad1b-53c274527a79,1,App showed available but lot was full.,-0.71,2025-11-22T22:11:00
e7f4ba59-a240-4a9a-a2cd-b17802069732,06e8551d-5af2-4d4a-9977-4e8a30414cfb,14d550ff-098c-4a84-8f96-7f9776734a1b,6df740a9-f577-45d0-bc48-e3d28b7a243f,5,"Very convenient location, will book again.",0.76,2026-01-08T21:10:00
5738d376-e30b-4eb7-944d-cd6455c6fae7,072e86f1-123e-4728-8660-0ca9e2253241,53c77199-1104-4a6e-beec-f5175c546c49,ae0a7f2c-b4e8-4709-8218-01edcda4c0df,5,"Great parking spot, easy to find and secure.",0.95,2026-01-08T20:17:00
d7843da5-5d0f-4282-97a9-b49d184b5aa2,a6fbc3d3-ca09-49e9-b311-cc3073cb59ce,ee459ce9-6a73-42b2-9e8b-a5e34b05ebf4,5ba15c7e-0025-4161-9ecc-1c0234e0a62b,5,Affordable pricing and close to metro station.,0.86,2026-01-01T13:26:00
703abbd0-1818-4295-804a-fe7b23ee5dd9,9fc4727a-0597-4944-bf05-76cd38346140,6e3b42ab-8562-41a3-a0d4-c8c989d7baf3,a00b0d04-1cc1-4d97-adda-65781871d57d,1,"Slot was occupied when I arrived, had to wait.",-0.35,2025-10-29T18:07:00
0555a6b8-491b-4d9d-a070-188f09abd449,8d9750c8-c678-4004-a403-18a45052c635,30c9d6df-abe8-45ab-842f-ab365e631bcd,08de65bc-20af-482f-9683-721e16e3e2e7,3,Okay for short-term parking.,0.17,2026-01-10T15:10:00
90206d8b-ba3f-40d7-9c4d-b67a6e415405,5a58aace-89bc-4179-a013-3ebeb2e0fb05,30c9d6df-abe8-45ab-842f-ab365e631bcd,721d927f-11ea-4393-b535-577c37de7801,5,"Owner was helpful, smooth experience overall.",0.89,2026-01-17T15:54:00
46a6fe7d-20b2-4035-ae2b-4a34d9e25744,5641a45c-1def-4cda-bcc7-0101ebcc7867,bc464c1d-5590-438c-acc7-efab360d5bc8,60b65805-a781-47d1-b480-c24209f8d204,2,App showed available but lot was full.,-0.6,2026-01-09T06:22:00
c93094e3-aa37-4a71-a1a8-5416e1138136,8d9750c8-c678-4004-a403-18a45052c635,8253dd7a-18fb-473d-840b-1e186ba0c5e5,4df73118-d23c-4272-b4b7-4bf28017a624,4,Clean and well-lit parking area.,0.56,2025-12-26T17:54:00
dfd2c6e5-fff5-4744-924a-8e40b0fd4c69,db47a8ff-d23c-402d-80e2-d7b9c16fc5d2,78ad0a9f-8291-4b2b-ba25-1ed481f9b863,121e1be0-8095-4670-9e8c-eb1710f2a353,5,"Very convenient location, will book again.",0.82,2025-10-25T21:51:00
b472c9b5-10d5-4101-b06c-2b588881a9ef,74a87e80-283e-4e63-b28c-90a677b47451,695b7d7d-d6bc-45e4-9ccd-1ab692e481ae,f285b2ed-e52c-4ae3-b0ad-296ff05c950a,4,"Great parking spot, easy to find and secure.",0.77,2025-12-28T10:03:00
a3327194-4845-47e2-add5-d57df484afcc,e989cdb7-ad0e-4c36-a170-afeb109aaf40,6e3b42ab-8562-41a3-a0d4-c8c989d7baf3,c5d94f0d-f69c-4c81-b966-c8b20bef3691,1,"Narrow entrance, difficult to park.",-0.61,2025-10-16T08:58:00
1aba176b-3e7c-49d2-8337-67c7b171a7ac,a1c3a1f9-0d90-4d39-b45e-b61f457e15b7,aed763d5-7c54-4ca7-8ac8-259d26fa6d2c,e2e75805-bb49-42e6-a54f-bde3c8b30e2d,5,Affordable pricing and close to metro station.,0.62,2025-12-27T10:11:00
b04a16a8-6a19-43bb-a5d0-95e5fe245e89,ce569a2d-31ec-491e-a27f-3cc789efcb50,dccfe102-88f6-4a07-a791-76d919900546,75e786d0-dfc0-4600-83ae-c44f2434cefb,4,Clean and well-lit parking area.,0.85,2026-01-21T15:31:00
87cfdc9f-23de-4bb5-a719-2c6b23494f1d,d16dc9c8-b3dc-4156-a28e-2847680508ca,365892af-a36f-4af7-bd9a-d5cf29756b87,9fa5ec16-3f8c-4d07-8741-61d1911fef55,5,"Very convenient location, will book again.",0.87,2025-12-26T01:11:00
21a5d610-8c8b-45d4-895d-73161be55fb9,db47a8ff-d23c-402d-80e2-d7b9c16fc5d2,6e3b42ab-8562-41a3-a0d4-c8c989d7baf3,3ef59c00-56fd-4fe5-916c-5217abd18031,4,"Very convenient location, will book again.",0.66,2025-10-27T07:32:00
79f3bef7-ee21-42e3-b41c-f4bed3cdef66,2d553dc2-8f10-41cb-b80f-ab23383e3731,66e019e7-5c23-4c7a-8358-1da734b434fe,27958f60-a5cb-478c-9b4c-253a6131a2cc,3,"Decent parking, nothing special.",0.27,2025-10-08T10:26:00
3693428c-5310-4f58-9721-de435217603a,1c59fc9a-7cf2-48c3-a919-e5be8ae2fd42,ad0d0b95-98d7-4e45-a170-6e6eb21249e4,b30cfd74-6c61-4bf0-9768-8502d4e00e1a,4,"Very convenient location, will book again.",0.67,2025-11-30T16:13:00
16b6c172-a9cd-42cb-8cbd-dd678066b1c6,97c00172-dcdc-4002-91c2-08b08f475693,6f1380b7-12b7-40fd-8cde-756c8974b743,6cbc50d0-0d98-4deb-a5db-9d6214f361f3,3,"Decent parking, nothing special.",-0.06,2025-11-15T18:37:00
7777a22b-3374-41ff-a71a-30bd6f363d05,444c682b-1715-41a5-a73d-fbadb660d040,eeb4d423-17f5-4d6c-a6e7-ad79313471a9,934959bb-15f2-44f4-9ad7-daf0a9ec5d01,4,"Very convenient location, will book again.",0.57,2025-11-27T17:38:00
585f3366-7c85-483c-8770-8d3baac9f50f,65a9ebcd-7863-4808-8d99-67b85a4b4fdb,ee459ce9-6a73-42b2-9e8b-a5e34b05ebf4,631ec451-27f9-4a09-9828-076f03bc6b18,4,"Great parking spot, easy to find and secure.",0.72,2025-11-14T11:50:00
e5f9c56b-c8e6-47cb-9f37-088d771a52c3,13c84a12-87e6-47d4-8a15-a8dab52ee8a1,365892af-a36f-4af7-bd9a-d5cf29756b87,d8e2f186-0dc2-4549-9d00-4cf5322cb914,5,Affordable pricing and close to metro station.,0.54,2025-11-08T13:52:00
1a30eb07-f254-420b-acf9-f225380cc3d9,46b6a70b-078e-462c-a5ba-ecf7b5064e0a,19c8358a-b82b-4ab4-b5a8-645fd399e303,a877c3ad-64b5-4370-9841-ba20333b0d92,5,"Great parking spot, easy to find and secure.",0.82,2025-11-07T23:42:00
dac74300-15d2-4031-96d6-792d6699b354,9b2faa07-75b7-4187-aa26-fd1c2099d3c1,aed763d5-7c54-4ca7-8ac8-259d26fa6d2c,7dffd608-a65b-47e7-b962-e87a0ea5ee2d,5,Clean and well-lit parking area.,0.86,2025-12-31T16:17:00
e87a9ae4-442c-4fb4-bf8f-e8425374839b,80ddb24e-b52f-4daf-933f-c7cb4e17d61e,6e3b42ab-8562-41a3-a0d4-c8c989d7baf3,a386f9f9-f791-4e24-8bde-d1a98a9ca4e4,1,"Slot was occupied when I arrived, had to wait.",-0.57,2025-10-24T18:39:00
0ab74480-6180-4956-bd35-d2a833f427a0,788a5308-567f-462c-a101-f6ed07f14eca,ad0d0b95-98d7-4e45-a170-6e6eb21249e4,9436f5f9-3193-4aa6-9451-2b7a7216095e,5,Clean and well-lit parking area.,0.9,2025-11-17T15:03:00
799a783e-d843-4bbf-8c17-dbca27649748,74a87e80-283e-4e63-b28c-90a677b47451,b0de9982-cba8-443f-aeb0-d390678e9397,dc0fcd8e-023f-4222-b3c0-40a713bfc701,2,Price was higher than what was listed.,-0.33,2025-12-12T20:15:00
49a39393-4fdb-4abf-b876-452086ff2018,ee149de9-5939-4948-913a-0f3e3b34333a,aed763d5-7c54-4ca7-8ac8-259d26fa6d2c,473e4f66-4185-4767-b6db-40bb899921e9,4,"Owner was helpful, smooth experience overall.",0.7,2025-10-22T07:48:00
a61f43cb-d98b-4538-9104-92264f2f9a21,d252f73a-00d4-483e-8127-017911e18fa7,ad0d0b95-98d7-4e45-a170-6e6eb21249e4,273b9683-9ef7-423d-a9b4-a7472bd13f21,5,Clean and well-lit parking area.,0.54,2025-10-26T20:20:00
593759ad-6df8-49a9-a8b6-11b2895d3c3a,26d5621e-bc18-4ce2-a258-8e3bc89f4429,53c77199-1104-4a6e-beec-f5175c546c49,27c72057-27e6-4856-9868-373a4fd41ae1,3,"Average experience, would use again if nearby.",-0.01,2026-01-04T09:02:00
59822a25-ec50-494d-a2b5-7c7216dbe111,d05d6b4c-e29c-486e-989a-1a0d30f62a5f,6f1380b7-12b7-40fd-8cde-756c8974b743,bac1807f-7a89-4605-ad63-d0362fe1aa0e,5,Affordable pricing and close to metro station.,0.8,2026-01-04T17:13:00
b3149486-844e-4ec6-9b1a-e4e417a5a9ad,a568eb2a-9343-405d-813e-ff36267453fe,6f1380b7-12b7-40fd-8cde-756c8974b743,9f999889-1a45-414c-9824-6ea4c75a1f67,5,"Owner was helpful, smooth experience overall.",0.68,2026-01-09T18:33:00
7f945bed-9ff9-4f90-aa01-3f8f59b60f01,49c40658-bf14-457d-aab1-ff142d500a0e,d7cfdefe-2859-458d-8bc5-ab840a62418e,eb2d2532-4c65-4a88-a98f-e317911235d5,5,Clean and well-lit parking area.,0.81,2026-01-21T23:19:00
a3768886-43d9-468c-ac1b-4b16e65a1dcf,dcf48aa7-7d85-4b28-afb9-df059ab79656,ee459ce9-6a73-42b2-9e8b-a5e34b05ebf4,936702d8-bd75-4c0f-be80-2edf1684f69f,3,"Average experience, would use again if nearby.",0.17,2026-01-20T18:55:00
05d68449-4325-49c6-9d35-24235426a4a6,a26479e4-b4df-46bb-9457-c697d859151e,365892af-a36f-4af7-bd9a-d5cf29756b87,a4123dd2-cfd2-42d3-a6de-e015612d1b2d,3,"Decent parking, nothing special.",0.14,2025-10-14T21:16:00
ca5b964b-0798-4d4d-a9de-547f282a75a9,8708d2ec-59c7-481d-893a-8503e787c1eb,d6ee3f19-3155-4210-8064-c6121d669156,84ec1bcd-0aed-4174-92d0-c93682e70a91,5,"Great parking spot, easy to find and secure.",0.57,2026-01-20T18:00:00
62893087-38f2-405c-8ede-b3df2268f0d8,072e86f1-123e-4728-8660-0ca9e2253241,695b7d7d-d6bc-45e4-9ccd-1ab692e481ae,ca842d12-155f-491b-923b-a486e90014c9,4,"Great parking spot, easy to find and secure.",0.63,2025-11-08T21:52:00
eaad4901-29b4-480b-b48e-29d5a294419c,766cd438-feda-499f-9731-6e4309faf4aa,7107ee03-6709-40ba-adfa-380007cc77c0,a0add2dc-a9c5-4caf-b406-1cccaaf0559a,3,"Decent parking, nothing special.",0.05,2026-01-01T11:43:00
7b40a424-0ea2-4742-b89b-cc71e1b490e9,5b292114-7ba8-4602-ba9b-11c0dad1188f,14d550ff-098c-4a84-8f96-7f9776734a1b,c095c6c6-a883-4ad3-bf89-0998a0e9e6e0,4,"Owner was helpful, smooth experience overall.",0.87,2025-10-28T00:13:00
6846037e-1c86-417b-adde-3dec46efc73c,be074667-ffe3-41bf-a0c1-142602ccee8c,ee459ce9-6a73-42b2-9e8b-a5e34b05ebf4,60a9a41d-849a-4408-a8a3-bf78572f3c53,2,"Narrow entrance, difficult to park.",-0.49,2025-12-31T17:12:00
c9e4e594-c23d-48a0-9d68-bb06523fb181,0e0b358d-5fb8-4eac-9490-c65d5a817868,efc921b7-dee5-4ba3-8d14-01472a8afbe7,3fe8893a-2869-4d6c-b665-1335494baa93,5,"Owner was helpful, smooth experience overall.",0.79,2025-11-14T14:05:00
3e3dab82-22a1-4cba-afa2-3071624520bc,98ea78ef-f606-478c-a1b9-904d47b3dd42,ee459ce9-6a73-42b2-9e8b-a5e34b05ebf4,4afb083f-b9b0-46ab-9e6a-d0c227e2dda7,4,"Owner was helpful, smooth experience overall.",0.8,2025-11-04T10:12:00
65b92548-6bd3-4526-a17b-3e3798c8c9d5,d407fa4b-5fd1-4575-8d71-7e298ea527a2,e53d7ad5-ca44-4488-bcaa-7dfbe0ac8a38,8e11d4ea-0032-4d11-afff-397291c5a6e6,5,Clean and well-lit parking area.,0.73,2025-12-18T20:55:00
11b19351-8ad8-4d9b-b295-1d5996434a48,fef6f349-5174-4165-b8be-df97927e56b8,6e3b42ab-8562-41a3-a0d4-c8c989d7baf3,2defaced-2316-4dd5-9095-6bad86131de2,4,Clean and well-lit parking area.,0.52,2025-12-13T15:40:00
fd41f408-f23f-46ae-bad0-209c563d7eda,c93534d5-7e36-4c89-bd78-a77559e5e18b,53c77199-1104-4a6e-beec-f5175c546c49,73a6042b-ed07-4f7c-bde1-963a419a8d6f,5,Affordable pricing and close to metro station.,0.59,2025-10-10T10:37:00
269db686-5c44-4a58-a64b-1363e9fae989,59a253e1-4ef6-4ca0-9997-5a946ade55d7,66e019e7-5c23-4c7a-8358-1da734b434fe,ff0597e5-4f12-45a0-a815-b358b8c2b328,5,"Owner was helpful, smooth experience overall.",0.56,2025-11-26T00:01:00
7a1fd10b-78a3-42b6-9f68-a2018f520b7e,be4f8d63-2ebf-49f7-b3ac-0dad3d81b41b,7b60e816-f6ce-4c95-a98c-b9b8eeb44e8d,48d5f3e6-d07f-4eb1-b176-8a07251241d3,4,"Owner was helpful, smooth experience overall.",0.53,2025-11-14T21:44:00
2ad4d218-ee6d-4fd8-8a35-1803b45cd193,d252f73a-00d4-483e-8127-017911e18fa7,14d550ff-098c-4a84-8f96-7f9776734a1b,cc3b0b2a-e28d-492a-a360-c5a26617a694,4,"Owner was helpful, smooth experience overall.",0.64,2025-11-08T15:41:00
dea888ea-3f44-467d-9d08-add33e05d7f6,49c40658-bf14-457d-aab1-ff142d500a0e,7107ee03-6709-40ba-adfa-380007cc77c0,5c07a6fc-0ace-49b9-ad20-32956233c4d3,4,Clean and well-lit parking area.,0.85,2025-11-12T18:43:00
21bc205c-17c5-4246-9426-67769961f62e,60a46a59-decb-4c15-9dd2-5354eea94200,d6ee3f19-3155-4210-8064-c6121d669156,c55c8a4b-1df1-4766-8ae2-a89c21c07980,5,Affordable pricing and close to metro station.,0.55,2025-10-16T08:40:00
49c873a2-50c6-404f-ac54-b9c9ddd618e7,b72d0ed5-ada1-4992-9b3d-3c34c1f15472,d7cfdefe-2859-458d-8bc5-ab840a62418e,8c727503-96da-4649-a2fc-c210fd6496b5,4,"Owner was helpful, smooth experience overall.",0.55,2026-01-22T19:18:00
c8bd9fe9-46e7-4dbb-b129-074262919d89,dbab4a25-1918-4cdd-bf93-2896fde8d17e,f063fb91-dfae-415c-8fe1-caff87514d40,e88f6c0d-1307-4b72-af5f-ed5c06bfc467,5,Affordable pricing and close to metro station.,0.56,2025-10-20T17:18:00
b32e74b7-4746-4d24-b31c-e4926fd2cc8a,e6ebd0ba-e312-4b8a-bf7d-3dfdee5c3d3c,bb8721a8-2bae-4da5-ae71-1d0cfc8a49d3,286a9c17-04a1-4a8d-9f46-9a1519d48fa5,2,Price was higher than what was listed.,-0.74,2025-10-18T18:45:00
1cc75d6c-203d-4e6d-88c1-4f7895e8fcbb,8708d2ec-59c7-481d-893a-8503e787c1eb,66e019e7-5c23-4c7a-8358-1da734b434fe,a48c4221-198d-4c9e-80da-e084f7baa67e,5,Clean and well-lit parking area.,0.59,2025-12-24T23:19:00
cad884d6-8352-47ed-94d7-868db95df424,4347d903-a9bb-400e-97ad-572350bb9116,66e019e7-5c23-4c7a-8358-1da734b434fe,1014a91a-4099-4abf-a690-c9dc4c25503c,2,"Slot was occupied when I arrived, had to wait.",-0.89,2026-01-21T17:46:00
8797ba33-d33d-4de2-8654-696c2aa2f589,d407fa4b-5fd1-4575-8d71-7e298ea527a2,78ad0a9f-8291-4b2b-ba25-1ed481f9b863,f587ca7f-3afe-495c-8973-a61dbf6f977a,5,"Owner was helpful, smooth experience overall.",0.62,2025-12-17T05:34:00
33a27211-965e-4745-8a5b-36dfbb990137,3c6f7568-4973-46b3-b543-318625e853df,ee459ce9-6a73-42b2-9e8b-a5e34b05ebf4,b0e10653-84cc-4c80-9eca-272d7cd973ce,5,"Very convenient location, will book again.",0.95,2025-11-09T11:45:00
5d27fccc-8942-4f9e-a28b-f9e7e0ed7414,3585a529-1a8b-42fa-bf2f-40a2ffe4e350,aed763d5-7c54-4ca7-8ac8-259d26fa6d2c,59ca5851-3958-4cd6-a8e2-3a418acbc507,4,"Owner was helpful, smooth experience overall.",0.65,2026-01-09T12:42:00
d065ad3a-642e-4267-a70a-382ea7dab373,5246af6a-9378-4809-8ae6-8f17233cf673,dccfe102-88f6-4a07-a791-76d919900546,e8e2170e-2c43-4a9f-9c59-098839672dc3,5,Clean and well-lit parking area.,0.6,2026-01-26T08:32:00
3eb3fc95-384e-4342-a01e-8dbe3dcf8820,afb54ff1-68e3-4cfd-8572-7151fb0a53e5,d59e8262-1e8f-4602-914e-5551b3174e5b,6d582842-49f9-4748-858e-e798974aa0ba,5,"Owner was helpful, smooth experience overall.",0.72,2025-10-10T00:44:00
1613da3b-cd34-49b8-a2de-3c3f6c76ce23,0fb26ed7-84f5-4429-9214-3f19b48293a3,efc921b7-dee5-4ba3-8d14-01472a8afbe7,79f1b0bf-6885-4b3c-b6bf-514834c0c1ba,3,Okay for short-term parking.,-0.01,2025-10-15T09:28:00
0395e516-2372-405e-8578-f6bb95f901c7,08295200-2344-4f2d-85f3-a0c84e16003c,d59e8262-1e8f-4602-914e-5551b3174e5b,3040ce83-88dc-4de3-a2ad-5eea9cc2a252,4,"Great parking spot, easy to find and secure.",0.75,2025-11-01T18:55:00
10d943d9-9231-4128-84bb-e94e3a8108c9,dbab4a25-1918-4cdd-bf93-2896fde8d17e,08a20e54-8f66-49fb-89d7-59c930d42d9a,c64c9dc7-5113-458a-b8b4-a5adcdad4d5b,5,Clean and well-lit parking area.,0.68,2025-12-17T12:45:00
37dfd5c0-9509-497f-a06e-7d8f02dc898f,f2ad57fb-f146-444e-9915-1d8aca933720,ee459ce9-6a73-42b2-9e8b-a5e34b05ebf4,64d80aa5-d579-4295-badf-bb7c0950e19e,4,Clean and well-lit parking area.,0.9,2025-10-27T13:07:00
d4216892-2882-4895-a107-1ae917b2a8a2,8708d2ec-59c7-481d-893a-8503e787c1eb,e53d7ad5-ca44-4488-bcaa-7dfbe0ac8a38,62fc1c39-37cc-497b-b405-56b04f6e6584,3,"Decent parking, nothing special.",0.27,2025-11-11T15:48:00
a1611041-c5d7-43a0-8b3b-8f4a85e9ff81,2bf8e1cc-2326-416d-806a-7a2456096171,14d550ff-098c-4a84-8f96-7f9776734a1b,2d38b04b-0edf-4f36-9831-6ed7bf1bb996,2,"Slot was occupied when I arrived, had to wait.",-0.47,2025-12-19T10:47:00
d7ac095b-af4e-46d9-b974-f928fc173cca,5178c5a6-5efa-4504-80f4-551669af1807,bb8721a8-2bae-4da5-ae71-1d0cfc8a49d3,307547e6-6790-4513-aa54-0fd6b11aa75f,4,"Owner was helpful, smooth experience overall.",0.6,2026-01-09T09:20:00
88602a3d-39d0-4004-98ee-86a35a39c927,af8d3b09-87a3-492d-b614-12760cfcd0af,bc464c1d-5590-438c-acc7-efab360d5bc8,2ab5943f-ab5c-4704-8579-cb3c3542f4d3,4,"Very convenient location, will book again.",0.71,2025-11-04T09:36:00
b25e5b6e-b302-4b44-80d0-67e608bed31f,9dd34665-f8c0-45b7-97e8-9cd4be56b238,14d550ff-098c-4a84-8f96-7f9776734a1b,e718b78a-fda5-4078-9e7e-6af668fc86cb,2,App showed available but lot was full.,-0.72,2025-12-22T19:30:00
46d82cbb-097b-44aa-a697-26146655fd09,5a58aace-89bc-4179-a013-3ebeb2e0fb05,30c9d6df-abe8-45ab-842f-ab365e631bcd,48bbdccb-a171-46b6-8755-0439d9ac7c44,4,Clean and well-lit parking area.,0.86,2025-11-25T20:56:00
83ec6ca1-ffae-429d-bb33-a105daad19a9,7a3c925b-65d7-4998-bcce-420c121b09f4,aed763d5-7c54-4ca7-8ac8-259d26fa6d2c,eac48330-2d8b-4113-bb26-464eea32cec2,4,"Very convenient location, will book again.",0.51,2025-12-03T05:03:00
594b8812-5544-4599-88a4-66cc807cf8c6,3585a529-1a8b-42fa-bf2f-40a2ffe4e350,bc464c1d-5590-438c-acc7-efab360d5bc8,8c9b99a0-647d-4605-8ec9-456d620ddb04,3,"Average experience, would use again if nearby.",0.16,2025-12-08T22:37:00
2013712c-2acb-43f6-aefe-9d3f5c15258f,1c59fc9a-7cf2-48c3-a919-e5be8ae2fd42,695b7d7d-d6bc-45e4-9ccd-1ab692e481ae,70b452cc-8c2f-46b5-9d8d-71cabcfe9a3c,5,"Very convenient location, will book again.",0.65,2025-11-06T10:14:00
30840ad5-fc60-48b4-8c9b-822536fcb578,2641f5d4-a55d-4bf1-be2b-6179532fbdf0,365892af-a36f-4af7-bd9a-d5cf29756b87,61f0f67e-4cca-4e72-abe5-91a73ebb191e,4,"Great parking spot, easy to find and secure.",0.72,2025-11-14T01:40:00
2faea319-1ab4-448e-8f74-5bcf89ca853d,02108c92-ad8b-4e39-a390-6cca2612f9bc,f063fb91-dfae-415c-8fe1-caff87514d40,f7eed372-76b0-48f7-a8dd-204fb9c5af2c,5,Affordable pricing and close to metro station.,0.65,2025-11-23T10:33:00
87730c02-fdd2-4aad-9640-5e88add005cf,b68b0696-eb24-408c-aa2e-a8f38d864d07,695b7d7d-d6bc-45e4-9ccd-1ab692e481ae,60153fb1-05d4-4a22-a9b3-b2cefebe98c1,4,"Owner was helpful, smooth experience overall.",0.66,2025-11-15T15:48:00
f5176ae9-f995-45a5-aee2-2c3c2850b8e3,d7754c45-f9ed-4e23-ac5f-1a615bd35db2,d59e8262-1e8f-4602-914e-5551b3174e5b,b978a958-4e3d-4a02-b1b2-dd8d6444f5af,4,Clean and well-lit parking area.,0.8,2026-01-01T17:57:00
d9bf445a-1a88-44d2-96eb-cd95ac91e3bd,08295200-2344-4f2d-85f3-a0c84e16003c,8253dd7a-18fb-473d-840b-1e186ba0c5e5,2427e45e-9198-4788-9fb3-2e7cd6b57ecb,5,Affordable pricing and close to metro station.,0.77,2025-11-13T18:22:00
91d92d76-15aa-4fe3-b269-6d0d4fe5596a,7cf848c9-5303-46fe-b11c-5be547765b07,78ad0a9f-8291-4b2b-ba25-1ed481f9b863,b7062af2-d210-4494-92c1-ff922e5c7e75,4,"Owner was helpful, smooth experience overall.",0.61,2025-11-09T20:39:00
d540cad9-614a-464d-b81e-a97c2f74b6ed,7a3c925b-65d7-4998-bcce-420c121b09f4,f063fb91-dfae-415c-8fe1-caff87514d40,1ec15635-b8e7-4b9f-b3c1-f0ccbb375b1c,5,Affordable pricing and close to metro station.,0.52,2025-11-01T19:01:00
bdf8bea0-d8f2-4e61-b412-5f8db67ebc9f,9443a787-02d1-4c19-9ef9-d2058a7453b6,30c9d6df-abe8-45ab-842f-ab365e631bcd,fc82934a-6532-4b31-8451-f46a375d1d86,4,"Very convenient location, will book again.",0.89,2025-12-20T19:45:00
cc3eec73-3445-403c-ae3e-551448664df1,0fb26ed7-84f5-4429-9214-3f19b48293a3,bb8721a8-2bae-4da5-ae71-1d0cfc8a49d3,c784efe0-d264-4819-9f65-e4d97a75660e,4,"Owner was helpful, smooth experience overall.",0.72,2025-12-02T15:03:00
dc593866-3bd8-433c-92eb-19cb83e4b8eb,65a9ebcd-7863-4808-8d99-67b85a4b4fdb,bc464c1d-5590-438c-acc7-efab360d5bc8,ca17a486-b3a1-4ab3-b3b7-708d765644c2,4,"Owner was helpful, smooth experience overall.",0.78,2025-11-28T18:35:00
44e8ce2d-bbe0-47bd-b984-00214ba0d38c,599f005e-1fd0-410a-9bac-eb9a6b9d4d69,365892af-a36f-4af7-bd9a-d5cf29756b87,91b95901-dd4c-47d2-bd25-7e6d2cb07ee4,5,"Great parking spot, easy to find and secure.",0.72,2025-10-29T19:48:00
4b748cc4-b396-4119-988b-45ec2a252eb0,11c2bea0-839d-4a70-a4a1-86a186b24e55,695b7d7d-d6bc-45e4-9ccd-1ab692e481ae,50e66c9c-3967-46f8-a1ac-259429682ba8,2,"Slot was occupied when I arrived, had to wait.",-0.53,2025-11-23T10:03:00
16c32fa7-dfc7-409a-a993-bcbf6b46a5ec,2551fac8-9d67-46d9-953b-c6b38828df0a,bb8721a8-2bae-4da5-ae71-1d0cfc8a49d3,c8958562-a644-4b7e-95db-31bb2047ad12,5,Affordable pricing and close to metro station.,0.78,2026-01-16T13:00:00
bff3670c-ce7c-4a13-bf7f-10ab4def5c38,9443a787-02d1-4c19-9ef9-d2058a7453b6,d7cfdefe-2859-458d-8bc5-ab840a62418e,56a7039f-21b7-44d4-a560-9eb104b187dd,5,Clean and well-lit parking area.,0.51,2025-11-30T11:51:00
ed85fe91-2463-4467-bf9b-5ffcc8bbba9e,444c682b-1715-41a5-a73d-fbadb660d040,d59e8262-1e8f-4602-914e-5551b3174e5b,16300b02-5dcd-43f5-bbe9-7475551144d2,5,"Very convenient location, will book again.",0.74,2025-11-28T10:38:00
161ac7a3-b6d7-4bb4-a6c1-878f29517301,556261d8-d9c1-4291-a2df-87a1ee4cf355,78ad0a9f-8291-4b2b-ba25-1ed481f9b863,449fed55-b4c1-4a7a-ac94-ec63b1f4fb34,4,Affordable pricing and close to metro station.,0.73,2025-10-29T18:43:00
221318be-7810-4d1f-8d8e-b2df7175f1ca,74715f8c-48e0-4c83-a4a6-dcf798935909,237291de-6a6d-452f-ad82-2f915745a94a,e41ce246-ab2e-4e35-9482-358d815b94f0,3,Okay for short-term parking.,-0.06,2025-11-10T20:56:00
0889b501-cfc7-4c23-afba-8685157378ce,0d372728-4a07-4223-923e-6f2157eca8b2,eeb4d423-17f5-4d6c-a6e7-ad79313471a9,2455721d-20e9-434c-86e4-4a22f82c6036,1,Price was higher than what was listed.,-0.45,2025-10-31T02:21:00
bcff1dec-5185-46be-be08-0b610af2ff1e,3585a529-1a8b-42fa-bf2f-40a2ffe4e350,08a20e54-8f66-49fb-89d7-59c930d42d9a,e44aeb0d-5ed3-40c7-8e8e-a876ca53ab11,5,"Very convenient location, will book again.",0.61,2025-10-16T15:20:00
eadb8b78-504d-4834-962d-04b4975dff6d,4beb3fdc-4b87-4446-bb60-6772a272ebba,78ad0a9f-8291-4b2b-ba25-1ed481f9b863,7c708db1-89a9-4070-b6e3-555ab698e5a6,3,"Average experience, would use again if nearby.",-0.08,2025-11-21T20:27:00
215f2f81-a9cb-4718-89a7-4e3e4bd1af48,388adf72-ed8e-4826-a1dc-430335d9240d,6e3b42ab-8562-41a3-a0d4-c8c989d7baf3,117a4d1c-022c-46e5-b60f-060e71f2beec,3,"Decent parking, nothing special.",0.22,2025-11-12T20:02:00
80f072fe-4b94-4391-a4d3-4a3aa439b690,0a140015-f233-4ed4-87c5-aa755b4f13bb,78ad0a9f-8291-4b2b-ba25-1ed481f9b863,a819ef3c-4430-44a8-996d-685054a66aa0,2,"Slot was occupied when I arrived, had to wait.",-0.38,2025-10-24T09:14:00
29b26dc5-4f97-4755-b825-78dacb2e1df6,f2ad57fb-f146-444e-9915-1d8aca933720,78ad0a9f-8291-4b2b-ba25-1ed481f9b863,5b2ba4b9-9cbc-42d7-a5fa-aa09fa16d413,4,Clean and well-lit parking area.,0.61,2025-11-25T02:37:00
c053eb8e-a49c-497e-8bad-79cd0b642d1d,2b1204a6-ed0b-4c47-94ca-f7ef014470e5,bc464c1d-5590-438c-acc7-efab360d5bc8,100c6f5e-a71e-41a9-9216-652fcee753cc,3,Okay for short-term parking.,0.18,2025-10-09T15:01:00
dd130418-c5fc-4965-b5c4-b77e01ea6745,bff2838c-18f1-4e11-94fb-08fe6535081d,efc921b7-dee5-4ba3-8d14-01472a8afbe7,e86c0786-971d-4cfd-a219-f19fdac662eb,4,"Owner was helpful, smooth experience overall.",0.5,2025-12-10T15:00:00
b4a87d73-d1f8-4596-ab31-6fade001a09e,42a7237f-fbee-4b26-b5c8-bbb10e3a20ea,237291de-6a6d-452f-ad82-2f915745a94a,1f6466cf-cede-4f8c-a10b-561336122c3c,5,"Great parking spot, easy to find and secure.",0.82,2025-10-20T20:53:00
bcad6238-0ead-49d4-bdc0-02c80dca0408,48b1a8a1-020b-4017-82c5-2d4b5a6fea52,ad0d0b95-98d7-4e45-a170-6e6eb21249e4,4b12dd1a-6110-4446-9032-0d980bcc4a8a,4,"Very convenient location, will book again.",0.71,2025-12-30T20:30:00
14427740-875e-4758-a555-dc35fc3c9f0a,9bc7590e-0c5c-439e-a1f3-bc877324ce34,8253dd7a-18fb-473d-840b-1e186ba0c5e5,c036d093-e41e-4deb-998e-1e10ff45a8ba,4,Clean and well-lit parking area.,0.86,2026-01-27T11:25:00
2f71d7bf-8ab5-4ba9-b660-1a3db8f45e2d,3585a529-1a8b-42fa-bf2f-40a2ffe4e350,ee459ce9-6a73-42b2-9e8b-a5e34b05ebf4,6131e79e-0b07-4005-880a-d65c00295a57,3,"Average experience, would use again if nearby.",0.06,2025-11-30T12:35:00
a2b6d031-3889-4e9b-b00e-d7b1aa880a47,5b292114-7ba8-4602-ba9b-11c0dad1188f,365892af-a36f-4af7-bd9a-d5cf29756b87,0b1edafc-30f2-41c9-a4c3-eb7447d078a1,5,"Great parking spot, easy to find and secure.",0.66,2026-01-22T15:22:00
71bfb84e-f59d-431b-911d-5c779420f3fc,388689f2-d306-45bd-9a3e-51b60104e7b8,ad0d0b95-98d7-4e45-a170-6e6eb21249e4,1d9167c8-51eb-420b-b420-02fb365074dc,3,"Decent parking, nothing special.",0.24,2025-12-17T08:15:00
a31fa957-c0c0-40c1-bacd-c657ba6d1bae,a26479e4-b4df-46bb-9457-c697d859151e,d2a8af93-39d7-4599-8a35-7cf21819f4b2,0db321b1-21bb-4796-960f-4d54f254bd39,4,Affordable pricing and close to metro station.,0.52,2025-12-06T15:29:00
701fb316-a958-422f-a979-47a0c0b683c2,e6ebd0ba-e312-4b8a-bf7d-3dfdee5c3d3c,b0de9982-cba8-443f-aeb0-d390678e9397,8d102de1-7d49-4bb6-9cd9-d3e415ebe3c9,5,"Very convenient location, will book again.",0.58,2025-11-03T15:17:00
0526d929-3572-40c2-aa76-869263306f27,29da365f-ae2c-46b7-aa48-22b86fee3628,f063fb91-dfae-415c-8fe1-caff87514d40,727f3bdd-36e6-475a-b082-480050ca8194,3,"Average experience, would use again if nearby.",0.06,2025-12-06T09:34:00
f33a6a74-8cda-4f2e-ace7-b02a9d2b916f,874d68e5-d3d9-40bc-bf55-a33edbb23902,78ad0a9f-8291-4b2b-ba25-1ed481f9b863,83eb6cc9-3e18-4741-917c-5009e278989c,4,"Owner was helpful, smooth experience overall.",0.77,2025-11-12T05:55:00
e1e6b7d3-b39f-48a0-a29b-f78850ac4da7,388689f2-d306-45bd-9a3e-51b60104e7b8,e53d7ad5-ca44-4488-bcaa-7dfbe0ac8a38,6f4cc4e6-2a70-4a32-9cf6-02deb0c476ca,5,"Very convenient location, will book again.",0.5,2026-01-04T12:51:00
4abb4954-b753-43f3-8969-9e2fcedfe459,01ade973-587d-4bff-92ba-bfb6e02c6cba,365892af-a36f-4af7-bd9a-d5cf29756b87,e9e9966f-3c3e-4aac-86cc-f115db866fc1,5,"Owner was helpful, smooth experience overall.",0.76,2025-11-19T19:07:00
83582ecd-e8bd-4c40-8633-f3e656e02af0,1c59fc9a-7cf2-48c3-a919-e5be8ae2fd42,efc921b7-dee5-4ba3-8d14-01472a8afbe7,bf8b4caa-a781-4000-bf72-c3223911ab93,4,Clean and well-lit parking area.,0.67,2025-11-23T10:42:00
455fa4c6-69c4-49ca-96b6-7eabb69eab9f,a3293895-2029-45db-b566-b2e1981315b2,19c8358a-b82b-4ab4-b5a8-645fd399e303,db8e586b-70fc-4275-bfb0-8e4cfbe2e921,3,"Decent parking, nothing special.",0.15,2025-12-28T08:12:00
cf9c77c4-84f6-4ba0-844b-5ef34c88a039,11c2bea0-839d-4a70-a4a1-86a186b24e55,d59e8262-1e8f-4602-914e-5551b3174e5b,72163b31-6905-4bf7-89a0-a64ae177a1d0,1,"Slot was occupied when I arrived, had to wait.",-0.36,2025-11-17T13:21:00
3f51f1d2-ebf5-4513-b778-d572af0875b2,58dfe5bb-0b44-40a9-aea7-6b1f9eb40645,ee459ce9-6a73-42b2-9e8b-a5e34b05ebf4,498296e9-7e00-4df9-8e23-a58011fc29f6,4,Clean and well-lit parking area.,0.7,2025-12-08T20:25:00
cf962b4a-40eb-4aa4-93d2-1db61fa0d370,85917b08-e3e5-4ca2-9c90-3e0d0f63a9f5,08a20e54-8f66-49fb-89d7-59c930d42d9a,97fa95ef-234a-4f0d-92e5-616063e9f062,4,Affordable pricing and close to metro station.,0.75,2025-11-01T19:56:00
6dc86469-fbff-474c-a122-921ea4c1e463,5f3be1c1-082f-4f43-92cd-32cd588e15c9,f063fb91-dfae-415c-8fe1-caff87514d40,5042e406-e772-4d74-a14c-f23a19c76109,3,"Average experience, would use again if nearby.",0.09,2025-12-04T15:09:00
0a732ba1-8b66-430a-b2d5-bbce8f24722c,442a0e97-6b3e-4afc-8ac8-b547aa9b92f5,bc464c1d-5590-438c-acc7-efab360d5bc8,92be5b3b-e80a-4790-b5b6-b17a500c5d22,5,Affordable pricing and close to metro station.,0.55,2025-10-18T22:51:00
d79aa5ab-7af8-4953-9c46-ecd667b861b8,872bd855-8ee4-4402-99ad-929403c4d312,7b60e816-f6ce-4c95-a98c-b9b8eeb44e8d,c3a1d59f-73c4-42fc-a6ec-ee26b687754b,4,Affordable pricing and close to metro station.,0.86,2026-01-20T18:34:00
a1036704-4975-475f-8d0e-a7b9fe089ab3,d8c10aea-9085-4345-a4e2-749a5c64d081,d7cfdefe-2859-458d-8bc5-ab840a62418e,03a957a5-fb30-4867-af9d-36a92d36ca90,2,"Narrow entrance, difficult to park.",-0.37,2026-01-28T22:48:00
2ef44e5e-52f8-4d0d-b653-d8b86f8fa218,a7c4fb7b-b307-45c8-91ef-8d9a80a407a5,d2a8af93-39d7-4599-8a35-7cf21819f4b2,828c6680-0f8b-49e6-b23c-b426e18c05d2,5,Affordable pricing and close to metro station.,0.87,2026-01-26T23:30:00
a8a705c2-0318-4970-9af3-dd8deba97b49,9bc7590e-0c5c-439e-a1f3-bc877324ce34,d2a8af93-39d7-4599-8a35-7cf21819f4b2,e4a98f21-43af-4474-9745-9b860330b5be,4,Clean and well-lit parking area.,0.93,2026-01-02T08:38:00
0ed5ede7-48d6-4eca-b0cc-1029094ce82d,98744254-e676-49c8-862f-e270757f662d,08a20e54-8f66-49fb-89d7-59c930d42d9a,bb2eba4b-a59e-4949-9f45-bc517de444a0,4,Affordable pricing and close to metro station.,0.71,2026-01-17T17:30:00
37602705-e61b-42a2-a990-834a3c88c6a9,9dd34665-f8c0-45b7-97e8-9cd4be56b238,237291de-6a6d-452f-ad82-2f915745a94a,1e53e0aa-aba2-41e3-8739-42aece9cc7f5,4,"Owner was helpful, smooth experience overall.",0.79,2025-10-01T22:17:00
15c6c674-6309-417d-84cd-93d046164572,f0e78e54-8eee-440e-a1d3-3cd7a6704ef9,237291de-6a6d-452f-ad82-2f915745a94a,ec45c13f-2ef7-4a29-8402-d050596242f2,5,Clean and well-lit parking area.,0.58,2025-12-13T15:44:00
807fd568-c71b-4fdc-addb-f9cbf47b89ae,60963040-4c45-41e0-9ea5-31cc05756a00,b0de9982-cba8-443f-aeb0-d390678e9397,d5a9ec9a-5533-49c2-8cd5-49a6f99a044a,2,App showed available but lot was full.,-0.31,2026-01-02T20:09:00
b1a28866-0013-4418-ab00-aca371ea350c,959aa198-9cfd-4b61-8a61-cd37d5785662,7107ee03-6709-40ba-adfa-380007cc77c0,417dc4bd-0a78-4751-bf3d-68df90045e8e,2,Price was higher than what was listed.,-0.55,2025-10-27T14:44:00
e4986df1-9cbc-4704-b51d-bfe76994a6bc,9462ee6b-75d6-44d4-a866-9de74f89d18c,42591084-2367-45ae-98c3-6da0eb1bf09c,9284b058-bfec-4841-adcf-8ce7de028a29,5,"Owner was helpful, smooth experience overall.",0.62,2026-01-05T05:19:00
e71eb59d-ba6e-41c3-b2eb-86796a582f67,98744254-e676-49c8-862f-e270757f662d,8253dd7a-18fb-473d-840b-1e186ba0c5e5,39751684-6265-485a-8643-8dee92ce91f9,5,"Very convenient location, will book again.",0.86,2025-10-19T11:29:00
2a5fbf30-1dcb-4bd4-bedf-24c23268839e,9fc4727a-0597-4944-bf05-76cd38346140,d2a8af93-39d7-4599-8a35-7cf21819f4b2,f8b9428c-65d3-4d20-a30e-e86ab8a97f91,4,Clean and well-lit parking area.,0.76,2025-10-18T16:02:00
05697ba8-263e-4c0c-ad1e-80b560fe1e9c,abdf5dda-7959-44f1-9e8c-be548fc94775,ee459ce9-6a73-42b2-9e8b-a5e34b05ebf4,4489e364-5aca-4b40-bb2a-c65723e8faff,4,Clean and well-lit parking area.,0.93,2025-11-05T07:24:00
0c2c1547-240c-453a-b488-88b4290be8c9,959aa198-9cfd-4b61-8a61-cd37d5785662,bb8721a8-2bae-4da5-ae71-1d0cfc8a49d3,a5aabe31-2d6e-4fb9-abb2-52afc6b10c5b,3,"Average experience, would use again if nearby.",0.21,2025-11-07T15:45:00
d376be0e-44fd-480f-a951-045834a20ff2,f2f55bd1-e8a5-434d-83b1-0e4c7f747abb,78ad0a9f-8291-4b2b-ba25-1ed481f9b863,9713dae6-29c2-4169-9f65-c105ad0b82e5,4,Clean and well-lit parking area.,0.89,2025-10-31T17:28:00
3a676e3c-fc80-409a-a949-95f112692664,5f3be1c1-082f-4f43-92cd-32cd588e15c9,d59e8262-1e8f-4602-914e-5551b3174e5b,cb3226ef-44e6-4bf5-887f-dd73886b7406,4,"Very convenient location, will book again.",0.75,2025-11-05T05:55:00
de702ec5-5c69-47fb-92ec-d8b0824349ef,277f0ed5-2b3d-4a01-a8e9-b3197a833c20,14d550ff-098c-4a84-8f96-7f9776734a1b,d053f468-f947-4f3a-9c71-188a0bca0e1b,1,App showed available but lot was full.,-0.59,2025-12-02T20:03:00
a848c459-cd40-40c9-8051-5d2b283b46e4,d338ea08-ef80-4005-809e-6b37e8f6f383,b0de9982-cba8-443f-aeb0-d390678e9397,e0e8894e-8faf-40f1-a8ab-b69e70172bf1,3,Okay for short-term parking.,0.2,2026-01-26T09:24:00
d64f1d08-fe45-421a-83e6-693bf4bc1042,b68b0696-eb24-408c-aa2e-a8f38d864d07,365892af-a36f-4af7-bd9a-d5cf29756b87,0e4213ce-1505-41bb-a725-c05efa302d5d,5,Clean and well-lit parking area.,0.55,2026-01-06T10:50:00
f1a96895-756f-421f-afff-a864bfe6c150,77271711-a6a1-459c-a267-4bcf2e90d18f,14d550ff-098c-4a84-8f96-7f9776734a1b,25437fc8-9afe-4829-ae1b-aff36ca6e427,3,"Decent parking, nothing special.",-0.08,2025-11-25T22:23:00
b7c74f7d-139e-4217-a375-a73f17d840bc,46bdc850-3cf5-4361-9686-fdb85d5d8484,237291de-6a6d-452f-ad82-2f915745a94a,1830ac74-8c67-48ba-a1cf-634120c37429,5,Clean and well-lit parking area.,0.94,2025-11-30T20:09:00
28daf732-8958-4b7f-92fb-1935654a97cd,01ade973-587d-4bff-92ba-bfb6e02c6cba,ee459ce9-6a73-42b2-9e8b-a5e34b05ebf4,a5f6806b-e500-4fe7-8d58-7616031f00ee,4,Affordable pricing and close to metro station.,0.91,2025-10-26T13:58:00
38d3907c-cdbf-4f41-8a42-e704e18c2743,46e30834-9cd9-488b-b58c-adc12efa773f,ee459ce9-6a73-42b2-9e8b-a5e34b05ebf4,d181d55b-c2b7-4464-b09c-07fcde1a598d,5,"Great parking spot, easy to find and secure.",0.93,2025-12-21T21:00:00
a252592f-73f6-4bcc-af14-59413a4486bf,b54c166a-7c11-48b8-a696-3d1f211b31e8,53c77199-1104-4a6e-beec-f5175c546c49,f25b7149-39ec-4c5d-9181-5d4d24dba47e,4,"Owner was helpful, smooth experience overall.",0.53,2026-01-19T23:09:00
678f43ef-04a6-4972-9f49-60c2cd7cb128,4ac947c8-94d7-4953-8716-6429c0532f10,19c8358a-b82b-4ab4-b5a8-645fd399e303,53d0a3e7-0880-4a44-9388-e27811b942fb,4,Affordable pricing and close to metro station.,0.62,2025-11-16T14:22:00
9ace270c-c010-4fb3-8d19-93b79da1f12c,b68b0696-eb24-408c-aa2e-a8f38d864d07,bc464c1d-5590-438c-acc7-efab360d5bc8,45eca062-71a8-4616-b95d-bdd3542a3e39,4,Affordable pricing and close to metro station.,0.91,2025-11-29T08:35:00
9f3ae8fb-cfcf-457f-8cb4-121da2b8075e,701ab034-7338-48ac-804d-b83325e68904,30c9d6df-abe8-45ab-842f-ab365e631bcd,7768ccba-2482-4c80-925f-b7acc5cf136d,4,Affordable pricing and close to metro station.,0.54,2025-11-05T22:11:00
5af3bee3-bde2-4673-8bc2-8aa7cdc111f1,e989cdb7-ad0e-4c36-a170-afeb109aaf40,d59e8262-1e8f-4602-914e-5551b3174e5b,53557ed1-8e38-47f2-8c26-0d29ef2e698a,4,"Very convenient location, will book again.",0.7,2026-01-24T20:22:00
d763ab68-1158-46a5-8a24-0d976a7ed01e,556261d8-d9c1-4291-a2df-87a1ee4cf355,e53d7ad5-ca44-4488-bcaa-7dfbe0ac8a38,ede76771-bfc1-4058-9dff-cda150855276,4,Affordable pricing and close to metro station.,0.65,2025-10-16T13:12:00
89ec1f63-a35f-4e74-9e99-28a712e63dce,3ad6b03e-a0d9-477c-a074-209e3b4e0f17,6f1380b7-12b7-40fd-8cde-756c8974b743,6673d029-fdc5-46ca-b121-f574384c2844,2,"Poor lighting at night, felt unsafe.",-0.37,2025-10-10T20:41:00
5b5ddfcb-c258-4c80-9568-959f57c42e34,599f005e-1fd0-410a-9bac-eb9a6b9d4d69,6f1380b7-12b7-40fd-8cde-756c8974b743,4f313ddd-0401-4bb3-8da5-c6b9ec016230,5,Clean and well-lit parking area.,0.73,2026-01-23T20:29:00
fc1e1367-50ab-4134-ba96-1db8dd05efe5,6314903e-c210-4033-9e11-12625301bc1d,aa8039b3-3308-4616-8ab0-12c28e7246e4,83d9db4a-ea8b-4b8c-88f5-11c3d331b60c,4,Clean and well-lit parking area.,0.63,2025-10-16T15:43:00
b2f02f2f-85ee-46fc-a01e-c424b3dc6ce4,ce569a2d-31ec-491e-a27f-3cc789efcb50,6f1380b7-12b7-40fd-8cde-756c8974b743,da43e5e8-af4b-47d6-b758-136855914cf6,5,Affordable pricing and close to metro station.,0.74,2026-01-09T15:23:00
463d53f7-d262-4dfc-bc2d-773719524721,26d5621e-bc18-4ce2-a258-8e3bc89f4429,53c77199-1104-4a6e-beec-f5175c546c49,07cce170-e980-4a00-bf97-50c9caf11b2d,5,"Owner was helpful, smooth experience overall.",0.55,2025-10-29T12:15:00
651a85cf-1269-4cc7-ba69-56db3e3f908c,011770ac-140d-4c74-b357-df9f96e3bd2c,ee459ce9-6a73-42b2-9e8b-a5e34b05ebf4,b92c9f81-a80a-43ec-abd3-e2a5a8ded30a,4,Clean and well-lit parking area.,0.83,2025-12-22T20:30:00
87f27374-88ce-46bf-a16f-02f932d9c9d9,a128c8e3-79bd-470a-9dd9-29e6ea7a5d25,6f1380b7-12b7-40fd-8cde-756c8974b743,0c9f5aa5-fec2-4cb4-9923-c655924246c2,5,"Very convenient location, will book again.",0.78,2025-10-09T05:11:00
d45dea66-8fda-4be9-a915-fc52120e0ea6,15ce7f7e-c477-41ec-b7d0-63fa147b7c27,78ad0a9f-8291-4b2b-ba25-1ed481f9b863,764f9d56-e4f0-4c57-b75c-4ee63ec9fe7e,4,Affordable pricing and close to metro station.,0.77,2025-11-25T13:39:00
83b4f726-d35b-43a1-87d4-2747a4e40972,98ea78ef-f606-478c-a1b9-904d47b3dd42,f063fb91-dfae-415c-8fe1-caff87514d40,b5e60980-e9c4-4e94-9cb5-a6179284da73,5,Clean and well-lit parking area.,0.7,2025-10-26T02:36:00
1210d568-4879-45ee-ab18-bcb4fca32385,2927e51f-d212-4584-b4e3-640a2479826b,bc464c1d-5590-438c-acc7-efab360d5bc8,b25af767-1536-4add-bd23-a87949abdbae,2,Price was higher than what was listed.,-0.72,2025-11-23T11:27:00
73948e40-6eae-4aa7-8a88-1bb382afa9eb,1c59fc9a-7cf2-48c3-a919-e5be8ae2fd42,d2a8af93-39d7-4599-8a35-7cf21819f4b2,cd4c4292-3b31-4097-9823-a4b4c9167437,2,App showed available but lot was full.,-0.86,2025-12-05T15:06:00
eeec570c-41be-4fef-9c07-5efc06386d5f,9bc7590e-0c5c-439e-a1f3-bc877324ce34,d59e8262-1e8f-4602-914e-5551b3174e5b,576b008b-1cc6-4372-bf7d-b60216754067,1,"Slot was occupied when I arrived, had to wait.",-0.33,2025-12-15T15:07:00
28f9fcb7-662d-49ba-8415-64db12fdf574,44d64af1-52f4-472d-a634-dedc68426f80,dccfe102-88f6-4a07-a791-76d919900546,95e29014-23b8-4f0c-ad9a-a698e7145f71,2,"Narrow entrance, difficult to park.",-0.65,2025-12-09T08:39:00
277ffdb4-43e3-4df3-abd0-d782477ee555,be4f8d63-2ebf-49f7-b3ac-0dad3d81b41b,d59e8262-1e8f-4602-914e-5551b3174e5b,7364a3d1-fc16-41c0-96e9-00594ce2d31b,4,Affordable pricing and close to metro station.,0.72,2025-10-11T16:52:00
3f374fd2-550b-4c8f-9d17-4905f4a1a5ee,c93534d5-7e36-4c89-bd78-a77559e5e18b,e53d7ad5-ca44-4488-bcaa-7dfbe0ac8a38,3a9582f3-bfed-4956-8aef-4d47dd454017,2,"Poor lighting at night, felt unsafe.",-0.67,2025-11-05T19:47:00
ec7bcd96-e88f-41ee-8b23-de31790cb723,5178c5a6-5efa-4504-80f4-551669af1807,7b60e816-f6ce-4c95-a98c-b9b8eeb44e8d,6ecc87ec-0b6c-4355-8ad3-ded7cf9744d3,4,"Very convenient location, will book again.",0.94,2025-12-08T07:19:00
4982c23f-a630-4f51-9bef-1a6e87dad1ef,2927e51f-d212-4584-b4e3-640a2479826b,e53d7ad5-ca44-4488-bcaa-7dfbe0ac8a38,b1ba5ece-18dc-464e-82fe-c85fe14c6e25,5,"Very convenient location, will book again.",0.86,2025-11-07T21:53:00
f0b78a83-8f81-4f1c-9b32-ad37d6cb99fe,2b1204a6-ed0b-4c47-94ca-f7ef014470e5,b0de9982-cba8-443f-aeb0-d390678e9397,0441f2f6-70d0-4f01-80df-655a7d3e62a8,4,"Great parking spot, easy to find and secure.",0.54,2025-11-20T16:00:00
462d9e0f-d9a1-4c4c-96cd-ab5c1a1c2700,5a58aace-89bc-4179-a013-3ebeb2e0fb05,e53d7ad5-ca44-4488-bcaa-7dfbe0ac8a38,851c20a2-37c8-43d6-b895-3036b461224b,5,Affordable pricing and close to metro station.,0.77,2026-01-27T05:42:00
f1d33471-8110-4b72-bd81-72203c00b7ba,3ad6b03e-a0d9-477c-a074-209e3b4e0f17,6f1380b7-12b7-40fd-8cde-756c8974b743,9565eae2-51bb-4d00-8247-1beb38919f2e,5,Clean and well-lit parking area.,0.72,2026-01-15T16:46:00
b273013c-b573-48dc-82a8-0b4c6197c884,444c682b-1715-41a5-a73d-fbadb660d040,bb8721a8-2bae-4da5-ae71-1d0cfc8a49d3,2c47cafe-f8bc-4d13-8cf5-83555765e904,5,Affordable pricing and close to metro station.,0.86,2025-11-06T23:12:00
38edbced-82f9-459c-8b58-facd34daead7,9bc7590e-0c5c-439e-a1f3-bc877324ce34,14d550ff-098c-4a84-8f96-7f9776734a1b,cc1291b7-95ca-46cc-95e6-ff7badb80b63,5,"Owner was helpful, smooth experience overall.",0.95,2025-10-04T01:57:00
78ca354f-36ea-4ae0-996f-6a7d401203c6,a6fbc3d3-ca09-49e9-b311-cc3073cb59ce,7107ee03-6709-40ba-adfa-380007cc77c0,6843ea8c-f7ed-47c5-a3b4-1567904143de,3,"Decent parking, nothing special.",0.2,2026-01-27T17:39:00
7d36d065-5e45-4648-b5ff-c2491c98bf0c,2bf8e1cc-2326-416d-806a-7a2456096171,7b60e816-f6ce-4c95-a98c-b9b8eeb44e8d,f24faf30-dbb4-468b-9a0d-a33fde8c00e9,3,Okay for short-term parking.,0.25,2025-12-28T13:17:00
66be3030-ddf9-4769-8b15-cb07a6803bce,91190595-9e10-41ee-9702-23f0e4fc5b66,aa8039b3-3308-4616-8ab0-12c28e7246e4,7c079d20-6d07-41b5-92b4-e664b3c66ed5,4,"Owner was helpful, smooth experience overall.",0.73,2025-10-31T10:33:00
87908652-a5ef-4149-9a09-3247b5e8f5c9,8f8a056f-64c4-4ad2-8d2d-457fc5669aa9,695b7d7d-d6bc-45e4-9ccd-1ab692e481ae,5f78ebc9-e413-468d-ad69-15565e81c795,5,"Very convenient location, will book again.",0.67,2025-12-10T22:51:00
629f1463-ecab-4261-8463-fabfbc68fe7a,9fc4727a-0597-4944-bf05-76cd38346140,d6ee3f19-3155-4210-8064-c6121d669156,6bf69777-e469-429c-a842-0832b042a01b,5,Affordable pricing and close to metro station.,0.79,2025-12-03T22:56:00
90880603-882c-4d3e-bff5-e9348c860822,36b67d6d-b43c-42c5-aed0-24c2bb6a8bb1,dccfe102-88f6-4a07-a791-76d919900546,6fe57592-0a29-45b7-8091-a5f68239e63b,4,Affordable pricing and close to metro station.,0.84,2026-01-02T00:17:00
65e674fa-27ab-401a-9f3c-ef533ce5411c,5bbeb2c7-93f7-44b2-8667-a43baa8bcaa6,d59e8262-1e8f-4602-914e-5551b3174e5b,ea9cc86b-e8ba-4b85-9ff1-b1c32fa690d5,3,Okay for short-term parking.,-0.01,2025-12-28T21:43:00
24523f03-68f8-411f-baa8-6e16be09e9ff,2d553dc2-8f10-41cb-b80f-ab23383e3731,237291de-6a6d-452f-ad82-2f915745a94a,f6a16561-790d-49f3-a7d1-9094a7cafac8,5,Affordable pricing and close to metro station.,0.73,2025-12-03T10:21:00
23f5e6d9-a358-48ac-8a8f-ee25190c6dcb,7cf848c9-5303-46fe-b11c-5be547765b07,f063fb91-dfae-415c-8fe1-caff87514d40,85b43ac1-8788-4f5e-b201-06b2edf48d0c,4,Affordable pricing and close to metro station.,0.55,2026-01-14T12:59:00
7486690c-c41a-4160-b675-3c7ad68f0494,a1c3a1f9-0d90-4d39-b45e-b61f457e15b7,ee459ce9-6a73-42b2-9e8b-a5e34b05ebf4,df4c277c-1852-4c28-83fd-3857b64698b7,5,Clean and well-lit parking area.,0.6,2025-12-08T15:38:00
e004bb25-15ba-4466-8c90-8ef83c73a1b9,cf6fa6c2-ef72-4865-869e-2eea08c884a3,30c9d6df-abe8-45ab-842f-ab365e631bcd,18723abc-6051-4a38-908d-c8dc022fc849,5,"Great parking spot, easy to find and secure.",0.9,2025-10-24T08:33:00
d0611a98-19ce-4a3b-bdac-5359bea2cb28,abdf5dda-7959-44f1-9e8c-be548fc94775,b0de9982-cba8-443f-aeb0-d390678e9397,20370242-abe3-4c11-837f-828491781a22,4,"Very convenient location, will book again.",0.57,2025-12-27T07:18:00
125a0c85-c691-4dd9-9303-1a52254d90cb,277f0ed5-2b3d-4a01-a8e9-b3197a833c20,42591084-2367-45ae-98c3-6da0eb1bf09c,ecb029ff-fcf5-47df-83f8-6d43b90256f6,3,"Decent parking, nothing special.",0.22,2025-11-11T12:19:00
34e2e7cf-5eef-4901-9448-43e571ae2ce3,c0cd4e88-efc9-43ff-97f2-c0627da0e8f6,78ad0a9f-8291-4b2b-ba25-1ed481f9b863,0171fb6c-55a4-4d18-867a-df5319e6c6fe,3,"Decent parking, nothing special.",0.05,2026-01-15T22:31:00
ee491395-8808-4a90-9ede-eb2c3842e004,85917b08-e3e5-4ca2-9c90-3e0d0f63a9f5,aa8039b3-3308-4616-8ab0-12c28e7246e4,95df7182-6d7d-41d3-93de-e9cdc4f61c3b,4,"Great parking spot, easy to find and secure.",0.8,2025-10-09T11:01:00
8e7a8595-65b2-4df9-92e8-7cd15ba3824a,5a1bb93c-018f-497e-b8c8-a979032a57ef,d6ee3f19-3155-4210-8064-c6121d669156,38b659a0-470c-4804-85c4-06b42160d31a,5,Affordable pricing and close to metro station.,0.91,2025-12-22T05:42:00
978555a4-3118-45de-8781-70c13d05814a,f32092ce-bcba-4dd2-94ac-d809bf6de7ba,e53d7ad5-ca44-4488-bcaa-7dfbe0ac8a38,6c5ea517-6530-4697-b973-200ee2c09a5a,4,"Owner was helpful, smooth experience overall.",0.85,2025-12-02T05:19:00
90eea78e-a2e8-4f00-ac7c-ca6b590f23ea,91190595-9e10-41ee-9702-23f0e4fc5b66,b0de9982-cba8-443f-aeb0-d390678e9397,2a347002-0db3-4e6f-be15-2a532f7213c9,3,"Decent parking, nothing special.",0.23,2026-01-08T19:16:00
516ef234-81dc-4745-82c6-3170448cc9a8,48b1a8a1-020b-4017-82c5-2d4b5a6fea52,14d550ff-098c-4a84-8f96-7f9776734a1b,e70a4c14-8038-4758-a979-648546b1a15c,5,"Great parking spot, easy to find and secure.",0.62,2025-11-13T18:36:00
5c01e464-82fa-4ded-a973-2ed512b5752e,97c00172-dcdc-4002-91c2-08b08f475693,6e3b42ab-8562-41a3-a0d4-c8c989d7baf3,e715ea95-66b7-4697-8b24-2d32cc30bbe8,3,Okay for short-term parking.,0.04,2025-11-05T04:07:00
d58d778a-d861-4e72-bc30-99a678dca99b,5a1bb93c-018f-497e-b8c8-a979032a57ef,30c9d6df-abe8-45ab-842f-ab365e631bcd,cfff315b-0de8-4698-880a-658adda090b0,4,"Very convenient location, will book again.",0.83,2026-01-18T08:33:00
c1befc25-59e5-4d7d-957a-571db31c25ab,5bbeb2c7-93f7-44b2-8667-a43baa8bcaa6,efc921b7-dee5-4ba3-8d14-01472a8afbe7,6f0347dd-ccd0-417c-a509-41ea897ba559,4,"Great parking spot, easy to find and secure.",0.85,2025-12-31T20:20:00
c9fc0c48-2dca-4c86-ab79-ac982b2a7f06,f2f55bd1-e8a5-434d-83b1-0e4c7f747abb,365892af-a36f-4af7-bd9a-d5cf29756b87,1b15a502-3a18-4ef7-8c5c-5bd51b9dec50,2,Price was higher than what was listed.,-0.43,2026-01-01T18:50:00
0eab3d5e-91b1-4bcf-a0ba-de7baaf9a16a,d3248023-eceb-4bbd-919a-488c63316344,ad0d0b95-98d7-4e45-a170-6e6eb21249e4,2af7db2c-5c54-460d-acb7-207a6154635d,5,"Great parking spot, easy to find and secure.",0.83,2026-01-01T12:37:00
39a864dc-d669-4d7a-b64c-bf8ee68eebb7,ee149de9-5939-4948-913a-0f3e3b34333a,42591084-2367-45ae-98c3-6da0eb1bf09c,9940bc22-3ad0-4628-87f3-bb19c7694bab,2,Price was higher than what was listed.,-0.76,2026-01-15T12:14:00
6d984096-5631-4105-bfc2-53bd00892baf,5178c5a6-5efa-4504-80f4-551669af1807,7107ee03-6709-40ba-adfa-380007cc77c0,f87c31a5-97f9-45f9-ac6f-e4c699eb4fb3,1,App showed available but lot was full.,-0.73,2025-11-16T03:52:00
33bca615-4865-42c6-a04f-39c39af4e138,cf6fa6c2-ef72-4865-869e-2eea08c884a3,bc464c1d-5590-438c-acc7-efab360d5bc8,af13b8a7-dd04-4ed4-bdbd-d8572d4a844f,3,"Average experience, would use again if nearby.",0.28,2026-01-23T00:42:00
ec4e9636-e089-470b-a359-88114b47670b,5b7b16c9-e192-4b33-80f0-b3ac574db510,30c9d6df-abe8-45ab-842f-ab365e631bcd,367e7fd6-ff7a-4813-87b5-df03f2232829,2,"Narrow entrance, difficult to park.",-0.57,2026-01-14T08:30:00
9040b86a-b112-42f3-addc-e8959677c061,98096188-199a-43f7-a99d-056bc2dc1de4,53c77199-1104-4a6e-beec-f5175c546c49,82942b6c-dc31-40a6-87f3-27a424a4de9d,2,App showed available but lot was full.,-0.45,2025-12-16T21:14:00
a4d0dea7-20c3-459c-85e3-e212e1736900,36b67d6d-b43c-42c5-aed0-24c2bb6a8bb1,53c77199-1104-4a6e-beec-f5175c546c49,c309c3a0-3ddf-44d9-97b1-b9127871b767,3,"Decent parking, nothing special.",0.14,2025-12-06T22:30:00
120ffe57-bd2a-430d-aeb2-6a11fc117fad,74715f8c-48e0-4c83-a4a6-dcf798935909,e53d7ad5-ca44-4488-bcaa-7dfbe0ac8a38,2fff69e6-a579-4c2a-a6ba-8f24582df1b2,4,Clean and well-lit parking area.,0.92,2026-01-03T15:37:00
20e8a6eb-3f3f-4212-a9ba-6a810799e4c4,1647cad1-ee93-47b6-89cc-5a17e653b068,8253dd7a-18fb-473d-840b-1e186ba0c5e5,75804856-d123-46bf-b340-2ed03b853397,4,"Owner was helpful, smooth experience overall.",0.89,2025-10-15T12:41:00
c1ce7729-e1b9-44d9-8a22-c5988a3e1b7a,afb54ff1-68e3-4cfd-8572-7151fb0a53e5,e53d7ad5-ca44-4488-bcaa-7dfbe0ac8a38,1f80dc0d-77f1-45b5-ac9b-a26ed77a8756,5,Clean and well-lit parking area.,0.62,2025-12-14T23:14:00
04f2d809-a3af-4fd2-82c0-fdccbc46cd75,50e1d2ac-680b-49ff-9ebe-59fff8c4ea2c,237291de-6a6d-452f-ad82-2f915745a94a,4f5b0f96-b753-4f12-9974-a6f4738740bf,4,Clean and well-lit parking area.,0.9,2025-12-22T11:53:00
c1577f2d-32cc-40a2-928c-26dbd4fae3c2,b21aebda-2049-4c70-bc7c-bfd60bbcbdca,14d550ff-098c-4a84-8f96-7f9776734a1b,39a61c9b-8169-434c-a19b-9a4e3ae47f2b,5,"Owner was helpful, smooth experience overall.",0.64,2025-10-17T22:27:00
75294daa-de65-480b-865d-46eab8ead958,f124e1fe-9f31-4c52-8851-ff68517f23d3,08a20e54-8f66-49fb-89d7-59c930d42d9a,383e20a8-7326-4bab-862a-56297b9e3aab,5,Affordable pricing and close to metro station.,0.7,2025-11-16T08:26:00
f5eaa9ba-f5e6-4104-b212-9122d9d9bb5c,91190595-9e10-41ee-9702-23f0e4fc5b66,08a20e54-8f66-49fb-89d7-59c930d42d9a,3bd8aac8-0695-46aa-af58-c1d945eabad0,4,"Very convenient location, will book again.",0.88,2025-10-06T17:05:00
bba5ba9c-f705-44f6-92e8-4a8521aedec3,3ad6b03e-a0d9-477c-a074-209e3b4e0f17,30c9d6df-abe8-45ab-842f-ab365e631bcd,e7532aa5-ddf6-44eb-a4d9-397eb03c70dc,5,"Very convenient location, will book again.",0.65,2025-10-13T02:53:00
1a9bfb39-3b0d-4789-bd86-1d68a887c0c9,d9434090-703a-46b0-8191-a048c640aebe,dccfe102-88f6-4a07-a791-76d919900546,e0057e9e-67bc-44ed-8ce6-d0cd7679d3c2,5,"Great parking spot, easy to find and secure.",0.63,2025-11-20T11:00:00
7cb194e9-5675-4c9e-9777-d34afba55912,c75ee9a0-f7fd-4825-83ec-d40424f06a08,66e019e7-5c23-4c7a-8358-1da734b434fe,eb34ed32-b28c-4fce-83fa-73fd13ed4091,4,"Very convenient location, will book again.",0.8,2026-01-26T02:19:00
c330c1db-ffab-4631-b7b9-14a850f50b09,b72d0ed5-ada1-4992-9b3d-3c34c1f15472,66e019e7-5c23-4c7a-8358-1da734b434fe,8c9ae8ca-c62a-49cb-8a34-ac1b722edd81,2,"Slot was occupied when I arrived, had to wait.",-0.3,2025-12-31T18:43:00
b795d98f-79d2-481b-97c7-731cc3e7e875,a1c3a1f9-0d90-4d39-b45e-b61f457e15b7,ad0d0b95-98d7-4e45-a170-6e6eb21249e4,ad4fc600-497c-4888-9e68-85271f915a80,5,"Great parking spot, easy to find and secure.",0.56,2025-12-30T14:49:00
1da49c96-4b5f-4f5c-a9a8-bcd099dc618c,42a7237f-fbee-4b26-b5c8-bbb10e3a20ea,bb8721a8-2bae-4da5-ae71-1d0cfc8a49d3,0f3c28ae-4010-4f2f-a47f-19093a3c2e5f,5,Clean and well-lit parking area.,0.82,2025-12-17T21:21:00
66e5400c-770c-4c8e-aa96-cf54a2f76d45,42a7237f-fbee-4b26-b5c8-bbb10e3a20ea,ee459ce9-6a73-42b2-9e8b-a5e34b05ebf4,6d85b22a-e9b1-40f7-9cca-6530c656e97f,4,Clean and well-lit parking area.,0.74,2025-12-04T13:58:00
4f161a37-38b0-48bc-8d55-86924d29c597,0f356d86-c7ff-4da7-a7c5-87fc9f747a13,f063fb91-dfae-415c-8fe1-caff87514d40,89224add-5ba6-48a7-a1e0-c73d0ea949a8,4,Affordable pricing and close to metro station.,0.68,2025-12-22T17:42:00
faec512e-c6e4-4371-b530-ca885b471b79,02108c92-ad8b-4e39-a390-6cca2612f9bc,695b7d7d-d6bc-45e4-9ccd-1ab692e481ae,422d0542-fd05-45bd-9e8b-0e55925aca3b,5,"Owner was helpful, smooth experience overall.",0.84,2025-10-03T21:14:00
ae5d96a2-88b1-4ddf-aded-58f972e7f4c7,91190595-9e10-41ee-9702-23f0e4fc5b66,f063fb91-dfae-415c-8fe1-caff87514d40,2e63455d-d990-4522-944b-6532959181ad,4,Clean and well-lit parking area.,0.75,2025-12-11T14:28:00
e9c252bb-f8b0-4ca9-b4b9-082c854c2b30,599f005e-1fd0-410a-9bac-eb9a6b9d4d69,78ad0a9f-8291-4b2b-ba25-1ed481f9b863,70a001f2-8403-4d78-9a96-2007cb1f7a36,4,"Owner was helpful, smooth experience overall.",0.86,2025-10-01T13:25:00
fda70e93-1b1a-448c-940a-756c6ad4be95,80ddb24e-b52f-4daf-933f-c7cb4e17d61e,bc464c1d-5590-438c-acc7-efab360d5bc8,3e950c06-8990-4f23-aedb-db65bde7c500,4,"Great parking spot, easy to find and secure.",0.83,2025-12-15T15:27:00
e1be1d38-6115-40fc-a526-389f3de3d4e6,c6795a1b-8f62-48eb-bd34-9dd17a9cca3f,365892af-a36f-4af7-bd9a-d5cf29756b87,42aecf95-47dd-4e67-8711-e095f4fbbb28,3,"Decent parking, nothing special.",0.29,2026-01-27T20:16:00
fc4f24a4-9598-4aa1-88b1-81f5f40e4d92,49c40658-bf14-457d-aab1-ff142d500a0e,aa8039b3-3308-4616-8ab0-12c28e7246e4,31409a03-baaa-4b72-bd9b-3296a01fb2be,4,Affordable pricing and close to metro station.,0.86,2025-11-11T10:34:00
b8283ab1-4558-4217-890d-376339e3524f,2551fac8-9d67-46d9-953b-c6b38828df0a,30c9d6df-abe8-45ab-842f-ab365e631bcd,89a1ab5a-b090-4cd1-904f-64d843bed548,5,"Very convenient location, will book again.",0.53,2025-12-12T10:07:00
28e9c5dd-c7c9-46bc-a893-7886d8218dcf,e989cdb7-ad0e-4c36-a170-afeb109aaf40,53c77199-1104-4a6e-beec-f5175c546c49,cec7b6f4-b6de-49ea-8b01-9d671d41e613,5,Affordable pricing and close to metro station.,0.85,2025-12-18T18:20:00
7488ecd6-3b79-4c84-a150-8950eacd2b49,072e86f1-123e-4728-8660-0ca9e2253241,53c77199-1104-4a6e-beec-f5175c546c49,b866ebaa-2eb4-4c70-acc3-6afef518310c,4,"Great parking spot, easy to find and secure.",0.79,2025-11-01T12:25:00
0c0ce523-8f00-487b-acd3-7df32469ddf4,3c6f7568-4973-46b3-b543-318625e853df,19c8358a-b82b-4ab4-b5a8-645fd399e303,44e2581b-2cf0-4a81-b9c7-d760c0a3ce9d,5,"Great parking spot, easy to find and secure.",0.54,2025-10-29T20:36:00
9b004203-8452-41dd-8412-c33165f8b86e,02108c92-ad8b-4e39-a390-6cca2612f9bc,6f1380b7-12b7-40fd-8cde-756c8974b743,956213a4-d99a-4a9e-831f-01598f01aaf6,4,"Very convenient location, will book again.",0.77,2025-11-12T11:12:00
2f84070f-ff04-4fa0-9fc8-dea71511fbe8,82fb7949-1329-4cba-a1bd-3b10e49fa04a,19c8358a-b82b-4ab4-b5a8-645fd399e303,364ae2c3-3034-4de1-bcb1-6afb682ab998,4,Clean and well-lit parking area.,0.84,2025-10-20T09:08:00
ca3218d3-0825-417c-aab5-3c7f0726ae63,ed64dea8-a873-4832-8f78-421ade42cf06,d7cfdefe-2859-458d-8bc5-ab840a62418e,83de42bc-791d-4cb4-97cc-46d6f08cc7b8,5,"Great parking spot, easy to find and secure.",0.59,2025-11-29T18:40:00
df1b1511-e9f3-4ed7-95d4-eaf347a24bea,79c74820-cccd-4500-ad66-e9f04ff12ad1,e53d7ad5-ca44-4488-bcaa-7dfbe0ac8a38,bc59971c-5291-4f4e-bd62-453365e700c5,4,"Very convenient location, will book again.",0.7,2026-01-18T09:38:00
b37f2c5f-075b-4632-8551-6189e39197bf,c93534d5-7e36-4c89-bd78-a77559e5e18b,365892af-a36f-4af7-bd9a-d5cf29756b87,1fdc72a3-5654-4289-a9d5-fe28ffcd0dea,5,"Great parking spot, easy to find and secure.",0.74,2025-10-06T18:12:00
34992b13-9f0e-43a0-829e-f64b1e67b30c,2d553dc2-8f10-41cb-b80f-ab23383e3731,19c8358a-b82b-4ab4-b5a8-645fd399e303,87a00dd9-e3bb-4001-923e-a7b2efedbfe8,4,"Very convenient location, will book again.",0.69,2026-01-27T21:17:00
063f28af-167b-42d5-a259-8e218559f8fe,5b7b16c9-e192-4b33-80f0-b3ac574db510,6e3b42ab-8562-41a3-a0d4-c8c989d7baf3,a93604ea-d0cd-4517-b59c-a1cd8cc4b771,3,Okay for short-term parking.,0.25,2025-11-01T00:11:00
6fa34726-c0fc-4b10-9911-b8287ac802d9,f2ad57fb-f146-444e-9915-1d8aca933720,dccfe102-88f6-4a07-a791-76d919900546,07cb3fab-8bb7-40bd-b2b2-f6586acb6e1c,4,"Owner was helpful, smooth experience overall.",0.58,2026-01-13T15:27:00
df9c6112-6d4f-46f8-b4aa-fd49f488804c,5a6b23c7-c27b-4d06-b319-4c7f4dc8c5d4,08a20e54-8f66-49fb-89d7-59c930d42d9a,a3ca7b13-b4fd-49f5-930d-05d3bd10db56,4,Clean and well-lit parking area.,0.85,2026-01-17T20:21:00
a8c24d14-d1ee-447e-a0d7-f9136e325f1a,2bf8e1cc-2326-416d-806a-7a2456096171,bb8721a8-2bae-4da5-ae71-1d0cfc8a49d3,eb9c1f28-6a51-4e68-aab1-e26893d3499d,3,"Average experience, would use again if nearby.",0.21,2026-01-02T15:56:00
3c30ccac-8baa-4f9b-8df2-7fa637ceb379,442a0e97-6b3e-4afc-8ac8-b547aa9b92f5,d59e8262-1e8f-4602-914e-5551b3174e5b,908e918b-6cb5-4ab8-9b48-d0ebadab50e4,2,App showed available but lot was full.,-0.63,2025-12-10T12:56:00
88099bc4-4971-4916-8d02-0e97e2fd5089,7aa3d495-c307-4efb-b5a1-cb73a753544c,aed763d5-7c54-4ca7-8ac8-259d26fa6d2c,c463743b-51e9-4d6f-ba4c-98219a2e5b0a,2,"Narrow entrance, difficult to park.",-0.58,2025-12-05T11:20:00
84f09152-054d-4ab1-ab95-bb4087988749,9ab9400c-1eff-4d82-ac2e-f0862aaf85cd,aed763d5-7c54-4ca7-8ac8-259d26fa6d2c,f2d3cd4a-947c-4784-8b18-a21141552a4a,4,Affordable pricing and close to metro station.,0.57,2025-11-27T22:48:00
a2ab4a7f-aee8-4628-aafb-380c73ce7a5e,d252f73a-00d4-483e-8127-017911e18fa7,7107ee03-6709-40ba-adfa-380007cc77c0,1f366c88-76d7-4410-bdad-4d6cfd22ee7f,3,"Average experience, would use again if nearby.",-0.02,2025-11-26T09:36:00
d35a2582-8e8b-41a2-a0d8-a69ad4909378,0a140015-f233-4ed4-87c5-aa755b4f13bb,e53d7ad5-ca44-4488-bcaa-7dfbe0ac8a38,a02d9677-9da3-43b3-a5ae-7df2c879ca45,5,"Very convenient location, will book again.",0.74,2026-01-21T09:32:00
4b920893-d90b-422c-9e49-4827bcfd316e,f0e78e54-8eee-440e-a1d3-3cd7a6704ef9,efc921b7-dee5-4ba3-8d14-01472a8afbe7,f30d3d62-dad1-4a78-8e74-2b6eb65366cb,4,Clean and well-lit parking area.,0.6,2025-10-21T14:27:00
19d761e8-9526-446d-93ff-78dae44b5480,46b6a70b-078e-462c-a5ba-ecf7b5064e0a,ad0d0b95-98d7-4e45-a170-6e6eb21249e4,a520bf2b-0737-4bfa-ae82-2d418ad24852,5,Affordable pricing and close to metro station.,0.86,2025-11-02T20:56:00
20bd4edf-c9bb-4f0c-8359-96a4dfe3baa3,0af291a9-0ed2-4b15-ae5a-a14a42338a67,aed763d5-7c54-4ca7-8ac8-259d26fa6d2c,4376887d-d3c0-471c-a237-72ee18cc5ec7,3,"Average experience, would use again if nearby.",0.15,2026-01-18T21:36:00
85ca4c4a-665d-4f63-8a35-8ee3b3bc6afb,33b4dd72-dc8e-4f35-8629-990075b9b265,19c8358a-b82b-4ab4-b5a8-645fd399e303,bb7463e4-3d18-4348-b963-432e76457b44,3,Okay for short-term parking.,-0.08,2025-11-14T00:26:00
1d33869c-4465-466d-a79c-6de3e56cb3bf,567e2465-08d4-43c4-8872-6efd2d444d9a,efc921b7-dee5-4ba3-8d14-01472a8afbe7,2c145415-b834-4e0c-82b6-140367628a77,3,Okay for short-term parking.,0.04,2026-01-02T09:01:00
cd4ce3ee-7376-4e0d-812f-c759e0770196,36b67d6d-b43c-42c5-aed0-24c2bb6a8bb1,d2a8af93-39d7-4599-8a35-7cf21819f4b2,449d5748-5a68-4ef4-baf1-5a5e5457f8c6,5,"Owner was helpful, smooth experience overall.",0.89,2025-12-01T20:18:00
1e8df3f1-2803-40a0-afba-91adc1fe6240,58dfe5bb-0b44-40a9-aea7-6b1f9eb40645,dccfe102-88f6-4a07-a791-76d919900546,3f5fa1a1-e955-40ff-bc92-ce412a1ea02e,2,"Slot was occupied when I arrived, had to wait.",-0.73,2025-11-20T07:16:00
ba7c1a24-fbd0-491c-aba4-dff8ac9d45a1,99e41897-8dee-47c3-bf86-f5d3db6f2e0a,365892af-a36f-4af7-bd9a-d5cf29756b87,4d0f989f-8f69-408e-8baa-bbf34ef43113,1,"Narrow entrance, difficult to park.",-0.47,2025-12-16T14:30:00
a76fc339-3eed-485a-860e-e9d57d117bbf,86a025a2-4f9a-4657-920a-f0dd92507d51,365892af-a36f-4af7-bd9a-d5cf29756b87,55e87c71-ebdb-4699-b0b7-58d58601c905,4,"Owner was helpful, smooth experience overall.",0.54,2025-10-23T13:25:00
bc90f582-973b-4a34-8a4f-0aed90395b76,65a9ebcd-7863-4808-8d99-67b85a4b4fdb,bc464c1d-5590-438c-acc7-efab360d5bc8,7a4ffef1-dcf7-4c3f-b070-e82568a5303a,4,"Great parking spot, easy to find and secure.",0.92,2025-10-26T16:55:00
16f099cc-22ef-475d-aeaf-7fbb67f4a866,444c682b-1715-41a5-a73d-fbadb660d040,ad0d0b95-98d7-4e45-a170-6e6eb21249e4,f374c3f7-1a81-43a6-af8f-befcf67e6ab1,5,Affordable pricing and close to metro station.,0.7,2025-12-28T15:34:00
fd5e95b6-e8dd-47ed-bd59-09eef92fe272,3ad6b03e-a0d9-477c-a074-209e3b4e0f17,d7cfdefe-2859-458d-8bc5-ab840a62418e,60857a41-c415-473e-b727-53c709869f51,4,Affordable pricing and close to metro station.,0.72,2025-10-22T08:18:00
4fe7a0fc-7401-4158-a5b5-5096760afe4d,9d15ffc3-e80a-4ebc-9354-52be9f89db50,14d550ff-098c-4a84-8f96-7f9776734a1b,d5c30634-58bf-47c6-a185-09ef01298071,5,"Very convenient location, will book again.",0.76,2025-12-16T15:38:00
a481670e-1597-40a4-98f3-c66926efa0f0,36b67d6d-b43c-42c5-aed0-24c2bb6a8bb1,d2a8af93-39d7-4599-8a35-7cf21819f4b2,4d3f150d-1442-4d26-9f2b-f38559154880,5,"Great parking spot, easy to find and secure.",0.66,2025-12-07T01:26:00
3d19366b-0d25-4f36-9ddc-228ab73ab166,98096188-199a-43f7-a99d-056bc2dc1de4,ee459ce9-6a73-42b2-9e8b-a5e34b05ebf4,3f0f3b15-5d08-4137-a8b2-d5bc32a27cfb,3,"Average experience, would use again if nearby.",0.19,2025-12-03T19:23:00
a01b0253-6b33-488d-bfdc-eb5870004123,5a6b23c7-c27b-4d06-b319-4c7f4dc8c5d4,237291de-6a6d-452f-ad82-2f915745a94a,dd498eae-a26c-42de-9eb0-d6f1a17ec6fc,1,App showed available but lot was full.,-0.89,2025-10-30T09:40:00
2650fe5a-b790-4d60-bf7d-892c8b83d89b,36b67d6d-b43c-42c5-aed0-24c2bb6a8bb1,78ad0a9f-8291-4b2b-ba25-1ed481f9b863,981368d9-8050-47b0-b403-d95706c6d9a1,2,"Narrow entrance, difficult to park.",-0.8,2025-12-05T21:27:00
16afecde-b9d4-4701-9c46-823bb5442326,5641a45c-1def-4cda-bcc7-0101ebcc7867,f063fb91-dfae-415c-8fe1-caff87514d40,43502cf8-fd4e-4a31-a62a-d01a5f913d61,4,Clean and well-lit parking area.,0.58,2026-01-14T08:39:00
4f9293c5-dbca-4e90-9a15-4047d40b99d2,a128c8e3-79bd-470a-9dd9-29e6ea7a5d25,d7cfdefe-2859-458d-8bc5-ab840a62418e,b7d95351-281a-4904-874f-f7afee5b6dec,4,"Very convenient location, will book again.",0.79,2025-12-29T11:26:00
1bb64d3e-94d6-4ed7-8896-254f11dc301d,1647cad1-ee93-47b6-89cc-5a17e653b068,8253dd7a-18fb-473d-840b-1e186ba0c5e5,bcf297e5-1ae3-43e4-8bce-d1e44ac76aa7,5,Clean and well-lit parking area.,0.9,2026-01-26T09:03:00
66e702bc-e575-4903-978b-fafe9f71aa1b,1453ff1c-0ed9-4fd1-a785-1c1d28d78a55,7b60e816-f6ce-4c95-a98c-b9b8eeb44e8d,e4043f86-a1a0-45dc-af0e-b5b5fe0c2843,5,Clean and well-lit parking area.,0.53,2026-01-09T12:52:00
7ae5bfa1-d6b6-4bc9-a8da-66cabd566db0,d16dc9c8-b3dc-4156-a28e-2847680508ca,6f1380b7-12b7-40fd-8cde-756c8974b743,a5110053-85f8-4181-b997-e3108960f320,3,"Average experience, would use again if nearby.",0.24,2026-01-07T22:36:00
d148facd-2b4a-49a5-817b-dcd22a13298f,f6e2f2c4-a6e8-4a47-b63f-dc4c8646e964,aed763d5-7c54-4ca7-8ac8-259d26fa6d2c,5d90fb98-a2d5-447c-ba4f-783c0f4fe5b5,4,"Owner was helpful, smooth experience overall.",0.87,2025-10-09T15:18:00
7421e384-eec7-4dc3-af79-ab91255c401e,d7754c45-f9ed-4e23-ac5f-1a615bd35db2,d59e8262-1e8f-4602-914e-5551b3174e5b,b4d176ee-1cba-4c5f-9014-20147976d595,4,"Very convenient location, will book again.",0.53,2025-12-12T23:22:00
de033a72-b985-4bee-894c-b179fa2353a8,a568eb2a-9343-405d-813e-ff36267453fe,ad0d0b95-98d7-4e45-a170-6e6eb21249e4,388df646-fc3d-4483-8cf5-d927d601ac29,5,"Great parking spot, easy to find and secure.",0.56,2025-10-05T16:13:00
5f159690-03a1-435b-adf5-887414dc234e,f2f55bd1-e8a5-434d-83b1-0e4c7f747abb,d2a8af93-39d7-4599-8a35-7cf21819f4b2,e0a874c7-4fd0-4e4b-a492-a99147841a2f,5,"Great parking spot, easy to find and secure.",0.66,2025-11-04T00:45:00
209fa195-e106-4626-97aa-5ad799df99a9,857902eb-1351-4a17-b66c-d0020a8a460a,237291de-6a6d-452f-ad82-2f915745a94a,fce2b563-1562-47a3-94dd-ca245cdc6ea4,4,"Very convenient location, will book again.",0.55,2025-11-10T13:28:00
ee0b9168-ddd6-49bb-aa2f-8511278fc1fd,2d553dc2-8f10-41cb-b80f-ab23383e3731,ee459ce9-6a73-42b2-9e8b-a5e34b05ebf4,b4f1572d-95c8-4f26-af1c-aa58a3b97037,5,Affordable pricing and close to metro station.,0.84,2025-12-28T07:19:00
51734543-d63a-4055-90d5-7b83580d8ec2,0f356d86-c7ff-4da7-a7c5-87fc9f747a13,365892af-a36f-4af7-bd9a-d5cf29756b87,b933d184-a060-49ec-a06b-1e9e5a738ae8,4,Affordable pricing and close to metro station.,0.73,2026-01-09T14:44:00
595ca982-ab2b-4f8f-b8df-70ac6905d521,3ad6b03e-a0d9-477c-a074-209e3b4e0f17,365892af-a36f-4af7-bd9a-d5cf29756b87,152870c4-db74-4415-87a9-e620ce6e8d61,5,Clean and well-lit parking area.,0.68,2025-12-18T11:09:00
6a73cab0-fb41-4868-bd3b-c98f59987ba4,a26479e4-b4df-46bb-9457-c697d859151e,eeb4d423-17f5-4d6c-a6e7-ad79313471a9,10f28124-d622-4a8d-a5e9-4ff46d8900ed,5,"Great parking spot, easy to find and secure.",0.83,2025-12-01T09:27:00
af75ef81-b706-42b9-bba4-72b49dd107d0,44d64af1-52f4-472d-a634-dedc68426f80,7b60e816-f6ce-4c95-a98c-b9b8eeb44e8d,f1ddc8e8-0d7b-4ca2-8645-757901447bb8,2,"Poor lighting at night, felt unsafe.",-0.72,2025-11-03T23:12:00
d243dba1-de14-4abe-b0c6-5b0e7f4f09f0,567e2465-08d4-43c4-8872-6efd2d444d9a,7107ee03-6709-40ba-adfa-380007cc77c0,bc0b3240-996d-46af-975f-5de7aaef766e,4,Clean and well-lit parking area.,0.89,2026-01-09T21:24:00
b8535756-e192-466f-9a8d-7e20c4988700,2d553dc2-8f10-41cb-b80f-ab23383e3731,365892af-a36f-4af7-bd9a-d5cf29756b87,18cd84a7-619f-477b-8453-94b2ed34c548,5,"Very convenient location, will book again.",0.79,2025-10-04T16:55:00
1b6fef1e-b4bc-475d-8d0a-ef15c63fd600,d252f73a-00d4-483e-8127-017911e18fa7,78ad0a9f-8291-4b2b-ba25-1ed481f9b863,64bc8ab2-5278-40e5-88d3-5f375d2b4550,4,"Very convenient location, will book again.",0.66,2025-11-23T16:34:00
0b47d20b-a919-472f-8985-43d454ef1dc9,db47a8ff-d23c-402d-80e2-d7b9c16fc5d2,b0de9982-cba8-443f-aeb0-d390678e9397,b73b3bda-6ea9-4b88-b20a-8fcd2488e5d9,3,"Average experience, would use again if nearby.",0.12,2025-10-21T20:37:00
744315c5-14fa-4a43-911f-45991be2909b,994007a2-e10c-4c44-9459-ba5958180d9a,eeb4d423-17f5-4d6c-a6e7-ad79313471a9,0ec14e08-d233-4bee-a3d6-e7165a226d80,4,"Very convenient location, will book again.",0.62,2025-12-11T23:25:00
089ae732-b738-47bd-a019-6119a0ef923a,60a46a59-decb-4c15-9dd2-5354eea94200,30c9d6df-abe8-45ab-842f-ab365e631bcd,91097b2a-a236-4926-84e0-a3116fcd9f3e,3,Okay for short-term parking.,0.29,2025-10-11T07:11:00
481db72f-ac72-4a58-a002-3533da541ebd,f124e1fe-9f31-4c52-8851-ff68517f23d3,8253dd7a-18fb-473d-840b-1e186ba0c5e5,e5edd3af-29d3-4808-9064-df34a42d277a,3,Okay for short-term parking.,0.07,2025-12-12T06:54:00
668c4d1a-c18b-4065-87e9-f69e2de0df74,31ce3d13-f25a-49ba-96be-de4c9d2c4dfb,14d550ff-098c-4a84-8f96-7f9776734a1b,c6d93db1-826c-4c9b-8a42-1548a8db3ef2,5,"Very convenient location, will book again.",0.9,2025-11-07T20:19:00
3ebf1f37-7207-47d8-883b-a794fd9ca5b2,77271711-a6a1-459c-a267-4bcf2e90d18f,8253dd7a-18fb-473d-840b-1e186ba0c5e5,fb38c461-1f6c-4267-b05f-319ccf2ce536,5,"Great parking spot, easy to find and secure.",0.94,2025-12-02T17:58:00
2ecf18ac-2934-48fb-86ee-4dcd3836f8ea,788a5308-567f-462c-a101-f6ed07f14eca,53c77199-1104-4a6e-beec-f5175c546c49,59f2d674-028f-4c68-858c-943802c3e274,5,"Very convenient location, will book again.",0.74,2025-11-24T08:19:00
b02310ce-3ca0-4ea2-83bf-39fdb824d8a5,d7754c45-f9ed-4e23-ac5f-1a615bd35db2,7107ee03-6709-40ba-adfa-380007cc77c0,9f3de047-29dc-4b8c-b32b-aca620223879,4,"Very convenient location, will book again.",0.83,2025-11-28T14:45:00
07fcf8a1-3777-45a6-8b27-b673eb5b972f,857902eb-1351-4a17-b66c-d0020a8a460a,e53d7ad5-ca44-4488-bcaa-7dfbe0ac8a38,9258fafd-741a-4251-8afd-19c605f82ed9,4,Clean and well-lit parking area.,0.76,2025-11-30T05:56:00
5670d7c1-3a28-4a24-9c6d-3b3fdec64057,3585a529-1a8b-42fa-bf2f-40a2ffe4e350,66e019e7-5c23-4c7a-8358-1da734b434fe,2b59380c-20b7-49af-97cd-0b6967d7b9d6,2,Price was higher than what was listed.,-0.85,2025-10-18T12:08:00
a19dffec-9c17-4919-b62d-ff7102acc3dc,8a5d5561-789b-4e07-aab9-26cb737137d5,42591084-2367-45ae-98c3-6da0eb1bf09c,3bb9e4bc-8210-4936-9cf6-3b24d9442a87,3,"Average experience, would use again if nearby.",0.28,2025-12-15T18:52:00
12f0336f-5ef0-4271-a526-6eb867c87916,9cc3bdbe-eebe-44c1-af7d-d182e0bb848e,8253dd7a-18fb-473d-840b-1e186ba0c5e5,7f84bb31-f348-4dc3-b2bb-ae61c65ca80c,5,"Very convenient location, will book again.",0.71,2026-01-24T18:30:00
974c3db0-8f2a-43fe-b6b4-95462052135c,be074667-ffe3-41bf-a0c1-142602ccee8c,d7cfdefe-2859-458d-8bc5-ab840a62418e,b7145cc8-bd77-41d0-8bb1-05f15dff164a,5,Clean and well-lit parking area.,0.9,2026-01-21T19:08:00
dd1dc964-9073-41d0-ab31-d0ac6553f1f6,5a6b23c7-c27b-4d06-b319-4c7f4dc8c5d4,d7cfdefe-2859-458d-8bc5-ab840a62418e,8c341abe-a966-4317-8849-c1dd663318eb,5,"Owner was helpful, smooth experience overall.",0.8,2025-10-25T09:23:00
691cf673-d4e2-490b-bdee-3aaec6817eeb,65a9ebcd-7863-4808-8d99-67b85a4b4fdb,78ad0a9f-8291-4b2b-ba25-1ed481f9b863,87b85c32-c4f0-4dfb-9016-f67f763360f7,5,"Very convenient location, will book again.",0.55,2025-12-21T11:03:00
a5208783-b825-4532-b635-0562cce42c53,f2f55bd1-e8a5-434d-83b1-0e4c7f747abb,7b60e816-f6ce-4c95-a98c-b9b8eeb44e8d,a45e1957-881a-4a5f-8ba0-2d3af8eb05f2,5,"Great parking spot, easy to find and secure.",0.69,2025-10-13T20:58:00
adbdb697-b686-4680-a922-e8015a051adf,f2ad57fb-f146-444e-9915-1d8aca933720,aed763d5-7c54-4ca7-8ac8-259d26fa6d2c,65ed8abe-4659-491d-975d-eeb6e6c0483b,4,"Great parking spot, easy to find and secure.",0.59,2025-11-18T16:31:00
7b09e1cc-4478-463d-bbc7-57fcfdb4ef6a,cfdfd189-e956-4412-8514-e046100dbe9a,ad0d0b95-98d7-4e45-a170-6e6eb21249e4,5844fac4-4010-477b-b712-1846c153451f,2,App showed available but lot was full.,-0.8,2025-12-30T17:35:00
31377e1f-8ab3-4940-ac54-16889ca95da5,afb54ff1-68e3-4cfd-8572-7151fb0a53e5,78ad0a9f-8291-4b2b-ba25-1ed481f9b863,3095b0de-31db-4b6d-a4a0-75e9e9671662,4,"Very convenient location, will book again.",0.82,2026-01-01T11:59:00
4cd03a76-7bcf-4264-aae5-020eaf4604c4,99e41897-8dee-47c3-bf86-f5d3db6f2e0a,30c9d6df-abe8-45ab-842f-ab365e631bcd,5f846143-d8d5-4ec8-b7ec-40f3ff483da2,4,"Owner was helpful, smooth experience overall.",0.51,2025-12-11T13:33:00
07800278-fa5a-4720-8ca4-d4938f61ff86,011770ac-140d-4c74-b357-df9f96e3bd2c,aa8039b3-3308-4616-8ab0-12c28e7246e4,ca9e4743-3f8b-42b0-8be0-53563df5934d,1,"Narrow entrance, difficult to park.",-0.32,2025-12-06T10:52:00
384bd913-15c2-4d47-ba9e-70ae5843acdb,90ff1297-1d26-4dd5-bd5a-903a36e5e4fc,dccfe102-88f6-4a07-a791-76d919900546,100f008c-1e61-4038-bf38-214e1b6fcbae,4,"Owner was helpful, smooth experience overall.",0.7,2025-10-27T20:39:00
c8cc4463-8e8b-449a-8caa-533c2e4b51e6,071d0229-2b82-4af7-b921-faca7bad858e,bb8721a8-2bae-4da5-ae71-1d0cfc8a49d3,d1a1cddb-2534-47ae-b8e2-79e6896c7e3b,4,Affordable pricing and close to metro station.,0.72,2025-10-27T11:56:00
b1492a8e-523c-4176-9564-953797781d41,442a0e97-6b3e-4afc-8ac8-b547aa9b92f5,6f1380b7-12b7-40fd-8cde-756c8974b743,a581c72c-d013-47a9-8ab2-a5685dd99e44,5,"Owner was helpful, smooth experience overall.",0.63,2025-12-20T13:05:00
698582cf-53fb-4e5b-a159-a105e66e4286,98096188-199a-43f7-a99d-056bc2dc1de4,d2a8af93-39d7-4599-8a35-7cf21819f4b2,6a0e643e-7a26-4cef-ae2e-e156a027172e,2,"Narrow entrance, difficult to park.",-0.85,2025-11-20T12:20:00
e9e103a6-a4d0-4341-880b-71fbded14b13,872bd855-8ee4-4402-99ad-929403c4d312,365892af-a36f-4af7-bd9a-d5cf29756b87,fae2908b-c5c9-4de5-983c-8c876cdd1087,5,"Great parking spot, easy to find and secure.",0.76,2025-12-24T09:57:00
f8b981ee-214e-496b-a31a-2c1e6412be9b,0d372728-4a07-4223-923e-6f2157eca8b2,f063fb91-dfae-415c-8fe1-caff87514d40,1b0f41a3-724d-4bc0-823b-71e6137e0c81,5,"Great parking spot, easy to find and secure.",0.66,2025-12-25T12:27:00
8d2c4f1a-0d7b-486c-98ea-c8d0694f2e17,dbab4a25-1918-4cdd-bf93-2896fde8d17e,ad0d0b95-98d7-4e45-a170-6e6eb21249e4,219c9892-6728-46f4-881b-14f250b4340c,5,Affordable pricing and close to metro station.,0.78,2025-11-14T11:32:00
ebf2ac46-eb93-4641-ae1c-f2cc4906fe9e,072e86f1-123e-4728-8660-0ca9e2253241,7b60e816-f6ce-4c95-a98c-b9b8eeb44e8d,0660c2e0-10f9-44b3-bf62-a4234fca4174,2,App showed available but lot was full.,-0.57,2026-01-06T18:15:00
3ed4ae1f-1306-4b4b-b2b6-23e886919377,b121dd15-fd8e-46c6-839b-5eeda960f56a,ee459ce9-6a73-42b2-9e8b-a5e34b05ebf4,c337e3ef-fee7-4e74-b016-80f4e453ff6d,3,Okay for short-term parking.,-0.01,2025-12-05T09:36:00
9832308d-6e3a-4b56-a652-b550cd4a6662,65901945-cad2-4850-be6b-8ca1110509d2,bb8721a8-2bae-4da5-ae71-1d0cfc8a49d3,5ec8c074-218e-42e6-9bc5-61c8b11df520,1,"Poor lighting at night, felt unsafe.",-0.62,2025-11-06T17:26:00
9b0a5b5b-4411-4305-9061-439a6d1b5712,d16dc9c8-b3dc-4156-a28e-2847680508ca,7b60e816-f6ce-4c95-a98c-b9b8eeb44e8d,a8ddde53-72a3-4011-b000-8407bc6b6c00,2,"Narrow entrance, difficult to park.",-0.72,2025-11-19T22:28:00
5461c0d9-2546-4a26-9396-7ad3da7be39c,42a7237f-fbee-4b26-b5c8-bbb10e3a20ea,f063fb91-dfae-415c-8fe1-caff87514d40,d23252d1-10b2-49b2-8798-3bc41f4029e2,4,Clean and well-lit parking area.,0.61,2025-11-23T17:19:00
2b0c78cf-e2b8-456b-b903-b102d6f5e83c,b6fe13bd-fe3d-49c4-9a15-dc10fd806d1c,30c9d6df-abe8-45ab-842f-ab365e631bcd,50ccedc3-76a6-4b4c-bed0-4872f5b73108,3,"Average experience, would use again if nearby.",0.21,2025-11-20T23:14:00
8f860b14-ddcd-4269-a687-687cd5400a83,0e0b358d-5fb8-4eac-9490-c65d5a817868,78ad0a9f-8291-4b2b-ba25-1ed481f9b863,1535bddb-0126-4d94-8568-9e0c1da714a9,4,Affordable pricing and close to metro station.,0.51,2025-11-19T13:12:00
e3fa8267-f56b-4576-b24e-d448294e00eb,5178c5a6-5efa-4504-80f4-551669af1807,eeb4d423-17f5-4d6c-a6e7-ad79313471a9,0f83081a-1ddd-4894-9202-e4f7ca3ac958,5,"Great parking spot, easy to find and secure.",0.62,2025-12-05T18:26:00
54b32237-a4c8-4010-90e2-167ab76464a2,b21aebda-2049-4c70-bc7c-bfd60bbcbdca,08a20e54-8f66-49fb-89d7-59c930d42d9a,3e31628d-875a-409b-9c37-2dd925babef9,5,"Very convenient location, will book again.",0.74,2025-12-31T22:48:00
231acdd1-0263-48e5-abcc-d4172403d837,e6ebd0ba-e312-4b8a-bf7d-3dfdee5c3d3c,08a20e54-8f66-49fb-89d7-59c930d42d9a,48010b3c-c87e-4480-b30c-fba890cc09f3,4,"Great parking spot, easy to find and secure.",0.71,2025-10-10T08:34:00
9f1db620-077a-4147-8516-31337aef0a2a,9b2faa07-75b7-4187-aa26-fd1c2099d3c1,8253dd7a-18fb-473d-840b-1e186ba0c5e5,e65315b6-646b-4925-9065-b89b4a312cfc,1,Price was higher than what was listed.,-0.34,2025-10-09T10:20:00
9e5381e9-63ce-4ea5-add1-2ef8124fefea,af8d3b09-87a3-492d-b614-12760cfcd0af,7b60e816-f6ce-4c95-a98c-b9b8eeb44e8d,c12d4300-96a4-4f09-b51e-a2b68b779bb5,3,"Average experience, would use again if nearby.",0.24,2025-10-01T22:33:00
1a56c851-803c-4763-ac90-540e739159d4,48b1a8a1-020b-4017-82c5-2d4b5a6fea52,6e3b42ab-8562-41a3-a0d4-c8c989d7baf3,79fe99f8-3cf0-4de4-9f8c-a8d3a0ddb424,1,App showed available but lot was full.,-0.45,2025-11-17T22:55:00
ba4d4b06-8848-405e-be9a-4abb4ced3c3e,77271711-a6a1-459c-a267-4bcf2e90d18f,6f1380b7-12b7-40fd-8cde-756c8974b743,5a0f7851-fa23-4639-a728-4ca65103b1b9,5,"Great parking spot, easy to find and secure.",0.73,2025-10-07T11:30:00
9ac76052-bf77-49a8-848b-993d16c2bbc6,46bdc850-3cf5-4361-9686-fdb85d5d8484,14d550ff-098c-4a84-8f96-7f9776734a1b,87d692f0-8ceb-4746-9e42-7cc0a75759e8,5,"Owner was helpful, smooth experience overall.",0.69,2025-12-30T08:37:00
1426934a-8d52-4d33-b858-3366709f273a,885a8633-088a-4929-8467-306108a21c91,aa8039b3-3308-4616-8ab0-12c28e7246e4,5d37682c-e806-4465-ac03-699cb046a181,5,Clean and well-lit parking area.,0.52,2025-10-19T16:55:00
774cc8f4-b727-457b-8883-e9cce2ec55d7,f0e78e54-8eee-440e-a1d3-3cd7a6704ef9,d59e8262-1e8f-4602-914e-5551b3174e5b,e9da9bef-6c01-4fa9-ac70-7b4193578840,3,"Decent parking, nothing special.",0.23,2026-01-16T03:03:00
946aa1b0-54e9-4953-b889-c353342c8071,b121dd15-fd8e-46c6-839b-5eeda960f56a,6f1380b7-12b7-40fd-8cde-756c8974b743,84ba0159-305b-4db9-8e18-c58c2c0dfd16,3,"Decent parking, nothing special.",0.07,2025-10-16T12:32:00
b526d587-4690-4414-a2dc-432cc3fd8784,9ab9400c-1eff-4d82-ac2e-f0862aaf85cd,aa8039b3-3308-4616-8ab0-12c28e7246e4,3bf9175e-ab2b-46c6-aa7b-b46935251c31,4,Clean and well-lit parking area.,0.64,2025-11-25T09:47:00
1deff839-a4b4-43fa-9df3-4e8dd823d3ab,26d5621e-bc18-4ce2-a258-8e3bc89f4429,bc464c1d-5590-438c-acc7-efab360d5bc8,b75bc176-56a7-4438-bf48-c5ff62879c57,4,"Very convenient location, will book again.",0.77,2025-12-05T12:47:00
06295ef1-dac3-485a-9f86-f31087ec3278,f010f9cc-b2a2-4f4c-bff3-653872140b2c,19c8358a-b82b-4ab4-b5a8-645fd399e303,d3dafb2e-94d8-43a6-8f26-f1ebcd552f3c,4,Clean and well-lit parking area.,0.84,2026-01-12T21:56:00
2c7db096-9d14-4fbc-a346-d58e0b01e520,d3248023-eceb-4bbd-919a-488c63316344,ad0d0b95-98d7-4e45-a170-6e6eb21249e4,04ff28d5-4924-42c1-ab61-e017f210fc8b,4,"Great parking spot, easy to find and secure.",0.74,2025-12-02T14:35:00
da3ead07-33a3-4c86-a78b-b0c3ae3d142f,5bbeb2c7-93f7-44b2-8667-a43baa8bcaa6,ee459ce9-6a73-42b2-9e8b-a5e34b05ebf4,40f6ccff-3d43-4057-8033-b52d77b68d72,4,"Very convenient location, will book again.",0.57,2025-10-30T19:19:00
59eb4295-848d-4eb2-87ec-66779cb22aaa,599f005e-1fd0-410a-9bac-eb9a6b9d4d69,53c77199-1104-4a6e-beec-f5175c546c49,47ebec43-6af8-4617-a47b-f5bebb6add63,5,"Very convenient location, will book again.",0.91,2025-10-12T14:10:00
926370bf-ac92-4d27-937c-9727b98ef49f,d407fa4b-5fd1-4575-8d71-7e298ea527a2,78ad0a9f-8291-4b2b-ba25-1ed481f9b863,75c9e79e-0416-41c9-ac77-9ab1a001cbce,4,Affordable pricing and close to metro station.,0.55,2025-12-28T07:22:00
ed93a79b-395a-4294-8ef6-95a5fe15a13b,874d68e5-d3d9-40bc-bf55-a33edbb23902,7107ee03-6709-40ba-adfa-380007cc77c0,b1d03bc3-e234-4b67-a8b8-217004b93cbc,4,Clean and well-lit parking area.,0.94,2025-11-15T21:50:00
bb79bc57-75f1-4289-bbaf-28207e06335d,388689f2-d306-45bd-9a3e-51b60104e7b8,14d550ff-098c-4a84-8f96-7f9776734a1b,c9bf9d8e-c8ef-4f16-b87e-88a87ab8a916,2,"Slot was occupied when I arrived, had to wait.",-0.63,2025-11-15T23:55:00
29caa17c-eaab-4ae4-bff4-36598b4dcdbe,9b2faa07-75b7-4187-aa26-fd1c2099d3c1,365892af-a36f-4af7-bd9a-d5cf29756b87,7cb34b8d-de2a-45a7-8b19-c007d521d30f,4,"Very convenient location, will book again.",0.93,2025-11-19T17:09:00
d8cc9f1a-113a-4ecb-9264-94ce58d75ce7,49c40658-bf14-457d-aab1-ff142d500a0e,aa8039b3-3308-4616-8ab0-12c28e7246e4,de2bd619-fe51-46d8-b515-80a71707e7b3,3,"Decent parking, nothing special.",0.27,2025-10-17T21:49:00
e96e821c-4290-4549-a5c3-7df1de44f40e,db47a8ff-d23c-402d-80e2-d7b9c16fc5d2,695b7d7d-d6bc-45e4-9ccd-1ab692e481ae,6191a242-ddad-44f7-ba5e-6756275ddaa1,4,Affordable pricing and close to metro station.,0.68,2025-10-27T11:26:00
269e6588-2a1f-429b-9d2f-37fe9b2fc086,58dfe5bb-0b44-40a9-aea7-6b1f9eb40645,6f1380b7-12b7-40fd-8cde-756c8974b743,55605585-01e5-466e-b3c3-564263e06cce,1,"Narrow entrance, difficult to park.",-0.42,2025-11-06T10:34:00
9bd0c758-3f75-4a51-989c-f65f9b07c8b6,f2f55bd1-e8a5-434d-83b1-0e4c7f747abb,08a20e54-8f66-49fb-89d7-59c930d42d9a,d90428be-137c-4aab-8e61-4592e4325a4f,3,"Average experience, would use again if nearby.",-0.06,2025-10-17T02:08:00
3b19a160-ff87-40a4-a8c1-74770875c2e7,42a7237f-fbee-4b26-b5c8-bbb10e3a20ea,7107ee03-6709-40ba-adfa-380007cc77c0,a7774670-9c9e-4740-b25a-6b526af6d676,5,"Owner was helpful, smooth experience overall.",0.54,2025-11-30T20:48:00
0676477b-452d-4937-88c7-c602420f850e,388adf72-ed8e-4826-a1dc-430335d9240d,66e019e7-5c23-4c7a-8358-1da734b434fe,74ecd53f-e631-4e0f-84a8-753d30b9b860,4,"Owner was helpful, smooth experience overall.",0.66,2025-10-06T07:53:00
e68c1c67-de95-429b-b6ee-c3e5fd62e1b2,99e41897-8dee-47c3-bf86-f5d3db6f2e0a,53c77199-1104-4a6e-beec-f5175c546c49,dd2ad83f-7782-4bb3-aaf5-53ede02ac976,4,Clean and well-lit parking area.,0.77,2025-10-17T18:16:00
332c3021-dfd6-43fe-94d7-d94e57b6d0e5,5bbeb2c7-93f7-44b2-8667-a43baa8bcaa6,d59e8262-1e8f-4602-914e-5551b3174e5b,2b5f166e-6677-4881-8d5e-15832b19c2e6,4,"Very convenient location, will book again.",0.5,2025-12-07T15:33:00
6a5fc84e-00e2-4f56-8eea-eda958966dd5,97c00172-dcdc-4002-91c2-08b08f475693,bc464c1d-5590-438c-acc7-efab360d5bc8,715c5bf8-bcd8-4f45-b682-e052b1010c52,5,"Owner was helpful, smooth experience overall.",0.73,2025-10-23T06:55:00
e95c4633-4e9f-40c6-997d-89da6a5b219b,58dfe5bb-0b44-40a9-aea7-6b1f9eb40645,6e3b42ab-8562-41a3-a0d4-c8c989d7baf3,2e2c497a-1293-4ada-9011-5d7b5ef1d8a8,4,Clean and well-lit parking area.,0.94,2025-12-28T19:04:00
5f40f8c6-992f-491c-9de2-98a9d3a6b025,60a46a59-decb-4c15-9dd2-5354eea94200,b0de9982-cba8-443f-aeb0-d390678e9397,54e0ec18-643c-444a-8a48-07fc1998c10f,3,Okay for short-term parking.,0.24,2026-01-26T15:14:00
82b60111-b9e5-4fc8-acbd-e3ef7c90d91f,5246af6a-9378-4809-8ae6-8f17233cf673,e53d7ad5-ca44-4488-bcaa-7dfbe0ac8a38,1f78198d-dec2-44b7-b8e5-35020eedf0d8,5,"Very convenient location, will book again.",0.6,2025-12-24T08:48:00
a5aea884-bd88-4516-9d0b-627fd8a59572,877b1c47-4f80-462c-af6d-a5b004e58548,d7cfdefe-2859-458d-8bc5-ab840a62418e,b34c9711-8c60-4d49-a4bc-3867b871a9f7,3,"Decent parking, nothing special.",0.11,2025-11-10T21:48:00
e259d985-f987-430f-ac0c-ef72c542649e,be074667-ffe3-41bf-a0c1-142602ccee8c,ee459ce9-6a73-42b2-9e8b-a5e34b05ebf4,62cbfe0a-0da8-406c-9259-114b849338c0,4,"Very convenient location, will book again.",0.58,2026-01-24T03:37:00
36d4ed0c-9743-407a-9581-70dc1eb0871f,142999e5-307a-4bf4-8240-57e97cc86f50,42591084-2367-45ae-98c3-6da0eb1bf09c,a0baccff-b977-4082-b2fe-991b0cbede7f,4,"Very convenient location, will book again.",0.62,2025-12-07T10:08:00
38e85797-e0fa-4615-a3cc-67efe02bd09d,f2ad57fb-f146-444e-9915-1d8aca933720,53c77199-1104-4a6e-beec-f5175c546c49,57fd6446-dffc-4de3-896d-7be5dc1dae93,5,Affordable pricing and close to metro station.,0.92,2025-11-10T23:38:00
885100d7-d8e9-473b-8711-b53730d69688,a128c8e3-79bd-470a-9dd9-29e6ea7a5d25,7b60e816-f6ce-4c95-a98c-b9b8eeb44e8d,f24ef824-c9d2-45aa-a763-fd2ad0e6dc2f,1,"Poor lighting at night, felt unsafe.",-0.3,2025-11-01T16:47:00
90f4ea6f-8866-4edf-ad62-4f0377dffd4f,f010f9cc-b2a2-4f4c-bff3-653872140b2c,f063fb91-dfae-415c-8fe1-caff87514d40,bb6490e5-4449-4cc1-b990-d80b50866eec,2,"Narrow entrance, difficult to park.",-0.75,2025-11-04T11:53:00
5eb2b666-365f-412e-9dd3-f2ae95ee0588,58dfe5bb-0b44-40a9-aea7-6b1f9eb40645,d7cfdefe-2859-458d-8bc5-ab840a62418e,6052a3d6-05c7-487d-bf98-5fcf703b0e8e,4,"Very convenient location, will book again.",0.6,2025-12-24T23:57:00
e7a2b9a2-8e7f-4c43-b58e-9543e9cb5f79,d407fa4b-5fd1-4575-8d71-7e298ea527a2,66e019e7-5c23-4c7a-8358-1da734b434fe,215b65e7-67a3-4c29-a432-3cce7bb2a1a3,4,"Great parking spot, easy to find and secure.",0.67,2025-11-18T17:31:00
5b99a2aa-a5c5-485f-9751-fff82182b07b,5178c5a6-5efa-4504-80f4-551669af1807,8253dd7a-18fb-473d-840b-1e186ba0c5e5,a6ae0b09-28e7-45d9-b55f-54ea71bf3bee,4,"Very convenient location, will book again.",0.7,2026-01-15T09:52:00
c712bd36-6ff0-4b9c-8b1d-f3a389c74735,cfdfd189-e956-4412-8514-e046100dbe9a,d6ee3f19-3155-4210-8064-c6121d669156,d771d2b6-27be-42f3-ba95-29228bf7a714,5,"Great parking spot, easy to find and secure.",0.54,2025-12-15T16:10:00
fa060484-9dd8-4624-9050-c3837d83c7c9,49c40658-bf14-457d-aab1-ff142d500a0e,d7cfdefe-2859-458d-8bc5-ab840a62418e,d0766c62-229f-4012-907b-4316bfdd3680,5,"Very convenient location, will book again.",0.57,2026-01-02T08:22:00
3e5659a1-b2f9-4a63-b2ed-e18d4d4e8fb5,8d9750c8-c678-4004-a403-18a45052c635,78ad0a9f-8291-4b2b-ba25-1ed481f9b863,ecc7e55b-a755-4cf7-b5a8-d4adfe446494,5,Clean and well-lit parking area.,0.69,2025-11-08T09:53:00
4d3e2307-96d8-434a-a774-599ea22d07d5,b7eab9e9-b8e8-450e-ade5-b1b37cc6a6bf,efc921b7-dee5-4ba3-8d14-01472a8afbe7,302f260c-f623-42a2-bf35-38cb0c3120e0,5,"Owner was helpful, smooth experience overall.",0.61,2025-10-21T03:03:00
ccb774ff-ae9a-495a-a076-52f55d6ad069,dcf48aa7-7d85-4b28-afb9-df059ab79656,365892af-a36f-4af7-bd9a-d5cf29756b87,c7339821-49f6-4307-aac7-3fade67db342,4,Affordable pricing and close to metro station.,0.88,2025-12-08T17:38:00
23ff85b9-69b1-4020-8c01-9e04b8ee53d3,bd0a161f-06f1-4c49-ae73-26214dbbb292,efc921b7-dee5-4ba3-8d14-01472a8afbe7,678ed166-de01-4b36-be64-1f2dd5af6e70,4,"Great parking spot, easy to find and secure.",0.84,2025-12-01T08:58:00
6ceb9ac5-1dae-4e81-a2f3-7209ca334cc9,442a0e97-6b3e-4afc-8ac8-b547aa9b92f5,66e019e7-5c23-4c7a-8358-1da734b434fe,1bc24e50-aff6-4864-86ff-a1617c3e23e4,4,"Very convenient location, will book again.",0.74,2026-01-18T16:22:00
cadf7b07-f0d0-4c23-b7d9-3b34a5282515,be4f8d63-2ebf-49f7-b3ac-0dad3d81b41b,30c9d6df-abe8-45ab-842f-ab365e631bcd,546a7abd-775b-474a-935f-bd40ddb70161,3,"Decent parking, nothing special.",0.07,2026-01-26T18:52:00
cf6dab6d-a7b0-44a3-8531-84bf76c923f6,26d5621e-bc18-4ce2-a258-8e3bc89f4429,e53d7ad5-ca44-4488-bcaa-7dfbe0ac8a38,91dac76b-7780-4927-9a1b-f511bf66687e,4,"Great parking spot, easy to find and secure.",0.87,2025-11-15T07:43:00
cc1034e8-0a2f-4b35-ada6-589d5bf20869,9ab9400c-1eff-4d82-ac2e-f0862aaf85cd,14d550ff-098c-4a84-8f96-7f9776734a1b,68550a78-576b-4975-8f82-471c06d40af6,5,"Very convenient location, will book again.",0.57,2025-11-13T13:54:00
6313f6f3-c1fa-4cea-97ec-8f5db0919aa7,0e0b358d-5fb8-4eac-9490-c65d5a817868,ad0d0b95-98d7-4e45-a170-6e6eb21249e4,cbc0db42-0fa3-4a1b-b16c-f954f68c9352,5,"Great parking spot, easy to find and secure.",0.9,2025-11-27T23:23:00
017ef467-b4fc-4316-8c96-16242171debc,1c59fc9a-7cf2-48c3-a919-e5be8ae2fd42,dccfe102-88f6-4a07-a791-76d919900546,653145f9-0dee-4eec-9359-2e4c02310ab8,3,"Decent parking, nothing special.",-0.08,2025-10-16T21:34:00
ff5a1598-5d83-4f5a-9f01-f22dee1ea24b,4beb3fdc-4b87-4446-bb60-6772a272ebba,ad0d0b95-98d7-4e45-a170-6e6eb21249e4,0ff15e64-e3df-4c12-9bad-28d1b793e549,2,"Poor lighting at night, felt unsafe.",-0.35,2025-11-11T10:16:00
64b5a30d-acca-4a84-bd78-4ea6ca7064ed,11c2bea0-839d-4a70-a4a1-86a186b24e55,efc921b7-dee5-4ba3-8d14-01472a8afbe7,d0afca3e-604d-40fc-bc09-50d2a56d64df,4,Clean and well-lit parking area.,0.56,2025-10-28T19:45:00
e9d24f05-51aa-4bde-b050-aaf83e6245a8,36b67d6d-b43c-42c5-aed0-24c2bb6a8bb1,695b7d7d-d6bc-45e4-9ccd-1ab692e481ae,11f82767-1b2c-4d81-98e0-92d3c3c2b3aa,4,"Owner was helpful, smooth experience overall.",0.87,2025-11-19T08:24:00
9c4e866c-bf38-4aa0-bb56-37c68a499c94,442a0e97-6b3e-4afc-8ac8-b547aa9b92f5,6f1380b7-12b7-40fd-8cde-756c8974b743,a13eadec-1034-4538-8fcf-b33e486d92d8,4,"Owner was helpful, smooth experience overall.",0.51,2025-12-26T19:57:00
c9c3861b-1e55-4708-8fc2-5c54167b9bf3,f04b3440-fac7-4177-8085-9e194fac1d99,14d550ff-098c-4a84-8f96-7f9776734a1b,98c22ac6-4d8b-4e19-8d27-c187b0558468,3,"Average experience, would use again if nearby.",0.23,2025-11-27T09:02:00
a6f9aa19-04cf-4128-9fa6-57492694afe5,d05d6b4c-e29c-486e-989a-1a0d30f62a5f,aed763d5-7c54-4ca7-8ac8-259d26fa6d2c,643e48a6-9428-492b-b519-92d7732646a0,3,"Decent parking, nothing special.",0.13,2025-12-14T22:00:00
ca13d24f-5f31-44ad-9d90-8b7cc94ad647,d252f73a-00d4-483e-8127-017911e18fa7,d59e8262-1e8f-4602-914e-5551b3174e5b,10e14b88-b055-48ba-b587-f47943a3920c,5,"Great parking spot, easy to find and secure.",0.51,2025-11-23T12:09:00
42bdff2f-01ec-49f4-b35e-612d0fac1b15,58dfe5bb-0b44-40a9-aea7-6b1f9eb40645,aa8039b3-3308-4616-8ab0-12c28e7246e4,e90263ff-2c63-42d3-8097-1926ddad5aad,3,Okay for short-term parking.,0.21,2025-11-21T02:38:00
52ddf223-34be-4a92-9c3c-c73785c65cff,d9e0dd75-199f-4cca-9166-e39a38afcea0,d7cfdefe-2859-458d-8bc5-ab840a62418e,83f49c56-030e-42c9-b353-36166f2fd538,5,"Owner was helpful, smooth experience overall.",0.55,2026-01-11T22:03:00
c0d6c5d9-1d8d-46b1-a71c-ac76ac7c6926,9dd34665-f8c0-45b7-97e8-9cd4be56b238,f063fb91-dfae-415c-8fe1-caff87514d40,f3ea4f03-0ba8-4c96-927e-1db7b0ff1b49,4,"Owner was helpful, smooth experience overall.",0.74,2025-12-19T20:21:00
4401b33f-2206-4e40-888a-613b049902cf,a26479e4-b4df-46bb-9457-c697d859151e,08a20e54-8f66-49fb-89d7-59c930d42d9a,9ca7acae-9bf5-4c1e-b639-330ed8b5f438,3,"Average experience, would use again if nearby.",0.03,2025-11-13T11:47:00
1817c329-22c3-4ee4-9fd0-eb63326210b4,877b1c47-4f80-462c-af6d-a5b004e58548,bc464c1d-5590-438c-acc7-efab360d5bc8,5fbd1628-b7b4-42a2-b8ef-4c8d5945a085,1,"Slot was occupied when I arrived, had to wait.",-0.44,2025-10-16T10:25:00
f87c23df-fa8a-4a81-93f5-f992e4eb9e9b,7aa3d495-c307-4efb-b5a1-cb73a753544c,d6ee3f19-3155-4210-8064-c6121d669156,355b74ce-5f55-4a22-a7d0-d099d7c5e125,4,"Owner was helpful, smooth experience overall.",0.88,2025-12-19T23:05:00
4f7d9d05-4aa3-4108-abdb-70654f561481,994007a2-e10c-4c44-9459-ba5958180d9a,b0de9982-cba8-443f-aeb0-d390678e9397,6b278704-498a-4800-9f0d-a19035a706b0,5,"Owner was helpful, smooth experience overall.",0.71,2026-01-05T00:00:00
235bed68-4d8f-465a-a1a3-a18e7e2ff103,9cb4ef93-c5ee-472e-bc8e-c27dd4448e7b,aa8039b3-3308-4616-8ab0-12c28e7246e4,ea36faea-14a1-47c9-8776-e5207d1bec0e,2,"Poor lighting at night, felt unsafe.",-0.45,2025-12-12T21:54:00
a1a8b3f9-d68c-4019-a0df-53c53e7abf12,46b6a70b-078e-462c-a5ba-ecf7b5064e0a,30c9d6df-abe8-45ab-842f-ab365e631bcd,87ab5f6f-6f11-4cd3-a9e6-242cd85924cc,4,"Owner was helpful, smooth experience overall.",0.91,2025-10-05T01:11:00
99cf505a-99d8-452b-b52f-45fe60d0fe7a,2f69688f-73d1-4b35-a5a0-a0cb9fff72ec,6f1380b7-12b7-40fd-8cde-756c8974b743,b9dd28de-80d0-40da-a366-3978db80132b,4,Affordable pricing and close to metro station.,0.81,2025-11-04T05:02:00
5728c17c-e75f-432f-a1ac-5385cede4555,f04b3440-fac7-4177-8085-9e194fac1d99,bb8721a8-2bae-4da5-ae71-1d0cfc8a49d3,9e7ad5d7-299a-478c-86a3-fa5eaff7d95e,3,Okay for short-term parking.,0.03,2025-10-03T11:17:00
82eb308b-e082-4863-b7e6-89abc86cae3c,dbab4a25-1918-4cdd-bf93-2896fde8d17e,bb8721a8-2bae-4da5-ae71-1d0cfc8a49d3,05e8049b-544d-421c-b077-dd02b84329cc,4,Clean and well-lit parking area.,0.71,2026-01-26T09:31:00
cdf2d09d-43a1-4357-9ef9-42294dfe983d,857902eb-1351-4a17-b66c-d0020a8a460a,695b7d7d-d6bc-45e4-9ccd-1ab692e481ae,8c177ffb-f168-4d48-85e4-979b9d889748,4,Clean and well-lit parking area.,0.6,2025-12-12T19:18:00
a9b99369-e6f7-4249-a7d0-ad627513864a,af8d3b09-87a3-492d-b614-12760cfcd0af,bc464c1d-5590-438c-acc7-efab360d5bc8,4b04bc73-6360-4d77-8862-89c682a2bcc5,5,"Very convenient location, will book again.",0.71,2025-10-03T16:24:00
43096a37-e827-4ee9-9e2f-679e13f4941b,9cc3bdbe-eebe-44c1-af7d-d182e0bb848e,30c9d6df-abe8-45ab-842f-ab365e631bcd,7e8337b3-ee48-47a1-babe-e3a7b0388d0f,2,"Slot was occupied when I arrived, had to wait.",-0.75,2026-01-12T20:11:00
95fbba7f-5556-4732-9a04-5e79bdd1542c,f6e2f2c4-a6e8-4a47-b63f-dc4c8646e964,66e019e7-5c23-4c7a-8358-1da734b434fe,f31ec124-a355-4a50-83a4-7caffdbf19fb,3,"Decent parking, nothing special.",0.22,2025-11-22T21:17:00
457dc3ba-a484-4c53-8dce-64ba1f82e57b,b54c166a-7c11-48b8-a696-3d1f211b31e8,dccfe102-88f6-4a07-a791-76d919900546,b35fd410-9d5e-4aeb-b150-cfe0cd3c3cb6,3,"Average experience, would use again if nearby.",0.14,2025-12-19T13:00:00
bd068321-9a3e-4fff-a34a-91df936886f2,388adf72-ed8e-4826-a1dc-430335d9240d,66e019e7-5c23-4c7a-8358-1da734b434fe,9f301f00-7d75-42df-892a-f8633fa0e454,4,Clean and well-lit parking area.,0.78,2025-10-27T21:13:00
7306db9c-dd32-4474-b4ce-bebe47898e05,113e0fc3-ac7c-4aa5-94eb-ac8046cb60ed,bc464c1d-5590-438c-acc7-efab360d5bc8,307dc863-01e9-4e5b-beb9-68e246406fe5,4,"Very convenient location, will book again.",0.55,2025-10-24T01:29:00
7d3ad9ed-3371-4408-8428-ee4d224dbf0a,a71af03f-9582-4d96-a9ed-db655d49ed1b,d2a8af93-39d7-4599-8a35-7cf21819f4b2,46dc8077-c4c9-40ab-80c4-facd4399db0f,5,"Great parking spot, easy to find and secure.",0.5,2025-11-12T14:40:00
d223e8e7-33dc-46da-b32a-03ca7c3625cf,82fb7949-1329-4cba-a1bd-3b10e49fa04a,66e019e7-5c23-4c7a-8358-1da734b434fe,453803be-2df6-4166-a7c0-c338d4b20569,4,"Great parking spot, easy to find and secure.",0.86,2025-10-24T03:44:00
a08c892f-d7fd-45b5-aff6-648847d26dfc,c93534d5-7e36-4c89-bd78-a77559e5e18b,bc464c1d-5590-438c-acc7-efab360d5bc8,b9a8e2e6-24be-4d48-a949-4015399d158c,5,"Very convenient location, will book again.",0.74,2025-10-29T21:36:00
0376ba37-9ae8-43e2-839a-0ab3155361c4,5a6b23c7-c27b-4d06-b319-4c7f4dc8c5d4,6e3b42ab-8562-41a3-a0d4-c8c989d7baf3,bc75fe0a-8645-4544-9eb6-c6dcd06e2a51,2,"Poor lighting at night, felt unsafe.",-0.34,2025-11-27T13:36:00
437d9ce0-9f3f-408e-bba4-b3e6717a0e91,071d0229-2b82-4af7-b921-faca7bad858e,6f1380b7-12b7-40fd-8cde-756c8974b743,7124eae3-5134-4d31-92b5-8b6e0d9f7474,4,Affordable pricing and close to metro station.,0.74,2025-10-29T13:01:00
aa3215c6-d750-454d-bf7b-c9d99dc07a7c,3585a529-1a8b-42fa-bf2f-40a2ffe4e350,d2a8af93-39d7-4599-8a35-7cf21819f4b2,fd6637a5-21df-4df8-8889-fb974cd91710,5,Affordable pricing and close to metro station.,0.6,2025-10-13T19:24:00
d19993d5-b979-418f-bca5-da2ade15a69d,8708d2ec-59c7-481d-893a-8503e787c1eb,6e3b42ab-8562-41a3-a0d4-c8c989d7baf3,a592e347-92bb-4fcd-898c-b52ab5272d2f,5,Clean and well-lit parking area.,0.81,2025-11-28T20:53:00
47397a0d-f1a6-4870-a99d-6e5e56d8e30d,b121dd15-fd8e-46c6-839b-5eeda960f56a,aa8039b3-3308-4616-8ab0-12c28e7246e4,f38b486e-8045-420e-b615-7d89b0cff6fb,1,Price was higher than what was listed.,-0.48,2025-11-05T19:15:00
38323f5f-bb3d-484a-b74c-4e229bcc4304,6314903e-c210-4033-9e11-12625301bc1d,bc464c1d-5590-438c-acc7-efab360d5bc8,85f8e9bf-c978-4e7f-b87d-c53c302efeb6,5,"Very convenient location, will book again.",0.53,2025-10-06T07:42:00
12622fbb-ab67-43db-a13b-08bf6c49cd70,65a9ebcd-7863-4808-8d99-67b85a4b4fdb,ee459ce9-6a73-42b2-9e8b-a5e34b05ebf4,75f42cb8-5b99-455d-8735-4449b041d025,2,"Poor lighting at night, felt unsafe.",-0.48,2025-10-13T07:33:00
edd78646-869e-4bda-994c-61b03a7e900d,60a46a59-decb-4c15-9dd2-5354eea94200,eeb4d423-17f5-4d6c-a6e7-ad79313471a9,24e21d84-e8c5-4c83-9370-8552807edfa4,4,"Great parking spot, easy to find and secure.",0.6,2025-12-15T22:33:00
eed8ec88-4d45-4a2b-8686-889a9601549b,02108c92-ad8b-4e39-a390-6cca2612f9bc,d2a8af93-39d7-4599-8a35-7cf21819f4b2,8bd3bc2a-4581-4611-97d8-9fe00e554727,4,"Very convenient location, will book again.",0.61,2025-12-12T18:11:00
8ccfe7a4-95bf-4925-aa1a-1aeb8a187afe,46bdc850-3cf5-4361-9686-fdb85d5d8484,d7cfdefe-2859-458d-8bc5-ab840a62418e,cfb0c428-b38b-497c-a740-634c97dc799c,4,Clean and well-lit parking area.,0.51,2025-10-29T20:58:00
b927d1f2-a092-4281-9d8c-bb1f5c958183,2927e51f-d212-4584-b4e3-640a2479826b,7107ee03-6709-40ba-adfa-380007cc77c0,1527166b-5c73-4870-bab1-317474e88d42,3,Okay for short-term parking.,0.15,2025-12-02T17:30:00
06edd560-9aca-4c17-ac46-80590cf42c9f,5a6b23c7-c27b-4d06-b319-4c7f4dc8c5d4,eeb4d423-17f5-4d6c-a6e7-ad79313471a9,9b386bd3-8495-447f-af85-57fb7131a3ad,4,"Very convenient location, will book again.",0.83,2025-11-09T22:16:00
ccd20318-2d2e-4cb0-8f02-9bd9932620a2,f32092ce-bcba-4dd2-94ac-d809bf6de7ba,e53d7ad5-ca44-4488-bcaa-7dfbe0ac8a38,4ebe53d1-ab8b-4b69-a423-e60e1d90dcd8,5,"Great parking spot, easy to find and secure.",0.6,2026-01-18T14:49:00
d2575410-2a04-475e-8ffd-7ed504b39533,bff2838c-18f1-4e11-94fb-08fe6535081d,ad0d0b95-98d7-4e45-a170-6e6eb21249e4,8e5e0070-600a-4851-a9fd-33cf6b4edc4b,5,"Very convenient location, will book again.",0.86,2026-01-21T21:31:00
61f5992c-90ed-48b7-8e38-341b0690148b,8f8a056f-64c4-4ad2-8d2d-457fc5669aa9,b0de9982-cba8-443f-aeb0-d390678e9397,31633d1e-3e5a-41f2-b6d4-829ff41b4307,4,Affordable pricing and close to metro station.,0.84,2025-10-02T19:55:00
cc5d321d-2423-4275-8521-cdeb41c13d78,a7c4fb7b-b307-45c8-91ef-8d9a80a407a5,efc921b7-dee5-4ba3-8d14-01472a8afbe7,cdb39880-fc84-4976-87cd-3f0afd52bdd6,3,"Average experience, would use again if nearby.",0.06,2025-11-21T20:18:00
9cb38c78-32f5-4dfa-8c82-636796ca5870,46bdc850-3cf5-4361-9686-fdb85d5d8484,695b7d7d-d6bc-45e4-9ccd-1ab692e481ae,6fbc89c7-f474-4998-b5f3-55f4e917c475,4,"Owner was helpful, smooth experience overall.",0.53,2025-10-18T09:05:00
6009ccb8-300b-45a8-8ff7-d8eb46f00115,db47a8ff-d23c-402d-80e2-d7b9c16fc5d2,66e019e7-5c23-4c7a-8358-1da734b434fe,b13a17d5-4b4f-4dc0-804e-5bac3451c383,5,"Great parking spot, easy to find and secure.",0.63,2025-10-31T09:38:00
9f1ec112-2d12-4c59-8032-deb548c7d619,0e0b358d-5fb8-4eac-9490-c65d5a817868,b0de9982-cba8-443f-aeb0-d390678e9397,dad2ebe9-a45b-46a7-8881-45dbbb25c032,4,Affordable pricing and close to metro station.,0.57,2025-11-20T11:25:00
d84e2de3-dbf5-4476-a2fb-1d01883fe84b,388689f2-d306-45bd-9a3e-51b60104e7b8,365892af-a36f-4af7-bd9a-d5cf29756b87,22498854-03b2-406d-a8c7-9781c6163309,1,"Slot was occupied when I arrived, had to wait.",-0.32,2026-01-26T02:29:00
6e101886-174a-4299-aafe-cc64b54be36a,2551fac8-9d67-46d9-953b-c6b38828df0a,dccfe102-88f6-4a07-a791-76d919900546,b2e44e76-7ca6-48b6-abf3-8c793d32cd69,4,"Great parking spot, easy to find and secure.",0.87,2025-12-02T14:06:00
34dc788c-c207-421c-bbfa-204900779dc3,b21aebda-2049-4c70-bc7c-bfd60bbcbdca,365892af-a36f-4af7-bd9a-d5cf29756b87,4ed633b8-0ec6-4530-9e72-64a13ebe7aa4,5,"Owner was helpful, smooth experience overall.",0.54,2025-10-07T19:39:00
0d76e5fb-b628-407a-86ea-32ef17549868,74715f8c-48e0-4c83-a4a6-dcf798935909,d6ee3f19-3155-4210-8064-c6121d669156,e941fda2-4821-4fc0-8657-97ae6bac65bc,4,"Very convenient location, will book again.",0.73,2025-11-22T09:50:00
35e89ff0-c7c9-45ce-b2b0-7f9c77702d2b,ab4320c7-c267-4d37-a343-4e66bd8ce9f6,66e019e7-5c23-4c7a-8358-1da734b434fe,24cca732-ecb6-48fc-afd2-16515a4959d2,5,"Very convenient location, will book again.",0.62,2025-11-30T11:07:00
b2f2035d-7f78-4776-8417-715bed5425ec,f2f55bd1-e8a5-434d-83b1-0e4c7f747abb,08a20e54-8f66-49fb-89d7-59c930d42d9a,10d90de6-ef32-46a6-b1dc-f7da270c410e,5,"Very convenient location, will book again.",0.51,2026-01-04T18:43:00
24574ba4-ea05-406c-bbd3-913db70bfc77,5b7b16c9-e192-4b33-80f0-b3ac574db510,aa8039b3-3308-4616-8ab0-12c28e7246e4,8e55f819-5730-483d-9a8a-8d54cecf16c2,5,Clean and well-lit parking area.,0.65,2025-11-04T08:13:00
d0d77529-498f-4b26-aa17-94a4286dafc4,afb54ff1-68e3-4cfd-8572-7151fb0a53e5,237291de-6a6d-452f-ad82-2f915745a94a,e1ba5979-88d5-42c1-8dda-2f75f0d0c6f7,5,"Great parking spot, easy to find and secure.",0.56,2025-12-03T02:10:00
6a85880e-08e2-4c51-b722-2122fa074be6,9443a787-02d1-4c19-9ef9-d2058a7453b6,e53d7ad5-ca44-4488-bcaa-7dfbe0ac8a38,7bd081d6-16ae-47b6-8345-ade864c42a04,3,"Average experience, would use again if nearby.",-0.01,2025-10-22T08:58:00
288ebd82-7e21-4b30-9c57-e27d2e7bb68f,07847f1f-f654-4d7d-97f6-2b7e4827f51e,bb8721a8-2bae-4da5-ae71-1d0cfc8a49d3,e3437f0c-502e-4259-8ba4-f46dd3014587,5,"Great parking spot, easy to find and secure.",0.65,2025-11-07T19:20:00
99c40ee3-fd13-4814-a3eb-2b102208ae28,0f356d86-c7ff-4da7-a7c5-87fc9f747a13,19c8358a-b82b-4ab4-b5a8-645fd399e303,647078fe-22c5-4323-85c1-e48ac0a1bcb3,3,"Average experience, would use again if nearby.",0.06,2025-11-16T13:14:00
ff58a8a6-ad9f-4cbf-82fa-175c93e66830,d338ea08-ef80-4005-809e-6b37e8f6f383,bc464c1d-5590-438c-acc7-efab360d5bc8,5afe46c7-b488-4991-b351-5ca019652476,5,"Owner was helpful, smooth experience overall.",0.71,2025-10-25T00:26:00
7bb12391-f80e-4495-bf9f-e34ecdf99754,cfdfd189-e956-4412-8514-e046100dbe9a,78ad0a9f-8291-4b2b-ba25-1ed481f9b863,ce00b216-615c-4c48-9df8-bc588a95f059,5,Clean and well-lit parking area.,0.73,2025-12-18T19:44:00
7b8bc9de-f9e3-4b24-adda-324e41a28841,d407fa4b-5fd1-4575-8d71-7e298ea527a2,237291de-6a6d-452f-ad82-2f915745a94a,8b572579-9c15-4861-a211-70bb1137812e,5,Affordable pricing and close to metro station.,0.67,2025-11-29T06:53:00
0090740f-28a8-4630-bb86-d1eb5d5cbca9,a1c3a1f9-0d90-4d39-b45e-b61f457e15b7,b0de9982-cba8-443f-aeb0-d390678e9397,caad3a90-26b2-4e24-8c8a-824090150184,4,"Owner was helpful, smooth experience overall.",0.72,2025-12-12T09:37:00
c4c458aa-fc4f-44cf-be4a-29170a7e5f8a,46bdc850-3cf5-4361-9686-fdb85d5d8484,365892af-a36f-4af7-bd9a-d5cf29756b87,9f84853c-87d2-478b-8972-d25fdef4c392,4,"Great parking spot, easy to find and secure.",0.69,2025-10-23T20:38:00
43e505a9-26a4-4600-80cb-6d4ef4f7a804,26d5621e-bc18-4ce2-a258-8e3bc89f4429,f063fb91-dfae-415c-8fe1-caff87514d40,995c31d3-b75b-42ae-b275-c41ac1cad7f8,4,"Owner was helpful, smooth experience overall.",0.93,2025-10-14T07:33:00
807d191c-466f-4f25-b0cd-3140fbad7306,46e30834-9cd9-488b-b58c-adc12efa773f,d6ee3f19-3155-4210-8064-c6121d669156,852a5ff4-6981-4833-9072-b71cddfe541f,5,"Owner was helpful, smooth experience overall.",0.53,2025-12-15T10:41:00
66f39d8f-23c9-4903-99fa-a0e6c56f3914,46e30834-9cd9-488b-b58c-adc12efa773f,365892af-a36f-4af7-bd9a-d5cf29756b87,1a41487f-4a18-48d1-8ff5-f8111ab4b6b7,5,Clean and well-lit parking area.,0.76,2025-11-14T17:06:00
8f71eaba-2195-4774-be9f-0a3daffae5c1,d407fa4b-5fd1-4575-8d71-7e298ea527a2,aed763d5-7c54-4ca7-8ac8-259d26fa6d2c,f4507214-2270-49a4-bcea-79cc54feb2a6,4,Clean and well-lit parking area.,0.59,2025-12-02T21:30:00
d8c8d17d-88ee-4f7e-b60b-2c4e2cef9225,ab4320c7-c267-4d37-a343-4e66bd8ce9f6,d7cfdefe-2859-458d-8bc5-ab840a62418e,bb7897a9-2e37-4ad9-b2e2-6767327dd789,4,"Owner was helpful, smooth experience overall.",0.67,2026-01-16T19:20:00
669e2a61-8c6a-4480-aa6a-2772a6a6f88d,d3c43590-34fb-498e-b253-feb31c1698ea,eeb4d423-17f5-4d6c-a6e7-ad79313471a9,ebb00a9b-5dfc-452a-a948-baea3c518688,4,"Great parking spot, easy to find and secure.",0.75,2025-12-31T17:37:00
f01f7155-a898-4f59-9fc4-0697a97f6ce0,96751397-583f-47dd-93b4-5631fa45cc03,53c77199-1104-4a6e-beec-f5175c546c49,2d949417-084a-460b-974b-4b0ffcf59e91,2,"Narrow entrance, difficult to park.",-0.44,2025-11-02T18:01:00
d974f423-4ef5-4a8a-89fb-ecb44f91c930,b3777ebf-a223-405b-bdfb-26c99551ddd6,efc921b7-dee5-4ba3-8d14-01472a8afbe7,54f3bcd9-ae27-4fbc-982c-a5fa1241e846,3,Okay for short-term parking.,0.29,2025-10-07T16:34:00
02456e8b-21de-44fa-ac66-9fd50e1620b6,bd0a161f-06f1-4c49-ae73-26214dbbb292,efc921b7-dee5-4ba3-8d14-01472a8afbe7,253c6716-ec0a-4d6b-a4c1-79542854ee08,5,"Very convenient location, will book again.",0.72,2025-11-30T12:49:00
f09a1c26-db21-4044-8ce8-c9a32a03d9a3,388689f2-d306-45bd-9a3e-51b60104e7b8,d2a8af93-39d7-4599-8a35-7cf21819f4b2,d1e56610-c95e-4336-867f-86e0c737dbe7,5,Clean and well-lit parking area.,0.62,2025-12-21T12:55:00
f1f0ca65-59c6-4e2a-b6db-d2d9df6ec0d0,f0e78e54-8eee-440e-a1d3-3cd7a6704ef9,aed763d5-7c54-4ca7-8ac8-259d26fa6d2c,11cb4476-9ea2-4118-b1bd-794e31e7ebcb,4,"Great parking spot, easy to find and secure.",0.86,2025-11-09T15:46:00
d3858559-863b-4d2d-ad35-51ab996dbf5d,388689f2-d306-45bd-9a3e-51b60104e7b8,e53d7ad5-ca44-4488-bcaa-7dfbe0ac8a38,3b528521-fd05-46d1-903b-f6ec521a5cf8,3,"Average experience, would use again if nearby.",-0.01,2025-10-14T10:55:00
5ca35d6f-c72f-4b41-b308-78f236662bf7,b54c166a-7c11-48b8-a696-3d1f211b31e8,aed763d5-7c54-4ca7-8ac8-259d26fa6d2c,f7fd4b04-921d-4f6e-9d04-5814963add85,4,Clean and well-lit parking area.,0.73,2025-11-15T21:56:00
dc14b74d-2c9b-4524-9ed4-accf6eef2fd8,b54c166a-7c11-48b8-a696-3d1f211b31e8,aa8039b3-3308-4616-8ab0-12c28e7246e4,adf2af1c-a87f-4b5c-9c40-e15e487c69eb,3,Okay for short-term parking.,0.24,2025-11-15T23:43:00
83282d3f-8865-4339-a509-291ba26bfb18,77271711-a6a1-459c-a267-4bcf2e90d18f,42591084-2367-45ae-98c3-6da0eb1bf09c,c88bcf8d-34f4-4bbe-881e-703af662a18b,4,Affordable pricing and close to metro station.,0.68,2025-10-13T23:45:00
a005e7fe-f4fc-45da-a0b3-7672409d27e5,f2f55bd1-e8a5-434d-83b1-0e4c7f747abb,ad0d0b95-98d7-4e45-a170-6e6eb21249e4,90cf2602-00d2-4d59-a363-4f3b356579d2,3,"Decent parking, nothing special.",0.12,2025-11-07T08:45:00
21a39a11-18d1-4fa3-8e49-53e8de7f131e,1453ff1c-0ed9-4fd1-a785-1c1d28d78a55,7b60e816-f6ce-4c95-a98c-b9b8eeb44e8d,c19dce6c-c6a2-46f7-a84c-c97a2d8c9197,4,Affordable pricing and close to metro station.,0.55,2025-12-02T13:49:00
04335809-5e09-4503-811d-9a7dd81d1d13,ed64dea8-a873-4832-8f78-421ade42cf06,42591084-2367-45ae-98c3-6da0eb1bf09c,921c5a6b-63dd-4422-a3d9-3a841e24bf93,4,"Owner was helpful, smooth experience overall.",0.53,2025-11-28T04:31:00
49180dff-f1fe-40af-8671-d03ad348fb89,959aa198-9cfd-4b61-8a61-cd37d5785662,bc464c1d-5590-438c-acc7-efab360d5bc8,b1b30724-6adb-4521-b77e-bd84c6c57dd4,5,"Very convenient location, will book again.",0.94,2025-12-24T23:01:00
f7ae66fc-63e3-4e46-aca1-a1fdee2029ee,5b292114-7ba8-4602-ba9b-11c0dad1188f,30c9d6df-abe8-45ab-842f-ab365e631bcd,c7ae77ab-97cc-4684-82d5-4fe54bd0a302,3,Okay for short-term parking.,-0.03,2025-12-18T15:38:00
557ac3ee-223c-4619-a930-02853e86be71,a568eb2a-9343-405d-813e-ff36267453fe,30c9d6df-abe8-45ab-842f-ab365e631bcd,5c9471c1-566c-4375-9545-9c007a871add,4,"Owner was helpful, smooth experience overall.",0.65,2025-11-15T14:55:00
da4522fb-670e-4738-971a-c39cb96928c8,113e0fc3-ac7c-4aa5-94eb-ac8046cb60ed,bb8721a8-2bae-4da5-ae71-1d0cfc8a49d3,e09d50b4-6c79-4964-9351-a5854d059ef4,2,"Poor lighting at night, felt unsafe.",-0.6,2025-11-05T18:03:00
598b3cbe-5f97-4218-9434-39d755f40970,01ade973-587d-4bff-92ba-bfb6e02c6cba,d59e8262-1e8f-4602-914e-5551b3174e5b,5ff248a9-07d3-415c-a525-21c24cdb87c6,3,"Average experience, would use again if nearby.",0.05,2025-10-22T19:56:00
433deb43-1cc2-49df-9c31-fb3dc1c21d92,f04b3440-fac7-4177-8085-9e194fac1d99,19c8358a-b82b-4ab4-b5a8-645fd399e303,82fb7599-25d9-4d60-bab6-6538c7333625,5,Affordable pricing and close to metro station.,0.54,2025-12-13T16:13:00
a41e3559-a559-482c-a620-08b0fc5cef11,b72d0ed5-ada1-4992-9b3d-3c34c1f15472,efc921b7-dee5-4ba3-8d14-01472a8afbe7,49bf9b08-3c28-4dcf-a42d-88125d7668e3,4,"Great parking spot, easy to find and secure.",0.59,2025-11-09T18:02:00
cc62e545-65ea-4010-8995-a048ae2e620f,1c59fc9a-7cf2-48c3-a919-e5be8ae2fd42,78ad0a9f-8291-4b2b-ba25-1ed481f9b863,1abb6fe8-32f6-4e2d-a9c1-370fb6112113,5,"Very convenient location, will book again.",0.72,2025-12-13T13:45:00
9e7a9bf4-47ae-4cbd-bbc3-b50c211f31d1,b54c166a-7c11-48b8-a696-3d1f211b31e8,d59e8262-1e8f-4602-914e-5551b3174e5b,eed38753-4caa-4c11-87ff-135b5b1d59e9,3,"Decent parking, nothing special.",0.08,2025-10-31T18:57:00
ab3cd5b5-8495-41fb-aa24-717790f3dc12,a7c4fb7b-b307-45c8-91ef-8d9a80a407a5,efc921b7-dee5-4ba3-8d14-01472a8afbe7,0bf8baea-e2c0-4f0c-b532-f342289a46b0,3,"Average experience, would use again if nearby.",0.22,2025-10-05T21:05:00
a34fa9e9-6483-4560-8e5f-78832b96aeaa,f010f9cc-b2a2-4f4c-bff3-653872140b2c,695b7d7d-d6bc-45e4-9ccd-1ab692e481ae,f71aa674-2b82-4ac7-844e-a7583cfbdd2c,5,Affordable pricing and close to metro station.,0.64,2026-01-01T09:36:00
a75d7bc8-2ae4-483a-86a5-49369a3049fa,1453ff1c-0ed9-4fd1-a785-1c1d28d78a55,d59e8262-1e8f-4602-914e-5551b3174e5b,c8f462ea-e101-4c18-9f7e-3d7acc6ca04d,4,"Great parking spot, easy to find and secure.",0.92,2026-01-01T22:01:00
0c43fc46-fb12-4dd0-a65b-54a7c4e93bea,9d15ffc3-e80a-4ebc-9354-52be9f89db50,30c9d6df-abe8-45ab-842f-ab365e631bcd,cc0ee29c-eac5-46f6-b007-993b72be7473,5,Affordable pricing and close to metro station.,0.63,2025-10-18T10:03:00
ec469858-a535-43b7-8029-cdfceff5143a,2641f5d4-a55d-4bf1-be2b-6179532fbdf0,efc921b7-dee5-4ba3-8d14-01472a8afbe7,7c3b5740-3ec1-4951-9658-1591ed9f9d03,4,Clean and well-lit parking area.,0.65,2025-12-14T10:23:00
7ac323e5-8848-477b-9f5b-5fce43ea87e8,071d0229-2b82-4af7-b921-faca7bad858e,ad0d0b95-98d7-4e45-a170-6e6eb21249e4,c4ae3000-d6b1-4066-8c4c-74265af1aeac,3,"Average experience, would use again if nearby.",0.28,2025-10-29T00:45:00
ff6b413d-cbe1-4712-99a8-dc85e9bc5b9d,701ab034-7338-48ac-804d-b83325e68904,e53d7ad5-ca44-4488-bcaa-7dfbe0ac8a38,98417224-225d-422f-8fbb-f2870d178174,5,"Owner was helpful, smooth experience overall.",0.88,2025-12-07T14:36:00
17d32caa-d11a-4de4-9ad5-a14ddfbc12a5,7e636024-08c4-455c-bc1d-4d2db8566ef0,30c9d6df-abe8-45ab-842f-ab365e631bcd,b157f749-515d-4b27-9d33-d5d8ea4fcdbf,4,Affordable pricing and close to metro station.,0.64,2026-01-28T09:31:00
96867c47-4485-4aec-8036-2a4285df74e1,f04b3440-fac7-4177-8085-9e194fac1d99,e53d7ad5-ca44-4488-bcaa-7dfbe0ac8a38,e794177d-6870-468b-b054-9cf19e3c5935,5,Clean and well-lit parking area.,0.68,2025-10-26T08:12:00
70c2ec8b-e465-4c7c-b948-b2eba3db02af,f04b3440-fac7-4177-8085-9e194fac1d99,f063fb91-dfae-415c-8fe1-caff87514d40,2dab9a68-057f-4f41-87c3-e3dcbb2f50c5,3,Okay for short-term parking.,0.24,2025-12-03T19:12:00
4192b364-e454-49ba-9242-3f8649715fd1,07847f1f-f654-4d7d-97f6-2b7e4827f51e,7107ee03-6709-40ba-adfa-380007cc77c0,f01e196a-63ec-41ba-91f3-57cd6e882dce,4,Clean and well-lit parking area.,0.54,2025-10-04T18:07:00
58f2f78b-72c6-4cf7-9520-c5cdc3e93999,91190595-9e10-41ee-9702-23f0e4fc5b66,bc464c1d-5590-438c-acc7-efab360d5bc8,ec5f99b6-81c0-485a-b211-9af513e0e2ed,4,Affordable pricing and close to metro station.,0.63,2025-12-19T12:31:00
ba43bddb-96a2-4715-8809-b22ffe35b224,2f69688f-73d1-4b35-a5a0-a0cb9fff72ec,aa8039b3-3308-4616-8ab0-12c28e7246e4,014b0138-0a22-469e-915c-2779412fe233,4,"Very convenient location, will book again.",0.74,2026-01-24T10:31:00
3236d185-15e8-4faa-9264-351954831d50,9bc7590e-0c5c-439e-a1f3-bc877324ce34,66e019e7-5c23-4c7a-8358-1da734b434fe,aa86cdcd-cc46-4d04-882a-2a54199740df,5,"Very convenient location, will book again.",0.87,2025-12-28T08:39:00
5a5825c9-6680-4aa5-b033-230ff7ec1d22,ee149de9-5939-4948-913a-0f3e3b34333a,365892af-a36f-4af7-bd9a-d5cf29756b87,bd6da4d2-eec2-4e39-9a92-e0e77b13a6bc,5,"Owner was helpful, smooth experience overall.",0.75,2025-12-16T19:50:00
c5811b3f-b2e0-46bc-84f0-898b8eb756ff,7e636024-08c4-455c-bc1d-4d2db8566ef0,19c8358a-b82b-4ab4-b5a8-645fd399e303,aae3c3a8-1ccd-433d-8b04-af4fd64d82ba,4,"Very convenient location, will book again.",0.72,2025-12-10T05:31:00
5c937b63-43c9-462e-85ed-2c543fd8e5a1,885a8633-088a-4929-8467-306108a21c91,66e019e7-5c23-4c7a-8358-1da734b434fe,a1ccd569-961e-49d5-807f-6797b1076a4b,5,"Very convenient location, will book again.",0.93,2025-12-25T16:37:00
357d056d-4aee-4261-8072-84622de878dd,b68b0696-eb24-408c-aa2e-a8f38d864d07,b0de9982-cba8-443f-aeb0-d390678e9397,afe08c52-caba-4b75-8513-e8db52cc581c,4,"Owner was helpful, smooth experience overall.",0.55,2025-12-23T10:58:00
27ad9c23-fb84-40d4-b149-9e53ac735b63,60963040-4c45-41e0-9ea5-31cc05756a00,19c8358a-b82b-4ab4-b5a8-645fd399e303,1875aa44-084e-4727-b814-5cf6283a2b4c,5,Affordable pricing and close to metro station.,0.85,2025-10-11T08:02:00
1e0be182-3720-4921-ad9a-5247071a270c,60a46a59-decb-4c15-9dd2-5354eea94200,efc921b7-dee5-4ba3-8d14-01472a8afbe7,8a03d506-c95d-4eca-b0a3-b9fff8aa49f6,1,"Slot was occupied when I arrived, had to wait.",-0.82,2025-10-17T13:16:00
80ff6da6-0a77-4529-ac21-7ed883eaf2d2,9443a787-02d1-4c19-9ef9-d2058a7453b6,b0de9982-cba8-443f-aeb0-d390678e9397,eb365798-d593-4a15-8941-818ff740c0a4,5,"Very convenient location, will book again.",0.83,2026-01-13T19:21:00
a7be6cfb-5bf7-46cc-9da4-1a4cd71651fb,e989cdb7-ad0e-4c36-a170-afeb109aaf40,dccfe102-88f6-4a07-a791-76d919900546,b25269c3-e307-4ec5-9b1e-f20be88378a1,4,"Great parking spot, easy to find and secure.",0.74,2025-10-09T16:02:00
a1f4ae7a-ba11-4335-ab12-9e413856fe91,a128c8e3-79bd-470a-9dd9-29e6ea7a5d25,e53d7ad5-ca44-4488-bcaa-7dfbe0ac8a38,ec3a769c-069f-4f9c-8cfe-5a6e70d59965,3,"Decent parking, nothing special.",0.01,2026-01-27T12:08:00
653c3743-59c5-425c-bd43-348db6e69ef1,cf6fa6c2-ef72-4865-869e-2eea08c884a3,6f1380b7-12b7-40fd-8cde-756c8974b743,f8c90c94-62fe-4719-a485-9986d37c941a,4,"Great parking spot, easy to find and secure.",0.74,2025-11-07T03:04:00
a7403249-cea3-4fa5-a7d1-1f2ae911334d,60963040-4c45-41e0-9ea5-31cc05756a00,efc921b7-dee5-4ba3-8d14-01472a8afbe7,bac076df-115c-4a7f-ab2c-42bffef14f7e,4,"Great parking spot, easy to find and secure.",0.9,2025-11-28T01:10:00
51111ab0-056f-4b31-8a43-70d97db8a466,d8c10aea-9085-4345-a4e2-749a5c64d081,66e019e7-5c23-4c7a-8358-1da734b434fe,fff4d411-3b73-4cec-8e88-dfb20f0a6871,4,"Great parking spot, easy to find and secure.",0.71,2025-12-11T18:59:00
26b9116b-74dd-4538-9190-b8ec32156991,db47a8ff-d23c-402d-80e2-d7b9c16fc5d2,e53d7ad5-ca44-4488-bcaa-7dfbe0ac8a38,c8312f83-8667-468d-be90-6e5b5d515730,3,"Decent parking, nothing special.",-0.1,2025-10-07T08:58:00
4afa3f15-db10-4bc0-aa18-a9d69b0d7430,9443a787-02d1-4c19-9ef9-d2058a7453b6,f063fb91-dfae-415c-8fe1-caff87514d40,a80a6e2b-c790-48a7-8ba7-51b2f7716d09,5,Affordable pricing and close to metro station.,0.53,2026-01-20T19:09:00
98814d82-1ee2-465f-a8fd-fdb756f173c2,c6795a1b-8f62-48eb-bd34-9dd17a9cca3f,eeb4d423-17f5-4d6c-a6e7-ad79313471a9,c41cbc67-4a29-447c-ab89-d94e1893928a,5,"Owner was helpful, smooth experience overall.",0.78,2026-01-19T08:46:00
75e00217-348c-4457-8916-a4e826dabcc6,ce569a2d-31ec-491e-a27f-3cc789efcb50,8253dd7a-18fb-473d-840b-1e186ba0c5e5,d0e819ab-5f8a-47be-b632-0ef59c3bee1c,5,Affordable pricing and close to metro station.,0.81,2025-10-11T20:10:00
2f6a51b8-b95f-45c8-a048-85ce0ec200d9,9d15ffc3-e80a-4ebc-9354-52be9f89db50,e53d7ad5-ca44-4488-bcaa-7dfbe0ac8a38,86e2750e-1cd2-450a-8a21-700c50475cb4,5,"Great parking spot, easy to find and secure.",0.68,2025-12-13T00:53:00
b0d52006-9403-4ff3-b0c1-625725406104,07847f1f-f654-4d7d-97f6-2b7e4827f51e,efc921b7-dee5-4ba3-8d14-01472a8afbe7,fd9af7c3-2162-4a68-9835-6bad4ae45aed,5,"Very convenient location, will book again.",0.61,2025-12-14T18:13:00
d21a170f-0544-478b-9e9c-73c1dc8f91e2,d3248023-eceb-4bbd-919a-488c63316344,d59e8262-1e8f-4602-914e-5551b3174e5b,fc632233-0d0f-4833-ab5f-fccb43c06a18,4,Clean and well-lit parking area.,0.82,2025-12-25T10:45:00
31dbea3d-f480-40a0-97e1-8c0fab5ce332,90ff1297-1d26-4dd5-bd5a-903a36e5e4fc,6f1380b7-12b7-40fd-8cde-756c8974b743,281e36ea-348c-4b3c-a6dc-1de3f273b053,4,Affordable pricing and close to metro station.,0.64,2025-11-19T20:25:00
3bc75229-e15b-40df-9dde-e6922afab39e,59a253e1-4ef6-4ca0-9997-5a946ade55d7,14d550ff-098c-4a84-8f96-7f9776734a1b,9dd9a3ee-b04e-47a5-85d8-7d16128c626d,3,"Average experience, would use again if nearby.",-0.07,2025-10-14T07:40:00
090bbbe1-d070-4784-9458-73cbd74f1421,1647cad1-ee93-47b6-89cc-5a17e653b068,aed763d5-7c54-4ca7-8ac8-259d26fa6d2c,b7cb2bca-5f03-41b3-bef7-2509e8e33ae4,4,Affordable pricing and close to metro station.,0.68,2026-01-08T19:53:00
3a721d6a-ceee-469b-9b8e-711c2a84b0b7,71909051-9811-483a-8e13-7b09afa7d29c,19c8358a-b82b-4ab4-b5a8-645fd399e303,588033b8-a7e9-4325-af4b-a4db43af48eb,4,"Great parking spot, easy to find and secure.",0.74,2025-12-16T08:02:00
39cc6628-0ffb-4d07-b31b-9573e4767c33,71909051-9811-483a-8e13-7b09afa7d29c,efc921b7-dee5-4ba3-8d14-01472a8afbe7,fd7d4c62-f888-4594-bc94-932b7cd5e2b2,4,"Great parking spot, easy to find and secure.",0.93,2025-12-22T20:11:00
fcae10b7-39b6-44b4-bed6-cc9c13910c4a,b3777ebf-a223-405b-bdfb-26c99551ddd6,dccfe102-88f6-4a07-a791-76d919900546,e60d9f5a-a900-402f-94fc-f10ef7634e11,3,"Average experience, would use again if nearby.",0.14,2025-10-20T20:05:00
9b9bd78d-3a10-42e7-b3b9-df68c20a3815,b54c166a-7c11-48b8-a696-3d1f211b31e8,f063fb91-dfae-415c-8fe1-caff87514d40,0560a68a-9d9f-4733-9e58-715a4d39eca6,5,"Great parking spot, easy to find and secure.",0.59,2026-01-28T09:31:00
010f69dc-9f9a-4fa9-af90-5d05ec9a5a7e,08295200-2344-4f2d-85f3-a0c84e16003c,30c9d6df-abe8-45ab-842f-ab365e631bcd,a9f6f3f1-ab79-406b-b973-6d5501114a57,4,"Owner was helpful, smooth experience overall.",0.87,2025-10-04T11:46:00
af659a3a-0b6a-4b2a-bebc-a275560d7b7b,88d8a3d6-22f2-4026-b650-c5dbdf9aba0f,53c77199-1104-4a6e-beec-f5175c546c49,29def33e-84ef-4d5f-8ca7-86e680cadb89,5,Clean and well-lit parking area.,0.63,2025-10-28T20:27:00
31ffa945-cf16-4c22-b45c-bc5810f59a3a,82fb7949-1329-4cba-a1bd-3b10e49fa04a,14d550ff-098c-4a84-8f96-7f9776734a1b,73580992-2c48-4b38-90ed-005b54c3d298,3,Okay for short-term parking.,0.28,2025-12-23T20:20:00
be4cdae7-b0a3-4a8d-8f15-99afdafffd93,f04b3440-fac7-4177-8085-9e194fac1d99,ad0d0b95-98d7-4e45-a170-6e6eb21249e4,c822a844-4d3f-4b9b-b651-9cf926769449,3,"Decent parking, nothing special.",0.03,2026-01-21T14:57:00
e20aa2b2-909a-4d6c-8d66-a3e0f49e0a1c,874d68e5-d3d9-40bc-bf55-a33edbb23902,bb8721a8-2bae-4da5-ae71-1d0cfc8a49d3,c560b3aa-c5b5-4c68-abf0-0d6d84b1dcb4,3,Okay for short-term parking.,0.26,2025-10-16T07:31:00
a13e0cc4-f828-49b8-8434-a8b460c104a0,88d8a3d6-22f2-4026-b650-c5dbdf9aba0f,19c8358a-b82b-4ab4-b5a8-645fd399e303,631bc044-2a01-4e5c-b8d6-59fe610c55fd,4,"Very convenient location, will book again.",0.9,2025-12-30T06:40:00
4f9e052d-f6d6-48c4-9bf7-fe475c17967c,36b67d6d-b43c-42c5-aed0-24c2bb6a8bb1,d7cfdefe-2859-458d-8bc5-ab840a62418e,a17315f1-3591-454e-b429-4593b4032fae,5,Affordable pricing and close to metro station.,0.89,2025-10-08T19:59:00
95c61112-afea-49fc-9df2-37b8b08b3baa,142999e5-307a-4bf4-8240-57e97cc86f50,7107ee03-6709-40ba-adfa-380007cc77c0,008783f2-bd05-4837-a338-cbca3cd864cb,4,"Very convenient location, will book again.",0.52,2025-10-12T11:26:00
58050ec9-4f1e-486b-a96a-3a8616e5b1d0,3ad6b03e-a0d9-477c-a074-209e3b4e0f17,d7cfdefe-2859-458d-8bc5-ab840a62418e,9f101217-00eb-49b8-acc0-50992f218012,5,Clean and well-lit parking area.,0.88,2025-10-26T16:05:00
2518ca6a-2ac2-4918-bafa-542d815cd8a7,8708d2ec-59c7-481d-893a-8503e787c1eb,7107ee03-6709-40ba-adfa-380007cc77c0,9589b6ed-61af-43ec-bfcd-a0f75c12d769,5,"Great parking spot, easy to find and secure.",0.82,2026-01-14T07:03:00
60a1d063-bebe-4dfc-b000-b7b05680ed87,49e446a3-4611-4d46-837f-e901da5b1f5e,365892af-a36f-4af7-bd9a-d5cf29756b87,88750814-124e-49b0-9a80-7f03ea0af820,4,Affordable pricing and close to metro station.,0.65,2026-01-01T16:01:00
4f673602-055d-4a2f-b7b4-22d2439208dc,113e0fc3-ac7c-4aa5-94eb-ac8046cb60ed,78ad0a9f-8291-4b2b-ba25-1ed481f9b863,6b90f108-74b5-421f-a606-5cec72641daf,4,Affordable pricing and close to metro station.,0.72,2025-11-06T17:11:00
8cdba726-119d-4489-b9da-f08c7b17d6f0,f2f55bd1-e8a5-434d-83b1-0e4c7f747abb,bb8721a8-2bae-4da5-ae71-1d0cfc8a49d3,05365877-8636-4a58-8ab7-e09ad820541c,5,Affordable pricing and close to metro station.,0.79,2026-01-02T09:04:00
bc6f295b-5012-4a70-8ce5-94bd3ffae4ba,d338ea08-ef80-4005-809e-6b37e8f6f383,bc464c1d-5590-438c-acc7-efab360d5bc8,e622fcf5-2023-4beb-8af9-84889c611e65,2,App showed available but lot was full.,-0.33,2025-12-18T11:21:00
8212cba9-46cf-4b2d-b9ce-b971feb95b46,79c74820-cccd-4500-ad66-e9f04ff12ad1,42591084-2367-45ae-98c3-6da0eb1bf09c,ce6d8a2c-63e9-4f5d-a521-f42f753aa41c,4,Clean and well-lit parking area.,0.85,2025-11-16T22:05:00
56627e9d-abf0-4699-b54e-3113213c1841,e6ebd0ba-e312-4b8a-bf7d-3dfdee5c3d3c,8253dd7a-18fb-473d-840b-1e186ba0c5e5,3b5c430a-7955-4edf-ba8d-23e97621cc78,4,"Very convenient location, will book again.",0.69,2025-11-04T22:01:00
39028001-3f99-4d06-bd0f-8c4ad27382f5,abdf5dda-7959-44f1-9e8c-be548fc94775,dccfe102-88f6-4a07-a791-76d919900546,1682d2af-db27-43e5-8e36-3ff9452df142,5,Affordable pricing and close to metro station.,0.79,2025-11-27T12:57:00
e304e023-2a9f-4ebe-843d-6362bd6cfa2c,142999e5-307a-4bf4-8240-57e97cc86f50,d2a8af93-39d7-4599-8a35-7cf21819f4b2,f04ad90b-43cf-4125-bf9d-9e558de079fa,4,Clean and well-lit parking area.,0.58,2025-12-29T05:32:00
41f1394f-23bf-4a70-aabc-548f924ed1e1,5f3be1c1-082f-4f43-92cd-32cd588e15c9,66e019e7-5c23-4c7a-8358-1da734b434fe,44892ff5-eea0-420b-bff9-41cf198b8385,5,"Great parking spot, easy to find and secure.",0.69,2025-12-10T11:12:00
d6c79aaf-7ce3-472f-b593-47cd894a3c00,60963040-4c45-41e0-9ea5-31cc05756a00,6e3b42ab-8562-41a3-a0d4-c8c989d7baf3,0a0736c8-925d-4515-9ee5-c24a8cf5c642,2,Price was higher than what was listed.,-0.43,2025-12-01T07:41:00
d3fd75c4-4df6-4b6a-918b-3119aa5b0a9b,74a87e80-283e-4e63-b28c-90a677b47451,eeb4d423-17f5-4d6c-a6e7-ad79313471a9,4d4ee30c-25f7-43f4-8d97-3aa803a9a754,4,"Great parking spot, easy to find and secure.",0.77,2025-11-09T10:08:00
25d8ca0e-5f27-46cf-bac1-ff7fb957a020,1453ff1c-0ed9-4fd1-a785-1c1d28d78a55,ad0d0b95-98d7-4e45-a170-6e6eb21249e4,36624221-03e0-47ea-a357-23ac85d496f8,5,"Very convenient location, will book again.",0.85,2025-12-28T02:17:00
1f36a938-0eb6-422f-9c0e-6f5abc772858,49c40658-bf14-457d-aab1-ff142d500a0e,66e019e7-5c23-4c7a-8358-1da734b434fe,dab32ca7-46bc-4582-80ed-f9796563f80e,5,"Very convenient location, will book again.",0.73,2025-10-15T13:24:00
de5c9171-3e7a-49c2-b629-e5c4104e31aa,c93534d5-7e36-4c89-bd78-a77559e5e18b,f063fb91-dfae-415c-8fe1-caff87514d40,03728c9d-cf7e-4f18-8836-030df8c7b136,2,"Poor lighting at night, felt unsafe.",-0.67,2026-01-10T20:49:00
499efa90-1d25-47af-b3e2-cc4cecc02b39,afb54ff1-68e3-4cfd-8572-7151fb0a53e5,aed763d5-7c54-4ca7-8ac8-259d26fa6d2c,046289d2-9d91-4f7a-bd83-854b223df633,5,"Owner was helpful, smooth experience overall.",0.83,2025-11-09T20:43:00
c35e67ce-c42a-4171-aacd-95c2d7571cf9,8708d2ec-59c7-481d-893a-8503e787c1eb,7107ee03-6709-40ba-adfa-380007cc77c0,7ffbcbc7-9eb0-491d-a2fe-84ab610a154c,5,"Owner was helpful, smooth experience overall.",0.54,2025-12-12T14:46:00
d8e4f156-2417-4e04-832a-cb684fd8193c,42a7237f-fbee-4b26-b5c8-bbb10e3a20ea,14d550ff-098c-4a84-8f96-7f9776734a1b,de89885a-3ec6-4d14-ba84-ac69ed95ae0c,4,Clean and well-lit parking area.,0.94,2025-11-19T00:47:00
12cf5d43-def7-42aa-871b-e8b79afa3151,444c682b-1715-41a5-a73d-fbadb660d040,30c9d6df-abe8-45ab-842f-ab365e631bcd,0d60e0f1-b73f-4a82-a617-9b64668e61cf,5,"Very convenient location, will book again.",0.93,2025-12-07T09:00:00
eec9bb6e-5a1b-4145-9fb8-4b2999e1e539,0d372728-4a07-4223-923e-6f2157eca8b2,237291de-6a6d-452f-ad82-2f915745a94a,d032de61-5051-4f30-ac55-245213485f70,3,"Decent parking, nothing special.",0.25,2025-12-31T16:02:00
a1cd5f74-7840-466e-b3f7-b175fdba13ea,db47a8ff-d23c-402d-80e2-d7b9c16fc5d2,19c8358a-b82b-4ab4-b5a8-645fd399e303,5fc3c24c-373b-44e1-a478-d584e06e1afc,5,Affordable pricing and close to metro station.,0.9,2025-12-06T18:55:00
c6620681-1f41-4d7a-abcd-b84f2f509af8,36b67d6d-b43c-42c5-aed0-24c2bb6a8bb1,6f1380b7-12b7-40fd-8cde-756c8974b743,e8de1f1e-342f-4b26-bd79-560d82f869ab,4,"Owner was helpful, smooth experience overall.",0.73,2025-11-07T20:03:00
bcff5086-4a1e-40da-bde1-8865fa3945c6,5b292114-7ba8-4602-ba9b-11c0dad1188f,8253dd7a-18fb-473d-840b-1e186ba0c5e5,96690d3c-844f-455b-966c-ab737df380f7,1,"Poor lighting at night, felt unsafe.",-0.6,2025-10-23T20:34:00
b59b61d3-64e7-49af-aaad-e673f9390377,9cb4ef93-c5ee-472e-bc8e-c27dd4448e7b,d7cfdefe-2859-458d-8bc5-ab840a62418e,33900880-b7b4-4f1b-a3a0-4d948c461d5e,3,"Decent parking, nothing special.",0.23,2025-10-10T21:04:00
b37ee2d4-b9f5-4317-96ae-7b9e13a14782,2c37c0bd-ffa8-4881-8882-82a11c1ae2ff,6f1380b7-12b7-40fd-8cde-756c8974b743,31d09bb9-b555-4a21-b80a-5c12c06b7675,5,"Great parking spot, easy to find and secure.",0.63,2026-01-08T20:25:00
6f588087-2a2d-4749-b13b-63448c063aca,44d64af1-52f4-472d-a634-dedc68426f80,aa8039b3-3308-4616-8ab0-12c28e7246e4,78d748ff-b85d-41c2-aacd-30db1163fe72,1,App showed available but lot was full.,-0.39,2026-01-02T20:21:00
02ab689b-dd53-4757-8a7f-29a2a20ee088,1647cad1-ee93-47b6-89cc-5a17e653b068,78ad0a9f-8291-4b2b-ba25-1ed481f9b863,7477990d-d20b-4f78-ad81-9107b4b5c468,4,Clean and well-lit parking area.,0.59,2025-12-09T09:25:00
e21fd042-4eb4-4b3f-9e43-3297093d8665,96751397-583f-47dd-93b4-5631fa45cc03,d2a8af93-39d7-4599-8a35-7cf21819f4b2,40fbf5ae-6632-44d6-908f-b1aba1f2230a,3,"Decent parking, nothing special.",0.25,2025-12-25T08:22:00
7eab71b8-bc51-4bbd-84a3-b5a62b3e2699,388689f2-d306-45bd-9a3e-51b60104e7b8,aed763d5-7c54-4ca7-8ac8-259d26fa6d2c,b9571de6-a9b8-4573-b1d1-ba7d8be5d6e1,4,"Very convenient location, will book again.",0.74,2025-10-19T14:08:00
f5b63cea-58b1-464c-a4c9-532e538a1411,be074667-ffe3-41bf-a0c1-142602ccee8c,30c9d6df-abe8-45ab-842f-ab365e631bcd,0b5166d3-3b36-4926-91c1-de4e404eb618,3,"Decent parking, nothing special.",0.24,2025-10-20T19:05:00
60ea0598-e5e0-49d0-a186-c7f67ecf8bd5,bff2838c-18f1-4e11-94fb-08fe6535081d,19c8358a-b82b-4ab4-b5a8-645fd399e303,e989518d-f4b1-4d47-82c1-184c08dd0281,2,Price was higher than what was listed.,-0.6,2025-12-01T10:31:00
3f4d82d5-cf35-4a9a-aa74-93d82a6aba1d,afb54ff1-68e3-4cfd-8572-7151fb0a53e5,8253dd7a-18fb-473d-840b-1e186ba0c5e5,29305659-4529-408e-9ea3-3a3c98892b1c,5,"Very convenient location, will book again.",0.77,2025-10-11T11:28:00
037bfcfa-ee36-415c-b716-2f3063c63345,b21aebda-2049-4c70-bc7c-bfd60bbcbdca,42591084-2367-45ae-98c3-6da0eb1bf09c,67b5bd70-4354-42a9-ac1d-d148ff49d7b5,5,"Owner was helpful, smooth experience overall.",0.92,2026-01-11T09:13:00
57910140-bca7-49f5-badb-645d096b8cf1,1c59fc9a-7cf2-48c3-a919-e5be8ae2fd42,53c77199-1104-4a6e-beec-f5175c546c49,357af594-6a50-48b7-bd5c-f65081f3f2a2,5,Clean and well-lit parking area.,0.69,2025-11-28T09:57:00
38a463d2-e649-421d-8eae-06728ffdbb42,46b6a70b-078e-462c-a5ba-ecf7b5064e0a,ad0d0b95-98d7-4e45-a170-6e6eb21249e4,ee8e9d31-27fa-4929-a7b0-6eab01feed64,4,Clean and well-lit parking area.,0.6,2025-12-15T21:44:00
a8536933-b6c0-477e-aabf-46a68e4e3d61,86a025a2-4f9a-4657-920a-f0dd92507d51,237291de-6a6d-452f-ad82-2f915745a94a,77988237-8ac3-45a3-a25f-1260b7167b83,5,Affordable pricing and close to metro station.,0.54,2025-12-15T17:52:00
2b03b93c-8cb4-4b59-b56c-7af3b2bf783e,86a025a2-4f9a-4657-920a-f0dd92507d51,aed763d5-7c54-4ca7-8ac8-259d26fa6d2c,c9078a0f-0c8a-42e8-932d-1efcb2b93c52,5,"Owner was helpful, smooth experience overall.",0.77,2025-11-14T09:42:00
67b58700-3633-42cc-a015-377e0f986ad4,80ddb24e-b52f-4daf-933f-c7cb4e17d61e,f063fb91-dfae-415c-8fe1-caff87514d40,e10ebdae-e16f-487e-9816-fc5a377c5829,5,"Very convenient location, will book again.",0.77,2025-11-20T16:27:00
71faadbf-226e-4706-9f09-41abfe68a46e,a71af03f-9582-4d96-a9ed-db655d49ed1b,7107ee03-6709-40ba-adfa-380007cc77c0,086efd6f-c72a-4037-b8e2-3ae368c7d294,4,"Very convenient location, will book again.",0.78,2025-12-28T13:44:00
3cd5b00a-5ca8-408e-ab35-250003283691,b21aebda-2049-4c70-bc7c-bfd60bbcbdca,08a20e54-8f66-49fb-89d7-59c930d42d9a,3f18e07a-d4a2-415c-8494-58509d463cff,4,"Great parking spot, easy to find and secure.",0.52,2025-10-29T00:23:00
577c1025-a8aa-478a-88e1-0ae9db8cfa49,d8c10aea-9085-4345-a4e2-749a5c64d081,ee459ce9-6a73-42b2-9e8b-a5e34b05ebf4,7431eb29-a5dd-4ea8-826a-dccf8d88d17d,4,Affordable pricing and close to metro station.,0.51,2025-10-25T09:19:00
211a83c8-b6d1-4003-bf04-f533a35798c8,98096188-199a-43f7-a99d-056bc2dc1de4,dccfe102-88f6-4a07-a791-76d919900546,44cc59d4-4699-4ace-b26a-da858bf39a2d,4,"Very convenient location, will book again.",0.9,2025-12-14T22:50:00
de7635fc-e79e-446c-a0de-6c688733d7a8,98744254-e676-49c8-862f-e270757f662d,d59e8262-1e8f-4602-914e-5551b3174e5b,a109a205-0896-4afc-8f80-427149149db7,4,"Very convenient location, will book again.",0.81,2026-01-16T08:32:00
c145ca34-0b24-46e1-bc85-0b044bad49b1,0d372728-4a07-4223-923e-6f2157eca8b2,bb8721a8-2bae-4da5-ae71-1d0cfc8a49d3,76180e07-50f1-480b-a81e-ef37d186a128,5,Clean and well-lit parking area.,0.55,2025-10-21T09:05:00
ff24d779-2b0b-4a52-a53b-a4866fd7b3cd,2927e51f-d212-4584-b4e3-640a2479826b,42591084-2367-45ae-98c3-6da0eb1bf09c,86524557-19c5-4500-a0c3-d831cde0c2c7,3,"Average experience, would use again if nearby.",-0.07,2026-01-07T18:01:00
df864ad2-196a-4fb7-9531-629a2b22db80,13c8f3bb-fb66-413a-9dac-d16398290623,f063fb91-dfae-415c-8fe1-caff87514d40,f16e9b8f-2c8d-4c29-9322-5a52c2753c52,2,App showed available but lot was full.,-0.8,2025-11-12T15:45:00
5c187fcd-6c04-4313-90de-fd6984e2d370,766cd438-feda-499f-9731-6e4309faf4aa,d59e8262-1e8f-4602-914e-5551b3174e5b,56e00f4f-2787-4bca-bbee-b933aaf5ffac,3,"Average experience, would use again if nearby.",0.22,2025-10-19T11:27:00
9cb1fcc1-e2e7-4d4a-a11b-8851cffac365,142999e5-307a-4bf4-8240-57e97cc86f50,30c9d6df-abe8-45ab-842f-ab365e631bcd,77c9ef08-8a51-4397-83b3-72f809bf0a87,5,"Great parking spot, easy to find and secure.",0.83,2025-10-15T21:35:00
c657dc5b-59e3-4b0b-92ef-43e45b0dbcb6,5b7b16c9-e192-4b33-80f0-b3ac574db510,eeb4d423-17f5-4d6c-a6e7-ad79313471a9,973a5099-3e37-42c8-9677-72b9f6836546,5,Clean and well-lit parking area.,0.79,2025-10-19T13:30:00
ad5c36a4-61bb-493c-b235-47f5ed906067,7bd34117-4d1c-414e-bc01-debf09846255,365892af-a36f-4af7-bd9a-d5cf29756b87,88e5f402-111b-49a0-9011-743e4ef41c96,3,Okay for short-term parking.,0.16,2025-11-28T10:50:00
ba906c95-07b1-460a-addd-87c0c0e475e5,b6fe13bd-fe3d-49c4-9a15-dc10fd806d1c,ee459ce9-6a73-42b2-9e8b-a5e34b05ebf4,ab09a9e1-f68f-48dd-8e1c-70dcc69dde19,2,"Narrow entrance, difficult to park.",-0.38,2026-01-07T14:40:00
b499b5f1-6096-4bf0-8c02-441584a835dc,f26df763-aad5-41ea-8ed1-77c8b680cc59,ad0d0b95-98d7-4e45-a170-6e6eb21249e4,77570cae-1781-4b3d-b450-8d2cd32cd856,5,"Owner was helpful, smooth experience overall.",0.65,2025-11-29T18:32:00
74dfcc2c-7e91-4001-85a4-509ef94b498d,788a5308-567f-462c-a101-f6ed07f14eca,aed763d5-7c54-4ca7-8ac8-259d26fa6d2c,e07eeca0-153d-436f-8ecb-faf3a616449d,3,Okay for short-term parking.,0.03,2025-10-27T21:08:00
c00ac6ba-1b15-4319-a558-4939c405d5cf,1647cad1-ee93-47b6-89cc-5a17e653b068,08a20e54-8f66-49fb-89d7-59c930d42d9a,bfc6aad1-700a-47e8-a455-a9409937b2d2,5,Affordable pricing and close to metro station.,0.69,2025-10-11T15:12:00
c51aa008-14ee-488f-8f72-280e3ac84d04,8d9750c8-c678-4004-a403-18a45052c635,7b60e816-f6ce-4c95-a98c-b9b8eeb44e8d,49113fd2-fb51-48fa-915b-ba8e7aad6049,2,"Narrow entrance, difficult to park.",-0.31,2025-12-12T21:25:00
10ac5736-fe4a-44f3-ae5b-2429ead2f990,f3b6ba16-e61e-41fd-adef-6033fff96bf7,ad0d0b95-98d7-4e45-a170-6e6eb21249e4,fbf408f0-759b-4348-a41f-2bfdf2ebe033,5,Clean and well-lit parking area.,0.75,2025-11-20T05:31:00
790ff44d-23d9-4ac9-9a97-ad65eeebb129,07847f1f-f654-4d7d-97f6-2b7e4827f51e,b0de9982-cba8-443f-aeb0-d390678e9397,e7774631-3e92-4476-b587-02daa2ea123b,5,"Great parking spot, easy to find and secure.",0.75,2026-01-22T06:16:00
24b6bea9-ebb5-4855-a364-0f6b7d5c01ea,e989cdb7-ad0e-4c36-a170-afeb109aaf40,237291de-6a6d-452f-ad82-2f915745a94a,a237218f-1ca6-4335-aaed-2d6d4e9ce203,4,Clean and well-lit parking area.,0.86,2025-10-13T08:25:00
d5b7e504-4f0d-4ec6-b23a-4fc2f3d42362,b21aebda-2049-4c70-bc7c-bfd60bbcbdca,7107ee03-6709-40ba-adfa-380007cc77c0,d30b1258-c580-4997-8ef4-6cae6a70058a,1,Price was higher than what was listed.,-0.79,2026-01-06T08:33:00
6e0007ad-7878-413d-bb00-efd40b400e77,0a140015-f233-4ed4-87c5-aa755b4f13bb,237291de-6a6d-452f-ad82-2f915745a94a,6ed5ab47-949a-48a9-9187-ffa606e8edee,4,"Great parking spot, easy to find and secure.",0.68,2026-01-19T23:57:00
1f0dcda5-e96c-4529-8155-b683ae88e6fe,f85ce946-c276-496c-8441-4a6691abc6a7,efc921b7-dee5-4ba3-8d14-01472a8afbe7,dd76674c-4314-49c6-a0be-d56854f9a81f,5,"Very convenient location, will book again.",0.79,2025-11-18T14:48:00
e00b3638-d99f-444f-9022-a7371f0254a6,a1c3a1f9-0d90-4d39-b45e-b61f457e15b7,53c77199-1104-4a6e-beec-f5175c546c49,ea846190-e2b6-4a6d-a789-43727d92dc27,5,"Great parking spot, easy to find and secure.",0.94,2025-11-08T18:30:00
28218aa9-a7cd-4777-b23a-afb786b24ba7,9df8e553-3a2c-4763-ab3e-8657866e4a2f,d2a8af93-39d7-4599-8a35-7cf21819f4b2,82e51190-31e7-463c-b7bd-28823776c5f6,4,Clean and well-lit parking area.,0.57,2025-11-02T09:08:00
193206a6-f6b8-4c17-9378-9abb44581275,388adf72-ed8e-4826-a1dc-430335d9240d,e53d7ad5-ca44-4488-bcaa-7dfbe0ac8a38,f7d32f87-2045-41b6-9a29-3264a9efcb72,5,Affordable pricing and close to metro station.,0.7,2026-01-14T09:00:00
1db7f751-9e73-4ea5-8701-0a79dacef2ea,11c2bea0-839d-4a70-a4a1-86a186b24e55,42591084-2367-45ae-98c3-6da0eb1bf09c,527b3847-ebcf-43ae-bf59-3e00967fca22,4,"Owner was helpful, smooth experience overall.",0.91,2026-01-28T22:33:00
104c668f-a49c-41d5-b2e8-0842287fe64d,d7754c45-f9ed-4e23-ac5f-1a615bd35db2,efc921b7-dee5-4ba3-8d14-01472a8afbe7,2b52b384-e74a-48fd-97d8-2e83fb2dd42e,5,Affordable pricing and close to metro station.,0.83,2025-11-22T15:49:00
f6279a91-31d1-406b-925a-5e9c8bc554ce,2f69688f-73d1-4b35-a5a0-a0cb9fff72ec,08a20e54-8f66-49fb-89d7-59c930d42d9a,a9d78b28-b795-4175-a94c-c757a21d90e1,4,Clean and well-lit parking area.,0.78,2026-01-25T18:13:00
ff6fd7ef-4989-454f-adb7-b497bd59c133,b54c166a-7c11-48b8-a696-3d1f211b31e8,efc921b7-dee5-4ba3-8d14-01472a8afbe7,38843ebb-059e-4a23-b5af-6a162bce1489,4,"Great parking spot, easy to find and secure.",0.62,2025-11-16T21:12:00
69a62b56-d8a3-4ed2-bed5-62d1315f7dad,46bdc850-3cf5-4361-9686-fdb85d5d8484,bc464c1d-5590-438c-acc7-efab360d5bc8,215b7d2b-7500-43f6-83e6-84f78af93db7,4,Affordable pricing and close to metro station.,0.58,2025-12-04T05:43:00
872f5fff-9c0c-4cd1-80eb-992fbd3cf186,4ac947c8-94d7-4953-8716-6429c0532f10,08a20e54-8f66-49fb-89d7-59c930d42d9a,36aa457b-0de6-4453-b972-9115ffc28902,5,Clean and well-lit parking area.,0.67,2025-11-10T08:44:00
e6fec6e2-44a0-4f54-a091-9c5cd887872b,abdf5dda-7959-44f1-9e8c-be548fc94775,53c77199-1104-4a6e-beec-f5175c546c49,6bcad3f5-c534-48fe-844a-258dc3a7725d,4,"Very convenient location, will book again.",0.61,2025-10-09T22:28:00
e041346e-e440-4a66-b181-75991bc46210,ed64dea8-a873-4832-8f78-421ade42cf06,237291de-6a6d-452f-ad82-2f915745a94a,4195f84d-6a7c-4da9-be59-70260503742f,4,"Owner was helpful, smooth experience overall.",0.86,2025-12-06T08:59:00
701784f6-f42b-436d-922c-6830bd59892c,5a58aace-89bc-4179-a013-3ebeb2e0fb05,e53d7ad5-ca44-4488-bcaa-7dfbe0ac8a38,9241bcf8-a931-4dd4-9112-0821a9e9e072,4,"Owner was helpful, smooth experience overall.",0.82,2025-10-17T08:53:00
028e9a9d-4ab2-4915-af8a-176632866a8c,db47a8ff-d23c-402d-80e2-d7b9c16fc5d2,d59e8262-1e8f-4602-914e-5551b3174e5b,fae86d6f-f9ad-4c0d-b0b4-637b6761ced2,2,App showed available but lot was full.,-0.4,2026-01-16T20:00:00
97bb7a81-8a65-4a28-bed7-4deb7a9d5757,7e636024-08c4-455c-bc1d-4d2db8566ef0,30c9d6df-abe8-45ab-842f-ab365e631bcd,b9344e4a-f1bb-4060-ae21-31f566f827a7,4,Affordable pricing and close to metro station.,0.58,2025-11-20T19:38:00
75fda319-4344-463b-b72b-19b4669245d4,2bf8e1cc-2326-416d-806a-7a2456096171,ad0d0b95-98d7-4e45-a170-6e6eb21249e4,8b40141b-1ad1-45f7-a32b-fe71f3684d0e,5,"Very convenient location, will book again.",0.64,2025-12-08T12:22:00
e57c5405-8756-4ebf-b328-edbb88b11072,9fc4727a-0597-4944-bf05-76cd38346140,66e019e7-5c23-4c7a-8358-1da734b434fe,6326a465-1053-400a-bb4d-bbe3dc032cc2,4,"Owner was helpful, smooth experience overall.",0.85,2026-01-13T23:24:00
2f8da372-cb9d-470f-ab85-fa716fc7f256,31f957b2-2e3e-4860-87ac-fb8a921297b0,66e019e7-5c23-4c7a-8358-1da734b434fe,655b16b0-130e-48cd-9310-b76ee7bc5877,1,Price was higher than what was listed.,-0.8,2025-10-03T14:55:00
7d3c8c2e-d661-47f3-9637-39a274500083,11c2bea0-839d-4a70-a4a1-86a186b24e55,14d550ff-098c-4a84-8f96-7f9776734a1b,a3a34967-d489-4b34-a8bc-3d7421f52aca,4,"Very convenient location, will book again.",0.57,2025-12-15T15:38:00
7f43dc96-b31a-45f8-9f76-f2f67250a192,874d68e5-d3d9-40bc-bf55-a33edbb23902,237291de-6a6d-452f-ad82-2f915745a94a,7e0de840-0a70-4a31-9c45-f06be2e98014,5,"Very convenient location, will book again.",0.67,2025-10-09T05:59:00
70143288-6160-401d-9036-82124a026501,071d0229-2b82-4af7-b921-faca7bad858e,7107ee03-6709-40ba-adfa-380007cc77c0,5d857a36-d2c7-4fe3-9e2b-428bf8a0cf6b,5,Affordable pricing and close to metro station.,0.58,2026-01-24T02:34:00
7663f743-5587-495f-bb37-dceba16de71b,46bdc850-3cf5-4361-9686-fdb85d5d8484,efc921b7-dee5-4ba3-8d14-01472a8afbe7,8cf147b4-bc33-4b20-a88a-f344ba220945,4,Clean and well-lit parking area.,0.54,2025-12-10T23:02:00
c9c3d4d1-9a49-4ab4-b90d-c77cef60f6ed,31ce3d13-f25a-49ba-96be-de4c9d2c4dfb,66e019e7-5c23-4c7a-8358-1da734b434fe,d2226335-57e3-4df4-b3bc-92e88e9a3d32,4,"Owner was helpful, smooth experience overall.",0.64,2026-01-05T21:23:00
215bcae3-ebf0-48b1-9039-2b1273db7c20,ab4320c7-c267-4d37-a343-4e66bd8ce9f6,42591084-2367-45ae-98c3-6da0eb1bf09c,a0549b4b-186d-42de-b201-f4cf0d5e4367,5,"Very convenient location, will book again.",0.89,2025-12-02T15:45:00
5c6b899f-a5ae-4c7f-922c-f1ffd9ba8d3f,5a58aace-89bc-4179-a013-3ebeb2e0fb05,19c8358a-b82b-4ab4-b5a8-645fd399e303,b4bdf5f1-1093-4461-9429-246efa3bb9f6,4,Clean and well-lit parking area.,0.53,2026-01-13T14:06:00
3c75f862-c9f5-416c-adec-89b41a5fa5d8,c93534d5-7e36-4c89-bd78-a77559e5e18b,d2a8af93-39d7-4599-8a35-7cf21819f4b2,eb9b878a-d306-42af-be74-f61f7f18bcd8,1,"Poor lighting at night, felt unsafe.",-0.56,2025-10-20T11:42:00
42917925-bc84-49b0-89ec-49451aab4905,fef6f349-5174-4165-b8be-df97927e56b8,bc464c1d-5590-438c-acc7-efab360d5bc8,192ea9bc-67aa-4dcf-a193-7aaae4f34792,5,"Owner was helpful, smooth experience overall.",0.75,2025-10-27T20:05:00
59119338-7d16-45d0-b4c9-c631dd60fee5,a128c8e3-79bd-470a-9dd9-29e6ea7a5d25,7b60e816-f6ce-4c95-a98c-b9b8eeb44e8d,290d62bb-7f9c-481d-89f8-1d63416c80fb,4,"Owner was helpful, smooth experience overall.",0.74,2025-12-21T10:36:00
911a3a80-f2fb-467d-9ca9-4a3556a75962,788a5308-567f-462c-a101-f6ed07f14eca,365892af-a36f-4af7-bd9a-d5cf29756b87,d1d617d0-aaa7-44c1-9531-bac960781c47,4,"Owner was helpful, smooth experience overall.",0.73,2026-01-05T08:32:00
c633429a-cfd0-47d8-8316-3c7a33d365a9,b3777ebf-a223-405b-bdfb-26c99551ddd6,66e019e7-5c23-4c7a-8358-1da734b434fe,e375c53e-fbeb-4c6a-84fb-d6cedaef3d93,4,Clean and well-lit parking area.,0.51,2026-01-21T18:23:00
b450c229-88fc-44b6-8da2-7bf732871e9a,113e0fc3-ac7c-4aa5-94eb-ac8046cb60ed,efc921b7-dee5-4ba3-8d14-01472a8afbe7,08c0daf0-57c3-488f-92da-6730ae0397bb,5,"Very convenient location, will book again.",0.52,2025-10-30T20:56:00
0cbdf147-0a93-4931-9577-9e9ec92ace84,96751397-583f-47dd-93b4-5631fa45cc03,8253dd7a-18fb-473d-840b-1e186ba0c5e5,2a69f995-e4f7-472f-a1cf-e0a82e2ceb59,4,"Very convenient location, will book again.",0.73,2025-10-20T22:46:00
727ef01c-d07d-4fcb-8a72-53e26bb27e4e,f124e1fe-9f31-4c52-8851-ff68517f23d3,365892af-a36f-4af7-bd9a-d5cf29756b87,1b13d7e8-6034-43ff-9ff6-d33f75fc7065,3,"Average experience, would use again if nearby.",0.29,2025-10-22T14:25:00
d6fba874-b955-4691-b7d0-d3d7a0d6413c,877b1c47-4f80-462c-af6d-a5b004e58548,aa8039b3-3308-4616-8ab0-12c28e7246e4,8585592f-f1ab-4c12-a8b0-9ad8b3b6c11f,2,"Narrow entrance, difficult to park.",-0.66,2026-01-07T22:13:00
962059b0-e07e-493f-9a73-1baf29054525,5bbeb2c7-93f7-44b2-8667-a43baa8bcaa6,42591084-2367-45ae-98c3-6da0eb1bf09c,aca071df-1731-4639-acd0-6d785e702bb4,5,"Very convenient location, will book again.",0.71,2025-12-20T20:14:00
bac8af9e-e240-47aa-b199-5504ba7c2cfb,788a5308-567f-462c-a101-f6ed07f14eca,b0de9982-cba8-443f-aeb0-d390678e9397,73b21d0d-f7ef-46b2-86ed-6019831027d9,4,"Great parking spot, easy to find and secure.",0.94,2025-11-15T09:30:00
bc4d679f-89e5-4800-9dbb-55275516ee86,5246af6a-9378-4809-8ae6-8f17233cf673,f063fb91-dfae-415c-8fe1-caff87514d40,4aca830a-6e92-4123-9bbb-0072560b6e15,5,"Owner was helpful, smooth experience overall.",0.85,2026-01-12T00:54:00
6fc087bb-4ff6-4c54-b713-d788f46c267b,857902eb-1351-4a17-b66c-d0020a8a460a,aed763d5-7c54-4ca7-8ac8-259d26fa6d2c,d689b29d-e373-4ade-a9fd-226ceca074c9,1,"Slot was occupied when I arrived, had to wait.",-0.44,2025-12-06T20:46:00
3299f171-62f4-481c-9dbe-3232549df318,a26479e4-b4df-46bb-9457-c697d859151e,aa8039b3-3308-4616-8ab0-12c28e7246e4,2e01ee4f-0f60-45cc-92b5-a4ee51710536,5,"Owner was helpful, smooth experience overall.",0.73,2025-11-04T12:47:00
9c89cd22-1f22-49c8-a94d-9411735a99bc,9bc7590e-0c5c-439e-a1f3-bc877324ce34,f063fb91-dfae-415c-8fe1-caff87514d40,b8540df3-fa8b-43a7-ba99-68de78aef319,5,Clean and well-lit parking area.,0.9,2025-11-10T09:18:00
1bb95895-0c19-4539-9cb0-b5512548820d,abdf5dda-7959-44f1-9e8c-be548fc94775,30c9d6df-abe8-45ab-842f-ab365e631bcd,8e423dc6-42bb-4748-af5c-52dc17cc9808,5,Affordable pricing and close to metro station.,0.76,2025-11-10T09:18:00
84db7b9d-dd67-43b8-be7f-1da29fbff6c5,97c00172-dcdc-4002-91c2-08b08f475693,42591084-2367-45ae-98c3-6da0eb1bf09c,505d5929-2fef-4b64-bfb9-057969ce026c,5,"Great parking spot, easy to find and secure.",0.8,2025-10-13T15:19:00
9d1aa610-65ae-46ba-9e69-ec2c7149fd52,b54c166a-7c11-48b8-a696-3d1f211b31e8,ad0d0b95-98d7-4e45-a170-6e6eb21249e4,da7967e0-21d6-4ada-8358-a3d22040566e,2,"Poor lighting at night, felt unsafe.",-0.43,2025-11-09T13:23:00
ffee4dce-9224-4789-8d88-505b02fb6344,ee149de9-5939-4948-913a-0f3e3b34333a,66e019e7-5c23-4c7a-8358-1da734b434fe,b082b0c9-52b7-429e-818e-96fbf19cd96e,5,Affordable pricing and close to metro station.,0.68,2025-12-01T18:45:00
95acaeaf-3b70-4812-bf0a-33433d6a4c93,afb54ff1-68e3-4cfd-8572-7151fb0a53e5,efc921b7-dee5-4ba3-8d14-01472a8afbe7,bb251b86-3262-4fd5-8f8d-1b050c557719,4,"Very convenient location, will book again.",0.93,2025-11-24T21:18:00
b0c27f05-e387-4a14-905c-fac1bb8148c8,a26479e4-b4df-46bb-9457-c697d859151e,dccfe102-88f6-4a07-a791-76d919900546,d4783924-5147-47ad-bce1-08d3bd8851e8,3,"Decent parking, nothing special.",0.3,2025-10-31T22:14:00
791d4037-3a44-4e6b-b5e5-7b38a08f7bfa,e989cdb7-ad0e-4c36-a170-afeb109aaf40,d6ee3f19-3155-4210-8064-c6121d669156,fd894ab0-3b78-49fe-9972-97b9f295978d,4,Clean and well-lit parking area.,0.76,2026-01-25T14:32:00
c5e595a6-2a62-4be0-a09f-7c45de3ef155,cf6fa6c2-ef72-4865-869e-2eea08c884a3,e53d7ad5-ca44-4488-bcaa-7dfbe0ac8a38,1eec1b17-adb3-4442-8482-cad183865c4e,2,"Narrow entrance, difficult to park.",-0.77,2025-10-03T21:55:00
86797d3a-00b5-4c7d-9b8a-80560acab16e,e989cdb7-ad0e-4c36-a170-afeb109aaf40,bc464c1d-5590-438c-acc7-efab360d5bc8,82732cce-1d8c-41e2-bcb5-c2173a5c2105,5,"Very convenient location, will book again.",0.85,2025-12-30T17:47:00
7a7c5cfb-884a-4048-a939-b8dfc19f32a5,5a6b23c7-c27b-4d06-b319-4c7f4dc8c5d4,ee459ce9-6a73-42b2-9e8b-a5e34b05ebf4,1cef2f09-4382-4ba0-a901-734b0ffbad21,4,"Very convenient location, will book again.",0.64,2025-12-10T11:10:00
a2fe9730-65c4-4584-88c6-35006cbdf6c0,788a5308-567f-462c-a101-f6ed07f14eca,aa8039b3-3308-4616-8ab0-12c28e7246e4,21a69df9-40c5-4b05-ad15-1613392c4c17,5,Affordable pricing and close to metro station.,0.76,2025-12-04T21:32:00
929bb015-4929-4af2-8262-26c5d5c13db6,59a253e1-4ef6-4ca0-9997-5a946ade55d7,d6ee3f19-3155-4210-8064-c6121d669156,3687e5a9-4291-4717-8dc0-11ceaf191cbc,4,Clean and well-lit parking area.,0.54,2026-01-05T22:51:00
696e8dbf-108e-4fb5-954b-b7ea37821c95,885a8633-088a-4929-8467-306108a21c91,ee459ce9-6a73-42b2-9e8b-a5e34b05ebf4,278a0cb5-e4f6-4703-b7c0-7572c97fcb47,3,"Decent parking, nothing special.",0.22,2026-01-04T11:28:00
222f7403-cf10-4320-a410-d772b468ed91,59a253e1-4ef6-4ca0-9997-5a946ade55d7,14d550ff-098c-4a84-8f96-7f9776734a1b,fa27e104-79ea-4db0-b9a2-08402a2f6884,4,"Great parking spot, easy to find and secure.",0.93,2025-10-21T18:15:00
c236e6f6-0b9a-41df-a9a1-ca7f4e696742,dbab4a25-1918-4cdd-bf93-2896fde8d17e,365892af-a36f-4af7-bd9a-d5cf29756b87,638c8f06-c00c-4674-a862-b5cbb524f174,3,"Average experience, would use again if nearby.",-0.06,2025-11-30T21:35:00
0b193e00-3693-4850-9885-e0c317aaae15,ce569a2d-31ec-491e-a27f-3cc789efcb50,695b7d7d-d6bc-45e4-9ccd-1ab692e481ae,0f8eefda-e478-4348-a4d7-52759140319d,4,"Owner was helpful, smooth experience overall.",0.83,2025-11-27T06:57:00
55357947-93be-4666-932a-e3e3bbefa2ec,9ab9400c-1eff-4d82-ac2e-f0862aaf85cd,ee459ce9-6a73-42b2-9e8b-a5e34b05ebf4,0a19a6e9-8131-43cd-a8c5-f8f4931a17b0,4,"Very convenient location, will book again.",0.89,2026-01-01T11:43:00
304a3717-88cc-4a7b-9d67-2a54c84cb43e,f85ce946-c276-496c-8441-4a6691abc6a7,b0de9982-cba8-443f-aeb0-d390678e9397,bb61fd58-05f3-4c76-baf7-e3f90739b7ce,5,"Great parking spot, easy to find and secure.",0.55,2025-11-07T09:19:00
06773654-8252-48fa-a940-a9c7f7e38926,ab4320c7-c267-4d37-a343-4e66bd8ce9f6,aed763d5-7c54-4ca7-8ac8-259d26fa6d2c,06226c10-c0b5-479a-8e0c-431d6157dc04,5,"Very convenient location, will book again.",0.61,2025-12-09T19:57:00
e95177c0-cbf6-43a4-8fe0-eb08f650edde,46bdc850-3cf5-4361-9686-fdb85d5d8484,7b60e816-f6ce-4c95-a98c-b9b8eeb44e8d,3d6fc56b-0862-420f-89ff-f7d885c2ee53,5,Affordable pricing and close to metro station.,0.68,2025-12-04T11:56:00
6bab824d-e1c2-4c2c-bb32-06e46409ef65,d09677f7-88f4-40fe-aeb1-0eafeae247d7,b0de9982-cba8-443f-aeb0-d390678e9397,8c3db542-20dc-40ef-bf04-193becb19362,3,"Average experience, would use again if nearby.",0.23,2025-11-09T23:01:00
96a643b1-d882-458f-a8d9-d92d7548c8d2,0f356d86-c7ff-4da7-a7c5-87fc9f747a13,7107ee03-6709-40ba-adfa-380007cc77c0,2d99dab0-eeba-4cf8-bd2a-fda78882d48e,4,Clean and well-lit parking area.,0.72,2025-10-05T19:43:00
1fa15260-e12f-4d82-9760-54df03dfdb75,ed64dea8-a873-4832-8f78-421ade42cf06,bc464c1d-5590-438c-acc7-efab360d5bc8,7d555190-4404-420f-9769-e186c29f5020,4,Affordable pricing and close to metro station.,0.56,2026-01-27T03:33:00
b76c56d6-601a-4902-9414-464700b1de6e,444c682b-1715-41a5-a73d-fbadb660d040,f063fb91-dfae-415c-8fe1-caff87514d40,36074113-6601-4660-84c1-aefb81332b16,3,"Average experience, would use again if nearby.",0.0,2025-10-29T15:14:00
022bdb3d-9ee0-44d7-97c0-053cd043b2b2,f2ad57fb-f146-444e-9915-1d8aca933720,365892af-a36f-4af7-bd9a-d5cf29756b87,b7b7abb2-1c72-4497-a37e-86dbceee9084,4,"Very convenient location, will book again.",0.71,2025-12-13T17:18:00
4684f869-28e2-4acf-8121-4a9c18739e16,9dd34665-f8c0-45b7-97e8-9cd4be56b238,78ad0a9f-8291-4b2b-ba25-1ed481f9b863,ab6ef7ca-de6a-406d-b8b0-794a2377f2d8,5,"Owner was helpful, smooth experience overall.",0.52,2026-01-18T04:33:00
2d59e944-00ab-44c8-af67-b7f2f11c5509,26d5621e-bc18-4ce2-a258-8e3bc89f4429,eeb4d423-17f5-4d6c-a6e7-ad79313471a9,561cf67c-d67f-40f4-9a2b-1d5e6b3f38b0,3,"Decent parking, nothing special.",0.15,2026-01-16T18:56:00
2f5d38a6-9e7f-46fb-9a18-fd1c62d3ffd9,a26479e4-b4df-46bb-9457-c697d859151e,d2a8af93-39d7-4599-8a35-7cf21819f4b2,44669602-f498-487e-b17f-7dcc675235d6,3,"Average experience, would use again if nearby.",-0.09,2025-11-12T20:25:00
232c6d4b-a910-4784-8d13-c4ed99cf9bce,b21aebda-2049-4c70-bc7c-bfd60bbcbdca,f063fb91-dfae-415c-8fe1-caff87514d40,0a63008e-f9eb-4469-9e05-baf1e5546f63,3,Okay for short-term parking.,0.21,2025-11-28T17:40:00
01c887be-e181-4df9-8300-4fe9d689b478,ab4320c7-c267-4d37-a343-4e66bd8ce9f6,aa8039b3-3308-4616-8ab0-12c28e7246e4,41fdc775-162d-43e0-bd1b-41a85a4a7f4b,5,"Very convenient location, will book again.",0.83,2025-12-05T18:56:00
8fff4adf-0c6e-4667-862a-b6f39eda38d1,af8d3b09-87a3-492d-b614-12760cfcd0af,19c8358a-b82b-4ab4-b5a8-645fd399e303,6223f218-4ede-4f1b-8ca7-1965aa9d601b,4,"Owner was helpful, smooth experience overall.",0.89,2025-10-06T15:41:00
6f25c9f5-326f-4181-8183-9a22db4af0cf,6314903e-c210-4033-9e11-12625301bc1d,efc921b7-dee5-4ba3-8d14-01472a8afbe7,fbf557c5-4a97-483e-94d2-7b9277617aa2,3,"Decent parking, nothing special.",-0.04,2025-10-20T15:40:00
7161dfb8-7616-4a4a-8c7b-df3d69ec01a6,1c59fc9a-7cf2-48c3-a919-e5be8ae2fd42,7b60e816-f6ce-4c95-a98c-b9b8eeb44e8d,32995e89-de2d-4ca8-9af0-3b0c65bd01d8,4,Affordable pricing and close to metro station.,0.77,2025-12-28T06:15:00
5bba9fd9-a6bd-4662-94ce-c3b979980272,60a46a59-decb-4c15-9dd2-5354eea94200,bb8721a8-2bae-4da5-ae71-1d0cfc8a49d3,dcf67667-51e1-44e1-a391-3b9f0360f0d7,5,Clean and well-lit parking area.,0.85,2025-11-12T10:22:00
a2405d3b-d84f-40b2-86a7-d89da5625087,567e2465-08d4-43c4-8872-6efd2d444d9a,6e3b42ab-8562-41a3-a0d4-c8c989d7baf3,714b089f-6ad5-4e2d-81cd-4a3844e1975b,5,"Very convenient location, will book again.",0.73,2025-12-22T10:43:00
9af552bf-b809-49ae-b8c8-3dd430859b26,a6fbc3d3-ca09-49e9-b311-cc3073cb59ce,237291de-6a6d-452f-ad82-2f915745a94a,93800498-9d8a-4416-bc73-6a267cee7462,3,"Decent parking, nothing special.",-0.05,2025-10-24T17:51:00
5c6b2d64-2561-4310-b327-54f469cc3d70,b6fe13bd-fe3d-49c4-9a15-dc10fd806d1c,e53d7ad5-ca44-4488-bcaa-7dfbe0ac8a38,93c13e50-f894-4908-9cb7-661f4fa0f43f,5,"Owner was helpful, smooth experience overall.",0.54,2026-01-21T14:03:00
df1a4282-43ab-4ef0-8851-1cf99ebb3905,2927e51f-d212-4584-b4e3-640a2479826b,19c8358a-b82b-4ab4-b5a8-645fd399e303,97d23504-6bbb-4052-8bbc-22ee0406f7ea,5,"Owner was helpful, smooth experience overall.",0.77,2025-10-22T19:57:00
c22aea42-8a97-49b0-b6e3-d77fc96a1f3f,b21aebda-2049-4c70-bc7c-bfd60bbcbdca,14d550ff-098c-4a84-8f96-7f9776734a1b,a1b46680-6b98-4f9b-a6e3-407f838ac195,4,"Great parking spot, easy to find and secure.",0.72,2025-12-23T16:45:00
3d14908b-ecd6-428e-9c87-1f03c8e5f665,85917b08-e3e5-4ca2-9c90-3e0d0f63a9f5,78ad0a9f-8291-4b2b-ba25-1ed481f9b863,6befc056-9165-4c1e-beb9-fea3672d6d09,5,Clean and well-lit parking area.,0.92,2025-10-31T13:17:00
0503f3b1-e779-4866-be9e-13071dfb8757,877b1c47-4f80-462c-af6d-a5b004e58548,42591084-2367-45ae-98c3-6da0eb1bf09c,3a3ae8b1-90ab-4471-b85b-dea41b7bc61f,4,Clean and well-lit parking area.,0.88,2025-11-16T18:59:00
bd159a6a-24fa-4675-9157-75c5b17c1868,80ddb24e-b52f-4daf-933f-c7cb4e17d61e,ee459ce9-6a73-42b2-9e8b-a5e34b05ebf4,30702f89-c5f4-4905-82a8-964a17b63bf3,5,Affordable pricing and close to metro station.,0.83,2026-01-22T01:51:00
33f88a42-2a70-4563-88da-9bcbbb883ebe,d8c10aea-9085-4345-a4e2-749a5c64d081,19c8358a-b82b-4ab4-b5a8-645fd399e303,28656deb-7315-48d3-b722-9900ad98e6fc,4,Affordable pricing and close to metro station.,0.94,2025-10-13T16:15:00
ce89c7d3-ebf5-43d4-9e15-ceb963371f5c,be4f8d63-2ebf-49f7-b3ac-0dad3d81b41b,30c9d6df-abe8-45ab-842f-ab365e631bcd,d43a389c-2441-4d01-bdfe-2f8b44d37c84,5,"Great parking spot, easy to find and secure.",0.81,2025-12-16T17:46:00
deac98c5-edb4-4e0c-9dda-2036e70d7961,97c00172-dcdc-4002-91c2-08b08f475693,7107ee03-6709-40ba-adfa-380007cc77c0,97485b05-8e88-4ba5-a307-c0bcb8b35983,5,Affordable pricing and close to metro station.,0.54,2025-10-07T21:16:00
ca9c5545-4b90-4f6f-bb42-fc2d992fa595,0e0b358d-5fb8-4eac-9490-c65d5a817868,08a20e54-8f66-49fb-89d7-59c930d42d9a,ce2a8d07-f806-4262-8e6b-bf4cf09ff6ce,1,App showed available but lot was full.,-0.85,2025-10-24T20:39:00
89e14a12-3bb8-464d-aea0-a3ff616bd97e,b7eab9e9-b8e8-450e-ade5-b1b37cc6a6bf,aed763d5-7c54-4ca7-8ac8-259d26fa6d2c,859bdfa7-d8db-4b77-adf2-8708eb98ff6b,2,"Slot was occupied when I arrived, had to wait.",-0.41,2025-10-22T23:08:00
a2de9b79-0359-45c9-8b13-72f2f4ee0ad3,dbbf55b9-fe7a-4512-8381-1642692a2669,aed763d5-7c54-4ca7-8ac8-259d26fa6d2c,c4cedad6-0df2-4119-b7fb-469abf0c1946,3,"Decent parking, nothing special.",0.04,2025-10-15T21:59:00
19b7f362-bd96-4071-8e2c-9b3274bd9075,5641a45c-1def-4cda-bcc7-0101ebcc7867,d7cfdefe-2859-458d-8bc5-ab840a62418e,8c430b19-66a6-44d6-a3b3-0a2cf292584e,2,"Poor lighting at night, felt unsafe.",-0.35,2025-11-19T01:26:00
a0101fcd-502e-4d87-8ce0-6f417a180fc7,f010f9cc-b2a2-4f4c-bff3-653872140b2c,8253dd7a-18fb-473d-840b-1e186ba0c5e5,4321a371-500b-4d89-9c56-850f82bebf2b,5,"Great parking spot, easy to find and secure.",0.55,2026-01-12T18:39:00
2fbe93df-33cf-4d23-83c1-5f665055bfff,50e1d2ac-680b-49ff-9ebe-59fff8c4ea2c,14d550ff-098c-4a84-8f96-7f9776734a1b,e5409505-e1af-4731-a6df-a178fc02aac7,3,"Decent parking, nothing special.",-0.02,2025-11-05T21:26:00
87975f8e-d002-4252-88e1-1c5a9abb7689,5b7b16c9-e192-4b33-80f0-b3ac574db510,237291de-6a6d-452f-ad82-2f915745a94a,4e0bfb1d-d8ba-4c1b-9e0a-fa0fad53ab1a,3,Okay for short-term parking.,0.21,2025-11-07T08:54:00
e7394890-119b-4e4e-a701-956a61e3d428,98ea78ef-f606-478c-a1b9-904d47b3dd42,d59e8262-1e8f-4602-914e-5551b3174e5b,2e72b098-8780-4609-ba42-e27d733a900d,4,Affordable pricing and close to metro station.,0.88,2025-11-28T10:19:00
aa3cfbe3-a2c5-4d77-8334-5215e4840a6c,49e446a3-4611-4d46-837f-e901da5b1f5e,7b60e816-f6ce-4c95-a98c-b9b8eeb44e8d,6984424f-e193-457c-bef8-f9c08cf94d1e,4,"Great parking spot, easy to find and secure.",0.89,2025-11-16T16:09:00
cbc17f17-d73b-4bab-a6c1-ae2b2d2e83e6,f6e2f2c4-a6e8-4a47-b63f-dc4c8646e964,6f1380b7-12b7-40fd-8cde-756c8974b743,cfcd91fb-3138-4061-82b7-5f3af68327eb,4,"Great parking spot, easy to find and secure.",0.54,2025-12-22T11:13:00
c4512ad8-cb5f-4eac-a04b-260f57172c35,dbab4a25-1918-4cdd-bf93-2896fde8d17e,d2a8af93-39d7-4599-8a35-7cf21819f4b2,27948789-62be-4639-9c69-5a10ef814a1e,4,Clean and well-lit parking area.,0.67,2025-10-02T22:09:00
3b792856-da13-478b-ae49-c57f7f083ce4,d9e0dd75-199f-4cca-9166-e39a38afcea0,eeb4d423-17f5-4d6c-a6e7-ad79313471a9,e8b6a0a8-5757-4824-a546-59421fbf3985,3,Okay for short-term parking.,0.16,2025-11-15T02:29:00
4da99f72-1307-48f4-8391-08755a6f3c49,959aa198-9cfd-4b61-8a61-cd37d5785662,6f1380b7-12b7-40fd-8cde-756c8974b743,b8818080-88f3-42d6-914c-af1fbf0ab6cf,2,"Narrow entrance, difficult to park.",-0.35,2025-12-20T03:13:00
d899af00-e7f4-4cf8-99f5-eade26514f18,5a58aace-89bc-4179-a013-3ebeb2e0fb05,19c8358a-b82b-4ab4-b5a8-645fd399e303,25377bec-b2e0-4e17-8183-ef1c5f789938,5,"Very convenient location, will book again.",0.61,2025-12-08T10:41:00
66ae0804-617e-4912-bbf7-d078bf5e310f,a128c8e3-79bd-470a-9dd9-29e6ea7a5d25,b0de9982-cba8-443f-aeb0-d390678e9397,40edebc6-5821-4c09-84eb-5dde87e0fa82,4,"Very convenient location, will book again.",0.77,2026-01-11T09:18:00
5e43c8e9-dbd7-41df-9d02-39d27b538653,c6795a1b-8f62-48eb-bd34-9dd17a9cca3f,bc464c1d-5590-438c-acc7-efab360d5bc8,e0debb3f-8f9b-41df-9cb7-9589fe236b2b,1,"Slot was occupied when I arrived, had to wait.",-0.81,2026-01-10T21:37:00
d4f6985b-daea-4179-879c-d00db3477aa0,b54c166a-7c11-48b8-a696-3d1f211b31e8,53c77199-1104-4a6e-beec-f5175c546c49,8b814a96-ca8b-41af-88ff-7980d631a965,3,Okay for short-term parking.,0.2,2025-12-01T15:25:00
0b873db3-dddf-463f-8fde-83f4b2c4cc32,60a46a59-decb-4c15-9dd2-5354eea94200,78ad0a9f-8291-4b2b-ba25-1ed481f9b863,7c44dcce-8b4a-41f7-a8b9-0e1400336ba0,3,"Decent parking, nothing special.",-0.05,2026-01-22T19:39:00
39afc3d3-1e3b-4f24-8871-2ffb4db04f2a,d9434090-703a-46b0-8191-a048c640aebe,78ad0a9f-8291-4b2b-ba25-1ed481f9b863,86f9619c-edcf-441d-8fb4-4a98ebfe1ee5,4,"Very convenient location, will book again.",0.95,2026-01-09T22:27:00
10eb6049-4df8-45ed-8358-63a9d3d44ed4,77271711-a6a1-459c-a267-4bcf2e90d18f,d6ee3f19-3155-4210-8064-c6121d669156,0e71cba9-383e-428c-a782-463ed46fb9f1,5,"Very convenient location, will book again.",0.54,2026-01-19T13:23:00
8be171e5-b80f-4882-82d6-e73ea1645a15,07847f1f-f654-4d7d-97f6-2b7e4827f51e,f063fb91-dfae-415c-8fe1-caff87514d40,67a26efa-eafe-4c00-b72e-9ced8d23fda9,4,"Great parking spot, easy to find and secure.",0.81,2025-11-07T12:48:00
26514733-53da-4dd1-98cf-949b2d76cd41,46bdc850-3cf5-4361-9686-fdb85d5d8484,bc464c1d-5590-438c-acc7-efab360d5bc8,5257c067-29db-4a57-8e49-9f0d1177dcf5,4,"Very convenient location, will book again.",0.85,2026-01-04T11:04:00
34472737-0f16-4950-aeba-67378d02cb1a,5b292114-7ba8-4602-ba9b-11c0dad1188f,53c77199-1104-4a6e-beec-f5175c546c49,94194a10-c486-4bb4-a443-2438387102f1,2,"Slot was occupied when I arrived, had to wait.",-0.75,2026-01-04T11:26:00
973d3bdc-6fe5-4c8f-8b1a-b843f44b7928,599f005e-1fd0-410a-9bac-eb9a6b9d4d69,efc921b7-dee5-4ba3-8d14-01472a8afbe7,78bb59ad-ea66-4524-9d60-2b12c3c0ac80,4,Clean and well-lit parking area.,0.61,2025-11-02T16:20:00
c2ad1515-56ed-48a3-9e81-515863defaaa,59a253e1-4ef6-4ca0-9997-5a946ade55d7,aa8039b3-3308-4616-8ab0-12c28e7246e4,13521a24-ee0a-4d85-a354-5f36d23f82e0,5,Clean and well-lit parking area.,0.77,2026-01-12T17:00:00
d2db1311-6e4c-46aa-8297-4d7686299e93,dcf48aa7-7d85-4b28-afb9-df059ab79656,78ad0a9f-8291-4b2b-ba25-1ed481f9b863,a1aa4466-0727-474a-9ea6-0fbfd121449c,2,"Narrow entrance, difficult to park.",-0.52,2026-01-21T13:42:00
e9aecbf0-6eec-4cdd-8aa7-80816ae1358d,1647cad1-ee93-47b6-89cc-5a17e653b068,08a20e54-8f66-49fb-89d7-59c930d42d9a,253930de-2883-494f-a446-c214c13581b5,5,"Great parking spot, easy to find and secure.",0.82,2025-11-23T08:46:00
8586cfee-2743-4cf9-b50e-60f59e3f7031,d8c10aea-9085-4345-a4e2-749a5c64d081,7107ee03-6709-40ba-adfa-380007cc77c0,7eaf354d-40c6-4e5b-89c2-b1eb967a9063,5,Clean and well-lit parking area.,0.76,2026-01-17T03:58:00
1343ab4b-4dc1-4d40-bba2-efa42b37c472,a568eb2a-9343-405d-813e-ff36267453fe,365892af-a36f-4af7-bd9a-d5cf29756b87,efbee396-38f5-489b-9037-1637aa8f835b,3,Okay for short-term parking.,-0.03,2025-11-18T16:14:00
6ca06a9a-3135-48bc-9494-bfbc37d1518f,0b33ab4b-8a37-450d-884e-3411a79abd62,365892af-a36f-4af7-bd9a-d5cf29756b87,ae302328-dc05-41b2-86ca-83194e17e845,4,"Very convenient location, will book again.",0.92,2026-01-04T08:44:00
0cfeb0c1-a711-4db7-a166-4d74da8f8d35,2551fac8-9d67-46d9-953b-c6b38828df0a,bb8721a8-2bae-4da5-ae71-1d0cfc8a49d3,18444f83-6981-4f6a-9c99-034f841e206c,4,"Owner was helpful, smooth experience overall.",0.57,2025-12-22T05:20:00
7b02d70e-0a70-4164-8ecc-bc22b5aa0836,444c682b-1715-41a5-a73d-fbadb660d040,237291de-6a6d-452f-ad82-2f915745a94a,d2bb393b-5c7b-4281-b1ab-6ee5079e08fd,5,Affordable pricing and close to metro station.,0.75,2025-12-29T18:38:00
32de865a-ae46-4ac6-a702-bb14b9374245,cb4471e5-a9d1-42a1-bfb8-c0f57e76da77,ad0d0b95-98d7-4e45-a170-6e6eb21249e4,b4155e9e-a030-4669-9434-76e787ca46e5,5,"Owner was helpful, smooth experience overall.",0.91,2025-10-19T14:14:00
5bbf2af6-df15-4c44-9670-1b7151aab799,49c40658-bf14-457d-aab1-ff142d500a0e,d59e8262-1e8f-4602-914e-5551b3174e5b,d541695c-758a-4cad-89a7-752e372b4492,4,Affordable pricing and close to metro station.,0.91,2025-11-06T17:03:00
87b7e6e5-a074-4764-b0d0-e3a4cb1a9a5b,f124e1fe-9f31-4c52-8851-ff68517f23d3,e53d7ad5-ca44-4488-bcaa-7dfbe0ac8a38,1a79342b-449d-4d6b-bab5-eca5ce3ac42b,5,"Owner was helpful, smooth experience overall.",0.58,2025-10-22T18:10:00
6ff0854c-c647-4bdf-9236-f65dfe7a373c,abb2f860-9238-4251-855a-1dd52e586703,695b7d7d-d6bc-45e4-9ccd-1ab692e481ae,aa443878-34d7-4b0e-813c-a1d91c43cf43,5,"Owner was helpful, smooth experience overall.",0.61,2025-11-18T17:22:00
e84acc6b-5424-44a0-9f66-df0c7d587eec,877b1c47-4f80-462c-af6d-a5b004e58548,7b60e816-f6ce-4c95-a98c-b9b8eeb44e8d,93701513-fb4d-4015-bba7-c7c1eeab626c,4,Clean and well-lit parking area.,0.77,2026-01-07T00:14:00
2e75fd88-0a72-419f-88dc-f0de5550df56,46b6a70b-078e-462c-a5ba-ecf7b5064e0a,14d550ff-098c-4a84-8f96-7f9776734a1b,26f90235-5e9a-4be8-9b64-17aace74ae7f,5,"Great parking spot, easy to find and secure.",0.65,2025-11-07T18:48:00
c6bb9d03-361a-430f-a540-af2e8fbb936d,db47a8ff-d23c-402d-80e2-d7b9c16fc5d2,42591084-2367-45ae-98c3-6da0eb1bf09c,096dfd82-13cb-4364-a172-de2064e86d6d,4,"Great parking spot, easy to find and secure.",0.83,2025-12-20T21:46:00
16a63a75-be15-4122-b161-d16e949c002c,c0cd4e88-efc9-43ff-97f2-c0627da0e8f6,6f1380b7-12b7-40fd-8cde-756c8974b743,1f4cb50f-6484-4d65-82df-4a89f01aad9b,4,Affordable pricing and close to metro station.,0.74,2025-12-09T20:18:00
4f557abf-77dd-431d-af79-c55ca7d35b46,90ff1297-1d26-4dd5-bd5a-903a36e5e4fc,b0de9982-cba8-443f-aeb0-d390678e9397,e2d28138-290d-4a40-b9d9-1cd751c7ab58,4,"Great parking spot, easy to find and secure.",0.62,2025-12-24T19:03:00
eadec3ff-756f-45a1-88fb-c15af0c7bad1,cf6fa6c2-ef72-4865-869e-2eea08c884a3,d59e8262-1e8f-4602-914e-5551b3174e5b,5d141d6b-24a6-405d-9c20-c0a7bcd591b3,4,Affordable pricing and close to metro station.,0.68,2025-11-24T15:23:00
c753b4e0-cfdc-410e-827c-0eb9f9a7f41b,d252f73a-00d4-483e-8127-017911e18fa7,bb8721a8-2bae-4da5-ae71-1d0cfc8a49d3,7a8f4487-de6f-42ec-a198-b1d85e57ee51,4,Clean and well-lit parking area.,0.81,2025-11-01T15:12:00
9f4c636c-262f-4f71-9be5-4a965e6e5eaf,0fb26ed7-84f5-4429-9214-3f19b48293a3,7b60e816-f6ce-4c95-a98c-b9b8eeb44e8d,96461e58-566c-426c-9455-66cdbec3c9d8,1,App showed available but lot was full.,-0.43,2025-11-06T06:15:00
6e8767d1-c643-4594-87d9-7cacf061bd10,b121dd15-fd8e-46c6-839b-5eeda960f56a,d59e8262-1e8f-4602-914e-5551b3174e5b,e910c0de-2d3d-405d-a9a8-d4fdd8f3b60e,5,Affordable pricing and close to metro station.,0.67,2025-11-09T10:04:00
99c47fdc-20d7-4a4a-ab85-90098cac06ce,01a21be9-8852-4995-a019-7e0ecc7ec4b4,bb8721a8-2bae-4da5-ae71-1d0cfc8a49d3,483aba55-d556-483d-ac7d-a3d7a2a6442e,5,Affordable pricing and close to metro station.,0.55,2025-10-13T17:41:00
0ad5d67d-9864-4a18-a1d1-cc44930945bd,82fb7949-1329-4cba-a1bd-3b10e49fa04a,7b60e816-f6ce-4c95-a98c-b9b8eeb44e8d,776e5431-12a8-4ed8-8761-86a0c35983c0,3,"Decent parking, nothing special.",0.04,2025-11-11T18:23:00
480ebc40-6455-40fb-b588-fb42d2b206bf,142999e5-307a-4bf4-8240-57e97cc86f50,53c77199-1104-4a6e-beec-f5175c546c49,89e49a09-cea0-4eff-abb5-67c46ab6186a,5,"Owner was helpful, smooth experience overall.",0.78,2025-10-12T21:38:00
770978d1-196d-4bf1-8e95-07d4c1b46f01,46bdc850-3cf5-4361-9686-fdb85d5d8484,bb8721a8-2bae-4da5-ae71-1d0cfc8a49d3,e9d075d4-c9c9-415d-92ad-c502670166d7,4,Clean and well-lit parking area.,0.84,2025-12-02T17:52:00
750e8ae4-b441-4826-9041-bf1e29db337f,33b4dd72-dc8e-4f35-8629-990075b9b265,efc921b7-dee5-4ba3-8d14-01472a8afbe7,86474073-6284-462c-9e77-44eca3498ebe,5,Clean and well-lit parking area.,0.9,2025-12-13T10:49:00
f4ac3bfe-cd23-4092-9c83-c4650787a54e,7a3c925b-65d7-4998-bcce-420c121b09f4,ee459ce9-6a73-42b2-9e8b-a5e34b05ebf4,e2d0bde7-499a-4ed9-9980-a9b8b54a9071,4,"Very convenient location, will book again.",0.93,2025-10-12T19:57:00
078830ed-7d30-440a-b3fd-34380aea147c,80ddb24e-b52f-4daf-933f-c7cb4e17d61e,d6ee3f19-3155-4210-8064-c6121d669156,5dd23cee-6a6d-4143-b26f-2c152e03eeb6,5,"Great parking spot, easy to find and secure.",0.74,2026-01-01T15:40:00
bff5f5a1-d265-4f57-be65-ccaeaa6ffe93,072e86f1-123e-4728-8660-0ca9e2253241,ee459ce9-6a73-42b2-9e8b-a5e34b05ebf4,f03ae21f-2819-41dc-80ef-df9cd70e7d2f,5,"Great parking spot, easy to find and secure.",0.9,2026-01-02T01:59:00
5862d54e-2a78-4272-8e31-928e9c04961d,2b1204a6-ed0b-4c47-94ca-f7ef014470e5,d7cfdefe-2859-458d-8bc5-ab840a62418e,db470067-fa17-4391-8804-94fd794a0fc2,5,"Owner was helpful, smooth experience overall.",0.62,2025-10-03T20:29:00
b623b44c-bf92-4966-934b-46f6c8732127,3ad6b03e-a0d9-477c-a074-209e3b4e0f17,eeb4d423-17f5-4d6c-a6e7-ad79313471a9,6212ffca-a92a-4edd-a761-d930657c2cae,4,"Very convenient location, will book again.",0.75,2025-11-17T10:52:00
ecef3444-f514-4e40-b7cd-78b374c3bac2,65901945-cad2-4850-be6b-8ca1110509d2,eeb4d423-17f5-4d6c-a6e7-ad79313471a9,b1c8248c-00a5-4195-9eee-35af4ee44098,4,Affordable pricing and close to metro station.,0.74,2025-10-19T05:30:00
0d68a64b-3c22-4207-89a7-09a14782bd5b,ed64dea8-a873-4832-8f78-421ade42cf06,19c8358a-b82b-4ab4-b5a8-645fd399e303,2613121b-71fd-4702-bb7b-dceb675bdeb6,2,"Narrow entrance, difficult to park.",-0.44,2025-10-05T05:14:00
e004920a-2d1b-4c54-8bc8-a8d50d68c0b1,a3293895-2029-45db-b566-b2e1981315b2,e53d7ad5-ca44-4488-bcaa-7dfbe0ac8a38,50e187b8-d1c6-4070-810a-f673cbc38e09,3,"Average experience, would use again if nearby.",0.21,2025-12-07T10:45:00
9339ee1c-435b-4dff-906e-1d8bd59c67a4,071d0229-2b82-4af7-b921-faca7bad858e,365892af-a36f-4af7-bd9a-d5cf29756b87,43e1dcfa-b45b-4490-968b-ae2da94b6816,5,"Owner was helpful, smooth experience overall.",0.63,2025-10-23T14:34:00
8fdbf103-d8cf-44d2-9fd7-63cc884a531b,2f69688f-73d1-4b35-a5a0-a0cb9fff72ec,7107ee03-6709-40ba-adfa-380007cc77c0,280094ff-05b4-4495-9841-9ddf03c8be58,5,Affordable pricing and close to metro station.,0.9,2026-01-27T20:26:00
593df508-07fb-4bce-a8c5-32647c6f0d20,88d8a3d6-22f2-4026-b650-c5dbdf9aba0f,efc921b7-dee5-4ba3-8d14-01472a8afbe7,c0fe72e5-6a5c-4f75-8a20-29ecab9d6e1e,3,"Average experience, would use again if nearby.",0.26,2025-12-09T18:01:00
8dadc3f3-d811-480e-911a-92a021fa19b8,36b67d6d-b43c-42c5-aed0-24c2bb6a8bb1,ad0d0b95-98d7-4e45-a170-6e6eb21249e4,ee091238-7d47-453c-83fa-3c45fc9bb558,5,"Very convenient location, will book again.",0.93,2026-01-26T04:14:00
43e5cffd-eee3-42d6-aa2d-04271369e284,8708d2ec-59c7-481d-893a-8503e787c1eb,d2a8af93-39d7-4599-8a35-7cf21819f4b2,b8926577-6b83-499d-ac6c-c0573d412667,2,App showed available but lot was full.,-0.63,2025-11-24T12:05:00
bbf2d783-cd43-46ae-bde1-cd0d06b287e7,1453ff1c-0ed9-4fd1-a785-1c1d28d78a55,ad0d0b95-98d7-4e45-a170-6e6eb21249e4,2f3d4469-353d-4248-96f0-5d07a005dc77,1,"Narrow entrance, difficult to park.",-0.31,2025-12-20T05:43:00
32d0eb9f-7746-4192-ba47-5a6e59c38915,5641a45c-1def-4cda-bcc7-0101ebcc7867,d2a8af93-39d7-4599-8a35-7cf21819f4b2,c17f2f9a-f394-4303-8afc-748b696eb33f,2,App showed available but lot was full.,-0.43,2026-01-28T16:51:00
1da659be-7d21-4657-94e6-649253b06784,1453ff1c-0ed9-4fd1-a785-1c1d28d78a55,7107ee03-6709-40ba-adfa-380007cc77c0,6337f216-261d-412f-a60c-abfc12e52b17,4,"Owner was helpful, smooth experience overall.",0.79,2025-11-23T14:46:00
ee626c29-f7ff-40fe-8189-0cfafb0322a3,5a58aace-89bc-4179-a013-3ebeb2e0fb05,efc921b7-dee5-4ba3-8d14-01472a8afbe7,f190fb32-6e87-440f-b2fe-ad23ed4a835a,4,"Owner was helpful, smooth experience overall.",0.69,2025-11-10T21:31:00
92b896cc-de9c-4c7d-953b-3ff72725380e,9cc3bdbe-eebe-44c1-af7d-d182e0bb848e,bc464c1d-5590-438c-acc7-efab360d5bc8,63690dfc-06b0-41e3-aa44-7d777a9eb4c3,4,Clean and well-lit parking area.,0.88,2025-11-11T12:14:00
ce5640a1-5539-4e4b-9d87-4003279eb528,7fdc66b5-6d75-46cc-b403-5fa62759c37e,78ad0a9f-8291-4b2b-ba25-1ed481f9b863,e32d1868-e04c-4f42-a7ed-1b124b6c6ab6,5,"Owner was helpful, smooth experience overall.",0.84,2025-10-03T21:42:00
e8ba551f-0e8d-4296-a73e-3cb1520d1b62,85917b08-e3e5-4ca2-9c90-3e0d0f63a9f5,66e019e7-5c23-4c7a-8358-1da734b434fe,0be09ae8-e4cf-4e43-89c1-8d0c50066328,5,Clean and well-lit parking area.,0.76,2025-12-11T22:55:00
7d498321-d6ba-4651-9da3-88cef95d82f7,b7eab9e9-b8e8-450e-ade5-b1b37cc6a6bf,d7cfdefe-2859-458d-8bc5-ab840a62418e,3ffe23cb-fc16-4b36-b1af-262b0a9de5ff,5,"Great parking spot, easy to find and secure.",0.95,2025-12-04T14:57:00
460cb6c8-b763-4df1-ab66-7ce92a4e2ccf,31f957b2-2e3e-4860-87ac-fb8a921297b0,bc464c1d-5590-438c-acc7-efab360d5bc8,e7e279a2-b86b-4eca-927a-e005837d339b,5,Affordable pricing and close to metro station.,0.61,2025-12-21T15:26:00
6362759f-d3fe-4e3e-a7ab-e874fa553bde,98744254-e676-49c8-862f-e270757f662d,365892af-a36f-4af7-bd9a-d5cf29756b87,fea7b232-43d7-40b7-8fe1-1d79105b1fe2,5,"Owner was helpful, smooth experience overall.",0.79,2025-12-01T13:36:00
37bbdcc3-66df-41f0-bd67-beb0568443cf,79c74820-cccd-4500-ad66-e9f04ff12ad1,ee459ce9-6a73-42b2-9e8b-a5e34b05ebf4,49003483-543f-4a0b-8e0c-f59b2f2180ed,4,"Very convenient location, will book again.",0.64,2025-11-29T21:37:00
2708987d-b442-4de5-8f1e-1b6d2cf07329,dbbf55b9-fe7a-4512-8381-1642692a2669,aed763d5-7c54-4ca7-8ac8-259d26fa6d2c,806d2cbf-6c56-45de-87b9-3649c4e482cd,4,"Very convenient location, will book again.",0.71,2026-01-09T19:42:00
c27c4bec-2177-420b-a511-c7a8c57fc4c4,f010f9cc-b2a2-4f4c-bff3-653872140b2c,d59e8262-1e8f-4602-914e-5551b3174e5b,4e2323bf-2d2c-4ed9-a7b0-72445fade4d6,4,Clean and well-lit parking area.,0.65,2025-11-06T18:32:00
0eee541d-6beb-471b-a738-b4114c8850fe,98744254-e676-49c8-862f-e270757f662d,d2a8af93-39d7-4599-8a35-7cf21819f4b2,3a0bc88c-546d-4344-abbb-ac8dffdbe76b,4,"Very convenient location, will book again.",0.65,2026-01-28T09:14:00
82de8cf0-2f49-4f84-b22a-b5a583df6f7f,7cf848c9-5303-46fe-b11c-5be547765b07,ad0d0b95-98d7-4e45-a170-6e6eb21249e4,c4b39b74-4c8e-4c7d-a29c-0570cd7b04c1,4,"Great parking spot, easy to find and secure.",0.67,2025-10-15T19:00:00
b529e364-ecce-4d39-aa82-e153fa5cf27b,49e446a3-4611-4d46-837f-e901da5b1f5e,e53d7ad5-ca44-4488-bcaa-7dfbe0ac8a38,444f6b3c-ac91-4472-901a-6331184cd6b7,5,Affordable pricing and close to metro station.,0.53,2026-01-05T09:01:00
88e3efff-085a-499d-b577-47ba2e72b7a8,d9434090-703a-46b0-8191-a048c640aebe,42591084-2367-45ae-98c3-6da0eb1bf09c,3487f589-a493-4a11-ba4e-a9b75116eeb4,1,"Poor lighting at night, felt unsafe.",-0.88,2025-10-01T09:56:00
6a882349-99e2-40d5-a094-6b2dcd983486,5a58aace-89bc-4179-a013-3ebeb2e0fb05,ad0d0b95-98d7-4e45-a170-6e6eb21249e4,e34ae367-a513-40a7-8b58-ecdfa12ab835,5,"Owner was helpful, smooth experience overall.",0.83,2025-10-20T23:29:00
1a21aa44-6ea4-4242-ad36-ae524e31d7f3,8708d2ec-59c7-481d-893a-8503e787c1eb,bb8721a8-2bae-4da5-ae71-1d0cfc8a49d3,319bc549-b38c-425e-bb0f-5ccef0134d2c,5,"Very convenient location, will book again.",0.64,2025-11-13T14:01:00
5f149b78-c30a-401b-a6d4-fe340584eefb,98744254-e676-49c8-862f-e270757f662d,78ad0a9f-8291-4b2b-ba25-1ed481f9b863,a01b755c-87c6-4b1c-b697-facb0b0533ae,5,"Very convenient location, will book again.",0.51,2025-11-04T18:33:00
5dee5aba-7951-4681-9385-3e840e810b3f,60963040-4c45-41e0-9ea5-31cc05756a00,bc464c1d-5590-438c-acc7-efab360d5bc8,b45684a1-9a82-4f78-ab4e-61ccfa3077cd,5,"Great parking spot, easy to find and secure.",0.54,2025-12-11T14:17:00
5fa28562-35ff-4cd3-82a7-ecf065979d47,c0cd4e88-efc9-43ff-97f2-c0627da0e8f6,dccfe102-88f6-4a07-a791-76d919900546,41fd8450-62a2-493d-92dc-373da5d186fb,5,"Very convenient location, will book again.",0.59,2025-10-16T12:45:00
0e32b8b5-cab6-4189-9257-ef1632f29d30,a3293895-2029-45db-b566-b2e1981315b2,d59e8262-1e8f-4602-914e-5551b3174e5b,37052028-b705-4c21-a421-686683700fdf,3,"Decent parking, nothing special.",-0.08,2025-12-07T14:31:00
f45f6c37-e299-43d9-a3ba-9cdd8b070215,f26df763-aad5-41ea-8ed1-77c8b680cc59,365892af-a36f-4af7-bd9a-d5cf29756b87,5f019b08-b79d-470e-a3dc-59a8456faf18,4,"Great parking spot, easy to find and secure.",0.93,2026-01-08T18:52:00
dbcfc936-0b91-4faf-91ea-8419af8156f4,a3293895-2029-45db-b566-b2e1981315b2,08a20e54-8f66-49fb-89d7-59c930d42d9a,165b548f-5a99-443d-add1-1bc80a337c30,4,Clean and well-lit parking area.,0.76,2025-10-08T11:27:00
6ad18afc-d37d-435c-8721-c51d929aa1e0,9dd34665-f8c0-45b7-97e8-9cd4be56b238,8253dd7a-18fb-473d-840b-1e186ba0c5e5,968edb79-5b23-40e0-b0ff-7c1aedd4cfe7,5,"Great parking spot, easy to find and secure.",0.68,2025-10-29T20:40:00
d96c1d79-c194-4cd2-b7d8-77e346ca2fe8,77271711-a6a1-459c-a267-4bcf2e90d18f,7b60e816-f6ce-4c95-a98c-b9b8eeb44e8d,149e7b34-f254-4fb1-81f4-56b07c74a5ba,4,"Great parking spot, easy to find and secure.",0.74,2025-12-18T20:28:00
58352533-7a09-44ff-80d0-d700656fd185,f010f9cc-b2a2-4f4c-bff3-653872140b2c,42591084-2367-45ae-98c3-6da0eb1bf09c,1b51e9ad-97a1-4b63-9751-02a9b7a4ed27,5,Clean and well-lit parking area.,0.55,2025-10-13T14:28:00
db7ef48b-fdd4-4dc4-8911-3ea9145f41fe,31ce3d13-f25a-49ba-96be-de4c9d2c4dfb,7b60e816-f6ce-4c95-a98c-b9b8eeb44e8d,fd6170c2-c1a4-455a-a972-66b9cc2a9909,5,"Very convenient location, will book again.",0.82,2025-12-10T13:33:00
3bb3dd5b-34df-4454-9f50-a440d39b7753,a568eb2a-9343-405d-813e-ff36267453fe,66e019e7-5c23-4c7a-8358-1da734b434fe,242711b2-4321-4a9f-ac06-1231fcf55f31,5,Affordable pricing and close to metro station.,0.94,2025-11-11T22:49:00
8aaa2a6d-ce9f-45d3-bb42-6f2b15471b1d,c93534d5-7e36-4c89-bd78-a77559e5e18b,30c9d6df-abe8-45ab-842f-ab365e631bcd,054e4129-b579-48e6-aa21-1590e3e108b6,4,Clean and well-lit parking area.,0.56,2026-01-20T21:20:00
85994277-1954-4e6e-bc07-6cfa2588937c,a568eb2a-9343-405d-813e-ff36267453fe,d7cfdefe-2859-458d-8bc5-ab840a62418e,5834a557-9394-4cfd-9b69-4c59bebbcb52,4,Affordable pricing and close to metro station.,0.57,2025-11-03T15:03:00
7470f441-bb77-4f07-9bbd-68e5adb4a9d8,0af291a9-0ed2-4b15-ae5a-a14a42338a67,bb8721a8-2bae-4da5-ae71-1d0cfc8a49d3,fb286caf-2fe3-4885-8133-9e6e80147a95,5,"Very convenient location, will book again.",0.78,2026-01-11T23:03:00
010e11ff-dc71-450f-a8a1-5ed1306c33c0,b7eab9e9-b8e8-450e-ade5-b1b37cc6a6bf,08a20e54-8f66-49fb-89d7-59c930d42d9a,9712749b-5382-464f-8220-63262df3eb09,5,"Great parking spot, easy to find and secure.",0.57,2026-01-27T14:13:00
68f0756c-1d22-4363-9080-715e28fbef1c,cb4471e5-a9d1-42a1-bfb8-c0f57e76da77,d7cfdefe-2859-458d-8bc5-ab840a62418e,f39f6a8e-55fe-485f-9b8b-30a214e96f05,1,App showed available but lot was full.,-0.82,2025-12-08T10:51:00
c3e21fcc-d816-4cf8-b3a3-716daa939eb3,0a140015-f233-4ed4-87c5-aa755b4f13bb,d2a8af93-39d7-4599-8a35-7cf21819f4b2,7a94cc7e-dce6-4f27-93c6-e452d7284df4,5,"Owner was helpful, smooth experience overall.",0.8,2026-01-19T14:40:00
a5f467d1-bad6-4edd-9e49-eb6b597c10d5,e989cdb7-ad0e-4c36-a170-afeb109aaf40,d6ee3f19-3155-4210-8064-c6121d669156,3bcf6c64-ab35-48ce-84a3-6235b35835a8,4,Affordable pricing and close to metro station.,0.78,2025-12-16T02:04:00
416ecfbd-4a80-4250-9748-c67fabb2fbba,42a7237f-fbee-4b26-b5c8-bbb10e3a20ea,19c8358a-b82b-4ab4-b5a8-645fd399e303,daf58fca-dfb8-4fce-a9a0-34fdd238d36b,4,Affordable pricing and close to metro station.,0.6,2025-11-04T19:05:00
379d7c5e-2816-48b5-bf0b-67ff4c0601a9,59a253e1-4ef6-4ca0-9997-5a946ade55d7,66e019e7-5c23-4c7a-8358-1da734b434fe,2305b737-116a-4735-aae4-49e063d085d5,1,"Slot was occupied when I arrived, had to wait.",-0.41,2025-12-02T10:10:00
58185d9b-413a-41c7-bc59-830aefcf275b,d7754c45-f9ed-4e23-ac5f-1a615bd35db2,237291de-6a6d-452f-ad82-2f915745a94a,42f52ddc-ed6c-46f4-b988-7b3457ee9a69,4,"Great parking spot, easy to find and secure.",0.55,2025-10-22T09:11:00
940f6391-50c5-4e5b-a419-f73eec6cfd78,5a1bb93c-018f-497e-b8c8-a979032a57ef,7b60e816-f6ce-4c95-a98c-b9b8eeb44e8d,672bf6ce-09dc-45dc-8e0e-e2a78aee7c0c,4,"Owner was helpful, smooth experience overall.",0.65,2025-12-06T08:01:00
bfe74ed3-4744-42d0-89c6-fca7084a28c5,77271711-a6a1-459c-a267-4bcf2e90d18f,66e019e7-5c23-4c7a-8358-1da734b434fe,c5d06810-07d6-44ab-9a5f-5c6576123682,2,"Narrow entrance, difficult to park.",-0.46,2025-11-05T15:08:00
233c88a1-3070-448b-84b4-6fe665903428,26d5621e-bc18-4ce2-a258-8e3bc89f4429,d7cfdefe-2859-458d-8bc5-ab840a62418e,a6d819b8-4f2d-462b-84bd-c787da3947c7,5,"Owner was helpful, smooth experience overall.",0.78,2025-10-02T11:29:00
e3c04c79-ed54-4ea5-86cb-8a0e91f1724c,d7754c45-f9ed-4e23-ac5f-1a615bd35db2,6f1380b7-12b7-40fd-8cde-756c8974b743,26484ce5-563c-40ea-99da-fc97f359aba6,2,"Poor lighting at night, felt unsafe.",-0.54,2025-10-21T13:34:00
10949f70-d1da-41e3-ab21-fdb24b6cdc31,f04b3440-fac7-4177-8085-9e194fac1d99,237291de-6a6d-452f-ad82-2f915745a94a,822714fa-97e9-4f8b-b191-9a79cc361b60,3,"Average experience, would use again if nearby.",0.17,2025-10-09T22:06:00
72016c25-ba63-4ace-a8eb-cd2386a1fdc3,fef6f349-5174-4165-b8be-df97927e56b8,d6ee3f19-3155-4210-8064-c6121d669156,a4386b45-240a-4744-9da8-7532543ca623,5,Affordable pricing and close to metro station.,0.79,2025-10-04T18:59:00
2af94b33-7a45-401c-9b68-c471416b9044,ed64dea8-a873-4832-8f78-421ade42cf06,bc464c1d-5590-438c-acc7-efab360d5bc8,073d7615-416d-4cd6-9176-cf5c0cb55757,5,Affordable pricing and close to metro station.,0.89,2025-12-14T22:03:00
6305200b-587c-424b-8801-1fa0b8f72f42,d05d6b4c-e29c-486e-989a-1a0d30f62a5f,d7cfdefe-2859-458d-8bc5-ab840a62418e,cada2c53-d94a-4fa3-bf7a-8929ef2a5671,5,Affordable pricing and close to metro station.,0.76,2025-11-03T15:48:00
e876fa28-69ca-4329-9568-94a4abebae0f,44d64af1-52f4-472d-a634-dedc68426f80,efc921b7-dee5-4ba3-8d14-01472a8afbe7,0c3b6023-8a60-4195-8385-3e3d0474c8e5,5,Affordable pricing and close to metro station.,0.68,2025-12-26T09:53:00
9b9e1a42-e3cb-486f-9c4a-4f223508cbd7,97c00172-dcdc-4002-91c2-08b08f475693,6e3b42ab-8562-41a3-a0d4-c8c989d7baf3,724ee793-4abc-4d97-a2c7-2366726d9acd,4,Clean and well-lit parking area.,0.84,2025-11-10T18:58:00
0cb525be-7e4e-4c74-b7ce-46e3332e2235,01a21be9-8852-4995-a019-7e0ecc7ec4b4,8253dd7a-18fb-473d-840b-1e186ba0c5e5,3acf0441-5cc7-4ae7-a4ef-d23cc8b9a508,4,Affordable pricing and close to metro station.,0.62,2025-10-16T03:16:00
2f46e356-35d4-4707-bab8-fef3bea908e6,90ff1297-1d26-4dd5-bd5a-903a36e5e4fc,42591084-2367-45ae-98c3-6da0eb1bf09c,4af62491-cb40-43b7-a9b6-548d857f8e75,5,Affordable pricing and close to metro station.,0.84,2025-11-02T12:28:00
19c9e180-a83a-47c8-a01c-158094881a36,59a253e1-4ef6-4ca0-9997-5a946ade55d7,f063fb91-dfae-415c-8fe1-caff87514d40,ca1470dc-dfc7-4799-bec3-bb6144b99a9f,5,"Great parking spot, easy to find and secure.",0.63,2025-12-03T21:36:00
8c82a806-3b99-408b-82a1-22190b21df86,fef6f349-5174-4165-b8be-df97927e56b8,ad0d0b95-98d7-4e45-a170-6e6eb21249e4,459f4c07-0fed-4a9a-8c8e-6814e82eaa7d,4,"Very convenient location, will book again.",0.72,2026-01-07T03:02:00
c4ef9c8e-a1ad-4904-8db6-19c12e707bcc,2551fac8-9d67-46d9-953b-c6b38828df0a,dccfe102-88f6-4a07-a791-76d919900546,ad4234bf-1217-420b-98f5-defb0f4f0a1e,4,Affordable pricing and close to metro station.,0.83,2026-01-22T12:22:00
3825c55a-8aab-4487-a218-f929b8de7fce,c6795a1b-8f62-48eb-bd34-9dd17a9cca3f,aed763d5-7c54-4ca7-8ac8-259d26fa6d2c,5630f54d-b79c-4307-aa9d-bc17d4adb3df,3,Okay for short-term parking.,0.15,2025-10-12T23:32:00
57b5f786-d088-401d-bd46-2fcef0ba593c,fef6f349-5174-4165-b8be-df97927e56b8,7b60e816-f6ce-4c95-a98c-b9b8eeb44e8d,531506b2-b0b6-40b3-9334-9b4148109f24,4,"Very convenient location, will book again.",0.54,2025-10-22T18:55:00
8470d11a-7c9b-4ebc-abbd-ebf7ade5e90e,d3248023-eceb-4bbd-919a-488c63316344,14d550ff-098c-4a84-8f96-7f9776734a1b,5574e6f0-e7ff-40e3-9054-d5635d5d9dcf,3,"Decent parking, nothing special.",0.08,2025-12-06T13:00:00
fea4f266-820d-4ac6-9e66-e7391d8cd127,f3b6ba16-e61e-41fd-adef-6033fff96bf7,08a20e54-8f66-49fb-89d7-59c930d42d9a,8cf10737-58b5-4e89-ade0-77f0adcca19f,1,"Narrow entrance, difficult to park.",-0.41,2025-10-02T09:01:00
39ce9457-5f7e-4da0-89d1-f22818d02e22,ce569a2d-31ec-491e-a27f-3cc789efcb50,d2a8af93-39d7-4599-8a35-7cf21819f4b2,0ddabccd-d102-49f6-9372-11622de383d6,3,"Decent parking, nothing special.",0.3,2025-11-26T11:06:00
7b978e82-d378-4025-aa76-c55a82696021,874d68e5-d3d9-40bc-bf55-a33edbb23902,8253dd7a-18fb-473d-840b-1e186ba0c5e5,3d8df5f1-aeed-4c30-96f1-3edf0a5237f1,5,"Great parking spot, easy to find and secure.",0.71,2025-10-17T20:22:00
dce9f127-2f7b-41b7-9854-25b1e6d279ff,442a0e97-6b3e-4afc-8ac8-b547aa9b92f5,eeb4d423-17f5-4d6c-a6e7-ad79313471a9,40b51f9f-599f-4b72-8055-d18f6e202e73,4,"Very convenient location, will book again.",0.54,2025-12-27T18:05:00
9048b568-81c1-492e-ae1b-2e03b023ab5e,0fb26ed7-84f5-4429-9214-3f19b48293a3,bb8721a8-2bae-4da5-ae71-1d0cfc8a49d3,7dc82eda-8b7d-481f-884b-dbfc64335749,4,"Owner was helpful, smooth experience overall.",0.66,2026-01-27T17:43:00
671aa995-9076-4485-adac-d530ba5f3eac,15ce7f7e-c477-41ec-b7d0-63fa147b7c27,eeb4d423-17f5-4d6c-a6e7-ad79313471a9,deea9dbc-e8ca-4133-b062-7351436e9cb4,4,"Owner was helpful, smooth experience overall.",0.72,2025-11-23T15:34:00
f44cd6c5-72dd-49f4-a46a-c1a21542e856,d9e0dd75-199f-4cca-9166-e39a38afcea0,14d550ff-098c-4a84-8f96-7f9776734a1b,1d5eccdc-7362-4801-9832-e3535952a17b,1,Price was higher than what was listed.,-0.86,2026-01-11T19:11:00
1783d91c-8b1c-4cd3-99f0-18194c4f059c,1647cad1-ee93-47b6-89cc-5a17e653b068,eeb4d423-17f5-4d6c-a6e7-ad79313471a9,c9e373fc-5081-48c1-9786-4044b17236f6,5,"Great parking spot, easy to find and secure.",0.89,2025-12-17T21:27:00
0ac613a8-3873-42aa-82e0-281faa2b98a5,959aa198-9cfd-4b61-8a61-cd37d5785662,d2a8af93-39d7-4599-8a35-7cf21819f4b2,91dd7897-466d-423a-96c0-6af7319c8a83,2,"Poor lighting at night, felt unsafe.",-0.58,2025-12-25T09:16:00
a7a351bd-5d4a-445f-bb7d-66311aa8f80d,071d0229-2b82-4af7-b921-faca7bad858e,d59e8262-1e8f-4602-914e-5551b3174e5b,21aab060-d4f3-4bbc-835a-39b7ee0c8e8b,5,"Great parking spot, easy to find and secure.",0.69,2026-01-19T21:48:00
41ee638a-b478-46a6-98f6-f4c65f64717b,b68b0696-eb24-408c-aa2e-a8f38d864d07,bc464c1d-5590-438c-acc7-efab360d5bc8,b8b85371-e013-4199-9ad6-813106b4b66f,5,"Great parking spot, easy to find and secure.",0.68,2025-11-25T14:04:00
11a51cf0-61e3-4465-8ae5-6fd850cea09e,7e636024-08c4-455c-bc1d-4d2db8566ef0,aa8039b3-3308-4616-8ab0-12c28e7246e4,fa06a0c5-41d8-4d0c-8952-21e323f7c2c2,4,"Great parking spot, easy to find and secure.",0.51,2025-12-11T20:32:00
0c5a8418-4f7b-41a1-bae1-c852ae3857d9,7bd34117-4d1c-414e-bc01-debf09846255,aa8039b3-3308-4616-8ab0-12c28e7246e4,30375f74-b46a-41c3-8257-d58456beb89e,5,Clean and well-lit parking area.,0.73,2026-01-09T22:47:00
96a1d49b-9e76-45b0-8083-1a81efe8bfde,388689f2-d306-45bd-9a3e-51b60104e7b8,365892af-a36f-4af7-bd9a-d5cf29756b87,55376f4a-32ab-41a2-b01e-c9eb27f397d4,1,"Poor lighting at night, felt unsafe.",-0.61,2025-10-08T16:42:00
874fba45-13b1-421e-ad3b-96e1511787b9,5641a45c-1def-4cda-bcc7-0101ebcc7867,14d550ff-098c-4a84-8f96-7f9776734a1b,419e0679-3b39-45f3-be88-b4cb53376149,5,"Very convenient location, will book again.",0.66,2025-12-08T08:50:00
afed68e9-0b3e-4113-900c-07e87626abca,d252f73a-00d4-483e-8127-017911e18fa7,aed763d5-7c54-4ca7-8ac8-259d26fa6d2c,a18760fd-c8d6-4936-953e-c68dfe6e6508,5,Affordable pricing and close to metro station.,0.8,2025-12-12T18:56:00
5228880b-8d3a-4bdf-904f-3721d6e72e42,9ab9400c-1eff-4d82-ac2e-f0862aaf85cd,53c77199-1104-4a6e-beec-f5175c546c49,470625f3-cbaa-4dea-9a56-de8e7fc73cbf,4,Clean and well-lit parking area.,0.68,2025-12-22T10:23:00
bab01b39-a21a-4592-9e55-6a1d757fa665,b68b0696-eb24-408c-aa2e-a8f38d864d07,7107ee03-6709-40ba-adfa-380007cc77c0,7df1856d-98ed-47f4-92ee-99da618feea9,5,"Very convenient location, will book again.",0.76,2025-12-19T19:00:00
2ac768b3-441f-44d6-baa1-201a708513df,a7c4fb7b-b307-45c8-91ef-8d9a80a407a5,695b7d7d-d6bc-45e4-9ccd-1ab692e481ae,e77c6987-8533-4b5a-b25c-3fb9e83d8514,5,Affordable pricing and close to metro station.,0.9,2025-12-17T12:50:00
320ef0d6-7c12-4afe-9644-4d27874b8ee2,2927e51f-d212-4584-b4e3-640a2479826b,7b60e816-f6ce-4c95-a98c-b9b8eeb44e8d,fd8d0607-1e85-4f6f-9de3-b99463872644,4,"Owner was helpful, smooth experience overall.",0.66,2025-12-09T17:29:00
2018645d-c4fa-4171-902f-f756c3152c50,f3b6ba16-e61e-41fd-adef-6033fff96bf7,695b7d7d-d6bc-45e4-9ccd-1ab692e481ae,aa4d6caa-b5d8-4791-a37a-58aba9e5d21e,4,"Very convenient location, will book again.",0.68,2025-12-14T21:56:00
c8632632-d697-483c-a4ed-b41de4e9c9fb,599f005e-1fd0-410a-9bac-eb9a6b9d4d69,ad0d0b95-98d7-4e45-a170-6e6eb21249e4,65d9f4be-2031-4483-9e01-a1fe988fd5b3,3,"Decent parking, nothing special.",0.25,2025-11-27T11:03:00
99229211-6511-48eb-a9f7-29b842934450,33b4dd72-dc8e-4f35-8629-990075b9b265,d2a8af93-39d7-4599-8a35-7cf21819f4b2,a6a99a4d-b4f7-42a9-955b-42d51c700b07,4,"Great parking spot, easy to find and secure.",0.66,2025-10-22T22:08:00
20aac798-904c-4401-b273-6fa628642ff3,b7eab9e9-b8e8-450e-ade5-b1b37cc6a6bf,6e3b42ab-8562-41a3-a0d4-c8c989d7baf3,b2b36947-e6a0-4158-a1a2-da249ca03183,4,Clean and well-lit parking area.,0.7,2025-11-25T21:52:00
b7d30f80-075b-49d6-a421-570cbdcd39f0,2bf8e1cc-2326-416d-806a-7a2456096171,237291de-6a6d-452f-ad82-2f915745a94a,1419e635-2f0b-4b31-b613-c1eb99d043d7,4,"Great parking spot, easy to find and secure.",0.86,2025-10-06T21:19:00
eb1d6f18-7f8b-4cca-81c5-9cdc386f89de,d3248023-eceb-4bbd-919a-488c63316344,365892af-a36f-4af7-bd9a-d5cf29756b87,48d126f0-6d4e-4278-beb3-e3f7cc9cf749,3,"Average experience, would use again if nearby.",0.14,2025-10-13T15:43:00
41d1cf96-0e9a-4047-b755-7fe3a2f7cb7b,13c8f3bb-fb66-413a-9dac-d16398290623,30c9d6df-abe8-45ab-842f-ab365e631bcd,4db565e1-393c-4fcb-ae6b-c785cc025311,4,"Very convenient location, will book again.",0.92,2025-12-16T16:33:00
83da1ecc-73fd-47cb-a6a5-717cfcbf3429,7fdc66b5-6d75-46cc-b403-5fa62759c37e,d2a8af93-39d7-4599-8a35-7cf21819f4b2,566d3e8a-4ef6-493d-a949-911e2c021924,5,Clean and well-lit parking area.,0.71,2025-12-04T07:19:00
5c744155-090d-46b5-af30-4fe50a944a8d,98ea78ef-f606-478c-a1b9-904d47b3dd42,bb8721a8-2bae-4da5-ae71-1d0cfc8a49d3,a541bf8c-3269-4071-9c61-e3ea9d298383,4,"Very convenient location, will book again.",0.72,2025-12-03T10:50:00
78040466-2f28-4412-95e2-56f1afffa611,be074667-ffe3-41bf-a0c1-142602ccee8c,d6ee3f19-3155-4210-8064-c6121d669156,8221c947-c66d-4dd0-a7d9-091527233db0,2,"Narrow entrance, difficult to park.",-0.87,2025-11-15T18:00:00
d7edaccc-9b07-4d4a-84da-e9906c372e22,c75ee9a0-f7fd-4825-83ec-d40424f06a08,d7cfdefe-2859-458d-8bc5-ab840a62418e,aba30250-0062-4853-ac63-71a7935d2047,4,"Very convenient location, will book again.",0.59,2025-10-19T15:11:00
1be3a2c3-6ac3-4d10-8532-3881b11db0df,8f8a056f-64c4-4ad2-8d2d-457fc5669aa9,6f1380b7-12b7-40fd-8cde-756c8974b743,e6af613c-6fc8-4835-82a3-e1616dd10044,5,Affordable pricing and close to metro station.,0.74,2025-12-24T18:51:00
cecc29fb-dc67-4037-a7c1-fd06b75e3c8d,0b33ab4b-8a37-450d-884e-3411a79abd62,8253dd7a-18fb-473d-840b-1e186ba0c5e5,e896484f-6035-48ac-b087-c5526c76121e,5,"Great parking spot, easy to find and secure.",0.58,2025-11-21T21:05:00
6d5f88e8-64fc-474a-b2dd-44ff05a1e76a,7cf848c9-5303-46fe-b11c-5be547765b07,b0de9982-cba8-443f-aeb0-d390678e9397,14baecdd-4175-45e7-b762-4e76d3e546e9,4,Clean and well-lit parking area.,0.7,2025-11-23T01:59:00
e705b951-530f-4037-a9f2-8af145605414,86a025a2-4f9a-4657-920a-f0dd92507d51,b0de9982-cba8-443f-aeb0-d390678e9397,9491975d-c66a-44de-93d7-c200cfe28566,4,Affordable pricing and close to metro station.,0.63,2026-01-23T19:34:00
181b88cd-acfa-445b-84dc-e74ad7083508,f85ce946-c276-496c-8441-4a6691abc6a7,30c9d6df-abe8-45ab-842f-ab365e631bcd,8b88337d-467c-46d5-8266-0a7f7d4e76d1,3,Okay for short-term parking.,-0.09,2025-11-06T13:44:00
e5a5546e-8497-4163-9b9c-3e7fa1767a5a,556261d8-d9c1-4291-a2df-87a1ee4cf355,bc464c1d-5590-438c-acc7-efab360d5bc8,b355e6ae-a962-4830-a839-7432cbf206ae,5,"Very convenient location, will book again.",0.71,2025-11-10T07:42:00
bb7f1094-223d-47f4-b3b3-15779a45c16f,d407fa4b-5fd1-4575-8d71-7e298ea527a2,ad0d0b95-98d7-4e45-a170-6e6eb21249e4,c57f2d67-df4d-4ebe-af4f-f56da1b92dda,4,"Owner was helpful, smooth experience overall.",0.79,2025-12-04T03:24:00
fa608ebd-4ca1-4877-af51-28280d85b6d0,1453ff1c-0ed9-4fd1-a785-1c1d28d78a55,42591084-2367-45ae-98c3-6da0eb1bf09c,c5af2905-7405-4588-b3aa-c4789daa5984,2,"Narrow entrance, difficult to park.",-0.7,2025-11-16T01:02:00
dbf52410-5190-4e92-a1c3-fe551c2a1e4d,13c84a12-87e6-47d4-8a15-a8dab52ee8a1,bb8721a8-2bae-4da5-ae71-1d0cfc8a49d3,0f727aea-7cdd-4248-8124-c5538f25dd7e,1,"Poor lighting at night, felt unsafe.",-0.43,2025-12-24T12:11:00
e405d2e7-a577-4568-a444-8efa96ef5600,071d0229-2b82-4af7-b921-faca7bad858e,14d550ff-098c-4a84-8f96-7f9776734a1b,e64496b5-4c7d-4e4a-8393-0646e6d14071,5,Affordable pricing and close to metro station.,0.57,2025-10-08T09:41:00
e6696207-687e-4e39-9c58-38afe1f03eed,d407fa4b-5fd1-4575-8d71-7e298ea527a2,efc921b7-dee5-4ba3-8d14-01472a8afbe7,bdc19793-bb83-4e63-baf3-1f02393e79ac,5,Affordable pricing and close to metro station.,0.54,2025-12-11T21:18:00
131594b9-e76c-47c0-890f-553864b01b3e,9cb4ef93-c5ee-472e-bc8e-c27dd4448e7b,eeb4d423-17f5-4d6c-a6e7-ad79313471a9,ede824b0-0813-477c-bd98-a12c414eaef2,1,"Slot was occupied when I arrived, had to wait.",-0.34,2026-01-22T13:46:00
78ad9dba-7072-42ae-84bd-b57c94fe031c,c93534d5-7e36-4c89-bd78-a77559e5e18b,7107ee03-6709-40ba-adfa-380007cc77c0,e7b4a1f1-de4d-44e9-bf8e-ec96fb84a4ca,3,"Decent parking, nothing special.",0.27,2026-01-02T19:58:00
09aecad7-b990-4890-aa07-df63d5ebcf5c,0f356d86-c7ff-4da7-a7c5-87fc9f747a13,eeb4d423-17f5-4d6c-a6e7-ad79313471a9,cf8a57a2-ec9b-4573-94d3-952ed4c9eca7,4,"Owner was helpful, smooth experience overall.",0.68,2025-11-22T11:33:00
5d5e18ba-019e-4451-8fec-7be351fb88ba,d9434090-703a-46b0-8191-a048c640aebe,6e3b42ab-8562-41a3-a0d4-c8c989d7baf3,2f01d908-11e5-4495-8764-70e66d09e644,5,"Owner was helpful, smooth experience overall.",0.69,2025-11-16T10:48:00
069e3c7f-940e-4006-968f-a587f584057f,5b7b16c9-e192-4b33-80f0-b3ac574db510,d2a8af93-39d7-4599-8a35-7cf21819f4b2,c42b06f3-c2d8-4c7f-96a3-605c3fc80144,4,Affordable pricing and close to metro station.,0.88,2025-10-31T07:36:00
5d93f69d-598a-469b-9009-82cee43e4dbf,d05d6b4c-e29c-486e-989a-1a0d30f62a5f,14d550ff-098c-4a84-8f96-7f9776734a1b,31d0d4eb-1811-415a-ac02-ac37a16d670c,5,"Owner was helpful, smooth experience overall.",0.74,2025-10-18T09:21:00
fe266dea-ac98-4701-848b-6fd94b55b7da,442a0e97-6b3e-4afc-8ac8-b547aa9b92f5,f063fb91-dfae-415c-8fe1-caff87514d40,03746f70-1ecc-4985-8168-badf91456d57,3,"Decent parking, nothing special.",-0.05,2025-12-18T20:48:00
be076a8d-e561-413e-8492-11505bc6c707,be4f8d63-2ebf-49f7-b3ac-0dad3d81b41b,42591084-2367-45ae-98c3-6da0eb1bf09c,89e2d1b3-77d4-4ffb-91fb-9b6b16e3c766,2,Price was higher than what was listed.,-0.83,2025-12-04T10:38:00
4c6760c2-6f99-4e45-8a21-cf696d411089,49c40658-bf14-457d-aab1-ff142d500a0e,30c9d6df-abe8-45ab-842f-ab365e631bcd,caa7ddcb-050e-4eb1-9259-75aa515ea0a6,5,"Owner was helpful, smooth experience overall.",0.56,2025-11-18T10:23:00
e41c72d7-77f5-432b-be44-121bc3832137,33b4dd72-dc8e-4f35-8629-990075b9b265,f063fb91-dfae-415c-8fe1-caff87514d40,5edf77f8-73b6-4398-987d-616b9d0fc97a,3,"Decent parking, nothing special.",0.21,2025-11-13T15:00:00
730a3a73-1dd8-4ad9-babd-5233f4e65b14,9ab9400c-1eff-4d82-ac2e-f0862aaf85cd,237291de-6a6d-452f-ad82-2f915745a94a,a84cee0c-219c-4a0e-99e9-26e76d3a8d29,5,"Very convenient location, will book again.",0.77,2025-10-31T14:14:00
66f7c716-4c8f-493d-9bc3-dac2cfec597a,c0c93188-f9ba-4393-a84c-471c5cb4c67d,aed763d5-7c54-4ca7-8ac8-259d26fa6d2c,04375281-8943-4ccd-b676-3db036b25504,3,"Decent parking, nothing special.",0.02,2026-01-13T12:10:00
77f57b0e-ad34-4749-8128-5a599e5e2ce1,11c2bea0-839d-4a70-a4a1-86a186b24e55,237291de-6a6d-452f-ad82-2f915745a94a,3580c7a6-6068-4c09-b985-95bcd201dc53,5,Affordable pricing and close to metro station.,0.57,2025-11-05T09:19:00
1a7354bd-c23f-40c4-8865-62494ec38d43,a1c3a1f9-0d90-4d39-b45e-b61f457e15b7,dccfe102-88f6-4a07-a791-76d919900546,36d73dfc-0417-47e3-932e-227ce9f2f28e,4,"Very convenient location, will book again.",0.56,2025-11-28T10:33:00
f050257b-8111-4426-a280-7d5c15073edf,c0c93188-f9ba-4393-a84c-471c5cb4c67d,8253dd7a-18fb-473d-840b-1e186ba0c5e5,77d62f9d-52b0-4be9-8458-c004006e263e,5,Affordable pricing and close to metro station.,0.83,2026-01-04T11:14:00
f77ee56a-39b2-4559-b55e-23461d7054e1,11c2bea0-839d-4a70-a4a1-86a186b24e55,d2a8af93-39d7-4599-8a35-7cf21819f4b2,8ae41917-2e2b-4f28-9a04-1e8a3aeb1a31,2,"Narrow entrance, difficult to park.",-0.37,2025-10-28T12:04:00
fe2a1462-eb50-4225-8429-5c9df1b30cfb,98ea78ef-f606-478c-a1b9-904d47b3dd42,8253dd7a-18fb-473d-840b-1e186ba0c5e5,0ba63231-35a4-459a-810d-cb0b130a5643,1,Price was higher than what was listed.,-0.58,2025-10-16T21:36:00
5fdf0c4a-ade5-43ac-aed6-89f8e9f62550,90ff1297-1d26-4dd5-bd5a-903a36e5e4fc,53c77199-1104-4a6e-beec-f5175c546c49,eb7aac58-39df-4748-83e4-e1ef8979882c,3,Okay for short-term parking.,0.21,2025-10-13T11:27:00
c2f2f5ac-f750-4937-9286-3767ff53afa4,2b1204a6-ed0b-4c47-94ca-f7ef014470e5,7107ee03-6709-40ba-adfa-380007cc77c0,9b197412-895f-4c25-af23-7896807fde2e,4,"Very convenient location, will book again.",0.63,2025-12-03T13:25:00
164b2136-7604-46e3-919b-78275f3c09ad,2927e51f-d212-4584-b4e3-640a2479826b,ad0d0b95-98d7-4e45-a170-6e6eb21249e4,c290559e-055e-4eb5-b71d-e5f2c2187fc5,4,"Very convenient location, will book again.",0.76,2026-01-01T17:57:00
db3164fa-f936-4c64-bf7b-5c9d61065bc1,96751397-583f-47dd-93b4-5631fa45cc03,14d550ff-098c-4a84-8f96-7f9776734a1b,edd51dd1-6add-4ef7-b91a-1f43176c810e,5,"Owner was helpful, smooth experience overall.",0.7,2026-01-06T19:49:00
558f3767-ec39-4015-a3d0-abbcaffcdd9f,bd0a161f-06f1-4c49-ae73-26214dbbb292,08a20e54-8f66-49fb-89d7-59c930d42d9a,f8231ae7-5fd3-4c8f-b46d-2a90b1207ed8,5,"Owner was helpful, smooth experience overall.",0.54,2025-11-13T08:10:00
e911694e-170f-49bd-b086-ec376a82063c,0f356d86-c7ff-4da7-a7c5-87fc9f747a13,f063fb91-dfae-415c-8fe1-caff87514d40,d95b79b2-7f4e-4c78-9666-aa1907781175,3,Okay for short-term parking.,0.09,2025-12-08T14:39:00
4fd753c8-9271-4c5f-ad28-be127b58a52e,d3248023-eceb-4bbd-919a-488c63316344,19c8358a-b82b-4ab4-b5a8-645fd399e303,0d8e6ca4-f48c-4004-a59e-245823ddc9ef,3,"Decent parking, nothing special.",0.24,2025-10-31T09:52:00
e5e82908-85f2-4d7a-b69b-290be74330bc,07847f1f-f654-4d7d-97f6-2b7e4827f51e,bc464c1d-5590-438c-acc7-efab360d5bc8,818ec524-9c5b-4bef-94d9-38fb6f0c9720,4,Affordable pricing and close to metro station.,0.52,2025-12-21T18:15:00
e9e83adf-8478-41b5-8f81-95cba9c32550,48b1a8a1-020b-4017-82c5-2d4b5a6fea52,d7cfdefe-2859-458d-8bc5-ab840a62418e,f8712b3e-d56e-46be-84b3-311a088454f9,4,Clean and well-lit parking area.,0.71,2026-01-25T12:00:00
d1501277-198f-4312-9e27-52163a70ee3b,60a46a59-decb-4c15-9dd2-5354eea94200,eeb4d423-17f5-4d6c-a6e7-ad79313471a9,5edf4b8c-15f8-49a8-a91f-a1c5c3cf337d,4,"Great parking spot, easy to find and secure.",0.89,2026-01-19T23:48:00
1514975f-c855-40e8-bbfa-dc0c64b610b1,071d0229-2b82-4af7-b921-faca7bad858e,eeb4d423-17f5-4d6c-a6e7-ad79313471a9,9a1b5867-1d81-444c-9ba3-635c04624afc,4,Affordable pricing and close to metro station.,0.86,2025-10-26T15:10:00
5f60eb48-c031-4ce6-8eb8-133df4ef07dd,071d0229-2b82-4af7-b921-faca7bad858e,bb8721a8-2bae-4da5-ae71-1d0cfc8a49d3,2ada6d2c-e559-43a5-b0b5-d724e3705e59,4,"Owner was helpful, smooth experience overall.",0.72,2025-12-21T10:44:00
2f45aebf-8500-408d-aa2c-e07bb10591bc,994007a2-e10c-4c44-9459-ba5958180d9a,30c9d6df-abe8-45ab-842f-ab365e631bcd,dacd5212-6aff-4fd9-b3d8-b707f6994378,1,"Poor lighting at night, felt unsafe.",-0.8,2026-01-04T18:44:00
8444d624-976f-4745-8866-72175c22b643,5641a45c-1def-4cda-bcc7-0101ebcc7867,ee459ce9-6a73-42b2-9e8b-a5e34b05ebf4,375ba973-b288-4f71-a9d5-344c46495cc4,5,"Owner was helpful, smooth experience overall.",0.88,2026-01-06T21:37:00
badd2e8b-c93b-4474-90af-b104463a6666,afb54ff1-68e3-4cfd-8572-7151fb0a53e5,b0de9982-cba8-443f-aeb0-d390678e9397,b246955e-e306-41b3-a0d4-f79f4e9ea554,4,"Owner was helpful, smooth experience overall.",0.57,2025-11-28T16:07:00
f62c8d4c-f1fb-4043-91ab-f454cb0c96f9,5b292114-7ba8-4602-ba9b-11c0dad1188f,e53d7ad5-ca44-4488-bcaa-7dfbe0ac8a38,0743c3d2-6c92-4572-9968-15def9692fb3,3,"Decent parking, nothing special.",0.01,2025-12-02T18:35:00
fd9c3936-0cc0-415e-96e8-5e2bbaee1811,f2ad57fb-f146-444e-9915-1d8aca933720,365892af-a36f-4af7-bd9a-d5cf29756b87,09128101-49d6-43ac-a8cb-1367c67758f4,3,"Decent parking, nothing special.",-0.05,2025-10-21T18:02:00
1606c684-e035-4694-a318-5630cfa8907b,0e0b358d-5fb8-4eac-9490-c65d5a817868,14d550ff-098c-4a84-8f96-7f9776734a1b,cd7a10f3-fc24-4968-b813-f193223f12f4,4,"Owner was helpful, smooth experience overall.",0.71,2025-12-03T14:39:00
bbab9fad-6f7b-4c41-bf0e-749a7cf0794b,91190595-9e10-41ee-9702-23f0e4fc5b66,bb8721a8-2bae-4da5-ae71-1d0cfc8a49d3,a5bb8b13-bf43-44db-ac64-969bf9c7905d,4,Affordable pricing and close to metro station.,0.78,2025-11-09T18:21:00
fd12818e-c114-4062-aa3d-e196506fc408,d338ea08-ef80-4005-809e-6b37e8f6f383,e53d7ad5-ca44-4488-bcaa-7dfbe0ac8a38,62786f92-3a40-420a-bce1-b7bc8f775bc6,4,Clean and well-lit parking area.,0.87,2026-01-22T16:33:00
dfc683d8-010d-4848-9f69-e59e5c27cf71,2f69688f-73d1-4b35-a5a0-a0cb9fff72ec,7b60e816-f6ce-4c95-a98c-b9b8eeb44e8d,0b346bba-acfb-4a0b-b535-828da44c205f,4,"Great parking spot, easy to find and secure.",0.71,2025-11-08T18:50:00
79d0b08b-5f6a-430d-93cf-049384bce79b,88d8a3d6-22f2-4026-b650-c5dbdf9aba0f,78ad0a9f-8291-4b2b-ba25-1ed481f9b863,de4988f2-b14a-4a9f-a734-ff753fcaa3d4,1,"Slot was occupied when I arrived, had to wait.",-0.32,2025-11-07T12:33:00
cc5fe8cd-de5c-4678-90ef-91ba67084574,15ce7f7e-c477-41ec-b7d0-63fa147b7c27,8253dd7a-18fb-473d-840b-1e186ba0c5e5,4fd200db-1fd8-4ed9-953c-c265cf4f6cb5,3,"Decent parking, nothing special.",0.14,2025-10-06T03:12:00
c30b3181-72b0-494b-82d8-3d9352befd2d,874d68e5-d3d9-40bc-bf55-a33edbb23902,19c8358a-b82b-4ab4-b5a8-645fd399e303,c996485a-88c2-4982-9659-54658c902415,4,"Very convenient location, will book again.",0.77,2025-10-31T12:45:00
b3dce5b2-4b60-4f5c-ad16-6e7c99d0b930,071d0229-2b82-4af7-b921-faca7bad858e,365892af-a36f-4af7-bd9a-d5cf29756b87,fe82890a-5676-4718-8eba-d2bd3d30d7b8,4,"Very convenient location, will book again.",0.58,2026-01-20T11:06:00
36f9e3be-afd0-49e6-b8ba-5a1ad5d4a696,567e2465-08d4-43c4-8872-6efd2d444d9a,bb8721a8-2bae-4da5-ae71-1d0cfc8a49d3,69f1b5aa-7f21-4fa6-b6ae-bd0b9c2196c8,4,Affordable pricing and close to metro station.,0.59,2025-10-09T00:13:00
1f7f8200-76c0-43f7-9dd7-8a5de532fcee,bff2838c-18f1-4e11-94fb-08fe6535081d,7b60e816-f6ce-4c95-a98c-b9b8eeb44e8d,af5d7ee3-6b71-4f90-914d-135db69bd97c,5,"Very convenient location, will book again.",0.76,2025-12-02T22:08:00
1515b215-397e-46da-be4f-98d3f09a7d8a,e989cdb7-ad0e-4c36-a170-afeb109aaf40,6e3b42ab-8562-41a3-a0d4-c8c989d7baf3,32be3340-d182-4f1e-8d73-740048d3f4f2,5,"Very convenient location, will book again.",0.82,2026-01-27T10:45:00
5aacbb9e-0cde-4a69-81cd-9a3b80456bcf,142999e5-307a-4bf4-8240-57e97cc86f50,6e3b42ab-8562-41a3-a0d4-c8c989d7baf3,076da365-217f-4bee-9a06-fbbeba37ec87,4,"Very convenient location, will book again.",0.59,2026-01-08T12:34:00
fb1e6908-7ef3-4bab-90bb-171819b343a0,388689f2-d306-45bd-9a3e-51b60104e7b8,237291de-6a6d-452f-ad82-2f915745a94a,cf5d7b85-7172-47b5-a772-30b7def9b134,5,Affordable pricing and close to metro station.,0.72,2025-12-17T13:25:00
7cc2c84e-39b5-49ce-8aab-f1bdeeb1ca0a,db47a8ff-d23c-402d-80e2-d7b9c16fc5d2,66e019e7-5c23-4c7a-8358-1da734b434fe,7257edd8-9a07-43e8-9c4e-90d8a0145c6a,4,"Very convenient location, will book again.",0.66,2025-10-05T14:48:00
dca6d57e-0ad1-4d2d-a683-9b065cb9bf57,97c00172-dcdc-4002-91c2-08b08f475693,53c77199-1104-4a6e-beec-f5175c546c49,b02eb55c-eaba-4df2-8f4a-bb7eddc6ce49,3,"Decent parking, nothing special.",0.08,2025-10-01T07:53:00
2840099c-4c7b-4c4a-ba5e-ffb471be06c9,701ab034-7338-48ac-804d-b83325e68904,d2a8af93-39d7-4599-8a35-7cf21819f4b2,65179a3f-3b49-47c5-b32e-06ebfb2bc949,3,Okay for short-term parking.,-0.01,2026-01-13T07:07:00
63a46334-986d-44d6-bd52-e2a10998876d,49e446a3-4611-4d46-837f-e901da5b1f5e,d7cfdefe-2859-458d-8bc5-ab840a62418e,1c12b77c-73b3-4dc0-8fb5-65a1511ef36f,5,Affordable pricing and close to metro station.,0.56,2025-10-30T12:51:00
8a0595b3-e275-4a0f-ad71-c3863a7f0157,2c37c0bd-ffa8-4881-8882-82a11c1ae2ff,8253dd7a-18fb-473d-840b-1e186ba0c5e5,3afad411-7c1f-4af9-8042-6693fb0bbb99,4,Affordable pricing and close to metro station.,0.64,2025-11-10T23:04:00
167f29d8-b8dd-407e-8e7f-dd2dcb3f7bec,74a87e80-283e-4e63-b28c-90a677b47451,78ad0a9f-8291-4b2b-ba25-1ed481f9b863,db7bd968-018b-4d99-ae8a-8441b098e2d9,4,"Very convenient location, will book again.",0.89,2025-12-16T13:17:00
9a3495f5-611e-4e8e-91c1-93d762c1c005,8708d2ec-59c7-481d-893a-8503e787c1eb,30c9d6df-abe8-45ab-842f-ab365e631bcd,e84c1563-0362-42c7-8566-a382dc1152bb,4,Clean and well-lit parking area.,0.86,2025-10-07T10:06:00
2be4cba9-4aad-430d-b19c-f936e0d9c913,f2ad57fb-f146-444e-9915-1d8aca933720,78ad0a9f-8291-4b2b-ba25-1ed481f9b863,3b434cd7-001d-4523-8f9e-044189739e7b,5,"Very convenient location, will book again.",0.55,2025-11-13T12:41:00
128cc217-6fff-4d2f-babb-1acfa8963d3b,b21aebda-2049-4c70-bc7c-bfd60bbcbdca,66e019e7-5c23-4c7a-8358-1da734b434fe,d4fbfaa2-7be4-4663-8bb1-55d5ce706f36,3,"Average experience, would use again if nearby.",-0.06,2025-10-16T21:31:00
2134bcd3-cad0-4717-a8af-af55831e78d7,7a3c925b-65d7-4998-bcce-420c121b09f4,dccfe102-88f6-4a07-a791-76d919900546,24094a6e-e47e-41c1-bd80-d9381ba5fc83,4,Affordable pricing and close to metro station.,0.72,2025-12-18T16:06:00
1cf56248-1356-49ab-b41e-3fe5f1a687d9,2f69688f-73d1-4b35-a5a0-a0cb9fff72ec,f063fb91-dfae-415c-8fe1-caff87514d40,6dd183ec-637d-4fb0-b89e-f4f474b718a3,4,"Great parking spot, easy to find and secure.",0.62,2025-11-10T04:16:00
23b68424-426e-4893-b7dc-f1fe95457d80,dbab4a25-1918-4cdd-bf93-2896fde8d17e,365892af-a36f-4af7-bd9a-d5cf29756b87,1f245608-b927-41cf-9c0f-820904e048d7,2,"Narrow entrance, difficult to park.",-0.41,2026-01-11T08:42:00
c8e96308-b9eb-4395-b1bb-f56f42476e57,a568eb2a-9343-405d-813e-ff36267453fe,aed763d5-7c54-4ca7-8ac8-259d26fa6d2c,0b2e984a-b0ac-4af5-952a-23c1c079a6cf,5,"Owner was helpful, smooth experience overall.",0.72,2025-12-24T19:37:00
6947c21c-ca26-4950-a33b-01c33b1179f9,959aa198-9cfd-4b61-8a61-cd37d5785662,dccfe102-88f6-4a07-a791-76d919900546,2a0b0ae2-2300-47b6-8cfc-3a53a49529c4,3,"Average experience, would use again if nearby.",0.24,2025-11-14T21:04:00
4b7f69c4-c9ad-4e67-a3a0-29f98926c2f9,80ddb24e-b52f-4daf-933f-c7cb4e17d61e,efc921b7-dee5-4ba3-8d14-01472a8afbe7,ee322b13-15d9-417b-96bc-15463f543fcd,3,Okay for short-term parking.,-0.06,2026-01-28T14:06:00
78e5d85a-0402-4e8b-a0f9-36dd46aa3d8e,599f005e-1fd0-410a-9bac-eb9a6b9d4d69,42591084-2367-45ae-98c3-6da0eb1bf09c,3beabf6a-8709-4d63-a287-dca01a5d5439,4,"Great parking spot, easy to find and secure.",0.94,2025-10-29T21:22:00
180e5a3c-93a3-42d7-b2d5-dd2cc10194fa,9ab9400c-1eff-4d82-ac2e-f0862aaf85cd,6e3b42ab-8562-41a3-a0d4-c8c989d7baf3,cb006c2e-c772-4715-8efa-4a3be4a50fe7,2,Price was higher than what was listed.,-0.44,2026-01-19T18:20:00
895c5bd9-d1c0-4983-a18d-eef2f42a6fdf,1c59fc9a-7cf2-48c3-a919-e5be8ae2fd42,7b60e816-f6ce-4c95-a98c-b9b8eeb44e8d,4ac0dceb-597a-4fdc-bfb5-f551010e7dc2,2,Price was higher than what was listed.,-0.46,2025-11-30T09:59:00
3d7f1f86-f6a7-4337-821b-5ec7b1111752,f2f55bd1-e8a5-434d-83b1-0e4c7f747abb,78ad0a9f-8291-4b2b-ba25-1ed481f9b863,0ae7014f-0310-4999-b91f-bb14df51a0e4,1,Price was higher than what was listed.,-0.34,2025-11-03T21:51:00
e68a8a83-367b-4209-8ae1-886f144f8f5f,07847f1f-f654-4d7d-97f6-2b7e4827f51e,b0de9982-cba8-443f-aeb0-d390678e9397,2aace383-98cd-466e-b9f7-0aecc72fa3c2,5,"Owner was helpful, smooth experience overall.",0.71,2025-11-08T18:57:00
a52f76d9-2205-49e9-894d-c96cf308427b,ab4320c7-c267-4d37-a343-4e66bd8ce9f6,d6ee3f19-3155-4210-8064-c6121d669156,78c1c4a2-3703-45f7-aadc-72427171716f,5,"Great parking spot, easy to find and secure.",0.57,2025-10-22T23:29:00
696d685f-e548-4d70-b52d-bab808bf68c4,ee149de9-5939-4948-913a-0f3e3b34333a,30c9d6df-abe8-45ab-842f-ab365e631bcd,4d192ab2-0ce6-425f-9785-32d99c5fceba,4,"Great parking spot, easy to find and secure.",0.72,2026-01-26T20:11:00
07136ec3-f391-4370-b914-9a9a61bbcda5,dbab4a25-1918-4cdd-bf93-2896fde8d17e,19c8358a-b82b-4ab4-b5a8-645fd399e303,cef37f58-acc6-408f-bb27-dc5d026c5abc,4,"Owner was helpful, smooth experience overall.",0.87,2025-12-19T19:47:00
8623f68c-7c4e-4407-8b31-cf96d80b7419,442a0e97-6b3e-4afc-8ac8-b547aa9b92f5,66e019e7-5c23-4c7a-8358-1da734b434fe,d20dd1e9-3ef5-4b04-808b-5162f2ae9ece,3,Okay for short-term parking.,0.24,2025-12-10T10:04:00
1cbb9f5c-19e4-461e-82bb-e31a80a41e2c,4551e04c-c156-4e1f-bb7c-b4c84bf323e1,365892af-a36f-4af7-bd9a-d5cf29756b87,c58336ad-5cc3-4628-a711-ffdcba7b194f,2,App showed available but lot was full.,-0.61,2025-11-28T21:29:00
5a49a3b3-34c7-4daa-8d66-06eb6505ded5,3ad6b03e-a0d9-477c-a074-209e3b4e0f17,d7cfdefe-2859-458d-8bc5-ab840a62418e,08852eb6-0586-4a69-8866-41a14682767f,4,Affordable pricing and close to metro station.,0.83,2025-12-24T05:12:00
9cc0e948-d4f8-4467-a204-71969402ab1e,877b1c47-4f80-462c-af6d-a5b004e58548,dccfe102-88f6-4a07-a791-76d919900546,1c7f0354-c599-4919-b7c1-aea0d86c92fd,4,"Very convenient location, will book again.",0.61,2025-10-24T11:33:00
6282f0a4-7d9f-48ec-953e-1f130d8f432d,90ff1297-1d26-4dd5-bd5a-903a36e5e4fc,d2a8af93-39d7-4599-8a35-7cf21819f4b2,dd35d864-fde6-456f-a59b-34755bf3d05e,4,"Great parking spot, easy to find and secure.",0.6,2026-01-02T22:20:00
e4506ade-b74f-4866-94f6-970f96c2b60b,3585a529-1a8b-42fa-bf2f-40a2ffe4e350,78ad0a9f-8291-4b2b-ba25-1ed481f9b863,aa951cc5-035a-49df-8794-23daa40049fb,5,Affordable pricing and close to metro station.,0.76,2026-01-04T16:58:00
06853e71-73cc-4a4e-8c0b-127be8536bd6,58dfe5bb-0b44-40a9-aea7-6b1f9eb40645,695b7d7d-d6bc-45e4-9ccd-1ab692e481ae,c218c1d5-fab5-432b-9899-f858f4c2d41a,2,"Narrow entrance, difficult to park.",-0.65,2025-10-13T19:16:00
1e8588d9-5c27-4ecb-bd8e-bfa42dd429c0,ab4320c7-c267-4d37-a343-4e66bd8ce9f6,8253dd7a-18fb-473d-840b-1e186ba0c5e5,d0ae2a9d-9518-442b-9b65-61f70938a4c0,5,"Great parking spot, easy to find and secure.",0.57,2025-12-09T09:25:00
19db71a7-b4f2-4962-9ca0-2a71c9182b4f,50e1d2ac-680b-49ff-9ebe-59fff8c4ea2c,14d550ff-098c-4a84-8f96-7f9776734a1b,0f7c6c99-e582-4b9a-bd35-d209f05db3c3,5,Clean and well-lit parking area.,0.84,2025-11-08T16:48:00
9ec12758-e9f7-48ef-8489-164524a2263e,5b7b16c9-e192-4b33-80f0-b3ac574db510,d59e8262-1e8f-4602-914e-5551b3174e5b,feb59843-f126-4cb4-9f8f-feca93877b9e,5,"Very convenient location, will book again.",0.74,2025-12-14T09:10:00
60eea3e8-0420-4647-91c1-711c30a8db2b,2d553dc2-8f10-41cb-b80f-ab23383e3731,53c77199-1104-4a6e-beec-f5175c546c49,fb487cdd-3dc0-4f45-8d57-709252057e9b,5,"Great parking spot, easy to find and secure.",0.73,2026-01-14T11:35:00
253b1db8-f595-4daf-89e9-757040d64f71,59a253e1-4ef6-4ca0-9997-5a946ade55d7,237291de-6a6d-452f-ad82-2f915745a94a,44ce8a80-3985-49f8-8e7f-8dd8238a8f17,3,Okay for short-term parking.,-0.02,2025-12-08T19:38:00
084dfaaa-a82c-40c8-a982-f4f1fe6520f8,29da365f-ae2c-46b7-aa48-22b86fee3628,7b60e816-f6ce-4c95-a98c-b9b8eeb44e8d,1c700339-f20f-4579-bf8c-6dd44f4b0163,4,"Very convenient location, will book again.",0.61,2025-10-01T12:17:00
775ae97b-68b1-4faf-84bc-90e4f7a80c61,277f0ed5-2b3d-4a01-a8e9-b3197a833c20,d7cfdefe-2859-458d-8bc5-ab840a62418e,2ee36518-1c92-46e5-94ef-3f2e155cef1a,4,"Owner was helpful, smooth experience overall.",0.81,2025-12-07T17:36:00
bcf04093-e9c8-4690-b0aa-6cdc9ac2a45c,d9434090-703a-46b0-8191-a048c640aebe,f063fb91-dfae-415c-8fe1-caff87514d40,780847c8-ddd5-4bdd-ba89-6802aaf61673,4,Affordable pricing and close to metro station.,0.88,2025-11-13T17:39:00
f9e42ca3-80f1-4ed7-9cdf-d96103f60732,4beb3fdc-4b87-4446-bb60-6772a272ebba,30c9d6df-abe8-45ab-842f-ab365e631bcd,3c353c4f-d841-40c6-a500-d6c363f24886,4,"Owner was helpful, smooth experience overall.",0.58,2025-12-27T10:18:00
277e95eb-8fb5-4a33-89de-236e0649d745,9df8e553-3a2c-4763-ab3e-8657866e4a2f,66e019e7-5c23-4c7a-8358-1da734b434fe,3c13885d-aca7-4e09-87bb-2548da8d14fb,3,"Average experience, would use again if nearby.",0.22,2025-12-23T23:29:00
916124f7-2f5d-48bc-a65d-1e9f1a2e14e9,567e2465-08d4-43c4-8872-6efd2d444d9a,6f1380b7-12b7-40fd-8cde-756c8974b743,49739191-77f4-47ad-a976-b9526c446da6,4,"Great parking spot, easy to find and secure.",0.85,2025-10-14T14:33:00
c92dc87c-98d1-40aa-8b79-c78e627c80f8,b68b0696-eb24-408c-aa2e-a8f38d864d07,aed763d5-7c54-4ca7-8ac8-259d26fa6d2c,853bf83f-246c-428a-88c9-8feb1fe0d90e,3,"Average experience, would use again if nearby.",0.23,2025-11-23T02:10:00
0eab171b-4f55-426f-897d-2ccb2140b66e,06e8551d-5af2-4d4a-9977-4e8a30414cfb,30c9d6df-abe8-45ab-842f-ab365e631bcd,d9dd5480-9f26-4a70-97ea-6c0157fade2e,4,Affordable pricing and close to metro station.,0.76,2025-10-11T20:34:00
587d341e-615d-4c43-a39b-3df4242ccfc7,885a8633-088a-4929-8467-306108a21c91,30c9d6df-abe8-45ab-842f-ab365e631bcd,abb6c1aa-87a6-40bd-b7ca-73fa2cf71e92,4,"Great parking spot, easy to find and secure.",0.66,2026-01-26T14:44:00
eab32d14-7ae3-4df5-8812-d185aece9c46,a3293895-2029-45db-b566-b2e1981315b2,08a20e54-8f66-49fb-89d7-59c930d42d9a,7e66a0c7-dea7-4bd8-8946-443d800a1432,1,App showed available but lot was full.,-0.44,2025-10-01T15:53:00
db24f66e-ffad-4dbc-8fcf-8e7d4a17c382,2bf8e1cc-2326-416d-806a-7a2456096171,b0de9982-cba8-443f-aeb0-d390678e9397,63bb42a3-cd59-4239-8e4b-1b83b0962664,5,Affordable pricing and close to metro station.,0.72,2025-12-22T05:07:00
f3614188-68d5-4aa4-bc43-7db1515d0be5,a3293895-2029-45db-b566-b2e1981315b2,dccfe102-88f6-4a07-a791-76d919900546,f8cfe9a5-fdd9-408a-82b3-5b32ef01bb4a,5,"Owner was helpful, smooth experience overall.",0.6,2025-11-26T10:35:00
df6f845e-2bc9-4047-b079-fdb22bf2ada8,1c59fc9a-7cf2-48c3-a919-e5be8ae2fd42,aa8039b3-3308-4616-8ab0-12c28e7246e4,5a36817c-10a3-4bfc-a4b6-e59fc39e6964,5,Affordable pricing and close to metro station.,0.68,2025-10-15T10:07:00
0f5fc903-ad89-4644-99db-a240839f2b40,072e86f1-123e-4728-8660-0ca9e2253241,d7cfdefe-2859-458d-8bc5-ab840a62418e,2662db56-f775-4c5c-ab8d-855005960e71,3,Okay for short-term parking.,0.08,2025-10-22T19:06:00
f0d39cc1-1e9f-4965-aec2-7021e11c1976,49c40658-bf14-457d-aab1-ff142d500a0e,d2a8af93-39d7-4599-8a35-7cf21819f4b2,63c0962e-dcfb-4918-9d7f-3b2cbd64b1f8,4,"Very convenient location, will book again.",0.73,2026-01-06T02:39:00
ccf94041-8b77-4060-b3ec-ce201c38b26c,2551fac8-9d67-46d9-953b-c6b38828df0a,7107ee03-6709-40ba-adfa-380007cc77c0,21f3a9b4-bfd6-40f6-a732-41b6b7b4f8dd,3,Okay for short-term parking.,0.26,2025-11-14T10:23:00
0664a1c8-98c0-4386-a95f-2f893f19c91c,6314903e-c210-4033-9e11-12625301bc1d,14d550ff-098c-4a84-8f96-7f9776734a1b,aa7c2d32-a814-4806-80c0-a38a2507ec39,4,Clean and well-lit parking area.,0.69,2025-12-04T02:17:00
b335f93d-944f-4047-8cdb-3882fbc48806,58dfe5bb-0b44-40a9-aea7-6b1f9eb40645,42591084-2367-45ae-98c3-6da0eb1bf09c,e8223a22-0d31-490e-b892-0d6b0f0c801a,2,App showed available but lot was full.,-0.73,2025-10-05T15:33:00
1b98cb58-bf1d-4b74-b784-53335581bdad,85917b08-e3e5-4ca2-9c90-3e0d0f63a9f5,08a20e54-8f66-49fb-89d7-59c930d42d9a,4bd4495c-3e69-4d63-a49c-2bed5808fdad,4,"Owner was helpful, smooth experience overall.",0.93,2026-01-11T07:50:00
5257439b-3e4c-468e-967b-6c1b436cde50,79c74820-cccd-4500-ad66-e9f04ff12ad1,d6ee3f19-3155-4210-8064-c6121d669156,94edd140-0e0a-4fad-83ce-e007d0457996,4,"Very convenient location, will book again.",0.61,2025-12-03T02:27:00
afeb9129-09a5-4292-89ea-d04c88b8e003,0fb26ed7-84f5-4429-9214-3f19b48293a3,237291de-6a6d-452f-ad82-2f915745a94a,3f038c6a-4c2e-4fb5-9fd6-b6a8b4336264,3,Okay for short-term parking.,-0.1,2025-11-26T18:54:00
de0a141c-3f74-4730-937e-39d6193d4ead,74715f8c-48e0-4c83-a4a6-dcf798935909,66e019e7-5c23-4c7a-8358-1da734b434fe,ee0e26bd-4434-4104-8714-4af22196f52e,3,Okay for short-term parking.,0.24,2025-11-27T16:37:00
45bb9599-2e2f-4dd5-98e3-429907a992bd,01ade973-587d-4bff-92ba-bfb6e02c6cba,14d550ff-098c-4a84-8f96-7f9776734a1b,3c5da80a-228a-4bd6-a500-9403108c8f8c,5,"Great parking spot, easy to find and secure.",0.93,2025-10-28T16:58:00
5e0f4b9f-3f5f-4732-97af-ca45947a993b,60963040-4c45-41e0-9ea5-31cc05756a00,e53d7ad5-ca44-4488-bcaa-7dfbe0ac8a38,ff91f8dd-7825-4a1c-af4e-12b90af10f89,3,Okay for short-term parking.,0.17,2025-11-30T16:25:00
8de2787e-e939-4751-976b-922550302dc3,49e446a3-4611-4d46-837f-e901da5b1f5e,14d550ff-098c-4a84-8f96-7f9776734a1b,a8329b49-91f1-46cc-a56d-95b80cfe20fb,5,"Very convenient location, will book again.",0.68,2025-10-15T18:05:00
54623b2f-63fa-4bd8-b29a-1439d9ee6112,877b1c47-4f80-462c-af6d-a5b004e58548,53c77199-1104-4a6e-beec-f5175c546c49,1a09de5a-1a89-4dab-b872-a28bc1573fc7,3,Okay for short-term parking.,0.12,2025-12-20T13:00:00
357475b4-d1aa-438a-943a-944585612103,5641a45c-1def-4cda-bcc7-0101ebcc7867,7b60e816-f6ce-4c95-a98c-b9b8eeb44e8d,acf6d357-da86-42ca-bbee-2331ba481556,2,Price was higher than what was listed.,-0.4,2025-10-15T15:11:00
c607c326-a22f-4309-bdd0-46d1e105d624,2d553dc2-8f10-41cb-b80f-ab23383e3731,eeb4d423-17f5-4d6c-a6e7-ad79313471a9,ecc8ecd6-df57-414f-a848-f20cb41f6b25,4,"Owner was helpful, smooth experience overall.",0.9,2025-10-28T18:06:00
89c13266-5f43-4329-b2dd-40dd776ec94a,f26df763-aad5-41ea-8ed1-77c8b680cc59,e53d7ad5-ca44-4488-bcaa-7dfbe0ac8a38,8aad6c38-5e26-4e18-9854-dcee709b957d,3,"Average experience, would use again if nearby.",-0.06,2026-01-05T08:32:00
e88955a7-dc72-47c4-8ecf-1647ef2fcd49,4551e04c-c156-4e1f-bb7c-b4c84bf323e1,7107ee03-6709-40ba-adfa-380007cc77c0,71c48239-747c-4079-91dd-3184a2f40732,1,Price was higher than what was listed.,-0.38,2025-11-29T09:42:00
224a12c0-ab26-472d-b918-c3d66e637b3d,b54c166a-7c11-48b8-a696-3d1f211b31e8,30c9d6df-abe8-45ab-842f-ab365e631bcd,937e6efb-3fa0-4bff-af3c-63b5789e91c4,1,"Narrow entrance, difficult to park.",-0.53,2025-11-27T08:07:00
e11fac67-ef18-41a3-8f1e-0dc64e7dae16,fef6f349-5174-4165-b8be-df97927e56b8,d2a8af93-39d7-4599-8a35-7cf21819f4b2,f20b91cb-138b-4d90-bf4b-2ff6cc8417af,4,"Owner was helpful, smooth experience overall.",0.51,2026-01-19T13:22:00
97a3f74b-248a-44e2-b8a4-9217c6fa1b0f,96751397-583f-47dd-93b4-5631fa45cc03,efc921b7-dee5-4ba3-8d14-01472a8afbe7,a4d8a935-10ec-460f-931f-34f7e8a34ca8,4,"Very convenient location, will book again.",0.55,2025-12-11T15:14:00
92e78a1d-e186-446a-89b8-4fd844748e9b,6198dbda-17a0-43f1-bc6a-f7c825cadb18,dccfe102-88f6-4a07-a791-76d919900546,6fe22939-ecfc-479e-b5f4-abb09a43ec6c,2,"Narrow entrance, difficult to park.",-0.87,2025-11-21T10:10:00
58598b9a-7109-402b-abde-9ebf2c93bb99,d8c10aea-9085-4345-a4e2-749a5c64d081,ee459ce9-6a73-42b2-9e8b-a5e34b05ebf4,9a263f27-a507-4c3a-9a6f-35b19b28e638,4,Clean and well-lit parking area.,0.93,2025-12-27T01:49:00
9ac07d4b-247e-4b96-aa6a-db8a6d49bb54,96751397-583f-47dd-93b4-5631fa45cc03,b0de9982-cba8-443f-aeb0-d390678e9397,2f073c44-9fba-466a-b196-4c3c76bf8d89,2,"Narrow entrance, difficult to park.",-0.64,2025-12-06T10:31:00
50bae367-a7ef-472c-be21-c435bbf7cde3,959aa198-9cfd-4b61-8a61-cd37d5785662,6e3b42ab-8562-41a3-a0d4-c8c989d7baf3,2db80eee-5083-414c-9c81-6579751e7a4f,5,"Great parking spot, easy to find and secure.",0.82,2026-01-14T12:59:00
f997763f-e83c-4213-a05d-a07184b77c8d,2f69688f-73d1-4b35-a5a0-a0cb9fff72ec,eeb4d423-17f5-4d6c-a6e7-ad79313471a9,0b7f6f27-471b-437d-b6ea-fd807ef76be5,5,"Very convenient location, will book again.",0.5,2025-10-12T11:00:00
0c985860-64ba-4882-89e5-188987e7e50e,4ac947c8-94d7-4953-8716-6429c0532f10,19c8358a-b82b-4ab4-b5a8-645fd399e303,34681f39-31cb-4556-8905-46bf83035f9d,4,Clean and well-lit parking area.,0.86,2025-12-29T09:21:00
e328598f-07a1-4e46-a50f-ab3c7c204c43,b54c166a-7c11-48b8-a696-3d1f211b31e8,365892af-a36f-4af7-bd9a-d5cf29756b87,0c713a17-1dea-42ea-9a99-ce6abb8666f3,4,"Owner was helpful, smooth experience overall.",0.72,2025-11-27T18:30:00
e7804c6a-97e8-4950-8323-87039f93d2dc,f26df763-aad5-41ea-8ed1-77c8b680cc59,14d550ff-098c-4a84-8f96-7f9776734a1b,0d385d5a-57ac-4c5b-8e37-bd87d513ed7d,3,"Decent parking, nothing special.",0.27,2025-12-30T19:29:00
14f69687-2f0d-4905-88b3-c968b4f6882a,9443a787-02d1-4c19-9ef9-d2058a7453b6,365892af-a36f-4af7-bd9a-d5cf29756b87,562e73f0-dbd4-44f6-a96b-4e6fc3cec678,2,App showed available but lot was full.,-0.59,2025-12-09T14:58:00
34667a4b-3f36-479d-9af7-33cd575554bd,42a7237f-fbee-4b26-b5c8-bbb10e3a20ea,30c9d6df-abe8-45ab-842f-ab365e631bcd,f0f0724c-8843-4f45-9b7b-bf046d756988,1,"Narrow entrance, difficult to park.",-0.43,2026-01-24T14:33:00
7eb40545-38c8-4e5b-a70e-1bdea1ff6904,9dd34665-f8c0-45b7-97e8-9cd4be56b238,7107ee03-6709-40ba-adfa-380007cc77c0,71c37968-c11f-41a4-b900-7fa2eed12e4b,5,Affordable pricing and close to metro station.,0.78,2025-10-29T20:16:00
42eadd47-b3b6-40fb-81ae-1eafdda47939,072e86f1-123e-4728-8660-0ca9e2253241,66e019e7-5c23-4c7a-8358-1da734b434fe,01810f98-80e4-4bac-8c0f-983b4fa2e06b,5,Affordable pricing and close to metro station.,0.73,2025-11-05T23:15:00
c6b94250-cc04-4710-a047-6f5656fb617b,46bdc850-3cf5-4361-9686-fdb85d5d8484,aed763d5-7c54-4ca7-8ac8-259d26fa6d2c,3b6bff36-e705-42ef-8e2f-617d87726f76,3,Okay for short-term parking.,0.28,2026-01-21T21:49:00
b902ff02-30b1-4e84-8f47-30e6a0d37610,3c6f7568-4973-46b3-b543-318625e853df,237291de-6a6d-452f-ad82-2f915745a94a,74cbab76-61a2-42dd-82fb-704d022a9bf1,4,"Very convenient location, will book again.",0.72,2025-10-15T12:46:00
8b899133-3c86-4c41-9e47-4dd8aecf1c7e,885a8633-088a-4929-8467-306108a21c91,7107ee03-6709-40ba-adfa-380007cc77c0,54bb23ed-7556-4e16-b588-a59983c93dd5,5,Clean and well-lit parking area.,0.9,2025-10-25T03:09:00
e6dbb1df-b1bb-4dd8-9c3e-2a3069f43905,01a21be9-8852-4995-a019-7e0ecc7ec4b4,7107ee03-6709-40ba-adfa-380007cc77c0,f6ec6e3c-8bd8-47c0-822f-d91ea2fd4be7,3,"Average experience, would use again if nearby.",-0.09,2026-01-22T08:43:00
594033b8-bfb4-4a00-94d0-7bdd48d984b9,f26df763-aad5-41ea-8ed1-77c8b680cc59,365892af-a36f-4af7-bd9a-d5cf29756b87,4244b0c2-9ea8-4080-b831-11a23bcb834a,5,"Very convenient location, will book again.",0.8,2025-10-09T09:52:00
041562b5-2857-4e51-ba3f-8b929e1ed15d,442a0e97-6b3e-4afc-8ac8-b547aa9b92f5,d2a8af93-39d7-4599-8a35-7cf21819f4b2,982b63e7-fba4-47ec-8ef4-2fadc37faabf,4,Affordable pricing and close to metro station.,0.91,2026-01-25T18:37:00
ecf41b94-1a4e-478a-a9a4-40ca3a96143f,1453ff1c-0ed9-4fd1-a785-1c1d28d78a55,08a20e54-8f66-49fb-89d7-59c930d42d9a,72ef9457-603d-4dce-aa04-5aec36c1680a,5,Clean and well-lit parking area.,0.9,2025-12-01T06:21:00
c9bf36c2-b519-471f-b264-3182f39523c4,9462ee6b-75d6-44d4-a866-9de74f89d18c,7107ee03-6709-40ba-adfa-380007cc77c0,52e6e671-8c82-4bb9-8907-df4b753e9ec7,4,"Owner was helpful, smooth experience overall.",0.72,2026-01-19T20:43:00
3281015b-97e1-4964-ae02-07d51938b92f,7fdc66b5-6d75-46cc-b403-5fa62759c37e,7b60e816-f6ce-4c95-a98c-b9b8eeb44e8d,4874987e-a408-4749-9c48-e4ee4b328a2a,5,"Great parking spot, easy to find and secure.",0.71,2025-12-08T15:10:00
4c3c539d-4c58-47dc-91d7-6b0cf1c51fa8,26d5621e-bc18-4ce2-a258-8e3bc89f4429,d59e8262-1e8f-4602-914e-5551b3174e5b,7de9a066-c564-4d2f-b2eb-635cb2e5377f,5,"Owner was helpful, smooth experience overall.",0.86,2026-01-09T17:27:00
2c2e7852-e663-43b5-a310-f2c2b5e2dd0a,2c37c0bd-ffa8-4881-8882-82a11c1ae2ff,14d550ff-098c-4a84-8f96-7f9776734a1b,40199bc3-fbbf-416e-93ac-b4cf7590da60,4,Clean and well-lit parking area.,0.65,2025-12-31T19:38:00
17a046ae-95eb-4d26-abcf-a68a5ea4225a,2927e51f-d212-4584-b4e3-640a2479826b,19c8358a-b82b-4ab4-b5a8-645fd399e303,aa2340b1-e8a7-4092-98e8-7600364690d9,4,"Very convenient location, will book again.",0.92,2025-12-29T19:16:00
7538dee3-1b6c-4f6b-b495-62f5d42d2282,29da365f-ae2c-46b7-aa48-22b86fee3628,aed763d5-7c54-4ca7-8ac8-259d26fa6d2c,fefb308a-614e-49de-8ab8-ed4949ac41dd,4,Affordable pricing and close to metro station.,0.61,2026-01-27T13:12:00
5b8a5f23-2fe6-4e9c-a5f0-cf545a596618,c93534d5-7e36-4c89-bd78-a77559e5e18b,e53d7ad5-ca44-4488-bcaa-7dfbe0ac8a38,0c9dd647-2a15-435f-8ed5-5b4471b9500c,3,Okay for short-term parking.,-0.07,2025-10-20T18:07:00
18c6cf7b-847e-4eb0-85c3-b6bdf13d663f,80ddb24e-b52f-4daf-933f-c7cb4e17d61e,b0de9982-cba8-443f-aeb0-d390678e9397,79fb52d5-1324-40c4-9a20-c4f396b7c847,4,"Great parking spot, easy to find and secure.",0.85,2025-10-31T21:37:00
759f5670-4e7c-49dc-8c56-34e92e3035e5,e989cdb7-ad0e-4c36-a170-afeb109aaf40,19c8358a-b82b-4ab4-b5a8-645fd399e303,6872939d-ef25-4e2a-af07-c08732558dfd,1,Price was higher than what was listed.,-0.66,2025-12-08T06:59:00
ab197243-dddf-4933-b9d1-77491875c99b,08295200-2344-4f2d-85f3-a0c84e16003c,6f1380b7-12b7-40fd-8cde-756c8974b743,04befcf4-0918-4e9f-871f-e009a089e837,4,Clean and well-lit parking area.,0.66,2026-01-18T20:33:00
42adb541-8d4a-4bff-909c-cc8678b98fe1,3c6f7568-4973-46b3-b543-318625e853df,f063fb91-dfae-415c-8fe1-caff87514d40,37336757-2ecd-4f72-9b2c-829e1b8ad9c0,4,"Owner was helpful, smooth experience overall.",0.64,2025-12-04T20:50:00
dbe3324e-9a81-4436-aa35-1c417734603e,277f0ed5-2b3d-4a01-a8e9-b3197a833c20,aed763d5-7c54-4ca7-8ac8-259d26fa6d2c,f8841a36-bce7-45d4-91d6-dc10b7c9b731,4,"Very convenient location, will book again.",0.94,2025-10-14T08:17:00
d05c49be-b943-4803-b788-a415134db379,5bbeb2c7-93f7-44b2-8667-a43baa8bcaa6,efc921b7-dee5-4ba3-8d14-01472a8afbe7,c9d2e29f-1ad6-4dfc-973e-d040cee3c9a9,4,Affordable pricing and close to metro station.,0.76,2025-11-02T19:55:00
4d971990-9b4e-40e0-b2a9-e61a074337ac,74a87e80-283e-4e63-b28c-90a677b47451,eeb4d423-17f5-4d6c-a6e7-ad79313471a9,944e53d1-ccbd-4c8a-ad6f-fac360c24847,4,"Owner was helpful, smooth experience overall.",0.95,2025-11-21T11:50:00
c3e4cfa7-7327-4528-a044-2a1c30565909,46e30834-9cd9-488b-b58c-adc12efa773f,bb8721a8-2bae-4da5-ae71-1d0cfc8a49d3,6d858b31-8492-43f6-a58f-191578a2301a,5,"Owner was helpful, smooth experience overall.",0.65,2025-11-16T21:22:00
c3334e54-8b7c-4cbb-b4d8-c3ee8425510f,b6fe13bd-fe3d-49c4-9a15-dc10fd806d1c,7b60e816-f6ce-4c95-a98c-b9b8eeb44e8d,c7a83acb-5fa1-4ed1-89eb-110dd64b7dcf,5,Affordable pricing and close to metro station.,0.69,2025-10-26T15:17:00
a53e59c0-a45d-40b2-a83d-a327a9a3e11d,8708d2ec-59c7-481d-893a-8503e787c1eb,ad0d0b95-98d7-4e45-a170-6e6eb21249e4,1f41aff6-2cd5-4c13-905b-fa60e5bbdd48,5,Clean and well-lit parking area.,0.6,2026-01-10T11:36:00
387d741b-6007-40b7-aac2-f813dabdcdc7,fef6f349-5174-4165-b8be-df97927e56b8,78ad0a9f-8291-4b2b-ba25-1ed481f9b863,4afa5697-53fd-4803-8f33-485f63b7ae7c,5,"Great parking spot, easy to find and secure.",0.69,2025-10-28T13:52:00
e599f34d-bccc-41c1-9e91-add1017e8aeb,0af291a9-0ed2-4b15-ae5a-a14a42338a67,7107ee03-6709-40ba-adfa-380007cc77c0,f2307f54-e4ce-486e-aaae-50c7b5e2182c,5,"Owner was helpful, smooth experience overall.",0.53,2025-10-21T20:08:00
67b31638-44ce-4d6b-88fb-c2cd9912651b,91190595-9e10-41ee-9702-23f0e4fc5b66,14d550ff-098c-4a84-8f96-7f9776734a1b,fe57d766-d338-4b1e-ba1e-a24da813223d,4,Affordable pricing and close to metro station.,0.5,2025-10-16T12:43:00
cc7aed16-124a-4d6f-8c59-24a6d189741b,d8c10aea-9085-4345-a4e2-749a5c64d081,7107ee03-6709-40ba-adfa-380007cc77c0,7492f08d-9aa1-48ab-8cd2-75ad66bdc773,5,Affordable pricing and close to metro station.,0.7,2026-01-25T23:09:00
f7be2150-0f59-415e-af76-1beacf04dc07,13c8f3bb-fb66-413a-9dac-d16398290623,ad0d0b95-98d7-4e45-a170-6e6eb21249e4,6e284f2c-c521-4eaa-aad6-8242305e61ff,5,"Owner was helpful, smooth experience overall.",0.84,2025-11-03T12:53:00
802fd533-271b-464d-9b07-cb6f0d9e16ee,ce569a2d-31ec-491e-a27f-3cc789efcb50,d59e8262-1e8f-4602-914e-5551b3174e5b,4951b0f3-61eb-4435-9261-5a7d10705cd7,4,"Owner was helpful, smooth experience overall.",0.7,2025-12-31T22:09:00
32f35966-ffaa-4bcd-871c-6463fd12ca4f,dbab4a25-1918-4cdd-bf93-2896fde8d17e,ad0d0b95-98d7-4e45-a170-6e6eb21249e4,51e5aa90-c732-4711-969d-564d39349d16,5,"Great parking spot, easy to find and secure.",0.73,2025-10-03T16:03:00
b238c903-8032-4ca6-b9b3-758664b27bcd,2bf8e1cc-2326-416d-806a-7a2456096171,d6ee3f19-3155-4210-8064-c6121d669156,d65aa383-6222-4235-bbdc-5b6ff7f30eed,5,Affordable pricing and close to metro station.,0.7,2025-10-22T09:36:00
21af9d85-7003-4753-8624-939ada6386cc,142999e5-307a-4bf4-8240-57e97cc86f50,d6ee3f19-3155-4210-8064-c6121d669156,f08ca1de-515c-4c68-b051-0cb419c847c1,4,"Great parking spot, easy to find and secure.",0.74,2026-01-25T17:47:00
a10eee24-3b86-4a17-82f1-82571b4e8db2,7aa3d495-c307-4efb-b5a1-cb73a753544c,42591084-2367-45ae-98c3-6da0eb1bf09c,01aa96e7-8d1e-46db-8010-2b24915ac17f,5,Affordable pricing and close to metro station.,0.85,2025-10-06T16:24:00
709de6b4-eae3-4026-8e07-1d9b200f9ec8,b21aebda-2049-4c70-bc7c-bfd60bbcbdca,aed763d5-7c54-4ca7-8ac8-259d26fa6d2c,ddeb720e-0a88-4027-be16-d09d42905529,4,Affordable pricing and close to metro station.,0.86,2025-10-20T07:56:00
0feebfa8-ea70-429a-b987-4390047f2c04,cf6fa6c2-ef72-4865-869e-2eea08c884a3,ad0d0b95-98d7-4e45-a170-6e6eb21249e4,f4c24d00-7c5d-49c8-9edb-15c54cbd1689,5,"Owner was helpful, smooth experience overall.",0.88,2025-12-10T21:37:00
afe62053-3660-43d0-a2cf-9632998f4212,ab4320c7-c267-4d37-a343-4e66bd8ce9f6,78ad0a9f-8291-4b2b-ba25-1ed481f9b863,b4ffbc98-bbc5-43b6-a920-ea3a731e494c,1,App showed available but lot was full.,-0.77,2025-12-13T19:04:00
caa51506-7262-45e1-9a4f-ca01e949be1f,b68b0696-eb24-408c-aa2e-a8f38d864d07,eeb4d423-17f5-4d6c-a6e7-ad79313471a9,ce943001-00cf-47d5-a0c2-e2050ee61241,4,"Owner was helpful, smooth experience overall.",0.71,2025-12-13T19:10:00
690d7151-3038-48c7-b084-2ffd2ab3c22b,8708d2ec-59c7-481d-893a-8503e787c1eb,bc464c1d-5590-438c-acc7-efab360d5bc8,bec3c705-63df-4609-99c7-e80f443a9733,5,Clean and well-lit parking area.,0.87,2025-10-11T14:14:00
b8014dda-bde8-4e22-b290-5cfdc9552f2f,b3c2dba9-c725-4fad-81d3-65ef3b760db5,78ad0a9f-8291-4b2b-ba25-1ed481f9b863,f984e457-968d-476e-87e2-5793ad088742,5,Affordable pricing and close to metro station.,0.92,2025-12-03T21:39:00
a479a064-5fca-4cc1-bc8f-97106b3b6446,5f3be1c1-082f-4f43-92cd-32cd588e15c9,aed763d5-7c54-4ca7-8ac8-259d26fa6d2c,e2c91db4-f50e-4aa9-bf0e-0d1c4f6637fe,4,Clean and well-lit parking area.,0.74,2026-01-17T11:35:00
b60961eb-4e6d-4115-84a6-811314278aed,f0e78e54-8eee-440e-a1d3-3cd7a6704ef9,efc921b7-dee5-4ba3-8d14-01472a8afbe7,c6def144-ad13-49ee-be98-b7a34fc5a2d9,4,Affordable pricing and close to metro station.,0.72,2025-11-11T23:52:00
364a29af-bcb3-42e0-9a9c-6494e102a1c1,46e30834-9cd9-488b-b58c-adc12efa773f,19c8358a-b82b-4ab4-b5a8-645fd399e303,601bc1cc-959a-4859-9ddc-82533fb6634b,4,Affordable pricing and close to metro station.,0.84,2025-11-06T18:39:00
2ff95b48-428b-4a34-83c9-f6f60b72e279,d407fa4b-5fd1-4575-8d71-7e298ea527a2,ad0d0b95-98d7-4e45-a170-6e6eb21249e4,56638d89-25d1-4448-893d-41de870e1f9d,3,"Average experience, would use again if nearby.",0.3,2025-11-02T17:21:00
344fa366-5880-4fd8-b35e-527df5e70345,5a58aace-89bc-4179-a013-3ebeb2e0fb05,14d550ff-098c-4a84-8f96-7f9776734a1b,df89d99f-d7e2-4b41-aca8-aeea04e2fc98,4,"Owner was helpful, smooth experience overall.",0.69,2025-10-21T08:21:00
65125f1c-a98f-4103-aefb-dd41d78034a8,959aa198-9cfd-4b61-8a61-cd37d5785662,695b7d7d-d6bc-45e4-9ccd-1ab692e481ae,ba0657c4-00c2-4af3-a572-9793ff081268,5,Clean and well-lit parking area.,0.57,2025-11-28T18:50:00
8a998052-c887-4afc-83ab-dc4d8b8b2bd8,01a21be9-8852-4995-a019-7e0ecc7ec4b4,ee459ce9-6a73-42b2-9e8b-a5e34b05ebf4,159fb8a8-2368-4a5d-8ca7-c831cf098cc1,3,"Decent parking, nothing special.",0.23,2025-11-28T10:52:00
57b73f11-5a09-43de-8af1-2ebfd4e6b395,58dfe5bb-0b44-40a9-aea7-6b1f9eb40645,efc921b7-dee5-4ba3-8d14-01472a8afbe7,8629430f-039c-417c-9048-a8aea92befe6,4,Affordable pricing and close to metro station.,0.82,2026-01-08T06:46:00
a3197c03-5539-48fb-9dc4-550f138d6a11,9b2faa07-75b7-4187-aa26-fd1c2099d3c1,efc921b7-dee5-4ba3-8d14-01472a8afbe7,31579b8a-df10-43cc-9da3-746d902affdf,5,"Very convenient location, will book again.",0.57,2025-12-30T15:30:00
ad47a154-b410-4fb4-b62f-024c11725664,a7c4fb7b-b307-45c8-91ef-8d9a80a407a5,53c77199-1104-4a6e-beec-f5175c546c49,171dff58-476b-4960-9083-5a05220e7bc2,5,Affordable pricing and close to metro station.,0.65,2025-11-17T13:33:00
8bb78313-a5e4-4962-a107-9ca8b5549aec,08295200-2344-4f2d-85f3-a0c84e16003c,b0de9982-cba8-443f-aeb0-d390678e9397,f56d4c9d-846d-4a57-b059-ecf2016730b2,4,Affordable pricing and close to metro station.,0.75,2025-11-12T21:39:00
1108fcfa-32f3-4f7f-a675-5ff3d2db03e6,a71af03f-9582-4d96-a9ed-db655d49ed1b,aa8039b3-3308-4616-8ab0-12c28e7246e4,572bffae-ec96-44d8-acdb-f0373305e468,5,Clean and well-lit parking area.,0.83,2025-10-16T10:44:00
0f529e9f-127d-42c4-a33a-d57814737d28,f0e78e54-8eee-440e-a1d3-3cd7a6704ef9,eeb4d423-17f5-4d6c-a6e7-ad79313471a9,ca38e085-1812-4f1d-ac52-82f5eebb586a,1,"Slot was occupied when I arrived, had to wait.",-0.43,2025-11-06T10:02:00
e4ef31b5-8859-482c-be13-49fe2dfdc324,f3b6ba16-e61e-41fd-adef-6033fff96bf7,d7cfdefe-2859-458d-8bc5-ab840a62418e,b2de4446-37aa-48e7-b0a5-ec187c248c51,1,Price was higher than what was listed.,-0.81,2025-12-10T11:12:00
e2fefdd2-cc32-4b6d-b848-e327e118f724,f51d82d7-5841-4df4-b3cd-20caac639592,d6ee3f19-3155-4210-8064-c6121d669156,5a7bfc8f-e71a-496f-bdce-63ac0ebb6080,4,"Owner was helpful, smooth experience overall.",0.6,2026-01-25T01:54:00
5249babd-298c-403c-a359-121e4b31918c,9cc3bdbe-eebe-44c1-af7d-d182e0bb848e,6e3b42ab-8562-41a3-a0d4-c8c989d7baf3,68c6151a-55a7-4bff-9ff2-5e795265dab9,4,"Very convenient location, will book again.",0.83,2026-01-22T21:17:00
8e3775e7-56ce-49c7-a3a9-1ecc89a67242,71909051-9811-483a-8e13-7b09afa7d29c,b0de9982-cba8-443f-aeb0-d390678e9397,c9f37b39-ffe4-49cb-8b1a-330dadac080f,5,Clean and well-lit parking area.,0.55,2026-01-18T22:14:00
c3d7d3ea-d0ad-4940-a4ba-9bb59ef89532,26d5621e-bc18-4ce2-a258-8e3bc89f4429,b0de9982-cba8-443f-aeb0-d390678e9397,aa93e717-8dea-438f-a7f9-8043213b2703,2,Price was higher than what was listed.,-0.6,2025-11-25T14:44:00
7f7afd86-b30f-4540-8d62-a6aaf249ffda,5a6b23c7-c27b-4d06-b319-4c7f4dc8c5d4,6e3b42ab-8562-41a3-a0d4-c8c989d7baf3,16764ff6-aa55-4907-93ef-a188276c0259,5,Affordable pricing and close to metro station.,0.75,2025-12-23T19:03:00
debf41e0-b480-4d83-86ee-3b2254b7e080,a128c8e3-79bd-470a-9dd9-29e6ea7a5d25,bc464c1d-5590-438c-acc7-efab360d5bc8,c04d5c86-0068-45d2-9018-2fca8b782fc0,5,Clean and well-lit parking area.,0.65,2025-12-01T20:42:00
72e50a8f-8607-4789-bb34-2ba8ed19571e,b21aebda-2049-4c70-bc7c-bfd60bbcbdca,7b60e816-f6ce-4c95-a98c-b9b8eeb44e8d,ead386c2-93ea-4888-8979-3a07c4c2b63f,5,"Very convenient location, will book again.",0.86,2025-10-01T12:52:00
1702d181-5a9e-4986-ab0a-c343fe268a40,42a7237f-fbee-4b26-b5c8-bbb10e3a20ea,08a20e54-8f66-49fb-89d7-59c930d42d9a,de292047-cd9d-40fc-b95e-0a79373c83ee,5,"Owner was helpful, smooth experience overall.",0.52,2025-12-10T18:22:00
72b56279-73b3-4dd0-8b78-cdebc751d294,f010f9cc-b2a2-4f4c-bff3-653872140b2c,aa8039b3-3308-4616-8ab0-12c28e7246e4,8ec81d6b-1f1a-41fe-b0db-e6b20b4c00db,4,Affordable pricing and close to metro station.,0.85,2025-12-15T22:58:00
0bd4bb2b-5497-4990-99dd-5349d64c4fba,46bdc850-3cf5-4361-9686-fdb85d5d8484,d2a8af93-39d7-4599-8a35-7cf21819f4b2,1aefcc1e-e6f5-4ddf-a3ae-a9f481902069,2,"Narrow entrance, difficult to park.",-0.51,2025-10-15T20:36:00
9aa3c42d-ccf7-45ce-822d-b172e8e57d28,d7754c45-f9ed-4e23-ac5f-1a615bd35db2,efc921b7-dee5-4ba3-8d14-01472a8afbe7,fc3459e6-d7fe-4128-87c4-c05b918d43c6,1,"Narrow entrance, difficult to park.",-0.6,2025-10-01T18:35:00
1c4054ef-2ff4-4d74-bc2f-196ba92b44e9,2f69688f-73d1-4b35-a5a0-a0cb9fff72ec,d6ee3f19-3155-4210-8064-c6121d669156,d02039b8-cc28-41df-942c-aa678908d9f6,5,"Great parking spot, easy to find and secure.",0.89,2025-10-02T09:54:00
e5911395-c9c3-4545-92e8-6a810252fff6,f2f55bd1-e8a5-434d-83b1-0e4c7f747abb,d59e8262-1e8f-4602-914e-5551b3174e5b,96f299c4-d782-44d6-a634-f4dd27ed02ae,4,"Owner was helpful, smooth experience overall.",0.59,2026-01-10T09:17:00
db948df1-6dd8-454f-bd9b-a7f835022ac8,d9e0dd75-199f-4cca-9166-e39a38afcea0,aa8039b3-3308-4616-8ab0-12c28e7246e4,7f7f863c-b7f9-4c7b-b949-7b66b9934755,5,Clean and well-lit parking area.,0.86,2025-10-11T22:04:00
a05ea3d5-3bbb-452b-91b7-cc5477c64166,13c8f3bb-fb66-413a-9dac-d16398290623,d2a8af93-39d7-4599-8a35-7cf21819f4b2,8f1a624e-ac54-4708-bd13-9b08b8e00b25,4,Affordable pricing and close to metro station.,0.58,2025-11-17T18:17:00
e65b5e80-96ac-4317-b55a-f92ed9161b21,af8d3b09-87a3-492d-b614-12760cfcd0af,53c77199-1104-4a6e-beec-f5175c546c49,bd641026-1bf4-456a-a162-ef668f887c5e,3,Okay for short-term parking.,0.3,2025-12-21T22:26:00
a596b90e-edd4-4331-a0c3-dac89b637274,5bbeb2c7-93f7-44b2-8667-a43baa8bcaa6,d6ee3f19-3155-4210-8064-c6121d669156,6aded0e5-ae36-48ed-abc2-be67d9379acb,2,"Slot was occupied when I arrived, had to wait.",-0.88,2025-11-10T21:32:00
f3e5440d-0387-4f93-ac35-d0589d27ebaa,442a0e97-6b3e-4afc-8ac8-b547aa9b92f5,aa8039b3-3308-4616-8ab0-12c28e7246e4,4fa7269f-2865-4ecc-a8ee-b5f17f85da47,4,Clean and well-lit parking area.,0.75,2025-10-28T20:13:00
2d19847f-91a8-4c7e-a342-e3eec2423d75,d338ea08-ef80-4005-809e-6b37e8f6f383,6f1380b7-12b7-40fd-8cde-756c8974b743,1bc55966-3f30-4f72-acbd-dec61caf123e,4,Clean and well-lit parking area.,0.58,2026-01-27T18:29:00
12e95096-f5d3-4929-809d-e2cd9a68b55f,567e2465-08d4-43c4-8872-6efd2d444d9a,08a20e54-8f66-49fb-89d7-59c930d42d9a,d65fdae8-5f49-4792-8a9a-841de6126164,1,App showed available but lot was full.,-0.66,2025-10-08T00:14:00
fd4ce8d4-cf7d-482b-8cfe-eb1db41481c3,ab4320c7-c267-4d37-a343-4e66bd8ce9f6,ad0d0b95-98d7-4e45-a170-6e6eb21249e4,4e3e8b18-e610-4a4e-b216-4d62e3628c51,1,"Slot was occupied when I arrived, had to wait.",-0.81,2025-11-20T17:25:00
d444d353-7ca6-4833-a99e-cc49ba5d4340,113e0fc3-ac7c-4aa5-94eb-ac8046cb60ed,d59e8262-1e8f-4602-914e-5551b3174e5b,029356a6-d722-4c70-a370-c8831efac27e,5,Affordable pricing and close to metro station.,0.59,2026-01-19T19:34:00
5de6f5c8-afc2-418b-95c6-144a428ab5b4,0e0b358d-5fb8-4eac-9490-c65d5a817868,6e3b42ab-8562-41a3-a0d4-c8c989d7baf3,16f42448-4516-4fd2-8898-a5a8a472ab30,5,"Very convenient location, will book again.",0.53,2025-10-16T09:22:00
14dcf0b9-56fe-4517-adec-737496f18052,0fb26ed7-84f5-4429-9214-3f19b48293a3,19c8358a-b82b-4ab4-b5a8-645fd399e303,5305aece-ca59-486e-b70e-7b5f2190162c,3,Okay for short-term parking.,-0.1,2026-01-07T06:47:00
b93adb3d-af1f-4a9c-b176-7dccaf441019,1453ff1c-0ed9-4fd1-a785-1c1d28d78a55,bb8721a8-2bae-4da5-ae71-1d0cfc8a49d3,0e18b9bf-3f5d-4924-b543-871940be10ce,4,Affordable pricing and close to metro station.,0.82,2026-01-26T22:42:00
abd48296-2a24-49f2-b6df-8eee2607f5a6,71909051-9811-483a-8e13-7b09afa7d29c,bb8721a8-2bae-4da5-ae71-1d0cfc8a49d3,ac2def98-179f-470c-b0a9-af5420c44210,5,"Owner was helpful, smooth experience overall.",0.7,2025-11-07T22:57:00
d45e7828-e9b2-438d-8934-d85307c1d73c,a128c8e3-79bd-470a-9dd9-29e6ea7a5d25,d59e8262-1e8f-4602-914e-5551b3174e5b,89a15bc6-3ea0-4380-af75-cbc6f078214b,4,"Great parking spot, easy to find and secure.",0.52,2025-12-14T14:37:00
83ee8248-2310-4c5d-987e-ba43c34bd43d,d7754c45-f9ed-4e23-ac5f-1a615bd35db2,19c8358a-b82b-4ab4-b5a8-645fd399e303,09e5bd68-6741-4585-9eac-8ded98c44249,5,Clean and well-lit parking area.,0.92,2025-12-18T10:49:00
b95bbfc7-e956-4dca-8f60-e24298b8743f,a3293895-2029-45db-b566-b2e1981315b2,19c8358a-b82b-4ab4-b5a8-645fd399e303,646916f9-988f-4af4-a9ed-468d7e100a7c,5,"Very convenient location, will book again.",0.8,2025-11-17T19:53:00
4c951823-9fc1-4107-a2bc-2156cf1c54bf,4beb3fdc-4b87-4446-bb60-6772a272ebba,8253dd7a-18fb-473d-840b-1e186ba0c5e5,970daf0d-f249-4784-9def-647e0fe7f244,3,"Decent parking, nothing special.",0.01,2025-11-08T22:38:00
42b14ac7-957c-457b-bea7-517ce49caf42,a3293895-2029-45db-b566-b2e1981315b2,d7cfdefe-2859-458d-8bc5-ab840a62418e,e5c8bfd9-c0d6-41c5-b7ef-d7f2997171b9,1,"Slot was occupied when I arrived, had to wait.",-0.64,2025-11-19T09:01:00
4e2840c9-f54e-4eb1-8239-6aec3b190d83,01a21be9-8852-4995-a019-7e0ecc7ec4b4,ee459ce9-6a73-42b2-9e8b-a5e34b05ebf4,1724911f-3e30-4e94-aecc-10c0df3e8d75,3,"Decent parking, nothing special.",0.1,2025-12-21T14:54:00
85681288-2f68-465d-8814-a870c8836372,5641a45c-1def-4cda-bcc7-0101ebcc7867,695b7d7d-d6bc-45e4-9ccd-1ab692e481ae,119cb13a-443b-4bac-93bf-d5a7a17a47f0,5,"Owner was helpful, smooth experience overall.",0.76,2025-12-25T16:14:00
7c9e564e-1667-4b16-8b45-b9074096f4b9,b54c166a-7c11-48b8-a696-3d1f211b31e8,42591084-2367-45ae-98c3-6da0eb1bf09c,9546736a-864e-43b9-a962-24c01b8b3201,4,"Very convenient location, will book again.",0.89,2026-01-13T15:39:00
6b5f7cd6-efef-41aa-9eee-92bb87eab611,7bd34117-4d1c-414e-bc01-debf09846255,7b60e816-f6ce-4c95-a98c-b9b8eeb44e8d,2c80f1b3-8c75-44b7-9442-7d4e9158f70d,4,"Owner was helpful, smooth experience overall.",0.77,2025-11-20T19:00:00
2fc850e6-9a4b-48e8-8c55-08306f13c0d1,f04b3440-fac7-4177-8085-9e194fac1d99,237291de-6a6d-452f-ad82-2f915745a94a,4fbcf20c-b6bd-46f1-b2ce-ac28e47558f2,5,"Great parking spot, easy to find and secure.",0.94,2025-10-12T17:26:00
308d1e6e-9249-458f-b394-12fc6e8db1e1,d05d6b4c-e29c-486e-989a-1a0d30f62a5f,8253dd7a-18fb-473d-840b-1e186ba0c5e5,ce8956a8-927e-4161-95a3-811182205b6a,3,"Average experience, would use again if nearby.",0.19,2025-12-30T09:28:00
c223736f-3cbc-4c99-b76a-e41e1f5236ce,9d15ffc3-e80a-4ebc-9354-52be9f89db50,14d550ff-098c-4a84-8f96-7f9776734a1b,44ae0ab8-fd31-4243-b12a-6603d8887a0d,4,"Owner was helpful, smooth experience overall.",0.94,2025-10-17T19:25:00
ee2c1de1-cefa-4d89-9575-16ac31589056,4551e04c-c156-4e1f-bb7c-b4c84bf323e1,efc921b7-dee5-4ba3-8d14-01472a8afbe7,7e316e6a-73c0-46ac-aa5f-ea745b7c68c7,4,Clean and well-lit parking area.,0.75,2026-01-19T07:25:00
a72ef3f3-0ae9-40c9-b9f1-20d6cab3ea65,959aa198-9cfd-4b61-8a61-cd37d5785662,e53d7ad5-ca44-4488-bcaa-7dfbe0ac8a38,9184ee54-a998-46db-acba-67fb1371c58b,2,"Narrow entrance, difficult to park.",-0.49,2026-01-25T17:10:00
50ed028f-3715-484d-a80f-818eaeb007de,b21aebda-2049-4c70-bc7c-bfd60bbcbdca,d7cfdefe-2859-458d-8bc5-ab840a62418e,7d31d4f3-483d-40c4-a395-098a76737a06,3,Okay for short-term parking.,0.2,2025-11-09T20:41:00
f4d32101-65ec-475c-a5e1-5a83e0dc89c2,b6fe13bd-fe3d-49c4-9a15-dc10fd806d1c,d7cfdefe-2859-458d-8bc5-ab840a62418e,35934a71-616c-4dca-9bd8-d7606745a16b,5,"Great parking spot, easy to find and secure.",0.84,2026-01-09T20:50:00
75dfce7b-aaf3-4b0d-8965-227ace04ce15,15ce7f7e-c477-41ec-b7d0-63fa147b7c27,6f1380b7-12b7-40fd-8cde-756c8974b743,abebde39-e38e-488a-bedb-49555db2bdb3,5,"Great parking spot, easy to find and secure.",0.51,2025-11-16T08:13:00
e9a48171-6e51-4a96-bd2f-150f99f2f177,49c40658-bf14-457d-aab1-ff142d500a0e,d7cfdefe-2859-458d-8bc5-ab840a62418e,9a60ff31-8830-4f6f-9cea-45e18e957c1c,4,Affordable pricing and close to metro station.,0.56,2025-12-30T22:16:00
ea18501f-ecab-43a2-9e44-c92c52e75d18,65a9ebcd-7863-4808-8d99-67b85a4b4fdb,e53d7ad5-ca44-4488-bcaa-7dfbe0ac8a38,5fe6427a-184d-4df0-b61e-238ab11d963a,5,"Very convenient location, will book again.",0.6,2025-12-10T10:25:00
60fbe4b9-fcc6-4a87-ba0d-98b618bf295b,59a253e1-4ef6-4ca0-9997-5a946ade55d7,42591084-2367-45ae-98c3-6da0eb1bf09c,ab59e906-95e2-4dcd-827c-e4d99762382e,4,Clean and well-lit parking area.,0.62,2025-12-01T11:32:00
00c96121-4e74-4da7-84bb-f0207c8f2cf4,444c682b-1715-41a5-a73d-fbadb660d040,eeb4d423-17f5-4d6c-a6e7-ad79313471a9,2f7a476d-a60c-4560-ba43-44b28eaabed9,3,Okay for short-term parking.,0.26,2025-11-06T15:13:00
dd49812d-3fc5-46a9-871d-615fb35c2077,9fc4727a-0597-4944-bf05-76cd38346140,08a20e54-8f66-49fb-89d7-59c930d42d9a,b74e5fc1-75a8-4fe8-a6fb-22c798575885,5,Clean and well-lit parking area.,0.83,2026-01-24T05:30:00
8629e9a1-1d8d-429b-aeac-7edc9da71f4f,c93534d5-7e36-4c89-bd78-a77559e5e18b,7b60e816-f6ce-4c95-a98c-b9b8eeb44e8d,8c781c3f-47ec-4b64-ae8e-e73584a470e4,4,Clean and well-lit parking area.,0.56,2025-10-28T21:37:00
0a851b8e-f4fc-4f4d-aa23-e7c9bb566e5e,9d15ffc3-e80a-4ebc-9354-52be9f89db50,42591084-2367-45ae-98c3-6da0eb1bf09c,5174ae2a-c972-4eb7-af45-5dd09bdd35ed,4,Affordable pricing and close to metro station.,0.69,2026-01-15T11:30:00
7c3c0245-35d3-427f-b352-8987826f4684,bd0a161f-06f1-4c49-ae73-26214dbbb292,6f1380b7-12b7-40fd-8cde-756c8974b743,15b9f02f-7f40-44f8-99d6-01350b6edd29,2,"Slot was occupied when I arrived, had to wait.",-0.75,2025-12-17T20:40:00
0f717c25-6cef-4b46-adbd-247b6c360021,e989cdb7-ad0e-4c36-a170-afeb109aaf40,66e019e7-5c23-4c7a-8358-1da734b434fe,514f80ea-5151-426f-961a-9a87c3cfddf8,4,"Very convenient location, will book again.",0.87,2025-12-13T20:30:00
c3f64624-fd17-40c2-a1a5-38a5c6ad5811,5bbeb2c7-93f7-44b2-8667-a43baa8bcaa6,eeb4d423-17f5-4d6c-a6e7-ad79313471a9,2f34f9d8-d952-40db-a863-e1870fad87b1,5,"Great parking spot, easy to find and secure.",0.91,2025-10-22T18:48:00
543f1746-fce8-4e21-9e01-a0519cd562c1,cf6fa6c2-ef72-4865-869e-2eea08c884a3,8253dd7a-18fb-473d-840b-1e186ba0c5e5,56125c5b-b80f-4784-a111-40bd3c4ed6ee,1,"Narrow entrance, difficult to park.",-0.8,2025-11-20T16:43:00
aad49360-e259-491e-a76d-51ba744e2856,f010f9cc-b2a2-4f4c-bff3-653872140b2c,b0de9982-cba8-443f-aeb0-d390678e9397,7ea9cb34-9b82-4a14-a526-2667a920ce8e,5,Affordable pricing and close to metro station.,0.69,2025-12-19T10:10:00
b92bafb3-83db-4975-99cb-0dabc1832f2e,a3293895-2029-45db-b566-b2e1981315b2,f063fb91-dfae-415c-8fe1-caff87514d40,c8fd1974-be75-4887-8146-f9176abf939a,5,Affordable pricing and close to metro station.,0.93,2025-10-06T12:12:00
95e15305-612d-4347-9255-70ee588bde6f,db47a8ff-d23c-402d-80e2-d7b9c16fc5d2,f063fb91-dfae-415c-8fe1-caff87514d40,09a24daa-de20-42dd-b6da-84b9af52f1d5,5,Affordable pricing and close to metro station.,0.8,2025-11-02T08:46:00
cf6a2a41-b0d8-474c-83b8-aceb5ebb8a78,b68b0696-eb24-408c-aa2e-a8f38d864d07,efc921b7-dee5-4ba3-8d14-01472a8afbe7,b4db29ea-4775-4878-bee8-82bc92b210ac,4,"Very convenient location, will book again.",0.89,2025-11-03T18:59:00
e3c46980-fb43-45b0-a6bd-93853a396a35,388689f2-d306-45bd-9a3e-51b60104e7b8,efc921b7-dee5-4ba3-8d14-01472a8afbe7,8d59e9e3-f83d-45e4-86ab-ff76550091cd,1,"Slot was occupied when I arrived, had to wait.",-0.69,2025-11-03T00:15:00
7ef0fbdd-6962-41a2-ac9f-4fc79b084c38,f32092ce-bcba-4dd2-94ac-d809bf6de7ba,efc921b7-dee5-4ba3-8d14-01472a8afbe7,25ecdb98-7da8-4de9-9cbb-c0f5b12fe530,5,Clean and well-lit parking area.,0.59,2025-10-23T09:52:00
cbaeb84e-ec45-4e2f-98b1-dd2e2ee8d7df,ce569a2d-31ec-491e-a27f-3cc789efcb50,eeb4d423-17f5-4d6c-a6e7-ad79313471a9,e7b9301b-92e0-466e-902c-2bf83a565c42,4,"Owner was helpful, smooth experience overall.",0.81,2025-12-28T14:59:00
6c33e51a-7513-40ce-a73b-60e0f3f8bc77,7fdc66b5-6d75-46cc-b403-5fa62759c37e,6f1380b7-12b7-40fd-8cde-756c8974b743,3394f559-51dd-4399-8e3e-90a0ae71cf5b,4,Clean and well-lit parking area.,0.56,2025-10-30T14:45:00
5f7b9286-dfc0-4d6d-be8d-5fb923a018fc,be4f8d63-2ebf-49f7-b3ac-0dad3d81b41b,bc464c1d-5590-438c-acc7-efab360d5bc8,12e133c2-2d6d-4dc2-afba-9b7b7923a144,2,"Narrow entrance, difficult to park.",-0.4,2025-10-03T08:48:00
3c1e5e7d-8f9c-4c71-9d10-df62ca52065f,bd0a161f-06f1-4c49-ae73-26214dbbb292,30c9d6df-abe8-45ab-842f-ab365e631bcd,593c8474-cc78-4fd2-9f42-12f32fd22621,5,Affordable pricing and close to metro station.,0.84,2025-12-23T03:05:00
6abd886d-afe3-4f6c-946b-a1c8e8b18680,82fb7949-1329-4cba-a1bd-3b10e49fa04a,efc921b7-dee5-4ba3-8d14-01472a8afbe7,72eef36d-64c4-41e6-b80b-be65dd86f7ca,4,"Very convenient location, will book again.",0.64,2025-12-29T21:48:00
f2ac52a6-d576-4f76-9908-4909f5c6024a,c93534d5-7e36-4c89-bd78-a77559e5e18b,d7cfdefe-2859-458d-8bc5-ab840a62418e,1ece3246-d126-4e67-be18-4c817af21f60,4,Affordable pricing and close to metro station.,0.72,2025-10-21T22:19:00
7eb52108-b778-4554-b7ee-8cebdd2367fb,60963040-4c45-41e0-9ea5-31cc05756a00,eeb4d423-17f5-4d6c-a6e7-ad79313471a9,fa5187d3-820d-439e-bc87-c1544e3d1c8a,3,Okay for short-term parking.,0.22,2025-12-27T07:41:00
f3c23509-9233-4364-b712-2013927e8342,599f005e-1fd0-410a-9bac-eb9a6b9d4d69,237291de-6a6d-452f-ad82-2f915745a94a,d92bd256-8514-4d96-953a-6204fd8f8285,4,"Owner was helpful, smooth experience overall.",0.92,2025-11-12T09:30:00
d0e6c3c2-54a4-4f0a-833b-a54f3cfded98,cfdfd189-e956-4412-8514-e046100dbe9a,08a20e54-8f66-49fb-89d7-59c930d42d9a,b5f45541-b9be-4713-88c5-52d87161dedc,4,Clean and well-lit parking area.,0.66,2025-12-23T18:39:00
4994ed81-57d0-4be0-9a24-65ebf83b6875,5246af6a-9378-4809-8ae6-8f17233cf673,365892af-a36f-4af7-bd9a-d5cf29756b87,01445d95-8029-4f8d-ae49-ba4e4b10f891,4,"Great parking spot, easy to find and secure.",0.86,2026-01-08T16:56:00
443cee35-bd3c-434c-9e22-ecc4668d287a,9dd34665-f8c0-45b7-97e8-9cd4be56b238,ee459ce9-6a73-42b2-9e8b-a5e34b05ebf4,eb7ff062-a898-4d82-aa65-7f4e82284e04,5,Affordable pricing and close to metro station.,0.59,2025-11-11T02:04:00
dce20510-a3fa-4de9-b438-e540a387438a,444c682b-1715-41a5-a73d-fbadb660d040,30c9d6df-abe8-45ab-842f-ab365e631bcd,d338c301-0290-4a1d-99fe-42b827427066,5,Clean and well-lit parking area.,0.91,2025-10-19T10:00:00
372962a6-14f7-47b0-b64c-bc11df6a6f97,388689f2-d306-45bd-9a3e-51b60104e7b8,e53d7ad5-ca44-4488-bcaa-7dfbe0ac8a38,93d636de-c485-44b7-bf4f-e01993e700b2,4,"Owner was helpful, smooth experience overall.",0.81,2025-11-02T20:14:00
fb8acdf3-7462-4b8e-909d-b3f46ed8fdee,f26df763-aad5-41ea-8ed1-77c8b680cc59,eeb4d423-17f5-4d6c-a6e7-ad79313471a9,ea4b2ce6-6f47-4f5b-921f-12bfe5b92439,2,"Poor lighting at night, felt unsafe.",-0.81,2025-11-27T09:20:00
d91e1f90-1325-4698-ad25-fda4fe15bd43,788a5308-567f-462c-a101-f6ed07f14eca,aed763d5-7c54-4ca7-8ac8-259d26fa6d2c,71adb1d1-d847-4672-8089-44a96f48d4c6,5,"Great parking spot, easy to find and secure.",0.83,2025-11-13T20:20:00
fd0df0a2-1894-4873-9134-9466054c9316,46b6a70b-078e-462c-a5ba-ecf7b5064e0a,08a20e54-8f66-49fb-89d7-59c930d42d9a,d256966f-68aa-4bdb-ad68-1827d0787b0b,5,"Very convenient location, will book again.",0.83,2025-11-10T15:58:00
b8f0e282-2c4d-42fd-aa01-2ff07d7542d0,142999e5-307a-4bf4-8240-57e97cc86f50,14d550ff-098c-4a84-8f96-7f9776734a1b,d05fed97-d640-4b53-945e-cb1d9963cc65,5,"Owner was helpful, smooth experience overall.",0.83,2025-11-21T20:48:00
84f7c812-9e4b-41fa-a7d6-10d5570b5de1,31ce3d13-f25a-49ba-96be-de4c9d2c4dfb,d7cfdefe-2859-458d-8bc5-ab840a62418e,22e889ce-865c-45cf-ac27-7cf8c11e8ab8,4,Clean and well-lit parking area.,0.66,2025-12-19T08:10:00
796bce94-e047-44c3-8ace-b9c8fff322a5,7aa3d495-c307-4efb-b5a1-cb73a753544c,8253dd7a-18fb-473d-840b-1e186ba0c5e5,5bb56e16-f3d9-4700-b4c3-4312de78a4ed,3,"Decent parking, nothing special.",0.2,2025-10-08T10:29:00
01fae0a8-1506-4f0d-aadc-20e541f00684,bff2838c-18f1-4e11-94fb-08fe6535081d,6e3b42ab-8562-41a3-a0d4-c8c989d7baf3,935a42e0-fcc2-4658-a0c1-096eef432834,5,"Great parking spot, easy to find and secure.",0.87,2025-11-20T21:03:00
3d013584-4e41-4f21-88d3-03cc1ffdb8c2,cf6fa6c2-ef72-4865-869e-2eea08c884a3,365892af-a36f-4af7-bd9a-d5cf29756b87,93e345ff-7627-46e3-87ad-078659966edc,3,"Decent parking, nothing special.",0.04,2025-12-30T14:21:00
e5fd95f8-ef7f-45b0-973e-99c2951cc3c6,4ac947c8-94d7-4953-8716-6429c0532f10,aed763d5-7c54-4ca7-8ac8-259d26fa6d2c,43191961-e179-4152-94ab-777b380af616,4,"Very convenient location, will book again.",0.59,2025-10-20T10:50:00
253efb1f-6415-4211-94a6-ef4db697318a,2b1204a6-ed0b-4c47-94ca-f7ef014470e5,dccfe102-88f6-4a07-a791-76d919900546,9ae03a45-f751-4e58-9783-22ce29ccc417,3,"Decent parking, nothing special.",0.26,2026-01-07T11:53:00
b30b376a-0099-4f90-801c-028a3f9de13e,959aa198-9cfd-4b61-8a61-cd37d5785662,d7cfdefe-2859-458d-8bc5-ab840a62418e,08c69dd2-3798-44c6-9aa2-7685d15e9c4b,5,Clean and well-lit parking area.,0.78,2025-12-07T18:50:00
4e626f6c-e423-42a0-b768-6b84a9a8144e,072e86f1-123e-4728-8660-0ca9e2253241,08a20e54-8f66-49fb-89d7-59c930d42d9a,582b1ff0-8bfb-4160-9248-84bc43b7d9fb,3,Okay for short-term parking.,0.08,2025-10-13T08:31:00
6d468608-e9d9-4321-8c01-479c178c4092,b6fe13bd-fe3d-49c4-9a15-dc10fd806d1c,aed763d5-7c54-4ca7-8ac8-259d26fa6d2c,fab28b24-7b40-43a5-8dac-c6aaf3909821,4,"Owner was helpful, smooth experience overall.",0.9,2025-11-04T10:18:00
07991d02-6595-48df-ae51-f373f71d5b56,1453ff1c-0ed9-4fd1-a785-1c1d28d78a55,aa8039b3-3308-4616-8ab0-12c28e7246e4,8fe73ad4-f5a1-4a43-b0f7-41a8af5f5f12,4,"Owner was helpful, smooth experience overall.",0.56,2025-12-06T09:33:00
fa219377-8d79-4e9e-955f-9560a886a8d5,c70fd652-cbe6-4801-b8bc-23b297b54c77,237291de-6a6d-452f-ad82-2f915745a94a,1be20fa9-f64e-4457-83e4-f38d2e809787,5,"Great parking spot, easy to find and secure.",0.86,2025-10-17T09:08:00
41db7760-194b-4803-8ae8-d9f75bfd93c8,277f0ed5-2b3d-4a01-a8e9-b3197a833c20,d7cfdefe-2859-458d-8bc5-ab840a62418e,f0e414e7-7ddd-47df-826d-be971e1ba390,4,Affordable pricing and close to metro station.,0.72,2026-01-22T03:21:00
1977e64b-f235-4a25-8787-727ff7a758b0,2b1204a6-ed0b-4c47-94ca-f7ef014470e5,08a20e54-8f66-49fb-89d7-59c930d42d9a,b5adfed5-ed4a-4e49-81d9-258d89454bdf,4,Affordable pricing and close to metro station.,0.52,2025-10-17T04:55:00
4c27624b-f582-46bd-ae47-25d755ab9972,af8d3b09-87a3-492d-b614-12760cfcd0af,e53d7ad5-ca44-4488-bcaa-7dfbe0ac8a38,dee62628-f3b8-4907-93d4-869224c7f66e,3,"Average experience, would use again if nearby.",0.29,2025-10-01T10:59:00
e082300d-8254-4656-bdd6-2c0f1862ed20,388689f2-d306-45bd-9a3e-51b60104e7b8,365892af-a36f-4af7-bd9a-d5cf29756b87,9d9a089f-a0b1-4043-9611-1eff03cdebc2,4,"Very convenient location, will book again.",0.85,2025-10-11T10:52:00
779da52e-75a1-4f4c-84b2-ebd4d0b66da5,d3c43590-34fb-498e-b253-feb31c1698ea,e53d7ad5-ca44-4488-bcaa-7dfbe0ac8a38,2f4ac39c-333d-4a26-abd1-ae9dd9f6bfca,5,"Great parking spot, easy to find and secure.",0.6,2025-10-23T09:33:00
3d92e230-7247-4c7e-be09-29af7d38182b,06e8551d-5af2-4d4a-9977-4e8a30414cfb,30c9d6df-abe8-45ab-842f-ab365e631bcd,6a437662-d217-4543-ba05-3a1c1c67701a,3,"Average experience, would use again if nearby.",0.27,2025-12-01T23:59:00
bc177e21-69a7-40c4-b374-87061e8378c2,58dfe5bb-0b44-40a9-aea7-6b1f9eb40645,53c77199-1104-4a6e-beec-f5175c546c49,67e92edc-012e-426f-81a0-4708dba1187c,4,"Owner was helpful, smooth experience overall.",0.92,2025-12-10T15:57:00
127d2f74-0813-47e6-b934-7ba09fa5fc96,abdf5dda-7959-44f1-9e8c-be548fc94775,8253dd7a-18fb-473d-840b-1e186ba0c5e5,bc42db88-8362-470e-966b-dc7d58e03868,4,Clean and well-lit parking area.,0.86,2025-10-05T16:51:00
b2f6d5ba-0f6e-4158-b461-54abcdfd06fc,277f0ed5-2b3d-4a01-a8e9-b3197a833c20,30c9d6df-abe8-45ab-842f-ab365e631bcd,a752e2a2-1567-48e2-89f9-5f3ac05a0aa6,5,"Great parking spot, easy to find and secure.",0.56,2025-12-20T16:11:00
d2399cd3-5f2a-4479-aff7-3975dcad587b,d252f73a-00d4-483e-8127-017911e18fa7,8253dd7a-18fb-473d-840b-1e186ba0c5e5,28e1c799-f224-40f2-881b-0a7f41016a6a,5,Affordable pricing and close to metro station.,0.58,2025-11-18T09:55:00
6864251c-2177-49bd-9db7-322efcf4404d,4beb3fdc-4b87-4446-bb60-6772a272ebba,d7cfdefe-2859-458d-8bc5-ab840a62418e,1e39c9e4-f83c-4ef3-8747-d84f0e88756b,2,App showed available but lot was full.,-0.45,2025-12-02T17:08:00
41f7e141-c40f-4d2f-8aaf-d98c2869f954,5b292114-7ba8-4602-ba9b-11c0dad1188f,d6ee3f19-3155-4210-8064-c6121d669156,073598c4-2b6e-4ad3-b337-6fc868d2e124,4,Affordable pricing and close to metro station.,0.91,2025-11-03T12:57:00
029999b4-c306-4ef2-ac47-1d10fe541cc9,08295200-2344-4f2d-85f3-a0c84e16003c,eeb4d423-17f5-4d6c-a6e7-ad79313471a9,436c3d72-7b3d-43a0-b7b9-176bd875ac9d,2,"Poor lighting at night, felt unsafe.",-0.77,2025-11-06T07:33:00
fc335046-8ef5-41d3-a8ad-33973c57655b,a26479e4-b4df-46bb-9457-c697d859151e,bb8721a8-2bae-4da5-ae71-1d0cfc8a49d3,cd367e1a-3ad9-4e37-ad2b-6eebacf9dbcb,5,"Owner was helpful, smooth experience overall.",0.71,2025-10-29T09:07:00
706d6e1e-2550-4a5b-a53d-8bb82258be81,ce569a2d-31ec-491e-a27f-3cc789efcb50,6e3b42ab-8562-41a3-a0d4-c8c989d7baf3,85170fd9-8962-4847-9d01-2cf0010781ad,3,Okay for short-term parking.,-0.04,2025-12-08T12:05:00
bc05bd8e-b35b-4bca-8261-8fa6910b544d,c0cd4e88-efc9-43ff-97f2-c0627da0e8f6,dccfe102-88f6-4a07-a791-76d919900546,389c6350-3d37-4b4d-a90b-eca91a5ce654,4,Clean and well-lit parking area.,0.72,2025-12-23T16:33:00
e14ca61b-fa3c-45c8-83af-f168ce068435,a568eb2a-9343-405d-813e-ff36267453fe,b0de9982-cba8-443f-aeb0-d390678e9397,3239f2f1-5aad-4f0e-973d-d14fdaba439a,4,"Owner was helpful, smooth experience overall.",0.79,2025-11-11T01:13:00
e4e98e4b-cef4-477c-8431-ab7dec2985eb,857902eb-1351-4a17-b66c-d0020a8a460a,ee459ce9-6a73-42b2-9e8b-a5e34b05ebf4,e2c5bd70-3df5-4fe0-a31f-f0148eac6a7d,5,"Owner was helpful, smooth experience overall.",0.51,2025-10-10T02:35:00
2f8b7137-6310-4ec6-ac03-78a91def35a4,c93534d5-7e36-4c89-bd78-a77559e5e18b,78ad0a9f-8291-4b2b-ba25-1ed481f9b863,28e3139f-2e25-4cb4-9293-1c60535146a6,4,Affordable pricing and close to metro station.,0.79,2025-11-02T14:30:00
2fc5e9f5-7958-4cfd-a1ca-cce22f6a7294,c70fd652-cbe6-4801-b8bc-23b297b54c77,7107ee03-6709-40ba-adfa-380007cc77c0,253be40c-a6f9-42df-98b2-7371cd8b7ab3,1,"Slot was occupied when I arrived, had to wait.",-0.52,2026-01-03T11:55:00
08a3199e-f640-437c-b5f4-c1683d9e3844,1c59fc9a-7cf2-48c3-a919-e5be8ae2fd42,695b7d7d-d6bc-45e4-9ccd-1ab692e481ae,d9e88704-1eaf-4665-a92f-4f295b1b8027,4,Affordable pricing and close to metro station.,0.7,2026-01-27T09:01:00
10326af7-d0dd-4002-a6d9-0b2c95a20aeb,a3293895-2029-45db-b566-b2e1981315b2,f063fb91-dfae-415c-8fe1-caff87514d40,5d0433ae-3d7d-40a5-866f-8be0203b7319,4,"Owner was helpful, smooth experience overall.",0.9,2025-10-07T09:20:00
73fcd060-665b-490f-a793-35c268a2e707,f04b3440-fac7-4177-8085-9e194fac1d99,aed763d5-7c54-4ca7-8ac8-259d26fa6d2c,4e3e37bc-81b1-46b6-8eaf-2c247115422a,4,"Great parking spot, easy to find and secure.",0.56,2025-12-28T15:41:00
cd7e47d1-b9bd-4368-9907-9aaec41d4e96,d338ea08-ef80-4005-809e-6b37e8f6f383,d7cfdefe-2859-458d-8bc5-ab840a62418e,2fc49807-3333-4350-8182-9e38cc581195,5,"Great parking spot, easy to find and secure.",0.52,2026-01-25T12:05:00
b82e9f6c-1c74-4101-a855-280f05c70b2d,9bc7590e-0c5c-439e-a1f3-bc877324ce34,b0de9982-cba8-443f-aeb0-d390678e9397,3e818dcc-816b-446b-bbfa-07aca8a26092,5,Affordable pricing and close to metro station.,0.72,2025-11-25T14:25:00
546e5664-0a90-4cee-8947-e6ab093bf469,5f3be1c1-082f-4f43-92cd-32cd588e15c9,7b60e816-f6ce-4c95-a98c-b9b8eeb44e8d,cf8b4b86-48e8-492b-a254-39a86040b1b0,3,"Average experience, would use again if nearby.",0.11,2025-11-17T22:14:00
76174e85-f040-445d-be1d-5730a27660d8,f6e2f2c4-a6e8-4a47-b63f-dc4c8646e964,ee459ce9-6a73-42b2-9e8b-a5e34b05ebf4,29a20bbe-a2e7-4997-80e3-2b097d55fd07,4,"Very convenient location, will book again.",0.62,2025-11-20T09:37:00
40c244e3-c3f5-461a-b7eb-0445cf632038,877b1c47-4f80-462c-af6d-a5b004e58548,f063fb91-dfae-415c-8fe1-caff87514d40,9d4de68d-1d10-44ae-8635-f3b0ae51cad4,2,Price was higher than what was listed.,-0.32,2025-10-14T11:40:00
901f7cdc-6e59-4f26-9eb9-68bacfc6a7b1,abdf5dda-7959-44f1-9e8c-be548fc94775,53c77199-1104-4a6e-beec-f5175c546c49,c18c539e-0a2b-43d8-a584-a21865627a8e,1,"Slot was occupied when I arrived, had to wait.",-0.75,2025-10-05T23:20:00
d017897e-ae3e-4b5b-a894-09a010896523,59a253e1-4ef6-4ca0-9997-5a946ade55d7,d7cfdefe-2859-458d-8bc5-ab840a62418e,abc828db-76a9-4c5d-8789-f2ec31f1a060,2,"Slot was occupied when I arrived, had to wait.",-0.74,2025-11-05T22:03:00
576a25ce-5b82-43d5-a059-a6ddd72fb637,2927e51f-d212-4584-b4e3-640a2479826b,7b60e816-f6ce-4c95-a98c-b9b8eeb44e8d,5d2952a1-7068-41fe-ab3e-9592b60a380a,4,"Great parking spot, easy to find and secure.",0.86,2025-11-17T18:55:00
4449af74-75f2-4b4c-a00b-f5a588daf2a5,13c8f3bb-fb66-413a-9dac-d16398290623,d59e8262-1e8f-4602-914e-5551b3174e5b,e122831b-4726-4415-932d-fe6aa6970445,4,"Very convenient location, will book again.",0.92,2025-12-06T21:06:00
40ce8571-5e57-4d3f-8380-1c3a66d4e2d1,a1c3a1f9-0d90-4d39-b45e-b61f457e15b7,ee459ce9-6a73-42b2-9e8b-a5e34b05ebf4,b8d5ca1d-9c52-418c-94e3-054a3aed1327,5,"Owner was helpful, smooth experience overall.",0.74,2026-01-15T04:17:00
2b0b2577-a1ec-4544-959a-0714cb2fd56e,44d64af1-52f4-472d-a634-dedc68426f80,dccfe102-88f6-4a07-a791-76d919900546,167b5fe6-d08a-4b67-9ec6-d0620db43bb7,4,Clean and well-lit parking area.,0.51,2025-10-04T13:08:00
3aed013c-fd5f-474a-a800-f8795ccbdc5d,d7754c45-f9ed-4e23-ac5f-1a615bd35db2,14d550ff-098c-4a84-8f96-7f9776734a1b,8e047e35-c63d-4a6d-b060-8c6c59c7bcdf,4,"Great parking spot, easy to find and secure.",0.66,2025-10-02T06:18:00
3b066948-b016-404c-b3e3-9a23c2fb9d58,072e86f1-123e-4728-8660-0ca9e2253241,d6ee3f19-3155-4210-8064-c6121d669156,0a30ca43-aa59-4859-9b13-148a165ed20d,4,"Great parking spot, easy to find and secure.",0.6,2025-12-23T19:41:00
ce7f3b5a-46db-421d-884f-2f721640e4d3,0d372728-4a07-4223-923e-6f2157eca8b2,237291de-6a6d-452f-ad82-2f915745a94a,9002241b-f7e6-44d3-82be-9f5bc864ea88,4,"Very convenient location, will book again.",0.73,2025-10-19T16:41:00
a76f8028-d18a-413f-80d8-f2d6db09dc4c,567e2465-08d4-43c4-8872-6efd2d444d9a,7b60e816-f6ce-4c95-a98c-b9b8eeb44e8d,d90c5e0f-7059-41de-92c8-3c0b4359192e,3,"Average experience, would use again if nearby.",0.17,2025-10-22T10:28:00
71c191f5-ed73-43f4-91ec-74449d1e9a3c,4347d903-a9bb-400e-97ad-572350bb9116,19c8358a-b82b-4ab4-b5a8-645fd399e303,b05326dd-12fc-4904-aa90-6d8ed7ef17ec,5,Clean and well-lit parking area.,0.68,2025-10-18T16:05:00
216be4b7-40f0-4058-8e59-dd67f90f55b4,b6fe13bd-fe3d-49c4-9a15-dc10fd806d1c,aa8039b3-3308-4616-8ab0-12c28e7246e4,8db09129-3eb4-42d3-afb5-18e875e2e5db,4,Clean and well-lit parking area.,0.74,2025-12-16T17:12:00
a12bce12-c458-4679-a752-4e5b721caf10,86a025a2-4f9a-4657-920a-f0dd92507d51,bc464c1d-5590-438c-acc7-efab360d5bc8,565d5447-dce6-4b7c-85f1-836ca46172eb,5,Clean and well-lit parking area.,0.84,2025-11-25T08:43:00
dc4141c6-3b12-4b57-b3d7-543af9e9258f,86a025a2-4f9a-4657-920a-f0dd92507d51,42591084-2367-45ae-98c3-6da0eb1bf09c,64b3cb88-8bfd-47b3-b12e-0deb27cb772c,3,"Decent parking, nothing special.",-0.0,2026-01-06T18:23:00
3dabb5e8-6410-4ec6-b311-8459729fcc0b,c6795a1b-8f62-48eb-bd34-9dd17a9cca3f,30c9d6df-abe8-45ab-842f-ab365e631bcd,2c9a3ce0-6c13-49e6-a307-6e3ca4ea009c,5,Affordable pricing and close to metro station.,0.59,2025-12-19T22:18:00
ce80e391-7eb8-461e-9df9-38695ab9b085,31ce3d13-f25a-49ba-96be-de4c9d2c4dfb,dccfe102-88f6-4a07-a791-76d919900546,6f9661c6-67ec-485e-ac17-eb870953846a,3,Okay for short-term parking.,0.22,2025-12-13T21:58:00
3dc3e52f-d045-4c28-b3f6-934b4d1e3959,5a1bb93c-018f-497e-b8c8-a979032a57ef,bc464c1d-5590-438c-acc7-efab360d5bc8,aadd7abd-013d-4f48-ad11-316f6a3110be,5,"Great parking spot, easy to find and secure.",0.52,2025-10-09T11:11:00
53e591c8-6778-497f-824f-73afc6ebd245,b6fe13bd-fe3d-49c4-9a15-dc10fd806d1c,78ad0a9f-8291-4b2b-ba25-1ed481f9b863,b10e8c79-3fa4-469e-a61e-fa90265f2afb,4,"Owner was helpful, smooth experience overall.",0.57,2025-12-15T11:26:00
9af45496-7f50-4696-8725-573ebc658421,5bbeb2c7-93f7-44b2-8667-a43baa8bcaa6,695b7d7d-d6bc-45e4-9ccd-1ab692e481ae,d8cf0a09-37f0-4732-9306-1acc8447c167,3,"Average experience, would use again if nearby.",-0.1,2026-01-19T21:51:00
18fbf724-dee4-4364-9405-e31cd5aba8fb,f3b6ba16-e61e-41fd-adef-6033fff96bf7,eeb4d423-17f5-4d6c-a6e7-ad79313471a9,6dfe96ba-3447-42b7-8802-a86eea024a3a,4,Clean and well-lit parking area.,0.75,2025-11-02T09:57:00
005a130f-b8f1-458f-b738-6f12aed5194b,af8d3b09-87a3-492d-b614-12760cfcd0af,ee459ce9-6a73-42b2-9e8b-a5e34b05ebf4,82f189d7-d0b2-4367-a6db-7908fa419e01,5,Clean and well-lit parking area.,0.77,2026-01-18T09:06:00
9d9c8f64-3bef-4a5a-acc0-9cfe8c76ffe3,b68b0696-eb24-408c-aa2e-a8f38d864d07,d6ee3f19-3155-4210-8064-c6121d669156,a4e94e03-1fb5-4c49-b2f3-bae230fe10e2,5,"Owner was helpful, smooth experience overall.",0.74,2026-01-27T12:31:00
ef07e9c2-82b7-4286-b7fe-2b70650859f8,8a5d5561-789b-4e07-aab9-26cb737137d5,d6ee3f19-3155-4210-8064-c6121d669156,6bc82d8d-f69f-4517-8798-3985de374faa,1,"Narrow entrance, difficult to park.",-0.65,2025-12-10T03:12:00
87d670d3-c75b-4839-b5fb-ca2f4ebe0486,cb4471e5-a9d1-42a1-bfb8-c0f57e76da77,d59e8262-1e8f-4602-914e-5551b3174e5b,4c2b50f5-3d08-4cd4-b9bf-0a4f7d4cdba1,4,"Owner was helpful, smooth experience overall.",0.74,2026-01-21T09:36:00
fcacbac2-2ead-4506-8ecb-3a40e11879c5,4beb3fdc-4b87-4446-bb60-6772a272ebba,7107ee03-6709-40ba-adfa-380007cc77c0,6b876101-c3b4-4579-9508-a86c88b320b6,5,Clean and well-lit parking area.,0.59,2025-12-27T23:26:00
50f7c14b-6b61-497c-8a00-d096475722ff,1647cad1-ee93-47b6-89cc-5a17e653b068,19c8358a-b82b-4ab4-b5a8-645fd399e303,8e569010-eac0-447b-a99a-c10a67084ad8,4,"Very convenient location, will book again.",0.87,2025-12-06T14:03:00
cb16f5d2-5432-476b-8226-15bb5f9049a3,c0cd4e88-efc9-43ff-97f2-c0627da0e8f6,695b7d7d-d6bc-45e4-9ccd-1ab692e481ae,f05f3d19-51a0-4eb6-9b7a-84b9b7fb5e48,5,Clean and well-lit parking area.,0.94,2025-12-13T18:40:00
20f89706-9197-4451-afed-c3c05b9c34f4,abdf5dda-7959-44f1-9e8c-be548fc94775,dccfe102-88f6-4a07-a791-76d919900546,5aadcb67-ba71-4259-98fc-5da40d1b2cff,5,"Great parking spot, easy to find and secure.",0.74,2025-12-27T21:45:00
1af950d8-c7c2-4294-9db6-4056c45dd232,a1c3a1f9-0d90-4d39-b45e-b61f457e15b7,7b60e816-f6ce-4c95-a98c-b9b8eeb44e8d,40a4331e-5ea5-4525-af5d-a398195f6f34,3,"Average experience, would use again if nearby.",0.05,2025-12-26T07:37:00
1868acbe-6343-4554-b957-886cf6f887d2,1647cad1-ee93-47b6-89cc-5a17e653b068,66e019e7-5c23-4c7a-8358-1da734b434fe,23808925-1450-41eb-ab57-e042e4db3a0b,5,"Very convenient location, will book again.",0.86,2025-12-18T22:09:00
fbfea346-673a-4898-a8e9-31c9e1faaabc,91190595-9e10-41ee-9702-23f0e4fc5b66,e53d7ad5-ca44-4488-bcaa-7dfbe0ac8a38,5ef7cf3f-ded9-4ebb-a257-e62e9047d28f,5,"Very convenient location, will book again.",0.59,2025-10-20T08:55:00
9cf4a11d-da7f-4143-b8c0-572e91afa1d8,9443a787-02d1-4c19-9ef9-d2058a7453b6,eeb4d423-17f5-4d6c-a6e7-ad79313471a9,b7a3d275-804e-4f3d-a9d5-8b807b59af7f,5,"Great parking spot, easy to find and secure.",0.64,2025-10-15T18:58:00
064b2186-dcbc-457e-907f-0a3b08dd8c0c,db47a8ff-d23c-402d-80e2-d7b9c16fc5d2,78ad0a9f-8291-4b2b-ba25-1ed481f9b863,c647964a-ca01-4b6b-a5e7-00d0a371e8ac,5,Clean and well-lit parking area.,0.92,2025-10-05T15:15:00
a5975429-045f-405e-8042-4bcb6088ec8b,d407fa4b-5fd1-4575-8d71-7e298ea527a2,78ad0a9f-8291-4b2b-ba25-1ed481f9b863,17298e0c-724c-468b-9254-321b8a656b73,5,Clean and well-lit parking area.,0.58,2025-11-05T19:02:00
3be9dde0-e971-499c-9fd1-3ca165edfa56,13c84a12-87e6-47d4-8a15-a8dab52ee8a1,78ad0a9f-8291-4b2b-ba25-1ed481f9b863,fc325573-35ad-4261-a3f0-a7c4bab8dca9,5,Affordable pricing and close to metro station.,0.55,2026-01-21T09:14:00
415632a5-37ee-4961-a05a-26d06ffa9292,142999e5-307a-4bf4-8240-57e97cc86f50,dccfe102-88f6-4a07-a791-76d919900546,ba0d650d-a66f-4c9e-a43c-419d880d2b0c,4,Affordable pricing and close to metro station.,0.75,2025-12-26T17:37:00
a06c7cca-ff2e-4c59-8819-dbd8cdf0e772,f3b6ba16-e61e-41fd-adef-6033fff96bf7,19c8358a-b82b-4ab4-b5a8-645fd399e303,1c99fb39-cb81-4762-bd82-bf9e259fd8d6,4,"Owner was helpful, smooth experience overall.",0.76,2025-10-17T02:38:00
2fb6e5bb-cbc1-401d-ac22-2f4a6428427d,1647cad1-ee93-47b6-89cc-5a17e653b068,30c9d6df-abe8-45ab-842f-ab365e631bcd,9c54f718-218a-4534-8399-42106fcc71e8,4,"Owner was helpful, smooth experience overall.",0.77,2025-11-09T10:05:00
17df1ede-3416-468c-8d49-a0d0dd35a01a,b68b0696-eb24-408c-aa2e-a8f38d864d07,aed763d5-7c54-4ca7-8ac8-259d26fa6d2c,0fd00b7a-5d8f-44ba-82be-ea3b82dc4025,3,"Decent parking, nothing special.",-0.03,2025-11-21T17:41:00
269a69be-dd71-4cfb-a14c-1d1c99871b6e,4ac947c8-94d7-4953-8716-6429c0532f10,aed763d5-7c54-4ca7-8ac8-259d26fa6d2c,39bc60b9-7c42-422c-9eed-ea2d74853a86,5,Clean and well-lit parking area.,0.82,2025-12-14T17:05:00
dd52e346-a6de-4927-8adc-91bbf9dd97d3,9bc7590e-0c5c-439e-a1f3-bc877324ce34,14d550ff-098c-4a84-8f96-7f9776734a1b,d6713e91-10a9-4aaf-93a0-9d30fac0d5b9,4,"Owner was helpful, smooth experience overall.",0.61,2025-11-19T18:55:00
944e101a-e40f-4314-9d4a-f6ea03175942,d16dc9c8-b3dc-4156-a28e-2847680508ca,30c9d6df-abe8-45ab-842f-ab365e631bcd,4732abdf-e65a-4d77-8f0d-0e3be18c09c7,5,"Very convenient location, will book again.",0.93,2025-11-02T05:16:00
dc89217a-b403-4b4e-80c1-903d91ad27e2,74715f8c-48e0-4c83-a4a6-dcf798935909,8253dd7a-18fb-473d-840b-1e186ba0c5e5,14fa4669-9240-4911-b54f-efc79b15d239,4,"Very convenient location, will book again.",0.6,2025-12-04T21:39:00
9d3b0077-5d52-4be8-b1ef-3559c29ff562,33b4dd72-dc8e-4f35-8629-990075b9b265,78ad0a9f-8291-4b2b-ba25-1ed481f9b863,b1fc7c71-65d4-472b-9751-a71a34fb205b,3,"Decent parking, nothing special.",-0.09,2025-12-22T18:36:00
4921b28c-a3d5-441a-b320-965542309188,71909051-9811-483a-8e13-7b09afa7d29c,ad0d0b95-98d7-4e45-a170-6e6eb21249e4,82356851-0d29-4a36-a0f8-26eaeab5462c,2,"Slot was occupied when I arrived, had to wait.",-0.56,2025-10-26T00:11:00
09a9e7fe-7872-49ec-8c00-16a2a576ebd9,cb4471e5-a9d1-42a1-bfb8-c0f57e76da77,7107ee03-6709-40ba-adfa-380007cc77c0,ac9b21bc-61c5-4797-ba3f-7c63b5371c78,2,"Narrow entrance, difficult to park.",-0.78,2025-10-05T20:46:00
781df33e-4768-43a8-8f01-31287cea8a7d,f0e78e54-8eee-440e-a1d3-3cd7a6704ef9,bc464c1d-5590-438c-acc7-efab360d5bc8,9c3d558d-03fc-4052-bb97-0b794af254dc,5,"Great parking spot, easy to find and secure.",0.78,2026-01-02T23:55:00
6ba74dd7-2d6b-43f1-8b4d-43bbf26fd339,9cb4ef93-c5ee-472e-bc8e-c27dd4448e7b,6e3b42ab-8562-41a3-a0d4-c8c989d7baf3,ec2706b6-cce4-4e4e-bd4b-580f31e709a7,3,"Average experience, would use again if nearby.",-0.01,2025-12-16T02:46:00
87fed3ba-ebdf-49a7-9c97-816d3748b5ee,872bd855-8ee4-4402-99ad-929403c4d312,aed763d5-7c54-4ca7-8ac8-259d26fa6d2c,cea9f9f3-748c-4fdf-86fd-a128b3c6d916,5,"Very convenient location, will book again.",0.69,2025-11-20T21:19:00
9495b028-f727-4bb8-b19e-8afcf87b25d1,9cc3bdbe-eebe-44c1-af7d-d182e0bb848e,aed763d5-7c54-4ca7-8ac8-259d26fa6d2c,43676175-72ca-48f3-b37b-ca95a60acfd8,5,"Very convenient location, will book again.",0.58,2025-11-29T17:57:00
e929e86e-5ab7-4fee-ab98-1f0f10c731e7,b21aebda-2049-4c70-bc7c-bfd60bbcbdca,53c77199-1104-4a6e-beec-f5175c546c49,95064673-c82f-4591-9f5e-74fae59c8b9f,5,Clean and well-lit parking area.,0.69,2025-10-17T11:21:00
8f6c2885-84c9-4cca-847e-e8045e13c3d1,f51d82d7-5841-4df4-b3cd-20caac639592,efc921b7-dee5-4ba3-8d14-01472a8afbe7,91b9caa0-67ae-4f3a-9b89-a0f9d036aa64,5,"Owner was helpful, smooth experience overall.",0.56,2025-12-21T19:49:00
91155681-3ba2-4110-8aa4-be8792a9814e,8a5d5561-789b-4e07-aab9-26cb737137d5,aed763d5-7c54-4ca7-8ac8-259d26fa6d2c,42d27887-d588-4b84-bf70-494f6f9c7320,5,"Great parking spot, easy to find and secure.",0.65,2025-10-01T20:10:00
898b8a2d-d68b-4091-81ac-dbbddf04ba9c,97c00172-dcdc-4002-91c2-08b08f475693,08a20e54-8f66-49fb-89d7-59c930d42d9a,30002355-eac9-4717-8022-318e517436fd,4,Clean and well-lit parking area.,0.59,2025-10-06T11:00:00
ff8fb488-7958-46a0-8178-377435b20969,a6fbc3d3-ca09-49e9-b311-cc3073cb59ce,f063fb91-dfae-415c-8fe1-caff87514d40,b67f5581-9813-4a55-95eb-e971fa6d0145,5,"Owner was helpful, smooth experience overall.",0.87,2026-01-11T16:11:00
170bf03c-3cc8-498a-bc41-c2c6c6402182,567e2465-08d4-43c4-8872-6efd2d444d9a,bc464c1d-5590-438c-acc7-efab360d5bc8,72279acc-0ceb-4889-8c5e-d782e1133fe2,3,"Average experience, would use again if nearby.",0.19,2026-01-01T22:51:00
8ada92e2-9910-4b67-816b-73aae1986321,d407fa4b-5fd1-4575-8d71-7e298ea527a2,695b7d7d-d6bc-45e4-9ccd-1ab692e481ae,3de1d90c-02ff-40d7-8e3e-8c451a97a547,2,Price was higher than what was listed.,-0.8,2025-10-05T10:58:00
96375050-6b4d-4e36-a0a7-c9d36ccae8e6,872bd855-8ee4-4402-99ad-929403c4d312,237291de-6a6d-452f-ad82-2f915745a94a,3248418e-4fd1-4681-a74a-b00fc5827f5b,3,"Average experience, would use again if nearby.",-0.07,2025-12-21T21:14:00
604ab363-8cce-4b48-b42f-cd0de97c797b,959aa198-9cfd-4b61-8a61-cd37d5785662,eeb4d423-17f5-4d6c-a6e7-ad79313471a9,13aa499e-844b-4297-a269-ca344b8e9886,5,Clean and well-lit parking area.,0.51,2025-12-05T02:54:00
c089256a-e0d6-487e-9f85-9ba0f81b06ae,b6fe13bd-fe3d-49c4-9a15-dc10fd806d1c,d7cfdefe-2859-458d-8bc5-ab840a62418e,af5f82b6-8118-4e24-9321-88407574ee41,4,Affordable pricing and close to metro station.,0.6,2026-01-27T21:06:00
8c805ff1-8a49-4174-b189-1d1a5d292f90,85917b08-e3e5-4ca2-9c90-3e0d0f63a9f5,78ad0a9f-8291-4b2b-ba25-1ed481f9b863,dbb86add-cc12-46ca-9a6c-694426407609,5,Clean and well-lit parking area.,0.72,2025-12-05T19:43:00
b97ceb70-1bb2-46c2-9dd5-c996f94742cb,01ade973-587d-4bff-92ba-bfb6e02c6cba,695b7d7d-d6bc-45e4-9ccd-1ab692e481ae,8eec9776-1c80-4295-9597-f7fa1bda5aaa,4,Clean and well-lit parking area.,0.68,2025-10-29T14:10:00
21b810f3-6692-4218-9b44-cd2ebd288329,0a140015-f233-4ed4-87c5-aa755b4f13bb,dccfe102-88f6-4a07-a791-76d919900546,a7755bac-29d8-45cc-9ba1-b0af9944ec53,4,Clean and well-lit parking area.,0.94,2025-10-04T21:25:00
3813dc31-8f97-46e2-8875-b2ad695adde6,abb2f860-9238-4251-855a-1dd52e586703,08a20e54-8f66-49fb-89d7-59c930d42d9a,10593a23-f539-449a-b281-3d474ff7c2ee,4,Affordable pricing and close to metro station.,0.86,2025-11-12T19:40:00
bb12c733-dcbd-4ced-b43a-af71fe9fdeb2,33b4dd72-dc8e-4f35-8629-990075b9b265,7107ee03-6709-40ba-adfa-380007cc77c0,145ee0de-ed36-49b0-acb6-6c508e2807dd,3,"Decent parking, nothing special.",-0.07,2025-12-19T11:28:00
18c77e7a-4a9d-4c19-bdb4-e03ee56afdff,02108c92-ad8b-4e39-a390-6cca2612f9bc,d7cfdefe-2859-458d-8bc5-ab840a62418e,54a94c3f-6fab-43bd-a8b9-020f3bc5ffd1,4,Affordable pricing and close to metro station.,0.57,2025-10-27T14:22:00
059021cd-fa59-4609-8de3-8b9149822709,58dfe5bb-0b44-40a9-aea7-6b1f9eb40645,695b7d7d-d6bc-45e4-9ccd-1ab692e481ae,77960099-f51c-4993-b717-73b7502a72d6,4,"Owner was helpful, smooth experience overall.",0.51,2025-11-13T06:52:00
22cc9106-6230-4498-ba20-b45834049070,31ce3d13-f25a-49ba-96be-de4c9d2c4dfb,f063fb91-dfae-415c-8fe1-caff87514d40,1cbf8fcc-2432-402a-a91f-27a67ef91782,3,"Average experience, would use again if nearby.",-0.04,2025-12-06T13:14:00
ccff549e-3de9-4689-b53b-07d1ef1ae5be,072e86f1-123e-4728-8660-0ca9e2253241,53c77199-1104-4a6e-beec-f5175c546c49,ef56cd9d-cbda-4faa-9567-bc5b5483d5d1,4,"Very convenient location, will book again.",0.74,2025-10-13T12:38:00
7d133437-14dd-4fce-91d7-84ce395ade3a,5b292114-7ba8-4602-ba9b-11c0dad1188f,aa8039b3-3308-4616-8ab0-12c28e7246e4,16d84379-8bfd-48f6-8f21-97fb3d579f3c,5,"Great parking spot, easy to find and secure.",0.53,2026-01-19T10:22:00
13906477-023c-4089-bcaf-625ea287f3ba,50e1d2ac-680b-49ff-9ebe-59fff8c4ea2c,30c9d6df-abe8-45ab-842f-ab365e631bcd,2fc819ad-ad3f-4d69-9496-090ddc6882e0,5,"Very convenient location, will book again.",0.53,2026-01-11T09:04:00
ce0b9759-784b-41c4-8ce8-3896dabafead,b7eab9e9-b8e8-450e-ade5-b1b37cc6a6bf,ee459ce9-6a73-42b2-9e8b-a5e34b05ebf4,a94b23c7-2663-442a-8476-8ad1bd93d9aa,5,Affordable pricing and close to metro station.,0.55,2025-11-01T00:47:00
bf4fdf11-cf47-420e-aedf-e73e53ede442,2927e51f-d212-4584-b4e3-640a2479826b,d59e8262-1e8f-4602-914e-5551b3174e5b,ff43d828-f942-4f4a-be64-a908203eb6bf,4,"Very convenient location, will book again.",0.8,2025-11-02T20:23:00
d0439c34-e2f2-4aab-a83c-0fc70bc1cf3f,60963040-4c45-41e0-9ea5-31cc05756a00,14d550ff-098c-4a84-8f96-7f9776734a1b,e6c70782-0c09-431f-8c50-75433a24635d,3,"Average experience, would use again if nearby.",-0.09,2025-10-18T18:42:00
26d0e085-5cab-4eb4-a067-a0b8aa595409,c75ee9a0-f7fd-4825-83ec-d40424f06a08,d2a8af93-39d7-4599-8a35-7cf21819f4b2,92f9f733-9293-4a6a-b30e-d68f621ff68e,4,"Great parking spot, easy to find and secure.",0.94,2025-10-08T01:03:00
a01802a3-6cf7-49b4-b148-6efbfde37018,0f356d86-c7ff-4da7-a7c5-87fc9f747a13,30c9d6df-abe8-45ab-842f-ab365e631bcd,5375a9c2-1911-428b-a1af-b644cd755ce2,4,"Owner was helpful, smooth experience overall.",0.67,2025-11-10T15:48:00
62dfba3f-46e1-48f0-98db-20d45e95155a,af8d3b09-87a3-492d-b614-12760cfcd0af,efc921b7-dee5-4ba3-8d14-01472a8afbe7,53e96431-0599-4dfd-8f88-54749cbb9e62,5,"Great parking spot, easy to find and secure.",0.65,2025-11-08T18:58:00
e537ebd5-ef0a-4c66-8ccb-168110438726,97c00172-dcdc-4002-91c2-08b08f475693,eeb4d423-17f5-4d6c-a6e7-ad79313471a9,c30705ea-bf64-4bf3-aeb7-eee550992be0,1,"Poor lighting at night, felt unsafe.",-0.62,2026-01-16T20:57:00
85218428-9c24-408c-ae9d-ed04e23c8495,7bd34117-4d1c-414e-bc01-debf09846255,d2a8af93-39d7-4599-8a35-7cf21819f4b2,f34ad32d-42fa-4d46-bae0-ed2099fcc268,5,Clean and well-lit parking area.,0.73,2025-12-21T10:01:00
4b6613c7-79ef-406c-9d11-83dd506edb95,7e636024-08c4-455c-bc1d-4d2db8566ef0,7107ee03-6709-40ba-adfa-380007cc77c0,710d6768-ead3-4eae-bd9e-0cdee0921e01,5,Clean and well-lit parking area.,0.69,2026-01-25T18:33:00
3fb3060f-f57d-4002-8c7b-00665da47265,afb54ff1-68e3-4cfd-8572-7151fb0a53e5,dccfe102-88f6-4a07-a791-76d919900546,c61a1fc5-66c6-4d65-b071-af451546d178,3,Okay for short-term parking.,0.09,2025-12-18T21:24:00
c9489925-9449-4f79-8a65-9df1ea3cdc56,071d0229-2b82-4af7-b921-faca7bad858e,78ad0a9f-8291-4b2b-ba25-1ed481f9b863,e3f956d3-a737-44c5-87c4-56ecd3da333a,4,Clean and well-lit parking area.,0.65,2025-12-16T09:56:00
35b34a82-ef60-400a-80ed-b79bbd5ef55a,8708d2ec-59c7-481d-893a-8503e787c1eb,aed763d5-7c54-4ca7-8ac8-259d26fa6d2c,2c5c8cfa-0e78-40ee-a030-1e9639b7d7e2,5,"Very convenient location, will book again.",0.64,2025-12-12T06:29:00
43f5deb6-bacf-4deb-92c6-cb97b821f17f,766cd438-feda-499f-9731-6e4309faf4aa,f063fb91-dfae-415c-8fe1-caff87514d40,d3877986-f979-4d0f-8162-17f1a53a0e8a,4,"Great parking spot, easy to find and secure.",0.51,2025-12-08T17:00:00
6538ea19-1337-47cd-b625-3da17782634d,d338ea08-ef80-4005-809e-6b37e8f6f383,08a20e54-8f66-49fb-89d7-59c930d42d9a,412659d1-a9cf-4ff1-8365-d02a355c3cd7,4,"Very convenient location, will book again.",0.8,2026-01-24T10:41:00
a6c71e6c-93ba-4deb-bb34-ca639548331b,7cf848c9-5303-46fe-b11c-5be547765b07,bc464c1d-5590-438c-acc7-efab360d5bc8,96548a78-da3e-486a-80b7-d2ec318f6efc,5,Affordable pricing and close to metro station.,0.78,2025-11-16T20:24:00
c70cd923-f18b-49b6-8853-a5b00f87e4c3,444c682b-1715-41a5-a73d-fbadb660d040,6e3b42ab-8562-41a3-a0d4-c8c989d7baf3,ae0b34ce-aebb-4a6c-a5ca-87d6fd95c86a,4,"Great parking spot, easy to find and secure.",0.8,2025-11-10T12:54:00
4955800f-8d56-43db-af0c-5868f501ba8f,29da365f-ae2c-46b7-aa48-22b86fee3628,66e019e7-5c23-4c7a-8358-1da734b434fe,b6d34207-babc-46e0-8e95-9d4eb7aa83d6,4,"Great parking spot, easy to find and secure.",0.92,2025-12-07T14:12:00
2fd0420f-ea8b-4aed-a4fb-b1ab64cda76e,b6fe13bd-fe3d-49c4-9a15-dc10fd806d1c,365892af-a36f-4af7-bd9a-d5cf29756b87,7ec5d567-3ff8-4f69-af36-cb849f1806f6,4,"Very convenient location, will book again.",0.71,2026-01-17T22:11:00
c8677ac5-5fed-422f-990e-4af6e9b82750,d09677f7-88f4-40fe-aeb1-0eafeae247d7,78ad0a9f-8291-4b2b-ba25-1ed481f9b863,495cc510-0f21-4512-bdaf-5851f2c56072,5,"Owner was helpful, smooth experience overall.",0.9,2025-12-22T14:55:00
1f24f6a0-6053-4bba-8505-b5ae27ac6ac3,3585a529-1a8b-42fa-bf2f-40a2ffe4e350,aed763d5-7c54-4ca7-8ac8-259d26fa6d2c,b8c8c394-f997-4014-966d-7d8fa438132c,3,"Decent parking, nothing special.",0.08,2025-10-26T17:13:00
ed623fad-7c4d-449b-9e17-ebc9fc1e73bc,d407fa4b-5fd1-4575-8d71-7e298ea527a2,42591084-2367-45ae-98c3-6da0eb1bf09c,0093f2e9-a9ff-4517-b988-609b4218fe9a,4,"Very convenient location, will book again.",0.71,2025-11-10T13:01:00
4f4d5cc0-c017-479b-8b68-ae0e690a112c,8d9750c8-c678-4004-a403-18a45052c635,6f1380b7-12b7-40fd-8cde-756c8974b743,b672d16f-f932-463f-ba56-39c52be4c2ee,4,"Great parking spot, easy to find and secure.",0.78,2025-10-24T09:11:00
98f4379a-8f36-4a00-9198-1ee1f7b06eae,ce569a2d-31ec-491e-a27f-3cc789efcb50,d7cfdefe-2859-458d-8bc5-ab840a62418e,93033c26-7b30-4446-b170-ebabbd443563,5,"Great parking spot, easy to find and secure.",0.6,2026-01-05T19:54:00
97791f91-b796-4d45-8b05-5fe48548d3f4,01a21be9-8852-4995-a019-7e0ecc7ec4b4,eeb4d423-17f5-4d6c-a6e7-ad79313471a9,f643db8e-1cdf-4b5c-a017-df7eb4ee8cb3,1,Price was higher than what was listed.,-0.77,2026-01-23T22:54:00
87b9e063-1826-41ad-b468-139eae1a2bd3,50e1d2ac-680b-49ff-9ebe-59fff8c4ea2c,66e019e7-5c23-4c7a-8358-1da734b434fe,0311eaff-c895-432e-9504-d56fee564411,4,"Very convenient location, will book again.",0.73,2025-11-14T19:12:00
ade3147e-659a-4fc5-a443-c340d66d26dc,2d553dc2-8f10-41cb-b80f-ab23383e3731,d2a8af93-39d7-4599-8a35-7cf21819f4b2,a2b0a5bc-03cb-4303-b617-5427c7a83e3e,3,Okay for short-term parking.,-0.07,2025-12-25T00:06:00
d2f5e0d2-618f-4fae-82fb-4353641fcc7b,f0e78e54-8eee-440e-a1d3-3cd7a6704ef9,14d550ff-098c-4a84-8f96-7f9776734a1b,146cf2a0-ac6f-4f25-8e41-d7a464f7c645,5,"Very convenient location, will book again.",0.61,2026-01-21T10:51:00
c723673f-bcc2-445d-8433-0b306c8c9991,7cf848c9-5303-46fe-b11c-5be547765b07,dccfe102-88f6-4a07-a791-76d919900546,58b4a9da-aa7f-464b-8b2c-1c37d6b51509,4,"Owner was helpful, smooth experience overall.",0.86,2025-10-07T14:13:00
19ee97cd-2bdb-4f88-9b08-43ec5e300f33,388adf72-ed8e-4826-a1dc-430335d9240d,19c8358a-b82b-4ab4-b5a8-645fd399e303,75e573cb-d273-4dd7-a2c5-cafbe3e18673,4,"Owner was helpful, smooth experience overall.",0.71,2025-10-13T10:01:00
0ea32995-2345-44ac-b558-56d5047ca4ae,07847f1f-f654-4d7d-97f6-2b7e4827f51e,6f1380b7-12b7-40fd-8cde-756c8974b743,6e7abf8a-6cfb-40c5-b5c7-31c645fa3410,4,"Very convenient location, will book again.",0.51,2026-01-27T20:05:00
a764b3dd-f7f6-4588-bbc7-a08d2c3898c4,5178c5a6-5efa-4504-80f4-551669af1807,bb8721a8-2bae-4da5-ae71-1d0cfc8a49d3,e5732383-08f8-4a75-8fc5-5b04b969de2c,5,"Owner was helpful, smooth experience overall.",0.53,2025-12-29T16:04:00
ae76e83c-a993-49f7-bc7b-def2d5ba549b,7a3c925b-65d7-4998-bcce-420c121b09f4,8253dd7a-18fb-473d-840b-1e186ba0c5e5,76c3310e-fd3b-4d10-9c00-bbf4e084b0d2,4,Clean and well-lit parking area.,0.91,2025-12-18T09:24:00
e9f6f3fc-c878-4156-94e9-10f888d9f4a1,afb54ff1-68e3-4cfd-8572-7151fb0a53e5,b0de9982-cba8-443f-aeb0-d390678e9397,47bac0a5-8b6c-4831-bb27-e8c6a5ec82c1,5,Affordable pricing and close to metro station.,0.93,2026-01-07T09:43:00
c29018b7-a378-4d62-92d5-371f160c0db1,4ac947c8-94d7-4953-8716-6429c0532f10,bb8721a8-2bae-4da5-ae71-1d0cfc8a49d3,ec899475-a2ab-4893-b92c-2f0f955a9ab3,2,"Narrow entrance, difficult to park.",-0.52,2026-01-20T16:11:00
4b1c289f-46fc-45b5-8b60-7fceb00844d8,788a5308-567f-462c-a101-f6ed07f14eca,6f1380b7-12b7-40fd-8cde-756c8974b743,cf1642c5-c46a-4cdf-ae01-ec5cbd3a7986,3,Okay for short-term parking.,-0.03,2025-10-16T21:39:00
fd930384-2b6f-4602-9077-8a71662dab3e,46bdc850-3cf5-4361-9686-fdb85d5d8484,e53d7ad5-ca44-4488-bcaa-7dfbe0ac8a38,d75deb29-2398-4b1d-985c-2cc67bac5613,4,"Very convenient location, will book again.",0.67,2025-11-04T05:33:00
d1e53bda-9ce9-4454-b98f-bd9eaf81d489,5b292114-7ba8-4602-ba9b-11c0dad1188f,d2a8af93-39d7-4599-8a35-7cf21819f4b2,4e28fc20-f298-4d60-9ef5-fb87ff9ceb7d,5,Affordable pricing and close to metro station.,0.64,2025-11-04T14:50:00
70084a22-44c8-4775-9e99-8c1e1badb307,f2ad57fb-f146-444e-9915-1d8aca933720,dccfe102-88f6-4a07-a791-76d919900546,9a72449b-8cc3-4e8c-8587-185312ac6678,2,App showed available but lot was full.,-0.43,2025-11-09T13:53:00
ddfbcdb5-658d-4feb-8ad5-c79d657a2889,ab4320c7-c267-4d37-a343-4e66bd8ce9f6,d7cfdefe-2859-458d-8bc5-ab840a62418e,98a7f789-e9e9-41a3-bef1-615a481cd485,4,Affordable pricing and close to metro station.,0.74,2026-01-06T19:50:00
d25bbb3b-e4f9-4fc8-8579-0387218732c6,a7c4fb7b-b307-45c8-91ef-8d9a80a407a5,b0de9982-cba8-443f-aeb0-d390678e9397,cae48083-e37f-46db-98ed-432672366903,5,Clean and well-lit parking area.,0.85,2025-12-07T22:47:00
5751dfe1-9316-4a99-94f9-20d6743cceb2,ce569a2d-31ec-491e-a27f-3cc789efcb50,08a20e54-8f66-49fb-89d7-59c930d42d9a,47ff39fc-58d0-4a44-8037-f2fb64ed6936,4,Clean and well-lit parking area.,0.66,2026-01-02T16:40:00
3e2a6193-d65d-45f6-a85e-6799f8e296cc,9443a787-02d1-4c19-9ef9-d2058a7453b6,b0de9982-cba8-443f-aeb0-d390678e9397,62db1c0c-e02a-4a1f-b0e2-d1b92d590af3,4,Affordable pricing and close to metro station.,0.89,2025-10-07T18:23:00
203b6f55-6d49-4fbc-bc0a-42970b00f791,8f8a056f-64c4-4ad2-8d2d-457fc5669aa9,78ad0a9f-8291-4b2b-ba25-1ed481f9b863,a725620c-5139-42d5-8f4d-be7d705f69c4,2,App showed available but lot was full.,-0.64,2025-11-15T20:31:00
51d18d4a-0dee-4986-8982-e0262de5585f,abdf5dda-7959-44f1-9e8c-be548fc94775,aed763d5-7c54-4ca7-8ac8-259d26fa6d2c,fd654140-ffab-4a8c-b392-fc5ade279859,4,"Very convenient location, will book again.",0.69,2025-11-02T10:23:00
23f068ba-d2fe-42f3-93c0-0c9158e5ecdd,071d0229-2b82-4af7-b921-faca7bad858e,d7cfdefe-2859-458d-8bc5-ab840a62418e,3afc5c12-649b-411d-81f7-9203a4922baa,2,"Poor lighting at night, felt unsafe.",-0.61,2026-01-17T00:06:00
675a26f4-31f1-4f03-af0d-0b5736ac5138,9cc3bdbe-eebe-44c1-af7d-d182e0bb848e,53c77199-1104-4a6e-beec-f5175c546c49,cb1225bd-34fd-4a50-b569-95d9b3b5f496,5,Affordable pricing and close to metro station.,0.77,2025-10-09T21:38:00
c7337ed6-7a65-4603-84d5-1eb0494892fe,3585a529-1a8b-42fa-bf2f-40a2ffe4e350,78ad0a9f-8291-4b2b-ba25-1ed481f9b863,3221ba0e-c496-44d2-aa28-7f43caf9a92a,4,Clean and well-lit parking area.,0.9,2025-12-12T11:34:00
f937f5cc-875d-412e-a7ea-bb73632e2cd8,1c59fc9a-7cf2-48c3-a919-e5be8ae2fd42,8253dd7a-18fb-473d-840b-1e186ba0c5e5,3f90e982-e404-494a-b96e-f13c18aee675,4,"Very convenient location, will book again.",0.71,2025-10-16T09:00:00
c39ec87c-3c52-47dc-bf72-3c625cc77d4e,142999e5-307a-4bf4-8240-57e97cc86f50,ee459ce9-6a73-42b2-9e8b-a5e34b05ebf4,d2e756b1-16fa-4cf8-8251-ebd23988fbb8,5,Clean and well-lit parking area.,0.92,2025-10-14T11:40:00
ec635ec1-16d3-48cb-9aa7-e343451b6039,0d372728-4a07-4223-923e-6f2157eca8b2,7b60e816-f6ce-4c95-a98c-b9b8eeb44e8d,93feae93-4589-4b91-a8c5-38094e5127f4,5,"Very convenient location, will book again.",0.68,2026-01-12T15:04:00
2bc71d3d-322a-48eb-9b10-342ac004219d,2641f5d4-a55d-4bf1-be2b-6179532fbdf0,d59e8262-1e8f-4602-914e-5551b3174e5b,79e39de7-7142-4c5f-bb76-d4cb37f4370f,5,Clean and well-lit parking area.,0.65,2026-01-21T12:26:00
e547df89-a843-4224-b715-e06e42d8954e,885a8633-088a-4929-8467-306108a21c91,d7cfdefe-2859-458d-8bc5-ab840a62418e,89334330-88bd-42f6-a45b-c427b2a7f522,4,"Great parking spot, easy to find and secure.",0.63,2025-10-08T21:13:00
0b794c67-bd99-4311-bbec-8901947bdbfc,c75ee9a0-f7fd-4825-83ec-d40424f06a08,7b60e816-f6ce-4c95-a98c-b9b8eeb44e8d,3b70bc39-89ab-4cd2-bb2e-627638c63f6e,1,Price was higher than what was listed.,-0.89,2025-10-10T11:15:00
dffa1841-4447-4ee9-922e-96c4fe7c7856,abdf5dda-7959-44f1-9e8c-be548fc94775,14d550ff-098c-4a84-8f96-7f9776734a1b,ed2a9a40-2875-4d38-8f5a-6412c485d7a4,5,"Great parking spot, easy to find and secure.",0.88,2025-10-02T07:30:00
cdf63b36-108b-4d42-a2e8-1138d1e5a38c,9443a787-02d1-4c19-9ef9-d2058a7453b6,237291de-6a6d-452f-ad82-2f915745a94a,278210a2-140d-4c15-b157-8ddd075d4353,5,Affordable pricing and close to metro station.,0.54,2026-01-12T06:32:00
9a2f0cfe-5c2c-4e06-9efd-5d3f312e6d1d,2f69688f-73d1-4b35-a5a0-a0cb9fff72ec,695b7d7d-d6bc-45e4-9ccd-1ab692e481ae,f4abe422-ab20-4efd-ae73-03f5128c3e2b,4,Clean and well-lit parking area.,0.65,2026-01-13T07:56:00
b31f3b68-cd99-42eb-8812-010a5dfde31d,f26df763-aad5-41ea-8ed1-77c8b680cc59,aa8039b3-3308-4616-8ab0-12c28e7246e4,48363748-30bb-4d58-871e-9c0c06b85554,2,Price was higher than what was listed.,-0.75,2025-12-29T00:47:00
4d8234a4-0a84-448b-8891-cd41925368e2,885a8633-088a-4929-8467-306108a21c91,7b60e816-f6ce-4c95-a98c-b9b8eeb44e8d,80e83458-9676-42e6-a59b-9f7b62b657d6,4,Clean and well-lit parking area.,0.83,2025-12-12T00:47:00
3211b786-95c6-4e9f-b0eb-5f6ac3384658,0d372728-4a07-4223-923e-6f2157eca8b2,78ad0a9f-8291-4b2b-ba25-1ed481f9b863,bf6e40c7-a8f6-4a72-baf5-9fd78a57daf9,4,Affordable pricing and close to metro station.,0.92,2025-10-10T10:33:00
f75fd671-d5a0-4b58-9b60-44ecfddae37d,b54c166a-7c11-48b8-a696-3d1f211b31e8,dccfe102-88f6-4a07-a791-76d919900546,a81e1434-18a7-4908-8c18-1daa94562df6,3,"Decent parking, nothing special.",0.23,2025-11-18T21:26:00
84425c1d-f79d-4211-a2ec-5b0012cc20e7,abb2f860-9238-4251-855a-1dd52e586703,8253dd7a-18fb-473d-840b-1e186ba0c5e5,20332243-653c-4975-ac2c-c9a3fde587cc,4,"Owner was helpful, smooth experience overall.",0.64,2026-01-25T12:10:00
ef74dfcd-8e12-4ae1-bd8f-425a521750d6,599f005e-1fd0-410a-9bac-eb9a6b9d4d69,695b7d7d-d6bc-45e4-9ccd-1ab692e481ae,c8bfa811-70da-48ac-a6dd-8f9d66f41f01,3,"Decent parking, nothing special.",0.08,2025-12-08T15:22:00
00076275-fb47-4c48-9d82-6347bab479b9,9cb4ef93-c5ee-472e-bc8e-c27dd4448e7b,f063fb91-dfae-415c-8fe1-caff87514d40,415524f6-e9b5-43b4-bdf8-e2b5b02e073d,4,"Great parking spot, easy to find and secure.",0.61,2025-12-17T19:20:00
093f46f4-5553-48f1-82c2-6b940d897dac,13c84a12-87e6-47d4-8a15-a8dab52ee8a1,b0de9982-cba8-443f-aeb0-d390678e9397,7e49f5b9-bbbc-43f8-9fd2-65e2a97bcee2,4,Clean and well-lit parking area.,0.92,2025-12-05T14:01:00
4f5d8d7e-3191-49dd-9c24-30687f3657b6,99e41897-8dee-47c3-bf86-f5d3db6f2e0a,ad0d0b95-98d7-4e45-a170-6e6eb21249e4,17d714a6-8934-45a5-ac17-eb3317015929,5,"Great parking spot, easy to find and secure.",0.55,2026-01-08T22:40:00
98770e19-b9c5-4a7e-96f4-25b8caf0528d,d338ea08-ef80-4005-809e-6b37e8f6f383,f063fb91-dfae-415c-8fe1-caff87514d40,55653613-59f3-47d0-bc1d-a33ce92daeb1,4,Affordable pricing and close to metro station.,0.93,2025-10-20T07:43:00
be7c41b8-597a-47bc-8579-9d4e586ed8e9,5b292114-7ba8-4602-ba9b-11c0dad1188f,d7cfdefe-2859-458d-8bc5-ab840a62418e,ad046fc5-8f5a-4eee-aa85-9c89aa96fd58,3,Okay for short-term parking.,0.23,2025-10-11T21:44:00
b52ed59e-a417-4aa6-a6fd-361bf9697525,c0c93188-f9ba-4393-a84c-471c5cb4c67d,66e019e7-5c23-4c7a-8358-1da734b434fe,bd688057-fc84-448b-9b31-9e425b1a419a,4,"Great parking spot, easy to find and secure.",0.82,2026-01-09T21:24:00
bce1d870-508f-4e3d-9eef-579421fc0faf,4beb3fdc-4b87-4446-bb60-6772a272ebba,8253dd7a-18fb-473d-840b-1e186ba0c5e5,9477075d-7a81-4464-87c2-f97966d33d6a,3,"Average experience, would use again if nearby.",0.21,2025-12-15T19:26:00
e551e5b9-c9df-4037-bb06-a53d049cfa14,82fb7949-1329-4cba-a1bd-3b10e49fa04a,365892af-a36f-4af7-bd9a-d5cf29756b87,d9c94da3-0ad0-4e5e-aedd-125ef15f045b,3,"Average experience, would use again if nearby.",0.04,2025-11-11T10:35:00
3dc6afa9-dba4-4021-b6f3-df30a28e5f35,0a140015-f233-4ed4-87c5-aa755b4f13bb,aa8039b3-3308-4616-8ab0-12c28e7246e4,729b5fa8-81cf-4585-9197-02c6bb0d51bb,5,Affordable pricing and close to metro station.,0.63,2025-12-20T00:32:00
341bc38c-a06b-4a86-80cb-ba99935639fb,98744254-e676-49c8-862f-e270757f662d,78ad0a9f-8291-4b2b-ba25-1ed481f9b863,02d8badd-361c-4dc5-9217-7ca19eb3769a,4,"Great parking spot, easy to find and secure.",0.67,2025-12-03T21:02:00
8ebf4413-4d79-4694-8de0-a03e52bd1304,50e1d2ac-680b-49ff-9ebe-59fff8c4ea2c,19c8358a-b82b-4ab4-b5a8-645fd399e303,48b63434-c875-4082-aa98-33e93da07a6f,5,Clean and well-lit parking area.,0.58,2025-10-02T07:44:00
ab64251a-79f4-4760-9eb9-75e269801c1d,567e2465-08d4-43c4-8872-6efd2d444d9a,66e019e7-5c23-4c7a-8358-1da734b434fe,5a38cbe5-ee06-4ddd-8992-5f869fbbaab2,4,"Owner was helpful, smooth experience overall.",0.84,2026-01-23T20:32:00
e2d58696-f07b-438a-b17c-a4aa24d24feb,6314903e-c210-4033-9e11-12625301bc1d,7107ee03-6709-40ba-adfa-380007cc77c0,4bbbabf9-e928-4a2b-b029-12255e290f93,5,"Owner was helpful, smooth experience overall.",0.71,2025-10-12T21:56:00
8b6d784f-c332-47b6-a82f-f9c4ef3d3f94,d16dc9c8-b3dc-4156-a28e-2847680508ca,bb8721a8-2bae-4da5-ae71-1d0cfc8a49d3,3ee32057-424f-4e88-a985-c2343ac56ae0,4,Clean and well-lit parking area.,0.9,2025-12-23T15:42:00
f3909c59-2ea4-40ed-bee7-d78e5ed83ffe,6198dbda-17a0-43f1-bc6a-f7c825cadb18,f063fb91-dfae-415c-8fe1-caff87514d40,fe121051-c609-48ac-a4ec-43ee59ae03a6,2,App showed available but lot was full.,-0.37,2026-01-10T09:41:00
1e5330fd-76c4-46c2-87b8-7580d5f0e0d0,90ff1297-1d26-4dd5-bd5a-903a36e5e4fc,8253dd7a-18fb-473d-840b-1e186ba0c5e5,7711a482-fb85-4944-9232-958c6b3304f3,4,"Owner was helpful, smooth experience overall.",0.57,2025-10-26T08:43:00
5493df9e-8cd5-4643-b218-558449f996ca,b7eab9e9-b8e8-450e-ade5-b1b37cc6a6bf,aa8039b3-3308-4616-8ab0-12c28e7246e4,149a141f-dd76-4930-a0d2-28ea187dedd4,5,"Very convenient location, will book again.",0.6,2025-10-27T10:39:00
d9c6a0ef-83ee-4e5e-a294-f696a09a577d,2551fac8-9d67-46d9-953b-c6b38828df0a,ad0d0b95-98d7-4e45-a170-6e6eb21249e4,e799b118-3f52-4a7e-a29d-c77a6608afef,4,Clean and well-lit parking area.,0.68,2026-01-10T18:17:00
fa5e99cd-8efc-49d9-bc09-5e01c28ab963,872bd855-8ee4-4402-99ad-929403c4d312,53c77199-1104-4a6e-beec-f5175c546c49,a5bdc488-f898-4654-aeb5-4d0650688197,3,Okay for short-term parking.,-0.05,2025-12-02T18:12:00
47e37f8f-91d3-4927-b74d-9f30b1776dbf,afb54ff1-68e3-4cfd-8572-7151fb0a53e5,30c9d6df-abe8-45ab-842f-ab365e631bcd,6a807135-bfc7-4c01-aba2-5ac0c0875814,5,"Very convenient location, will book again.",0.81,2025-11-29T21:23:00
130b766d-8c28-4568-96c0-55e4a78e09f2,7fdc66b5-6d75-46cc-b403-5fa62759c37e,d59e8262-1e8f-4602-914e-5551b3174e5b,c6aab599-e3ea-4ca1-bf30-5373481e6d30,4,Clean and well-lit parking area.,0.83,2025-12-21T15:38:00
bcd4678b-f0f9-4114-b5e2-a9014c5468de,80ddb24e-b52f-4daf-933f-c7cb4e17d61e,78ad0a9f-8291-4b2b-ba25-1ed481f9b863,7460f70a-b958-4bd0-b5fd-e0510962ea05,5,"Very convenient location, will book again.",0.82,2025-10-14T00:05:00
dbba339f-1b64-4353-88b1-2a1461317914,2b1204a6-ed0b-4c47-94ca-f7ef014470e5,6e3b42ab-8562-41a3-a0d4-c8c989d7baf3,fa0767ef-8ca9-4152-97aa-f66a7ce43f52,4,Clean and well-lit parking area.,0.71,2025-11-17T23:19:00
c0650b40-56b6-4c59-af24-f292c1929aa9,88d8a3d6-22f2-4026-b650-c5dbdf9aba0f,695b7d7d-d6bc-45e4-9ccd-1ab692e481ae,a90ae038-0786-48eb-878c-38b2e9acf367,5,"Owner was helpful, smooth experience overall.",0.88,2025-12-17T10:52:00
4e01b40b-1c63-4dfc-897e-b0048ae63de6,ab4320c7-c267-4d37-a343-4e66bd8ce9f6,d6ee3f19-3155-4210-8064-c6121d669156,4e3d1d2d-558a-4f16-a1fe-a066116eeb03,3,Okay for short-term parking.,0.14,2025-12-30T16:03:00
1786091d-5988-4a40-acd0-33d33b5b4da5,d252f73a-00d4-483e-8127-017911e18fa7,8253dd7a-18fb-473d-840b-1e186ba0c5e5,5084fee4-8a74-4c99-a137-5b3bce519ffe,5,Clean and well-lit parking area.,0.95,2025-12-23T18:19:00
ee26fcd6-549a-4a34-9df6-6230856063ee,f32092ce-bcba-4dd2-94ac-d809bf6de7ba,237291de-6a6d-452f-ad82-2f915745a94a,c58a7e4d-542a-42c8-8c61-551bf18520ab,1,"Slot was occupied when I arrived, had to wait.",-0.41,2025-11-11T09:30:00
fb1d75f8-201a-4643-893a-457f9e21ccf7,071d0229-2b82-4af7-b921-faca7bad858e,d59e8262-1e8f-4602-914e-5551b3174e5b,a110c990-97b1-4e82-9204-144929b4d639,4,"Owner was helpful, smooth experience overall.",0.83,2025-12-08T17:59:00
4e7680ba-19f7-45f0-a7d7-d348546c1bdd,3ad6b03e-a0d9-477c-a074-209e3b4e0f17,aa8039b3-3308-4616-8ab0-12c28e7246e4,348cd15f-d413-4c7e-842f-34585563a4f3,3,"Decent parking, nothing special.",-0.05,2025-12-20T12:54:00
a301ece3-c020-44cf-9674-b806104e4449,f51d82d7-5841-4df4-b3cd-20caac639592,14d550ff-098c-4a84-8f96-7f9776734a1b,71998dbd-0ce6-4733-8eb7-9774fc3ba123,4,Clean and well-lit parking area.,0.87,2025-12-11T21:44:00
38e32651-3e27-44d3-823e-a236e70aa0e2,dbab4a25-1918-4cdd-bf93-2896fde8d17e,aed763d5-7c54-4ca7-8ac8-259d26fa6d2c,5049394f-02d1-4ee2-b9cf-a472f7768b9a,3,Okay for short-term parking.,0.02,2026-01-24T12:05:00
5a5b5f0f-eadc-4e8b-a28d-b34a5249c931,99e41897-8dee-47c3-bf86-f5d3db6f2e0a,08a20e54-8f66-49fb-89d7-59c930d42d9a,daed0a55-d8e3-4962-b0ba-8fac5c109bb3,3,"Average experience, would use again if nearby.",0.07,2025-11-16T15:59:00
bdc44c5c-c8fa-48d0-83ad-b9d1407d6aa5,5a58aace-89bc-4179-a013-3ebeb2e0fb05,bc464c1d-5590-438c-acc7-efab360d5bc8,d926cc03-1fdf-4202-bd64-b4e5f3d4c400,5,Affordable pricing and close to metro station.,0.71,2025-11-02T19:35:00
bd7f5cac-26ff-4adb-8e53-ef66e791e4f7,46b6a70b-078e-462c-a5ba-ecf7b5064e0a,eeb4d423-17f5-4d6c-a6e7-ad79313471a9,d7157e20-7c6f-4afb-8522-79051f620752,3,"Average experience, would use again if nearby.",0.03,2025-12-17T12:25:00
bf1ec4c3-48ee-40be-840b-87a003d1da28,58dfe5bb-0b44-40a9-aea7-6b1f9eb40645,efc921b7-dee5-4ba3-8d14-01472a8afbe7,18ae16cc-4a79-4511-8d40-85dea6885865,2,"Poor lighting at night, felt unsafe.",-0.83,2025-11-20T14:53:00
51de2a03-648c-4022-9db4-6b47e977b4bd,50e1d2ac-680b-49ff-9ebe-59fff8c4ea2c,42591084-2367-45ae-98c3-6da0eb1bf09c,6de7a457-adb2-49a0-8e63-a97fd14d0d95,5,Clean and well-lit parking area.,0.59,2025-11-19T18:27:00
a1514217-04ed-44db-b8b4-94cd87b91026,5a1bb93c-018f-497e-b8c8-a979032a57ef,7b60e816-f6ce-4c95-a98c-b9b8eeb44e8d,f54dde01-584d-4116-8740-43ee4a41cdfa,4,Clean and well-lit parking area.,0.86,2025-12-14T22:36:00
1ab7dbe2-525e-4972-845a-578c31ec0b23,a1c3a1f9-0d90-4d39-b45e-b61f457e15b7,365892af-a36f-4af7-bd9a-d5cf29756b87,225c43d3-f9ea-4267-8820-ecdce279e1af,4,Affordable pricing and close to metro station.,0.79,2025-11-09T13:03:00
09f77579-9ebf-4f2b-a1eb-db0405c4918a,9443a787-02d1-4c19-9ef9-d2058a7453b6,dccfe102-88f6-4a07-a791-76d919900546,c8b45fb9-3f41-410d-bada-b842189b1ca4,5,"Very convenient location, will book again.",0.92,2025-11-05T21:05:00
8a01145f-fd98-44e5-ac0b-5d32219c6a9b,b121dd15-fd8e-46c6-839b-5eeda960f56a,aa8039b3-3308-4616-8ab0-12c28e7246e4,d995413a-a3e9-43b0-a664-86a88eec6dbf,5,"Great parking spot, easy to find and secure.",0.87,2026-01-15T19:24:00
a02df483-8090-4953-aa14-9e31f66dcede,65901945-cad2-4850-be6b-8ca1110509d2,695b7d7d-d6bc-45e4-9ccd-1ab692e481ae,1b0f21d3-08b0-4ade-977e-29fb35923748,3,"Average experience, would use again if nearby.",0.06,2026-01-04T14:35:00
33e82062-1500-4fc4-a026-6c7cd888cd38,0fb26ed7-84f5-4429-9214-3f19b48293a3,efc921b7-dee5-4ba3-8d14-01472a8afbe7,640c5bd2-e98e-4af4-9b36-746e121f1d5d,3,"Decent parking, nothing special.",0.21,2025-10-27T11:08:00
0a239123-d6b0-4346-b52d-554af3bd70f8,f04b3440-fac7-4177-8085-9e194fac1d99,efc921b7-dee5-4ba3-8d14-01472a8afbe7,c6e6318b-a701-47ca-8c04-2d73d80cd7e0,4,"Owner was helpful, smooth experience overall.",0.76,2025-11-05T06:18:00
a80f7880-ee0d-48de-9e1c-958d8b4d8308,11c2bea0-839d-4a70-a4a1-86a186b24e55,ad0d0b95-98d7-4e45-a170-6e6eb21249e4,f5f4de2e-8262-4af6-8bad-13933021e10a,4,Affordable pricing and close to metro station.,0.63,2025-12-02T15:28:00
42d6ac7a-f72d-4082-b133-046a76f4530a,5178c5a6-5efa-4504-80f4-551669af1807,efc921b7-dee5-4ba3-8d14-01472a8afbe7,e09697dd-2640-46db-8668-08976415f923,5,Affordable pricing and close to metro station.,0.94,2025-11-03T09:39:00
d95bcf15-91da-408b-9df2-20b4246c8f5c,0e0b358d-5fb8-4eac-9490-c65d5a817868,14d550ff-098c-4a84-8f96-7f9776734a1b,a2b81d31-0039-48c7-8fde-da5ff363cd60,4,"Great parking spot, easy to find and secure.",0.92,2025-11-07T19:03:00
35ad2668-01a9-49c6-8326-d5978fd545f3,dbab4a25-1918-4cdd-bf93-2896fde8d17e,695b7d7d-d6bc-45e4-9ccd-1ab692e481ae,6c1c4714-6264-4b83-b739-3aa1e5358f0c,2,"Poor lighting at night, felt unsafe.",-0.83,2026-01-27T16:55:00
bdd97e8e-f6fb-46d5-99da-151639ee6895,80ddb24e-b52f-4daf-933f-c7cb4e17d61e,6f1380b7-12b7-40fd-8cde-756c8974b743,51d6371a-4eb7-4fb1-979a-d11af5e66355,5,"Very convenient location, will book again.",0.88,2025-11-19T11:34:00
e72bfb8a-4ddc-4fc3-87a1-42566b77a12d,af8d3b09-87a3-492d-b614-12760cfcd0af,14d550ff-098c-4a84-8f96-7f9776734a1b,533fc023-7903-4fe5-9a42-6f93d26cba63,5,"Great parking spot, easy to find and secure.",0.53,2025-10-21T17:27:00
aa3cc676-71ee-4cae-929a-4ee949f1d737,556261d8-d9c1-4291-a2df-87a1ee4cf355,dccfe102-88f6-4a07-a791-76d919900546,7ce3fa6f-ed13-4a18-9c20-43bef3fda711,4,Affordable pricing and close to metro station.,0.92,2026-01-05T21:30:00
a5563e24-44d7-49c0-9139-5623e710e5b9,a3293895-2029-45db-b566-b2e1981315b2,ad0d0b95-98d7-4e45-a170-6e6eb21249e4,c934bc26-4765-4934-a0b5-cb923df6173b,3,"Decent parking, nothing special.",0.15,2025-12-26T21:10:00
e87f5b01-1a78-462b-a52a-94fe1d28f11d,4347d903-a9bb-400e-97ad-572350bb9116,53c77199-1104-4a6e-beec-f5175c546c49,83219581-072f-41d6-ad92-b348972e1848,5,"Owner was helpful, smooth experience overall.",0.57,2025-12-19T02:49:00
8afa5b63-d008-46e8-b65b-18a9eea1be48,82fb7949-1329-4cba-a1bd-3b10e49fa04a,d7cfdefe-2859-458d-8bc5-ab840a62418e,fb6e656d-899d-4597-bb91-79d9ce5f2ccc,5,"Great parking spot, easy to find and secure.",0.87,2025-11-27T20:52:00
ed759694-e7eb-405b-8d07-8623b8f102ae,f6e2f2c4-a6e8-4a47-b63f-dc4c8646e964,42591084-2367-45ae-98c3-6da0eb1bf09c,955cbec7-1543-4c57-b53a-78d9ba235a82,4,"Great parking spot, easy to find and secure.",0.73,2025-10-09T17:42:00
74ab70c0-9c0a-4080-b51b-5c15b8c2ab18,b3777ebf-a223-405b-bdfb-26c99551ddd6,08a20e54-8f66-49fb-89d7-59c930d42d9a,6d7fa8ff-f6ea-4dad-a6f0-6cfdabbd4091,3,Okay for short-term parking.,-0.08,2025-11-10T10:07:00
5f5d5781-f11f-4b16-8e95-8d15c6e10db1,33b4dd72-dc8e-4f35-8629-990075b9b265,bc464c1d-5590-438c-acc7-efab360d5bc8,0273cdcf-2351-4eb3-9b98-6e2fce848d72,3,"Decent parking, nothing special.",0.22,2025-10-22T23:33:00
8b743241-2754-4156-8883-085a40e586f9,f3b6ba16-e61e-41fd-adef-6033fff96bf7,53c77199-1104-4a6e-beec-f5175c546c49,e2e617e0-e58b-45c2-a452-efc3741cc074,2,"Poor lighting at night, felt unsafe.",-0.43,2026-01-06T22:06:00
91e8d57e-f2bd-4fa0-86db-7a3bd2e92de2,f32092ce-bcba-4dd2-94ac-d809bf6de7ba,53c77199-1104-4a6e-beec-f5175c546c49,29c40a12-e184-4b50-b462-3851915b4cf9,5,Affordable pricing and close to metro station.,0.72,2025-11-05T19:15:00
553a270f-a487-4bfc-96ff-807720e910ad,a26479e4-b4df-46bb-9457-c697d859151e,d6ee3f19-3155-4210-8064-c6121d669156,35509c37-bc7d-4e52-995f-15013ec71be5,5,Affordable pricing and close to metro station.,0.83,2025-12-19T22:37:00
